DATE,OPEN,HIGH,LOW,CLOSE,LTP,52WEEK_HIGH_PRICE,52WEEK_LOW_PRICE,TOT_TRADED_QTY,TOT_TRADED_VAL,TOTAL_TRADES,VWAP,SERIES
01-01-1996,30.9,31.2,30.0,30.75,,,,8800,269515.0,,30.63,EQ
02-01-1996,30.75,31.0,30.1,30.4,,,,23200,706690.0,,30.46,EQ
03-01-1996,30.4,31.25,30.5,30.8,,,,23800,735630.0,,30.91,EQ
04-01-1996,30.8,30.8,30.1,30.4,,,,12900,392190.0,,30.4,EQ
05-01-1996,30.4,30.5,29.85,30.0,,,,10500,316610.0,,30.15,EQ
08-01-1996,30.0,30.0,29.0,29.05,,,,13500,396990.0,,29.41,EQ
09-01-1996,29.05,29.25,28.1,28.5,,,,14800,425210.0,,28.73,EQ
10-01-1996,29.0,29.45,28.75,28.8,,,,10600,307645.0,,29.02,EQ
11-01-1996,28.8,29.0,28.5,29.0,,,,8300,238710.0,,28.76,EQ
12-01-1996,29.0,29.0,28.65,28.8,,,,14800,428455.0,,28.95,EQ
15-01-1996,28.45,28.95,28.3,28.75,,,,9600,275125.0,,28.66,EQ
16-01-1996,28.05,28.75,27.55,28.05,,,,26900,756145.0,,28.11,EQ
17-01-1996,28.05,28.25,27.5,27.6,,,,17400,484825.0,,27.86,EQ
18-01-1996,27.6,27.45,26.7,27.1,,,,11600,312605.0,,26.95,EQ
19-01-1996,27.25,27.25,26.1,26.5,,,,12200,323395.0,,26.51,EQ
22-01-1996,26.5,26.95,26.5,26.9,,,,12200,325245.0,,26.66,EQ
23-01-1996,26.9,26.85,26.35,26.5,,,,12700,337590.0,,26.58,EQ
24-01-1996,26.5,26.5,25.15,26.0,,,,17500,454525.0,,25.97,EQ
25-01-1996,26.0,26.1,24.6,24.95,,,,21200,538540.0,,25.4,EQ
29-01-1996,24.95,25.0,24.0,24.75,,,,19400,475390.0,,24.5,EQ
30-01-1996,24.75,26.2,24.85,25.5,,,,35800,910175.0,,25.42,EQ
31-01-1996,25.5,26.65,25.75,26.1,,,,18900,495580.0,,26.22,EQ
01-02-1996,26.1,27.4,26.25,27.1,,,,16300,435975.0,,26.75,EQ
02-02-1996,27.1,29.75,27.5,29.05,,,,46400,1351140.0,,29.12,EQ
05-02-1996,29.05,31.45,29.0,29.7,,,,44200,1334195.0,,30.19,EQ
06-02-1996,29.7,30.0,28.05,28.75,,,,26000,762420.0,,29.32,EQ
07-02-1996,28.75,28.4,27.0,27.55,,,,34300,945380.0,,27.56,EQ
08-02-1996,27.55,28.25,27.35,28.25,,,,42900,1190725.0,,27.76,EQ
09-02-1996,28.25,29.9,28.05,29.2,,,,82900,2409365.0,,29.06,EQ
12-02-1996,29.2,32.1,29.25,30.6,,,,101700,3116165.0,,30.64,EQ
13-02-1996,30.6,31.75,30.0,30.3,,,,47000,1431020.0,,30.45,EQ
14-02-1996,30.3,33.5,32.0,32.65,,,,55800,1838610.0,,32.95,EQ
15-02-1996,32.65,33.45,32.1,32.7,,,,50200,1649725.0,,32.86,EQ
16-02-1996,32.7,32.0,30.6,30.8,,,,29500,919585.0,,31.17,EQ
19-02-1996,30.8,31.2,30.25,30.45,,,,22800,699815.0,,30.69,EQ
20-02-1996,30.45,30.5,29.05,29.45,,,,48300,1431505.0,,29.64,EQ
22-02-1996,29.45,30.55,29.8,30.05,,,,23900,719765.0,,30.12,EQ
23-02-1996,30.05,29.95,29.0,29.2,,,,24900,734940.0,,29.52,EQ
26-02-1996,29.5,30.0,29.0,29.3,,,,23300,689160.0,,29.58,EQ
27-02-1996,29.3,29.9,28.5,28.9,,,,26800,777585.0,,29.01,EQ
28-02-1996,28.9,29.45,28.6,29.0,,,,16900,491405.0,,29.08,EQ
29-02-1996,29.0,28.95,26.6,26.75,,,,21700,596455.0,,27.49,EQ
01-03-1996,27.0,28.0,26.6,27.75,,,,22600,617170.0,,27.31,EQ
04-03-1996,27.75,27.75,26.75,26.8,,,,33800,917730.0,,27.15,EQ
06-03-1996,26.8,27.45,26.75,27.15,,,,21500,580040.0,,26.98,EQ
07-03-1996,27.15,27.7,26.8,27.05,,,,27700,753215.0,,27.19,EQ
08-03-1996,27.05,26.95,26.05,26.6,,,,19800,524985.0,,26.51,EQ
11-03-1996,26.6,26.45,25.85,26.15,,,,20000,521295.0,,26.06,EQ
12-03-1996,26.15,26.1,25.1,25.8,,,,23500,606835.0,,25.82,EQ
13-03-1996,25.8,27.0,26.1,27.0,,,,14000,373170.0,,26.66,EQ
14-03-1996,27.0,27.35,26.5,26.8,,,,11900,321575.0,,27.02,EQ
15-03-1996,26.8,26.75,25.85,26.45,,,,24200,643145.0,,26.58,EQ
18-03-1996,26.45,26.5,25.65,25.8,,,,20100,520690.0,,25.9,EQ
19-03-1996,25.8,26.0,25.1,25.15,,,,25200,642215.0,,25.48,EQ
21-03-1996,25.15,27.0,25.7,26.0,,,,12300,321190.0,,26.11,EQ
22-03-1996,26.0,26.35,25.1,25.95,,,,15200,389585.0,,25.63,EQ
25-03-1996,25.95,25.8,24.6,25.35,,,,26500,664425.0,,25.07,EQ
26-03-1996,25.35,24.85,24.1,24.65,,,,20000,492310.0,,24.62,EQ
27-03-1996,24.65,25.3,24.65,24.75,,,,20500,512310.0,,24.99,EQ
28-03-1996,24.75,25.55,25.05,25.55,,,,6200,157550.0,,25.41,EQ
29-03-1996,25.55,26.0,25.25,25.3,,,,14900,379650.0,,25.48,EQ
01-04-1996,25.3,25.35,24.9,25.1,,,,10600,266170.0,,25.11,EQ
02-04-1996,25.1,25.6,25.05,25.4,,,,23700,601505.0,,25.38,EQ
03-04-1996,25.4,27.45,26.0,26.35,,,,30600,820095.0,,26.8,EQ
04-04-1996,26.35,26.6,25.8,26.35,,,,9600,252560.0,,26.31,EQ
08-04-1996,27.0,27.25,26.25,26.5,,,,15900,424095.0,,26.67,EQ
09-04-1996,26.5,26.8,26.15,26.4,,,,28200,748150.0,,26.53,EQ
10-04-1996,26.4,26.75,26.3,26.65,,,,18200,484150.0,,26.6,EQ
11-04-1996,26.65,26.45,25.9,26.3,,,,9500,248875.0,,26.2,EQ
12-04-1996,26.3,26.3,25.95,26.2,,,,14800,386200.0,,26.09,EQ
15-04-1996,26.2,26.45,25.8,26.25,,,,21000,548925.0,,26.14,EQ
16-04-1996,26.9,26.9,26.0,26.45,,,,27800,730750.0,,26.29,EQ
17-04-1996,26.45,26.9,26.4,26.9,,,,25000,668225.0,,26.73,EQ
18-04-1996,26.9,27.85,26.0,27.1,,,,50200,1370045.0,,27.29,EQ
19-04-1996,27.1,28.9,27.1,28.1,,,,51900,1449910.0,,27.94,EQ
22-04-1996,28.1,28.25,26.35,26.65,,,,65000,1743890.0,,26.83,EQ
23-04-1996,27.0,27.0,26.0,26.75,,,,41200,1089295.0,,26.44,EQ
24-04-1996,26.75,27.75,26.75,27.05,,,,24200,656515.0,,27.13,EQ
25-04-1996,27.0,27.65,26.75,26.8,,,,18000,489015.0,,27.17,EQ
26-04-1996,26.8,27.0,25.6,26.25,,,,22600,592075.0,,26.2,EQ
29-04-1996,26.25,26.3,25.55,25.65,,,,11200,289235.0,,25.82,EQ
30-04-1996,26.2,26.25,25.6,26.05,,,,51100,1322465.0,,25.88,EQ
01-05-1996,26.05,27.25,26.1,26.9,,,,39400,1055130.0,,26.78,EQ
02-05-1996,26.9,27.35,27.0,27.25,,,,47700,1290350.0,,27.05,EQ
03-05-1996,27.25,27.55,26.75,27.0,,,,24400,660970.0,,27.09,EQ
06-05-1996,27.0,27.5,26.35,27.4,,,,75600,2050435.0,,27.12,EQ
07-05-1996,27.4,27.9,27.2,27.7,,,,72500,1999690.0,,27.58,EQ
08-05-1996,27.7,28.75,26.8,28.3,,,,30700,852180.0,,27.76,EQ
09-05-1996,28.3,29.95,27.55,27.6,,,,26700,747720.0,,28.0,EQ
10-05-1996,27.6,27.55,26.05,27.1,,,,18000,482715.0,,26.82,EQ
13-05-1996,27.1,27.0,26.15,26.7,,,,13200,352405.0,,26.7,EQ
14-05-1996,26.7,27.5,26.75,27.0,,,,12900,348145.0,,26.99,EQ
15-05-1996,27.0,27.85,26.5,27.2,,,,16100,435835.0,,27.07,EQ
16-05-1996,27.2,28.0,27.3,27.5,,,,26600,732985.0,,27.56,EQ
17-05-1996,27.5,27.5,26.8,27.45,,,,23500,640235.0,,27.24,EQ
20-05-1996,27.45,27.0,25.85,26.1,,,,16500,433335.0,,26.26,EQ
21-05-1996,26.1,26.7,26.0,26.35,,,,37700,989175.0,,26.24,EQ
22-05-1996,26.35,26.5,26.2,26.3,,,,16700,439795.0,,26.34,EQ
23-05-1996,26.3,26.25,25.75,26.2,,,,13200,344035.0,,26.06,EQ
24-05-1996,26.2,26.5,25.65,26.35,,,,13300,347805.0,,26.15,EQ
27-05-1996,26.35,26.0,25.0,25.25,,,,14000,355440.0,,25.39,EQ
28-05-1996,25.25,25.6,24.0,24.15,,,,25700,635335.0,,24.72,EQ
29-05-1996,24.15,26.1,25.15,25.9,,,,12000,306850.0,,25.57,EQ
30-05-1996,25.9,26.5,25.9,26.2,,,,14800,385730.0,,26.06,EQ
31-05-1996,26.2,25.85,25.25,25.35,,,,13600,347785.0,,25.57,EQ
03-06-1996,25.35,26.15,25.55,25.7,,,,10900,280475.0,,25.73,EQ
04-06-1996,25.7,25.8,24.0,24.7,,,,24100,604080.0,,25.07,EQ
05-06-1996,25.0,25.4,25.0,25.15,,,,7900,198520.0,,25.13,EQ
06-06-1996,25.05,25.6,25.0,25.5,,,,12300,312755.0,,25.43,EQ
07-06-1996,24.9,25.55,24.9,25.15,,,,16000,403040.0,,25.19,EQ
10-06-1996,24.95,25.0,23.25,24.25,,,,16600,403695.0,,24.32,EQ
11-06-1996,23.1,24.25,23.0,23.15,,,,26400,620010.0,,23.49,EQ
12-06-1996,23.95,24.1,23.25,23.35,,,,23200,550315.0,,23.72,EQ
13-06-1996,23.9,23.95,23.0,23.75,,,,12900,304900.0,,23.64,EQ
14-06-1996,23.95,24.25,23.25,24.0,,,,37200,880830.0,,23.68,EQ
17-06-1996,23.75,24.55,23.1,23.3,,,,35800,857905.0,,23.96,EQ
18-06-1996,22.9,23.65,22.9,23.4,,,,23900,557120.0,,23.31,EQ
19-06-1996,23.5,23.75,23.1,23.1,,,,21500,502730.0,,23.38,EQ
20-06-1996,22.35,22.85,22.3,22.85,,,,24700,557480.0,,22.57,EQ
21-06-1996,22.5,22.5,21.7,21.9,,,,33800,742650.0,,21.97,EQ
24-06-1996,21.1,21.95,21.1,21.7,,,,28400,616560.0,,21.71,EQ
25-06-1996,22.5,22.5,20.25,20.55,,,,36800,774790.0,,21.05,EQ
26-06-1996,20.25,21.0,19.3,19.55,,,,43100,856000.0,,19.86,EQ
27-06-1996,20.0,20.0,18.45,19.5,,,,70300,1332230.0,,18.95,EQ
28-06-1996,19.4,20.65,19.4,20.05,,,,38400,767800.0,,19.99,EQ
01-07-1996,19.05,19.95,19.05,19.7,,,,19100,376935.0,,19.73,EQ
02-07-1996,19.8,19.9,19.4,19.45,,,,43200,845675.0,,19.58,EQ
03-07-1996,19.5,19.5,18.85,19.3,,,,26000,502655.0,,19.33,EQ
04-07-1996,19.5,19.9,19.2,19.8,,,,27700,537185.0,,19.39,EQ
05-07-1996,19.7,19.75,19.15,19.3,,,,21100,411220.0,,19.49,EQ
08-07-1996,18.6,19.35,18.6,19.3,,80.0,18.45,24400,468930.0,,19.22,EQ
09-07-1996,18.7,19.4,18.7,18.9,,80.0,18.45,28800,546180.0,,18.96,EQ
10-07-1996,18.8,19.0,18.35,18.9,,80.0,18.45,15200,284645.0,,18.73,EQ
11-07-1996,19.0,19.15,18.7,18.75,,80.0,18.35,538100,10169850.0,,18.9,EQ
12-07-1996,18.25,18.9,18.25,18.75,,80.0,18.35,7500,140315.0,,18.71,EQ
15-07-1996,18.35,18.75,18.25,18.5,,80.0,18.25,11800,217340.0,,18.42,EQ
16-07-1996,18.5,18.7,17.75,17.95,,80.0,18.25,16500,299885.0,,18.17,EQ
17-07-1996,18.45,19.0,17.55,18.5,,80.0,17.75,9200,169210.0,,18.39,EQ
18-07-1996,18.7,20.0,18.0,18.75,,80.0,17.55,19700,368755.0,,18.72,EQ
19-07-1996,18.5,19.45,18.5,18.55,,80.0,17.55,30500,578130.0,,18.96,EQ
22-07-1996,18.5,19.65,18.5,19.25,,80.0,17.55,6300,120625.0,,19.15,EQ
23-07-1996,18.25,18.5,17.8,17.9,,80.0,17.55,29700,537550.0,,18.1,EQ
24-07-1996,18.0,18.45,17.7,18.15,,80.0,17.55,16300,292615.0,,17.95,EQ
25-07-1996,18.0,18.0,17.6,17.8,,80.0,17.55,10800,192560.0,,17.83,EQ
26-07-1996,18.0,18.35,16.95,17.05,,80.0,17.55,46100,791445.0,,17.17,EQ
29-07-1996,17.0,17.3,16.9,17.2,,80.0,16.95,9200,157820.0,,17.15,EQ
30-07-1996,16.75,17.5,16.45,17.05,,80.0,16.9,21400,362895.0,,16.96,EQ
31-07-1996,16.5,17.0,16.5,16.75,,80.0,16.45,14800,249345.0,,16.85,EQ
01-08-1996,17.5,17.5,16.75,17.0,,80.0,16.45,8700,148190.0,,17.03,EQ
02-08-1996,17.0,17.0,16.5,16.6,,80.0,16.45,15400,259580.0,,16.86,EQ
05-08-1996,16.5,16.85,15.9,16.4,,80.0,16.45,12000,194145.0,,16.18,EQ
06-08-1996,15.75,16.25,15.75,15.8,,80.0,15.9,30200,484350.0,,16.04,EQ
07-08-1996,16.65,17.25,16.35,16.55,,80.0,15.75,32400,540335.0,,16.68,EQ
08-08-1996,16.2,16.9,16.2,16.6,,80.0,15.75,18100,299980.0,,16.57,EQ
09-08-1996,16.6,16.65,16.3,16.45,,80.0,15.75,9400,154935.0,,16.48,EQ
12-08-1996,16.45,16.5,16.15,16.25,,80.0,15.75,34800,567500.0,,16.31,EQ
13-08-1996,16.15,16.4,15.85,16.1,,80.0,15.75,25100,404490.0,,16.12,EQ
14-08-1996,16.25,16.5,15.6,15.8,,80.0,15.75,21600,344470.0,,15.95,EQ
16-08-1996,16.0,16.0,15.5,15.9,,80.0,15.6,11600,183280.0,,15.8,EQ
19-08-1996,15.35,15.8,15.3,15.3,,80.0,15.5,14800,229855.0,,15.53,EQ
20-08-1996,15.25,15.85,15.25,15.8,,80.0,15.3,21100,327135.0,,15.5,EQ
21-08-1996,16.0,16.0,15.5,15.85,,80.0,15.25,23100,364035.0,,15.76,EQ
22-08-1996,16.0,16.75,15.7,16.35,,80.0,15.25,20100,324155.0,,16.13,EQ
23-08-1996,15.7,16.5,15.7,16.5,,80.0,15.25,17100,280920.0,,16.43,EQ
26-08-1996,15.85,17.2,15.85,16.85,,80.0,15.25,20200,339865.0,,16.83,EQ
27-08-1996,16.7,17.0,16.5,16.6,,80.0,15.25,24800,415590.0,,16.76,EQ
28-08-1996,16.95,16.95,16.5,16.65,,80.0,15.25,19800,331290.0,,16.73,EQ
29-08-1996,16.5,16.9,16.0,16.05,,80.0,15.25,71700,1170105.0,,16.32,EQ
30-08-1996,16.3,16.35,15.75,16.25,,80.0,15.25,96100,1556895.0,,16.2,EQ
02-09-1996,16.25,16.6,16.1,16.5,,80.0,15.25,21800,356830.0,,16.37,EQ
03-09-1996,16.55,16.6,15.75,16.0,,80.0,15.25,43300,701770.0,,16.21,EQ
04-09-1996,16.1,16.25,15.85,16.0,,80.0,15.25,14000,224335.0,,16.02,EQ
05-09-1996,16.0,16.0,15.85,16.0,,80.0,15.25,11200,179030.0,,15.98,EQ
06-09-1996,16.0,16.1,15.7,15.75,,80.0,15.25,22300,353450.0,,15.85,EQ
09-09-1996,15.55,15.7,15.15,15.3,,80.0,15.25,21000,323815.0,,15.42,EQ
10-09-1996,15.0,15.15,14.5,14.85,,80.0,15.15,47200,696850.0,,14.76,EQ
11-09-1996,15.25,15.3,14.75,15.1,,80.0,14.5,10000,149920.0,,14.99,EQ
12-09-1996,15.15,15.4,14.75,15.3,,80.0,14.5,11000,166485.0,,15.14,EQ
13-09-1996,15.4,15.9,14.9,15.05,,80.0,14.5,19600,299340.0,,15.27,EQ
16-09-1996,15.0,15.35,15.0,15.25,,80.0,14.5,4700,70980.0,,15.1,EQ
17-09-1996,15.75,15.75,14.7,15.0,,80.0,14.5,12800,191205.0,,14.94,EQ
18-09-1996,14.8,15.2,14.75,15.2,,80.0,14.5,16300,243720.0,,14.95,EQ
19-09-1996,15.0,15.45,14.85,15.25,,80.0,14.5,9100,137015.0,,15.06,EQ
20-09-1996,15.25,16.0,14.8,15.0,,80.0,14.5,12400,186810.0,,15.07,EQ
23-09-1996,14.95,14.95,14.5,14.55,,80.0,14.5,8200,119955.0,,14.63,EQ
24-09-1996,14.75,14.95,14.25,14.75,,80.0,14.5,24700,360230.0,,14.58,EQ
25-09-1996,14.75,14.75,14.35,14.55,,80.0,14.25,3800,55230.0,,14.53,EQ
26-09-1996,14.25,14.6,14.15,14.4,,80.0,14.25,3200,45985.0,,14.37,EQ
27-09-1996,14.4,14.5,14.0,14.2,,80.0,14.15,10200,145680.0,,14.28,EQ
30-09-1996,14.3,14.3,13.6,14.0,,80.0,14.0,5300,73840.0,,13.93,EQ
01-10-1996,14.2,14.55,13.85,13.9,,80.0,13.6,11900,166790.0,,14.02,EQ
03-10-1996,13.5,13.75,13.2,13.35,,80.0,13.6,13000,174810.0,,13.45,EQ
04-10-1996,13.35,13.5,13.0,13.2,,80.0,13.2,9800,129275.0,,13.19,EQ
07-10-1996,13.0,13.25,12.5,13.0,,43.5,13.0,12600,162615.0,,12.91,EQ
08-10-1996,12.8,13.9,12.75,13.6,,43.5,12.5,16300,215495.0,,13.22,EQ
09-10-1996,13.45,14.1,13.0,13.75,,43.5,12.5,7900,107760.0,,13.64,EQ
10-10-1996,13.95,14.7,13.85,14.4,,43.5,12.5,12400,177385.0,,14.31,EQ
11-10-1996,14.5,14.55,14.05,14.25,,43.5,12.5,23500,335935.0,,14.3,EQ
14-10-1996,14.3,14.45,13.9,13.9,,43.0,12.5,12100,170765.0,,14.11,EQ
15-10-1996,13.8,14.15,13.55,13.75,,43.0,12.5,8500,117770.0,,13.86,EQ
16-10-1996,13.8,14.1,13.75,13.8,,43.0,12.5,8300,115590.0,,13.93,EQ
17-10-1996,13.6,14.0,13.6,13.95,,43.0,12.5,14200,197585.0,,13.91,EQ
18-10-1996,13.75,13.9,13.4,13.8,,43.0,12.5,5500,75400.0,,13.71,EQ
22-10-1996,13.25,14.4,13.25,14.0,,41.3,12.5,10800,150600.0,,13.94,EQ
23-10-1996,14.25,14.5,14.0,14.45,,41.3,12.5,34600,491260.0,,14.2,EQ
24-10-1996,14.25,14.9,14.25,14.5,,41.3,12.5,21500,314900.0,,14.65,EQ
25-10-1996,14.15,14.5,13.95,14.0,,41.3,12.5,19000,268810.0,,14.15,EQ
28-10-1996,14.15,14.15,13.85,13.9,,40.0,12.5,13300,185860.0,,13.97,EQ
29-10-1996,14.0,14.0,13.25,13.5,,40.0,12.5,16100,217155.0,,13.49,EQ
31-10-1996,13.5,13.9,13.35,13.55,,40.0,12.5,10300,139355.0,,13.53,EQ
01-11-1996,13.5,13.55,12.95,12.95,,40.0,12.5,17600,231055.0,,13.13,EQ
04-11-1996,13.0,13.15,12.75,12.9,,39.5,12.5,5400,69555.0,,12.88,EQ
05-11-1996,12.25,12.9,12.25,12.65,,39.5,12.5,11100,140735.0,,12.68,EQ
06-11-1996,12.5,13.25,12.15,13.0,,39.5,12.25,5100,65420.0,,12.83,EQ
07-11-1996,13.0,13.05,12.45,12.55,,39.5,12.15,15800,200220.0,,12.67,EQ
08-11-1996,13.0,13.45,12.9,13.0,,39.5,12.15,7500,98010.0,,13.07,EQ
10-11-1996,13.7,13.7,13.2,13.45,,37.15,12.15,9700,130110.0,,13.41,EQ
11-11-1996,13.5,13.5,13.05,13.2,,37.15,12.15,6000,79510.0,,13.25,EQ
13-11-1996,13.0,13.85,13.0,13.45,,37.15,12.15,9600,128660.0,,13.4,EQ
14-11-1996,13.15,13.45,13.1,13.35,,37.15,12.15,7500,99590.0,,13.28,EQ
15-11-1996,13.5,13.55,13.05,13.2,,37.15,12.15,7300,97140.0,,13.31,EQ
18-11-1996,13.25,13.25,12.95,13.05,,35.85,12.15,12800,167190.0,,13.06,EQ
19-11-1996,12.75,13.1,12.5,12.65,,35.85,12.15,17000,216000.0,,12.71,EQ
20-11-1996,12.5,13.15,12.5,12.7,,35.85,12.15,9200,118280.0,,12.86,EQ
21-11-1996,13.0,13.0,12.5,12.65,,35.85,12.15,8500,107485.0,,12.65,EQ
22-11-1996,12.8,12.8,12.1,12.35,,35.85,12.15,8300,103175.0,,12.43,EQ
25-11-1996,12.3,12.35,11.75,12.25,,34.5,12.1,5300,64320.0,,12.14,EQ
26-11-1996,12.7,12.75,12.0,12.25,,34.5,11.75,8500,104800.0,,12.33,EQ
27-11-1996,12.25,12.4,12.0,12.1,,34.5,11.75,7200,87745.0,,12.19,EQ
28-11-1996,12.5,12.5,12.0,12.25,,34.5,11.75,7700,93745.0,,12.17,EQ
29-11-1996,12.2,12.45,12.05,12.35,,34.5,11.75,7100,87335.0,,12.3,EQ
02-12-1996,12.05,12.4,11.8,12.05,,33.5,11.75,13800,166920.0,,12.1,EQ
03-12-1996,12.5,12.5,11.5,11.65,,33.5,11.75,19500,230770.0,,11.83,EQ
04-12-1996,11.65,11.7,10.9,11.0,,33.5,11.5,20300,225990.0,,11.13,EQ
05-12-1996,11.0,11.25,10.65,11.0,,33.5,10.9,21600,237800.0,,11.01,EQ
06-12-1996,11.0,11.0,10.8,10.85,,33.5,10.65,23800,260425.0,,10.94,EQ
09-12-1996,11.0,11.0,10.7,10.7,,33.5,10.65,14400,156440.0,,10.86,EQ
10-12-1996,10.55,11.1,10.0,11.1,,33.5,10.65,25000,264810.0,,10.59,EQ
11-12-1996,11.0,11.0,10.4,10.5,,33.5,10.0,28000,294765.0,,10.53,EQ
12-12-1996,10.7,11.25,10.6,11.0,,33.5,10.0,25900,280875.0,,10.84,EQ
13-12-1996,11.15,11.15,10.7,11.1,,33.5,10.0,8900,97080.0,,10.91,EQ
16-12-1996,10.6,11.2,10.6,11.15,,33.5,10.0,13700,151860.0,,11.08,EQ
17-12-1996,11.25,11.4,11.0,11.3,,33.5,10.0,14200,158500.0,,11.16,EQ
18-12-1996,11.7,12.1,11.7,12.0,,33.5,10.0,21200,252285.0,,11.9,EQ
19-12-1996,12.05,12.85,11.95,12.85,,33.5,10.0,26600,331160.0,,12.45,EQ
20-12-1996,13.15,13.55,13.15,13.55,,33.5,10.0,14600,197155.0,,13.5,EQ
23-12-1996,13.55,13.55,13.55,13.55,,33.5,10.0,5400,73170.0,,13.55,EQ
24-12-1996,13.55,13.55,13.55,13.55,,33.5,10.0,3900,52845.0,,13.55,EQ
26-12-1996,14.5,14.5,14.5,14.5,,33.5,10.0,2700,39150.0,,14.5,EQ
31-12-1996,15.5,15.55,15.5,15.55,,33.5,10.0,5800,90165.0,,15.55,EQ
01-01-1997,16.2,16.65,16.2,16.65,,33.5,10.0,35200,585400.0,,16.63,EQ
02-01-1997,17.5,17.8,16.1,16.25,,33.5,10.0,77900,1299845.0,,16.69,EQ
03-01-1997,16.9,16.9,15.5,16.1,,33.5,10.0,35900,574390.0,,16.0,EQ
06-01-1997,16.9,16.95,16.0,16.3,,33.5,10.0,22500,371205.0,,16.5,EQ
07-01-1997,16.25,16.7,16.05,16.45,,33.5,10.0,33000,539185.0,,16.34,EQ
08-01-1997,17.25,17.55,16.6,16.7,,33.5,10.0,46600,797970.0,,17.12,EQ
09-01-1997,17.4,17.4,16.55,16.75,,33.5,10.0,20200,339070.0,,16.79,EQ
10-01-1997,16.95,17.6,16.95,17.3,,33.5,10.0,40500,701770.0,,17.33,EQ
13-01-1997,16.8,17.45,16.65,17.45,,33.5,10.0,33600,576105.0,,17.15,EQ
14-01-1997,17.25,17.5,16.9,17.1,,33.5,10.0,38000,654005.0,,17.21,EQ
15-01-1997,17.0,18.3,17.0,18.3,,33.5,10.0,65000,1165665.0,,17.93,EQ
16-01-1997,19.0,19.35,17.25,17.6,,33.5,10.0,111600,2027980.0,,18.17,EQ
17-01-1997,17.65,17.8,16.4,17.1,,33.5,10.0,56800,972800.0,,17.13,EQ
20-01-1997,16.9,17.0,15.9,16.0,,33.5,10.0,30900,501265.0,,16.22,EQ
21-01-1997,14.9,15.75,14.9,15.55,,33.5,10.0,46600,708320.0,,15.2,EQ
22-01-1997,15.5,15.5,14.5,14.55,,33.5,10.0,89300,1322300.0,,14.81,EQ
24-01-1997,14.95,14.95,14.15,14.6,,33.5,10.0,105600,1553240.0,,14.71,EQ
27-01-1997,14.9,15.25,14.9,15.2,,33.5,10.0,15500,234465.0,,15.13,EQ
28-01-1997,15.6,15.65,14.9,15.05,,33.5,10.0,28300,431945.0,,15.26,EQ
29-01-1997,15.25,15.75,14.15,14.65,,33.5,10.0,43800,653945.0,,14.93,EQ
30-01-1997,14.6,14.65,13.8,13.95,,33.5,10.0,33700,476865.0,,14.15,EQ
31-01-1997,14.55,14.55,13.0,13.15,,33.5,10.0,118400,1651165.0,,13.95,EQ
03-02-1997,13.6,13.75,13.25,13.6,,33.5,10.0,15100,203515.0,,13.48,EQ
04-02-1997,13.35,13.6,13.2,13.35,,33.5,10.0,20800,278160.0,,13.37,EQ
05-02-1997,14.3,14.3,13.5,13.7,,33.5,10.0,36000,505385.0,,14.04,EQ
06-02-1997,13.9,14.0,13.2,13.9,,33.5,10.0,39000,528750.0,,13.56,EQ
07-02-1997,14.9,14.9,12.95,12.95,,33.5,10.0,136300,1818345.0,,13.34,EQ
10-02-1997,12.05,13.65,12.05,13.45,,33.5,10.0,20600,272740.0,,13.24,EQ
11-02-1997,13.35,13.6,13.2,13.6,,33.5,10.0,17200,231365.0,,13.45,EQ
12-02-1997,14.0,14.0,13.25,13.45,,33.5,10.0,47500,652235.0,,13.73,EQ
13-02-1997,13.45,14.15,13.25,13.3,,33.5,10.0,37300,507015.0,,13.59,EQ
14-02-1997,13.95,13.95,13.2,13.25,,33.5,10.0,19900,268055.0,,13.47,EQ
17-02-1997,13.7,13.7,13.15,13.35,,33.5,10.0,23300,309990.0,,13.3,EQ
18-02-1997,13.5,13.5,12.9,13.05,,33.5,10.0,144100,1919435.0,,13.32,EQ
19-02-1997,13.15,13.45,13.1,13.35,,33.5,10.0,13300,176285.0,,13.25,EQ
20-02-1997,13.0,13.35,13.0,13.35,,33.5,10.0,9700,128390.0,,13.24,EQ
21-02-1997,13.05,13.35,13.0,13.3,,33.5,10.0,14600,192705.0,,13.2,EQ
24-02-1997,13.05,13.15,12.8,13.0,,33.5,10.0,13800,178975.0,,12.97,EQ
25-02-1997,13.0,13.0,12.75,12.85,,33.5,10.0,11900,153440.0,,12.89,EQ
26-02-1997,13.2,13.2,12.9,13.15,,30.55,10.0,12600,164735.0,,13.07,EQ
27-02-1997,13.5,13.85,13.3,13.7,,30.55,10.0,18100,244785.0,,13.52,EQ
28-02-1997,14.15,14.8,14.0,14.45,,30.55,10.0,16600,238095.0,,14.34,EQ
01-03-1997,15.25,15.5,15.0,15.5,,30.55,10.0,63300,974700.0,,15.4,EQ
03-03-1997,15.5,16.6,15.5,16.45,,30.55,10.0,77000,1273120.0,,16.53,EQ
04-03-1997,16.0,16.45,15.85,16.4,,30.55,10.0,62200,1012910.0,,16.28,EQ
05-03-1997,16.6,17.5,16.6,16.95,,29.95,10.0,54500,936625.0,,17.19,EQ
06-03-1997,17.5,17.5,16.35,16.5,,29.95,10.0,27100,449510.0,,16.59,EQ
10-03-1997,16.0,16.2,15.35,15.35,,29.95,10.0,21700,336390.0,,15.5,EQ
11-03-1997,15.05,15.05,14.3,14.55,,29.95,10.0,42500,618100.0,,14.54,EQ
12-03-1997,15.2,15.2,14.5,14.6,,29.95,10.0,17600,260165.0,,14.78,EQ
13-03-1997,14.55,14.9,14.2,14.3,,29.95,10.0,17800,259365.0,,14.57,EQ
14-03-1997,14.0,14.5,13.75,14.1,,29.95,10.0,16900,237520.0,,14.05,EQ
17-03-1997,15.0,15.0,13.15,13.7,,29.95,10.0,37000,507420.0,,13.71,EQ
18-03-1997,13.45,14.0,13.4,13.75,,29.95,10.0,20200,277245.0,,13.73,EQ
19-03-1997,13.6,13.9,13.5,13.7,,29.95,10.0,10500,143785.0,,13.69,EQ
20-03-1997,13.0,13.8,13.0,13.8,,29.95,10.0,17300,236230.0,,13.65,EQ
21-03-1997,13.8,14.05,13.7,13.85,,29.95,10.0,46400,639295.0,,13.78,EQ
25-03-1997,13.7,14.0,13.5,13.65,,29.95,10.0,64200,873480.0,,13.61,EQ
26-03-1997,13.85,13.9,13.5,13.6,,29.95,10.0,21900,300495.0,,13.72,EQ
27-03-1997,13.25,13.75,13.25,13.75,,29.95,10.0,9400,127320.0,,13.54,EQ
31-03-1997,12.9,12.9,12.8,12.8,,29.95,10.0,7300,93940.0,,12.87,EQ
01-04-1997,11.6,12.45,11.55,12.3,,29.95,10.0,42500,501315.0,,11.8,EQ
02-04-1997,12.95,13.15,12.4,13.1,,29.95,10.0,14000,182665.0,,13.05,EQ
03-04-1997,13.5,13.5,12.9,13.0,,29.95,10.0,17200,226510.0,,13.17,EQ
04-04-1997,13.0,13.05,12.4,12.65,,29.95,10.0,26800,339850.0,,12.68,EQ
07-04-1997,12.1,12.85,12.1,12.35,,29.95,10.0,9000,112470.0,,12.5,EQ
09-04-1997,12.75,13.2,12.45,12.75,,29.95,10.0,62800,795270.0,,12.66,EQ
10-04-1997,12.0,12.8,12.0,12.3,,29.95,10.0,33700,416015.0,,12.34,EQ
11-04-1997,12.3,12.5,12.0,12.45,,29.95,10.0,7700,94765.0,,12.31,EQ
12-04-1997,12.25,12.3,11.9,12.25,,29.95,10.0,7500,90990.0,,12.13,EQ
15-04-1997,12.5,12.6,11.9,12.0,,29.95,10.0,19700,239530.0,,12.16,EQ
17-04-1997,12.3,12.75,12.1,12.55,,29.95,10.0,16200,202085.0,,12.47,EQ
21-04-1997,12.85,13.0,12.6,12.75,,29.95,10.0,26700,342640.0,,12.83,EQ
22-04-1997,12.65,12.85,12.35,12.4,,29.95,10.0,22100,276945.0,,12.53,EQ
23-04-1997,12.7,12.7,12.4,12.65,,29.95,10.0,7900,99335.0,,12.57,EQ
24-04-1997,12.5,12.65,11.8,11.8,,29.95,10.0,21700,260440.0,,12.0,EQ
25-04-1997,11.85,12.1,11.6,12.0,,29.95,10.0,13500,160710.0,,11.9,EQ
28-04-1997,12.0,12.1,11.7,11.75,,29.95,10.0,12000,142435.0,,11.87,EQ
29-04-1997,12.0,12.0,11.3,11.6,,29.95,10.0,36700,424910.0,,11.58,EQ
30-04-1997,11.95,12.35,11.75,11.8,,29.95,10.0,28900,348345.0,,12.05,EQ
02-05-1997,11.6,12.0,11.6,11.75,,29.95,10.0,14000,164780.0,,11.77,EQ
05-05-1997,11.55,11.75,11.3,11.35,,29.95,10.0,12100,138290.0,,11.43,EQ
06-05-1997,11.1,11.25,11.0,11.05,,29.95,10.0,17600,195280.0,,11.1,EQ
07-05-1997,10.75,11.2,10.7,11.0,,29.95,10.0,31500,344955.0,,10.95,EQ
08-05-1997,10.7,11.05,10.7,11.05,,29.95,10.0,14700,159490.0,,10.85,EQ
09-05-1997,11.05,11.8,11.0,11.2,,29.95,10.0,125800,1388285.0,,11.04,EQ
12-05-1997,10.75,11.05,10.55,10.9,,29.95,10.0,19300,208465.0,,10.8,EQ
13-05-1997,10.55,10.85,10.45,10.6,,29.95,10.0,24200,256110.0,,10.58,EQ
14-05-1997,10.95,10.95,10.55,10.7,,29.95,10.0,18200,195720.0,,10.75,EQ
15-05-1997,10.7,11.0,10.7,10.8,,29.95,10.0,11800,127725.0,,10.82,EQ
16-05-1997,11.0,11.0,10.5,10.7,,29.95,10.0,13500,144435.0,,10.7,EQ
19-05-1997,10.5,10.55,10.25,10.25,,29.95,10.0,10900,113710.0,,10.43,EQ
20-05-1997,10.55,10.55,10.0,10.25,,29.95,10.0,16400,167915.0,,10.24,EQ
21-05-1997,10.4,10.4,10.05,10.2,,29.95,10.0,13100,133860.0,,10.22,EQ
22-05-1997,10.2,10.4,10.1,10.2,,29.95,10.0,4700,48070.0,,10.23,EQ
23-05-1997,10.3,10.5,10.05,10.15,,29.95,10.0,8400,86425.0,,10.29,EQ
26-05-1997,10.1,10.2,9.7,9.8,,28.0,10.0,17800,177760.0,,9.99,EQ
27-05-1997,10.0,10.15,9.75,10.0,,28.0,9.7,18700,185860.0,,9.94,EQ
28-05-1997,10.0,10.25,9.9,10.0,,28.0,9.7,10400,104525.0,,10.05,EQ
29-05-1997,10.0,10.0,9.65,9.7,,28.0,9.7,15200,148225.0,,9.75,EQ
30-05-1997,10.0,10.1,9.7,10.05,,28.0,9.65,15200,150220.0,,9.88,EQ
02-06-1997,10.0,10.15,9.75,10.05,,26.5,9.65,12900,128540.0,,9.96,EQ
03-06-1997,9.8,9.8,9.4,9.6,,26.5,9.65,24600,237610.0,,9.66,EQ
04-06-1997,10.0,10.3,9.6,9.85,,26.5,9.4,18200,181860.0,,9.99,EQ
05-06-1997,9.75,10.25,9.75,10.05,,26.5,9.4,6400,64430.0,,10.07,EQ
06-06-1997,9.8,10.15,9.8,10.0,,26.5,9.4,12000,119955.0,,10.0,EQ
09-06-1997,9.75,9.9,9.65,9.75,,26.5,9.4,9100,89495.0,,9.83,EQ
10-06-1997,9.9,10.55,9.65,9.7,,26.5,9.4,15500,153840.0,,9.93,EQ
11-06-1997,9.55,10.05,9.55,9.8,,26.5,9.4,12600,125075.0,,9.93,EQ
12-06-1997,10.15,10.15,9.8,10.0,,26.5,9.4,17100,170210.0,,9.95,EQ
13-06-1997,10.25,10.4,10.0,10.0,,26.5,9.4,18700,189600.0,,10.14,EQ
16-06-1997,10.25,10.25,9.95,10.05,,25.6,9.4,20200,204115.0,,10.1,EQ
17-06-1997,10.0,10.35,10.0,10.1,,25.6,9.4,13300,134500.0,,10.11,EQ
18-06-1997,10.1,10.85,10.05,10.1,,25.6,9.4,17000,175010.0,,10.29,EQ
19-06-1997,10.2,10.3,9.9,10.0,,25.6,9.4,16700,167535.0,,10.03,EQ
20-06-1997,10.0,10.25,9.8,10.0,,25.6,9.4,13200,131860.0,,9.99,EQ
23-06-1997,10.25,10.25,10.0,10.2,,24.55,9.4,15000,152155.0,,10.14,EQ
24-06-1997,10.25,10.3,10.0,10.0,,24.55,9.4,14700,148655.0,,10.11,EQ
25-06-1997,10.0,10.6,10.0,10.35,,24.55,9.4,22800,236125.0,,10.36,EQ
26-06-1997,10.1,10.45,10.1,10.25,,24.55,9.4,27700,282030.0,,10.18,EQ
27-06-1997,10.0,10.75,10.0,10.35,,24.55,9.4,21900,227935.0,,10.41,EQ
30-06-1997,10.0,10.15,9.8,10.05,,22.85,9.4,26300,262565.0,,9.98,EQ
01-07-1997,10.1,10.5,9.9,9.95,,22.85,9.4,48300,489170.0,,10.13,EQ
02-07-1997,10.3,10.5,10.0,10.3,,22.85,9.4,25300,260795.0,,10.31,EQ
03-07-1997,10.0,10.25,9.7,9.8,,22.85,9.4,23800,237540.0,,9.98,EQ
04-07-1997,10.0,10.15,9.9,9.95,,22.85,9.4,11900,118905.0,,9.99,EQ
07-07-1997,9.9,9.9,9.35,9.4,,20.65,9.4,51000,489055.0,,9.59,EQ
08-07-1997,9.55,9.8,8.25,9.25,,20.65,9.35,105000,977385.0,,9.31,EQ
09-07-1997,9.75,10.6,9.75,10.45,,20.65,8.25,69500,697580.0,,10.04,EQ
10-07-1997,10.7,11.15,10.7,11.15,,20.65,8.25,27600,306730.0,,11.11,EQ
11-07-1997,11.8,11.95,11.1,11.95,,20.65,8.25,72400,846815.0,,11.7,EQ
14-07-1997,11.6,11.6,11.15,11.15,,20.0,8.25,42900,487710.0,,11.37,EQ
15-07-1997,10.6,11.35,10.6,11.1,,20.0,8.25,39500,437950.0,,11.09,EQ
16-07-1997,11.45,11.5,11.0,11.1,,20.0,8.25,25800,288670.0,,11.19,EQ
17-07-1997,11.1,11.25,10.75,10.95,,20.0,8.25,29000,320510.0,,11.05,EQ
21-07-1997,10.4,10.9,10.4,10.55,,20.0,8.25,14800,156235.0,,10.56,EQ
22-07-1997,10.35,10.75,10.2,10.65,,20.0,8.25,25600,267170.0,,10.44,EQ
23-07-1997,10.6,10.8,10.3,10.65,,20.0,8.25,17400,184675.0,,10.61,EQ
24-07-1997,10.95,11.35,10.95,11.0,,20.0,8.25,29200,324255.0,,11.1,EQ
25-07-1997,11.0,11.25,10.55,10.95,,20.0,8.25,34200,373660.0,,10.93,EQ
28-07-1997,11.0,11.75,11.0,11.7,,20.0,8.25,58400,672660.0,,11.52,EQ
29-07-1997,12.1,12.2,11.8,12.1,,20.0,8.25,113300,1357080.0,,11.98,EQ
30-07-1997,12.95,12.95,12.95,12.95,,20.0,8.25,7900,102305.0,,12.95,EQ
31-07-1997,13.75,13.9,13.2,13.9,,20.0,8.25,91800,1257845.0,,13.7,EQ
01-08-1997,14.5,14.5,13.8,14.5,,20.0,8.25,80200,1153200.0,,14.38,EQ
04-08-1997,14.1,14.5,14.1,14.5,,20.0,8.25,10200,147720.0,,14.48,EQ
05-08-1997,14.55,14.55,14.55,14.55,,19.35,8.25,4900,71295.0,,14.55,EQ
06-08-1997,14.55,14.55,14.55,14.55,,19.35,8.25,1800,26190.0,,14.55,EQ
07-08-1997,15.55,15.55,14.7,14.95,,19.35,8.25,112300,1719305.0,,15.31,EQ
08-08-1997,14.25,15.0,14.05,14.25,,19.35,8.25,47000,676010.0,,14.38,EQ
11-08-1997,14.5,15.0,14.0,14.6,,19.35,8.25,47500,696565.0,,14.66,EQ
12-08-1997,15.0,15.5,14.4,14.5,,19.35,8.25,41000,608510.0,,14.84,EQ
13-08-1997,14.15,14.65,14.0,14.3,,19.35,8.25,31300,445610.0,,14.24,EQ
14-08-1997,14.0,14.25,13.75,14.0,,19.35,8.25,30000,417795.0,,13.93,EQ
18-08-1997,13.75,13.75,13.3,13.45,,19.35,8.25,23000,309535.0,,13.46,EQ
19-08-1997,13.5,14.4,13.1,13.55,,19.35,8.25,43300,589235.0,,13.61,EQ
20-08-1997,13.5,13.5,12.9,13.1,,19.35,8.25,38900,511720.0,,13.15,EQ
21-08-1997,13.25,13.3,12.8,13.0,,19.35,8.25,41000,535310.0,,13.06,EQ
22-08-1997,12.95,13.0,12.8,12.9,,19.35,8.25,21800,281445.0,,12.91,EQ
25-08-1997,12.9,13.1,12.05,12.85,,19.35,8.25,17700,226255.0,,12.78,EQ
26-08-1997,12.3,13.1,12.3,12.9,,19.35,8.25,15600,201455.0,,12.91,EQ
27-08-1997,13.05,13.05,12.4,12.65,,19.35,8.25,34900,443045.0,,12.69,EQ
28-08-1997,12.45,12.45,12.0,12.05,,19.35,8.25,33400,406485.0,,12.17,EQ
29-08-1997,11.6,12.0,11.3,11.4,,19.35,8.25,42700,496350.0,,11.62,EQ
01-09-1997,12.0,12.0,10.6,11.0,,19.35,8.25,45000,490805.0,,10.91,EQ
02-09-1997,11.2,11.4,10.5,10.9,,19.35,8.25,81900,888740.0,,10.85,EQ
03-09-1997,10.5,11.4,10.5,11.4,,19.35,8.25,11100,123990.0,,11.17,EQ
04-09-1997,11.0,11.35,11.0,11.25,,19.35,8.25,4400,49350.0,,11.22,EQ
05-09-1997,11.3,11.4,11.05,11.35,,19.35,8.25,7400,83790.0,,11.32,EQ
08-09-1997,11.1,11.2,10.7,11.1,,19.35,8.25,11500,127250.0,,11.07,EQ
09-09-1997,11.0,11.4,10.9,10.95,,19.35,8.25,11300,125045.0,,11.07,EQ
10-09-1997,11.35,11.5,11.0,11.2,,19.35,8.25,13100,146720.0,,11.2,EQ
11-09-1997,11.2,11.35,11.05,11.15,,19.35,8.25,10300,114740.0,,11.14,EQ
12-09-1997,11.0,11.05,10.7,10.9,,19.35,8.25,8100,88175.0,,10.89,EQ
15-09-1997,10.75,10.95,10.75,10.8,,19.35,8.25,5400,58370.0,,10.81,EQ
16-09-1997,10.75,10.9,10.15,10.3,,19.35,8.25,14100,148300.0,,10.52,EQ
17-09-1997,10.4,10.75,10.25,10.5,,19.35,8.25,3300,34415.0,,10.43,EQ
18-09-1997,10.4,10.5,10.0,10.5,,19.35,8.25,8600,88225.0,,10.26,EQ
19-09-1997,10.5,10.6,10.3,10.5,,19.35,8.25,6800,71060.0,,10.45,EQ
22-09-1997,10.4,10.4,9.85,10.2,,19.35,8.25,12300,124110.0,,10.09,EQ
23-09-1997,9.85,10.3,9.7,9.85,,19.35,8.25,22000,217205.0,,9.87,EQ
24-09-1997,9.95,10.45,9.95,10.1,,19.35,8.25,7400,75505.0,,10.2,EQ
25-09-1997,10.25,10.45,10.05,10.1,,19.35,8.25,6300,64165.0,,10.18,EQ
26-09-1997,9.45,10.25,9.45,10.25,,19.35,8.25,10100,101630.0,,10.06,EQ
29-09-1997,10.05,10.2,10.0,10.05,,19.35,8.25,3400,34300.0,,10.09,EQ
30-09-1997,9.5,10.0,9.35,9.85,,19.35,8.25,10900,107775.0,,9.89,EQ
01-10-1997,10.0,10.0,9.65,9.9,,19.35,8.25,7600,75130.0,,9.89,EQ
09-10-1997,9.25,9.8,9.25,9.75,,19.35,8.25,4800,45990.0,,9.58,EQ
10-10-1997,9.8,10.0,9.7,9.85,,19.35,8.25,14400,142600.0,,9.9,EQ
13-10-1997,10.0,10.0,9.6,9.8,,19.35,8.25,11800,115740.0,,9.81,EQ
14-10-1997,9.7,9.9,9.55,9.65,,19.35,8.25,10700,103480.0,,9.67,EQ
15-10-1997,9.5,10.0,9.5,9.95,,19.35,8.25,11000,108845.0,,9.9,EQ
16-10-1997,10.15,10.2,9.8,9.95,,19.35,8.25,12100,120235.0,,9.94,EQ
17-10-1997,9.75,10.15,9.75,10.05,,19.35,8.25,18900,188860.0,,9.99,EQ
20-10-1997,10.0,10.5,10.0,10.35,,19.35,8.25,15200,155035.0,,10.2,EQ
21-10-1997,10.4,10.4,9.9,10.15,,19.35,8.25,21500,215915.0,,10.04,EQ
22-10-1997,10.35,10.35,9.85,10.0,,19.35,8.25,7700,76635.0,,9.95,EQ
23-10-1997,9.8,10.1,9.8,10.0,,19.35,8.25,11400,114225.0,,10.02,EQ
24-10-1997,10.0,10.25,9.75,10.15,,19.35,8.25,8700,86770.0,,9.97,EQ
27-10-1997,9.8,10.0,9.8,9.95,,19.35,8.25,10100,99940.0,,9.9,EQ
28-10-1997,9.6,9.6,9.25,9.25,,19.35,8.25,14500,134865.0,,9.3,EQ
29-10-1997,9.25,9.8,8.5,9.5,,19.35,8.25,6200,58095.0,,9.37,EQ
30-10-1997,8.6,10.15,8.6,9.9,,19.35,8.25,3600,35270.0,,9.8,EQ
03-11-1997,9.5,10.0,9.5,9.5,,19.35,8.25,3100,30280.0,,9.77,EQ
04-11-1997,9.25,9.8,9.2,9.65,,19.35,8.25,14400,135595.0,,9.42,EQ
05-11-1997,9.45,9.7,9.45,9.5,,19.35,8.25,4100,39230.0,,9.57,EQ
06-11-1997,9.45,9.6,9.4,9.45,,19.35,8.25,8100,76685.0,,9.47,EQ
07-11-1997,9.5,9.7,9.4,9.55,,19.35,8.25,6600,62915.0,,9.53,EQ
10-11-1997,9.95,9.95,9.1,9.1,,19.35,8.25,5600,52070.0,,9.3,EQ
11-11-1997,9.0,9.35,9.0,9.25,,19.35,8.25,8100,74285.0,,9.17,EQ
12-11-1997,9.25,9.5,9.25,9.45,,19.35,8.25,10400,97240.0,,9.35,EQ
13-11-1997,9.05,9.05,8.5,8.75,,19.35,8.25,13600,120005.0,,8.82,EQ
17-11-1997,8.1,8.4,8.0,8.2,,19.35,8.25,14600,118455.0,,8.11,EQ
18-11-1997,8.05,8.5,8.0,8.1,,19.35,8.0,14100,115045.0,,8.16,EQ
19-11-1997,7.55,8.45,7.55,8.45,,19.35,8.0,5700,46725.0,,8.2,EQ
20-11-1997,8.05,8.35,8.0,8.35,,19.35,7.55,9300,75990.0,,8.17,EQ
21-11-1997,8.3,8.5,8.15,8.5,,19.35,7.55,10100,84405.0,,8.36,EQ
24-11-1997,8.25,8.5,8.25,8.3,,19.35,7.55,7300,60900.0,,8.34,EQ
25-11-1997,8.15,8.5,8.15,8.3,,19.35,7.55,11100,92455.0,,8.33,EQ
26-11-1997,8.85,9.0,8.5,8.55,,19.35,7.55,3900,33985.0,,8.71,EQ
27-11-1997,8.4,8.9,8.4,8.55,,19.35,7.55,6600,56980.0,,8.63,EQ
28-11-1997,8.75,8.75,8.3,8.65,,19.35,7.55,9600,81850.0,,8.53,EQ
01-12-1997,8.25,8.5,8.25,8.3,,19.35,7.55,7800,65465.0,,8.39,EQ
02-12-1997,8.2,8.45,8.2,8.3,,19.35,7.55,5600,46650.0,,8.33,EQ
03-12-1997,8.3,8.5,8.3,8.5,,19.35,7.55,2700,22700.0,,8.41,EQ
04-12-1997,8.3,8.5,8.25,8.35,,19.35,7.55,8300,69305.0,,8.35,EQ
05-12-1997,8.35,8.4,8.25,8.3,,19.35,7.55,4800,39850.0,,8.3,EQ
08-12-1997,7.8,8.2,7.6,7.95,,19.35,7.55,5400,42390.0,,7.85,EQ
09-12-1997,8.0,8.2,7.9,8.0,,19.35,7.55,5400,43390.0,,8.04,EQ
10-12-1997,8.25,9.0,8.0,8.15,,19.35,7.55,6200,51500.0,,8.31,EQ
11-12-1997,8.0,8.25,8.0,8.0,,19.35,7.55,13600,109445.0,,8.05,EQ
12-12-1997,8.0,8.05,7.9,7.9,,19.35,7.55,5700,45435.0,,7.97,EQ
15-12-1997,7.35,8.0,7.35,7.9,,19.35,7.55,5100,39870.0,,7.82,EQ
16-12-1997,7.7,9.05,7.65,8.3,,19.35,7.35,9800,78075.0,,7.97,EQ
17-12-1997,8.9,8.9,8.0,8.3,,19.35,7.35,2200,18150.0,,8.25,EQ
18-12-1997,8.6,8.9,8.05,8.05,,19.35,7.35,8900,73845.0,,8.3,EQ
19-12-1997,8.1,8.2,7.95,8.0,,19.35,7.35,9000,72230.0,,8.03,EQ
22-12-1997,8.2,8.45,8.2,8.3,,19.35,7.35,4500,37075.0,,8.24,EQ
23-12-1997,8.65,8.65,8.05,8.2,,19.35,7.35,9900,80795.0,,8.16,EQ
24-12-1997,8.25,8.35,8.2,8.2,,19.35,7.35,8100,66900.0,,8.26,EQ
26-12-1997,8.2,8.5,8.0,8.25,,19.35,7.35,12500,102160.0,,8.17,EQ
29-12-1997,8.4,8.45,8.2,8.35,,19.35,7.35,5100,42520.0,,8.34,EQ
30-12-1997,8.2,8.25,8.0,8.2,,19.35,7.35,24400,199315.0,,8.17,EQ
31-12-1997,8.25,8.55,8.25,8.35,,19.35,7.35,11300,94280.0,,8.34,EQ
01-01-1998,8.65,9.6,8.45,9.55,,19.35,7.35,23500,213075.0,,9.07,EQ
02-01-1998,10.0,10.5,10.0,10.2,,19.35,7.35,29000,297355.0,,10.25,EQ
05-01-1998,10.2,10.2,10.0,10.2,,19.35,7.35,10100,102915.0,,10.19,EQ
06-01-1998,10.2,10.2,9.5,9.6,,19.35,7.35,28200,278955.0,,9.89,EQ
07-01-1998,10.15,10.25,9.8,10.0,,19.35,7.35,16100,160895.0,,9.99,EQ
08-01-1998,9.5,10.0,9.25,9.35,,19.35,7.35,12200,118215.0,,9.69,EQ
09-01-1998,8.6,9.25,8.6,8.95,,19.35,7.35,4400,39660.0,,9.01,EQ
12-01-1998,8.75,8.85,8.1,8.55,,19.35,7.35,12000,101575.0,,8.46,EQ
13-01-1998,8.75,8.95,8.5,8.5,,19.35,7.35,11400,98330.0,,8.63,EQ
14-01-1998,8.95,8.95,8.75,8.75,,19.35,7.35,600,5335.0,,8.89,EQ
15-01-1998,8.65,8.85,8.55,8.85,,19.35,7.35,4300,37395.0,,8.7,EQ
16-01-1998,8.85,9.1,8.8,8.95,,19.35,7.35,2100,18635.0,,8.87,EQ
19-01-1998,8.55,8.95,8.3,8.8,,19.35,7.35,3700,31780.0,,8.59,EQ
20-01-1998,8.95,9.1,8.55,8.65,,19.35,7.35,5500,48760.0,,8.87,EQ
21-01-1998,8.65,8.65,8.3,8.5,,19.35,7.35,8300,70465.0,,8.49,EQ
22-01-1998,8.95,8.95,8.15,8.15,,19.35,7.35,7500,62755.0,,8.37,EQ
23-01-1998,8.1,8.4,8.0,8.2,,19.35,7.35,6100,49775.0,,8.16,EQ
27-01-1998,8.05,8.35,7.0,7.35,,19.35,7.35,104100,761360.0,,7.31,EQ
28-01-1998,7.6,7.9,7.55,7.7,,17.5,7.0,16800,128800.0,,7.67,EQ
29-01-1998,7.8,8.0,7.6,7.95,,17.5,7.0,8900,69200.0,,7.78,EQ
30-01-1998,7.7,8.0,7.7,8.0,,17.5,7.0,4100,32215.0,,7.86,EQ
02-02-1998,7.85,8.4,7.85,8.05,,17.5,7.0,3700,29905.0,,8.08,EQ
03-02-1998,8.25,8.25,7.85,8.1,,17.5,7.0,9900,79935.0,,8.07,EQ
04-02-1998,8.25,8.35,8.0,8.0,,17.5,7.0,6500,52600.0,,8.09,EQ
05-02-1998,8.0,8.1,7.9,7.9,,17.5,7.0,4000,31880.0,,7.97,EQ
06-02-1998,7.8,7.95,7.65,7.75,,17.5,7.0,5900,45960.0,,7.79,EQ
09-02-1998,7.4,8.05,7.4,7.75,,17.5,7.0,6100,47765.0,,7.83,EQ
10-02-1998,7.7,7.85,7.4,7.45,,17.5,7.0,10300,77450.0,,7.52,EQ
11-02-1998,7.5,7.75,7.35,7.75,,17.5,7.0,3800,28480.0,,7.49,EQ
12-02-1998,7.6,7.9,7.6,7.85,,17.5,7.0,5700,44330.0,,7.78,EQ
13-02-1998,7.85,8.1,7.8,7.8,,17.5,7.0,9100,72310.0,,7.95,EQ
17-02-1998,7.8,7.95,7.65,7.95,,17.5,7.0,5000,38995.0,,7.8,EQ
18-02-1998,7.5,7.95,7.4,7.7,,17.5,7.0,2600,20085.0,,7.73,EQ
19-02-1998,7.7,7.95,7.6,7.8,,17.5,7.0,4400,33740.0,,7.67,EQ
20-02-1998,7.6,8.0,7.6,7.75,,17.5,7.0,3700,28605.0,,7.73,EQ
23-02-1998,7.5,7.6,7.25,7.5,,17.5,7.0,4600,34520.0,,7.5,EQ
24-02-1998,7.65,7.9,7.5,7.65,,17.5,7.0,2500,19210.0,,7.68,EQ
25-02-1998,7.35,8.5,7.35,7.85,,17.5,7.0,5200,41225.0,,7.93,EQ
26-02-1998,8.05,8.4,8.0,8.05,,17.5,7.0,15600,126010.0,,8.08,EQ
27-02-1998,8.0,8.85,8.0,8.65,,17.5,7.0,21700,184125.0,,8.49,EQ
02-03-1998,9.0,9.95,9.0,9.95,,17.5,7.0,41400,397385.0,,9.6,EQ
03-03-1998,9.7,9.8,8.65,8.95,,17.5,7.0,25100,230690.0,,9.19,EQ
04-03-1998,9.1,9.45,8.9,9.45,,17.5,7.0,22300,202725.0,,9.09,EQ
05-03-1998,9.2,9.5,8.75,8.75,,17.5,7.0,11400,103965.0,,9.12,EQ
06-03-1998,9.4,9.4,8.6,8.8,,17.5,7.0,4400,39190.0,,8.91,EQ
09-03-1998,9.0,9.3,8.55,8.9,,17.5,7.0,9700,85980.0,,8.86,EQ
10-03-1998,8.75,9.0,8.6,8.75,,17.5,7.0,33000,292075.0,,8.85,EQ
11-03-1998,9.1,9.15,8.75,8.8,,17.5,7.0,8100,71755.0,,8.86,EQ
12-03-1998,8.5,9.0,8.5,8.75,,17.5,7.0,7100,62450.0,,8.8,EQ
16-03-1998,9.0,9.25,8.7,8.85,,17.5,7.0,13500,121080.0,,8.97,EQ
17-03-1998,8.75,9.1,8.75,8.85,,15.55,7.0,27400,244280.0,,8.92,EQ
18-03-1998,9.0,9.75,9.0,9.5,,15.55,7.0,19200,181915.0,,9.47,EQ
19-03-1998,9.75,9.85,9.25,9.35,,15.55,7.0,9500,89540.0,,9.43,EQ
20-03-1998,9.75,9.75,9.1,9.15,,15.55,7.0,10800,99845.0,,9.24,EQ
23-03-1998,9.3,9.5,9.2,9.2,9.2,15.55,7.0,1700,15970.0,,9.39,EQ
24-03-1998,9.0,9.5,8.65,9.0,9.05,15.55,7.0,26300,238800.0,,9.08,EQ
25-03-1998,9.75,9.75,9.0,9.25,9.25,15.55,7.0,23900,218775.0,,9.15,EQ
26-03-1998,9.15,9.6,9.15,9.15,9.15,15.55,7.0,38000,356425.0,,9.38,EQ
27-03-1998,8.9,9.25,8.45,9.15,9.25,15.55,7.0,22500,202440.0,,9.0,EQ
30-03-1998,9.0,9.3,9.0,9.1,9.0,15.55,7.0,14300,130760.0,,9.14,EQ
31-03-1998,8.75,8.95,8.55,8.65,8.55,15.55,7.0,24400,213090.0,,8.73,EQ
01-04-1998,8.7,9.3,8.7,9.05,9.05,15.55,7.0,7100,64080.0,,9.03,EQ
02-04-1998,9.1,9.5,9.0,9.0,9.0,15.55,7.0,20300,186755.0,,9.2,EQ
03-04-1998,9.0,9.25,8.75,9.0,9.0,15.55,7.0,15400,138695.0,,9.01,EQ
06-04-1998,8.9,9.4,8.8,9.15,9.05,15.55,7.0,35700,321560.0,,9.01,EQ
07-04-1998,9.0,10.1,9.0,10.0,10.0,15.55,7.0,35000,340820.0,,9.74,EQ
09-04-1998,11.0,11.0,11.0,11.0,11.0,15.55,7.0,12300,135300.0,,11.0,EQ
10-04-1998,11.95,12.1,11.5,12.1,12.1,15.55,7.0,34900,421200.0,,12.07,EQ
13-04-1998,12.0,12.5,11.75,12.5,12.5,15.55,7.0,33500,412160.0,,12.3,EQ
15-04-1998,13.75,13.75,13.5,13.75,13.75,15.55,7.0,40600,558020.0,,13.74,EQ
16-04-1998,14.7,15.15,12.5,13.25,13.1,15.55,7.0,114000,1578415.0,,13.85,EQ
17-04-1998,13.2,13.25,12.5,13.05,13.0,15.55,7.0,40900,522815.0,,12.78,EQ
20-04-1998,12.9,12.9,11.75,11.8,11.8,15.55,7.0,41300,493910.0,,11.96,EQ
21-04-1998,11.7,11.7,11.0,11.25,11.2,15.55,7.0,46300,524545.0,,11.33,EQ
22-04-1998,12.25,12.4,11.5,11.55,11.65,15.55,7.0,45200,539495.0,,11.94,EQ
23-04-1998,11.0,11.35,10.5,10.75,10.65,15.55,7.0,25400,279735.0,,11.01,EQ
24-04-1998,10.55,10.65,9.9,10.5,10.65,15.55,7.0,22200,226100.0,,10.18,EQ
27-04-1998,10.25,10.5,10.05,10.2,10.4,15.55,7.0,15300,157615.0,,10.3,EQ
28-04-1998,10.0,10.7,9.7,9.85,10.0,15.55,7.0,27100,270885.0,,10.0,EQ
29-04-1998,10.0,10.45,9.2,9.35,9.35,15.55,7.0,24500,237910.0,,9.71,EQ
30-04-1998,9.5,10.0,9.1,9.85,9.85,15.55,7.0,9300,89775.0,,9.65,EQ
04-05-1998,10.0,10.25,9.0,10.05,10.0,15.55,7.0,28300,278770.0,,9.85,EQ
05-05-1998,10.25,10.8,9.5,9.9,9.7,15.55,7.0,33900,338115.0,,9.97,EQ
06-05-1998,10.5,10.5,9.5,9.55,9.6,15.55,7.0,18600,182090.0,,9.79,EQ
08-05-1998,9.25,10.5,9.25,9.8,9.8,15.55,7.0,26900,261150.0,,9.71,EQ
11-05-1998,10.0,10.0,9.6,9.75,9.75,15.55,7.0,5700,55825.0,,9.79,EQ
12-05-1998,9.4,9.7,9.0,9.15,9.05,15.55,7.0,20800,193355.0,,9.3,EQ
13-05-1998,9.25,9.35,8.6,9.0,9.05,15.55,7.0,8300,75085.0,,9.05,EQ
14-05-1998,8.8,9.45,8.6,9.45,9.45,15.55,7.0,10100,91555.0,,9.06,EQ
15-05-1998,9.45,9.45,9.1,9.2,9.15,15.55,7.0,8500,78560.0,,9.24,EQ
18-05-1998,9.4,9.4,8.95,8.95,8.95,15.55,7.0,10800,97695.0,,9.05,EQ
19-05-1998,9.3,9.3,8.9,8.95,8.9,15.55,7.0,14200,128250.0,,9.03,EQ
20-05-1998,9.2,10.3,9.15,10.3,10.3,15.55,7.0,14400,144000.0,,10.0,EQ
21-05-1998,10.0,10.4,9.6,9.7,9.7,15.55,7.0,18100,182955.0,,10.11,EQ
22-05-1998,9.35,9.8,9.35,9.75,9.7,15.55,7.0,6400,61830.0,,9.66,EQ
25-05-1998,9.95,9.95,9.3,9.3,9.3,15.55,7.0,5400,51600.0,,9.56,EQ
26-05-1998,9.35,9.6,8.85,9.0,9.0,15.55,7.0,21600,196335.0,,9.09,EQ
27-05-1998,8.75,9.25,8.75,9.1,9.2,15.55,7.0,8000,72000.0,,9.0,EQ
28-05-1998,9.0,9.0,8.75,8.8,9.0,15.55,7.0,12100,108140.0,,8.94,EQ
29-05-1998,8.8,9.0,8.75,8.9,8.9,15.55,7.0,8500,75360.0,,8.87,EQ
01-06-1998,9.3,9.5,8.9,9.15,9.2,15.55,7.0,16700,153020.0,,9.16,EQ
02-06-1998,9.0,9.0,8.75,8.8,8.9,15.55,7.0,13400,118480.0,,8.84,EQ
03-06-1998,8.55,9.0,8.55,9.0,9.0,15.55,7.0,3600,31995.0,,8.89,EQ
04-06-1998,9.0,9.0,8.8,8.85,8.85,15.55,7.0,10000,89225.0,,8.92,EQ
05-06-1998,8.5,9.0,8.5,8.95,9.0,15.55,7.0,7900,69770.0,,8.83,EQ
08-06-1998,8.25,8.45,7.75,8.1,8.15,15.55,7.0,10800,87310.0,,8.08,EQ
09-06-1998,8.5,8.5,7.65,7.75,7.65,15.55,7.0,21000,166845.0,,7.95,EQ
10-06-1998,7.5,8.2,7.5,8.05,8.05,15.55,7.0,2200,17520.0,,7.96,EQ
11-06-1998,7.55,8.25,7.55,8.1,8.1,15.55,7.0,7100,56450.0,,7.95,EQ
12-06-1998,8.0,8.2,7.95,8.05,8.05,15.55,7.0,6200,49740.0,,8.02,EQ
15-06-1998,7.95,8.3,7.8,7.8,7.8,15.55,7.0,4800,38170.0,,7.95,EQ
16-06-1998,7.0,7.7,7.0,7.5,7.3,15.55,7.0,27000,200670.0,,7.43,EQ
17-06-1998,8.0,8.3,7.8,8.3,8.3,15.55,7.0,7900,63715.0,,8.07,EQ
18-06-1998,7.8,8.25,7.8,7.9,7.9,15.55,7.0,9000,71755.0,,7.97,EQ
19-06-1998,7.65,7.9,7.65,7.75,7.75,15.55,7.0,1600,12445.0,,7.78,EQ
22-06-1998,7.05,7.35,7.05,7.15,7.15,15.55,7.0,6700,47985.0,,7.16,EQ
23-06-1998,7.2,7.25,6.9,7.0,6.9,15.55,7.0,19600,138155.0,,7.05,EQ
24-06-1998,7.75,8.1,7.6,8.0,8.0,15.55,6.9,4400,34580.0,,7.86,EQ
25-06-1998,8.25,8.25,7.55,7.6,7.55,15.55,6.9,8000,62805.0,,7.85,EQ
26-06-1998,7.95,7.95,7.6,7.65,7.6,15.55,6.9,3100,24180.0,,7.8,EQ
29-06-1998,7.75,7.75,7.3,7.35,7.35,15.55,6.9,3100,22975.0,,7.41,EQ
30-06-1998,7.5,7.5,7.1,7.1,7.1,15.55,6.9,5800,41975.0,,7.24,EQ
01-07-1998,7.6,7.6,7.0,7.4,7.4,15.55,6.9,3600,25755.0,,7.15,EQ
02-07-1998,7.15,7.4,7.15,7.35,7.4,15.55,6.9,3800,27800.0,,7.32,EQ
03-07-1998,7.05,7.95,7.05,7.15,7.15,15.55,6.9,2100,15235.0,,7.25,EQ
06-07-1998,7.5,7.5,7.1,7.4,7.4,15.55,6.9,4300,31745.0,,7.38,EQ
07-07-1998,7.3,7.4,7.25,7.3,7.4,15.55,6.9,5900,43110.0,,7.31,EQ
08-07-1998,7.15,7.7,7.15,7.5,7.5,15.55,6.9,3800,28090.0,,7.39,EQ
09-07-1998,7.95,7.95,7.2,7.25,7.25,15.55,6.9,2200,16230.0,,7.38,EQ
10-07-1998,7.5,7.7,7.25,7.35,7.45,15.55,6.9,4600,34450.0,,7.49,EQ
13-07-1998,8.15,8.15,7.05,7.05,7.1,15.55,6.9,7500,53935.0,,7.19,EQ
14-07-1998,7.0,7.4,7.0,7.2,7.1,15.55,6.9,6800,48450.0,,7.13,EQ
15-07-1998,7.25,7.4,7.1,7.4,7.4,15.55,6.9,3300,23755.0,,7.2,EQ
16-07-1998,7.0,7.4,7.0,7.4,7.4,15.55,6.9,2900,20810.0,,7.18,EQ
17-07-1998,7.5,7.5,7.1,7.2,7.2,15.55,6.9,4500,32930.0,,7.32,EQ
20-07-1998,7.1,7.3,6.75,7.25,7.25,15.55,6.9,6700,47290.0,,7.06,EQ
21-07-1998,7.05,7.05,6.75,6.85,6.9,15.55,6.75,9300,63985.0,,6.88,EQ
22-07-1998,6.8,7.0,6.8,6.95,6.95,15.55,6.75,4900,34020.0,,6.94,EQ
23-07-1998,7.1,7.1,6.8,7.0,7.05,15.55,6.75,9400,65490.0,,6.97,EQ
24-07-1998,6.05,6.9,6.05,6.8,6.8,15.55,6.75,5000,33725.0,,6.75,EQ
27-07-1998,6.55,7.0,6.5,6.9,7.0,15.55,6.05,6800,45850.0,,6.74,EQ
28-07-1998,6.45,6.85,6.3,6.65,6.85,15.55,6.05,19200,125450.0,,6.53,EQ
29-07-1998,6.8,7.0,6.5,6.75,6.75,15.55,6.05,3800,25485.0,,6.71,EQ
30-07-1998,7.05,7.3,6.5,6.6,6.55,15.55,6.05,10100,67845.0,,6.72,EQ
31-07-1998,6.5,6.65,6.25,6.5,6.6,15.55,6.05,10200,65720.0,,6.44,EQ
03-08-1998,7.1,7.25,6.25,6.25,6.25,15.55,6.05,5000,33820.0,,6.76,EQ
04-08-1998,6.45,6.5,6.15,6.35,6.45,15.55,6.05,7100,45060.0,,6.35,EQ
05-08-1998,6.2,6.2,5.55,5.85,5.9,15.55,6.05,8500,50655.0,,5.96,EQ
06-08-1998,6.0,6.15,5.8,5.85,5.8,15.55,5.55,8200,48910.0,,5.96,EQ
07-08-1998,5.95,5.95,5.75,5.8,5.8,15.55,5.55,5700,33105.0,,5.81,EQ
10-08-1998,5.55,5.7,5.3,5.65,5.65,15.55,5.55,3100,16970.0,,5.47,EQ
11-08-1998,5.5,5.7,5.35,5.5,5.5,15.5,5.3,7000,38830.0,,5.55,EQ
12-08-1998,5.5,6.1,5.5,5.5,5.5,15.5,5.3,9300,54295.0,,5.84,EQ
13-08-1998,5.5,5.7,5.5,5.6,5.7,15.5,5.3,5300,30065.0,,5.67,EQ
14-08-1998,5.9,6.1,5.9,5.9,5.9,15.5,5.3,4800,28660.0,,5.97,EQ
17-08-1998,5.7,5.7,5.55,5.7,5.7,15.5,5.3,7600,42950.0,,5.65,EQ
18-08-1998,5.2,5.7,5.2,5.45,5.35,15.15,5.3,8000,43665.0,,5.46,EQ
19-08-1998,5.6,5.95,5.25,5.6,5.6,15.15,5.2,7000,39450.0,,5.64,EQ
20-08-1998,5.2,5.95,5.2,5.85,5.8,15.15,5.2,4700,26970.0,,5.74,EQ
21-08-1998,5.65,6.0,5.6,5.75,5.75,15.15,5.2,3100,17885.0,,5.77,EQ
24-08-1998,5.0,5.8,5.0,5.6,5.6,15.15,5.2,2300,12765.0,,5.55,EQ
25-08-1998,5.5,5.7,5.5,5.65,5.55,15.15,5.0,5900,33110.0,,5.61,EQ
27-08-1998,6.0,6.0,5.6,5.6,5.6,15.15,5.0,3200,18480.0,,5.78,EQ
28-08-1998,5.55,5.85,5.5,5.8,5.8,15.15,5.0,2100,11855.0,,5.65,EQ
31-08-1998,5.25,5.85,5.25,5.55,5.55,15.15,5.0,2700,15255.0,,5.65,EQ
01-09-1998,5.3,5.55,5.0,5.0,5.05,15.15,5.0,45200,228970.0,,5.07,EQ
02-09-1998,5.0,5.35,4.75,5.0,5.0,15.15,5.0,18200,89580.0,,4.92,EQ
03-09-1998,5.0,5.2,4.9,4.9,4.9,15.15,4.75,8600,42890.0,,4.99,EQ
04-09-1998,5.0,5.25,4.8,4.85,4.8,15.15,4.75,19300,94775.0,,4.91,EQ
07-09-1998,4.75,5.0,4.75,4.95,4.95,15.15,4.75,5700,27755.0,,4.87,EQ
08-09-1998,5.0,5.05,4.8,4.9,4.8,15.15,4.75,8900,44210.0,,4.97,EQ
09-09-1998,5.0,5.1,4.8,4.85,4.8,15.15,4.75,22800,111510.0,,4.89,EQ
10-09-1998,4.75,5.1,4.75,4.85,4.8,15.15,4.75,20200,98165.0,,4.86,EQ
11-09-1998,4.95,4.95,4.55,4.6,4.7,15.15,4.75,34000,161435.0,,4.75,EQ
14-09-1998,4.8,4.9,4.75,4.75,4.75,15.15,4.55,56800,273150.0,,4.81,EQ
15-09-1998,4.85,4.9,4.65,4.7,4.75,15.15,4.55,56000,267925.0,,4.78,EQ
16-09-1998,5.1,5.25,4.8,4.9,4.85,15.15,4.55,57500,284305.0,,4.94,EQ
17-09-1998,5.0,5.05,4.75,4.75,4.75,15.15,4.55,43800,211730.0,,4.83,EQ
18-09-1998,4.8,5.0,4.7,4.85,4.8,15.15,4.55,35800,171525.0,,4.79,EQ
21-09-1998,4.85,4.95,4.75,4.85,4.85,15.15,4.55,24300,118115.0,,4.86,EQ
22-09-1998,4.7,4.9,4.7,4.8,4.85,15.15,4.55,23500,113005.0,,4.81,EQ
23-09-1998,4.75,4.95,4.75,4.75,4.75,15.15,4.55,30000,144170.0,,4.81,EQ
24-09-1998,4.7,4.8,4.6,4.75,4.6,15.15,4.55,42100,199580.0,,4.74,EQ
25-09-1998,4.75,4.85,4.65,4.85,4.85,15.15,4.55,45600,214550.0,,4.71,EQ
28-09-1998,5.0,5.1,4.75,4.75,4.75,15.15,4.55,29200,145325.0,,4.98,EQ
29-09-1998,5.0,5.0,4.75,4.9,5.0,15.15,4.55,15000,73935.0,,4.93,EQ
30-09-1998,4.9,5.15,4.9,5.05,5.05,15.15,4.55,8500,41885.0,,4.93,EQ
05-10-1998,4.7,5.0,4.7,4.75,4.75,15.15,4.55,5500,26650.0,,4.85,EQ
06-10-1998,4.75,5.0,4.6,4.65,4.6,15.15,4.55,19700,94405.0,,4.79,EQ
07-10-1998,5.0,5.1,5.0,5.05,5.1,15.15,4.55,4200,21120.0,,5.03,EQ
08-10-1998,5.1,5.2,4.9,4.9,4.9,15.15,4.55,22200,111735.0,,5.03,EQ
09-10-1998,4.9,5.2,4.9,5.05,5.05,15.15,4.55,7900,39735.0,,5.03,EQ
12-10-1998,4.5,4.95,4.0,4.35,4.25,15.15,4.55,40000,176145.0,,4.4,EQ
13-10-1998,4.5,4.7,4.25,4.3,4.25,15.15,4.0,10000,44425.0,,4.44,EQ
14-10-1998,4.5,4.65,4.45,4.6,4.65,15.15,4.0,3900,17895.0,,4.59,EQ
15-10-1998,4.6,4.75,4.5,4.55,4.55,15.15,4.0,6400,29730.0,,4.65,EQ
16-10-1998,4.6,4.75,4.55,4.7,4.6,15.15,4.0,9600,44615.0,,4.65,EQ
19-10-1998,4.3,4.95,4.3,4.8,4.8,15.15,4.0,4300,20530.0,,4.77,EQ
20-10-1998,4.5,4.65,4.25,4.5,4.65,15.15,4.0,13800,61980.0,,4.49,EQ
22-10-1998,5.4,6.0,5.25,5.5,5.5,15.15,4.0,38800,217070.0,,5.59,EQ
23-10-1998,5.5,6.0,5.3,5.6,5.55,15.15,4.0,28700,162420.0,,5.66,EQ
26-10-1998,6.0,6.65,5.95,6.25,6.25,15.15,4.0,35900,225795.0,,6.29,EQ
27-10-1998,6.1,6.2,5.8,6.1,6.2,15.15,4.0,25600,155635.0,,6.08,EQ
28-10-1998,6.2,6.25,6.0,6.1,6.15,15.15,4.0,13900,84800.0,,6.1,EQ
29-10-1998,6.05,6.05,5.65,5.9,5.9,15.15,4.0,7000,40820.0,,5.83,EQ
30-10-1998,5.6,5.9,5.6,5.85,5.85,15.15,4.0,8500,49025.0,,5.77,EQ
31-10-1998,5.8,6.0,5.7,5.7,5.7,15.15,4.0,8800,52065.0,,5.92,EQ
02-11-1998,5.85,5.9,5.6,5.75,5.75,15.15,4.0,5300,30635.0,,5.78,EQ
03-11-1998,5.75,5.8,5.5,5.7,5.7,15.15,4.0,10100,56920.0,,5.64,EQ
05-11-1998,8.5,8.5,5.7,5.8,5.8,15.15,4.0,12000,72215.0,,6.02,EQ
06-11-1998,5.85,6.05,5.8,6.0,6.0,15.15,4.0,25300,149875.0,,5.92,EQ
09-11-1998,6.1,6.75,6.0,6.55,6.6,15.15,4.0,35400,229320.0,,6.48,EQ
10-11-1998,6.5,6.95,6.5,6.9,6.95,15.15,4.0,30100,204165.0,,6.78,EQ
11-11-1998,6.95,7.7,6.75,7.0,7.0,15.15,4.0,67300,484620.0,,7.2,EQ
12-11-1998,7.15,7.2,6.7,6.8,6.8,15.15,4.0,19800,137435.0,,6.94,EQ
13-11-1998,6.9,7.25,6.7,7.2,7.25,15.15,4.0,24800,172110.0,,6.94,EQ
16-11-1998,6.5,7.2,6.5,7.05,7.0,15.15,4.0,12000,84600.0,,7.05,EQ
17-11-1998,7.0,7.55,7.0,7.45,7.55,15.15,4.0,50800,367730.0,,7.24,EQ
18-11-1998,7.5,7.55,6.75,6.75,6.75,15.15,4.0,29200,208390.0,,7.14,EQ
19-11-1998,6.7,6.95,6.65,6.8,6.8,15.15,4.0,8500,57875.0,,6.81,EQ
20-11-1998,6.7,7.0,6.7,7.0,7.0,15.15,4.0,8600,59030.0,,6.86,EQ
21-11-1998,6.95,7.0,6.95,7.0,7.0,15.15,4.0,200,1395.0,,6.98,EQ
23-11-1998,6.85,7.2,6.85,7.1,7.1,15.15,4.0,18700,131830.0,,7.05,EQ
24-11-1998,7.0,7.35,7.0,7.3,7.3,15.15,4.0,39800,283605.0,,7.13,EQ
26-11-1998,7.25,7.55,7.15,7.25,7.25,15.15,4.0,17800,130825.0,,7.35,EQ
27-11-1998,7.15,7.25,7.0,7.15,7.15,15.15,4.0,13300,94375.0,,7.1,EQ
28-11-1998,7.7,9.0,7.35,9.0,9.0,15.15,4.0,56500,474115.0,,8.39,EQ
30-11-1998,8.9,9.0,8.4,8.65,8.65,15.15,4.0,27100,236180.0,,8.72,EQ
01-12-1998,8.8,8.8,8.25,8.35,8.35,15.15,4.0,47400,404350.0,,8.53,EQ
02-12-1998,8.6,9.0,8.4,8.4,8.4,15.15,4.0,27700,239380.0,,8.64,EQ
03-12-1998,8.75,8.9,8.3,8.3,8.3,15.15,4.0,11000,93055.0,,8.46,EQ
04-12-1998,8.35,8.6,8.3,8.4,8.4,15.15,4.0,18700,156800.0,,8.39,EQ
07-12-1998,8.25,8.35,8.0,8.3,8.3,15.15,4.0,19200,157820.0,,8.22,EQ
08-12-1998,8.0,8.25,7.95,8.25,8.25,15.15,4.0,26000,209345.0,,8.05,EQ
09-12-1998,8.2,8.5,8.0,8.05,8.05,15.15,4.0,28800,235570.0,,8.18,EQ
10-12-1998,7.9,8.1,7.9,8.0,8.0,15.15,4.0,20500,163900.0,,8.0,EQ
11-12-1998,8.15,8.2,7.95,8.0,8.0,15.15,4.0,33000,265295.0,,8.04,EQ
14-12-1998,7.75,8.35,7.75,7.95,7.95,15.15,4.0,24100,191855.0,,7.96,EQ
15-12-1998,7.95,8.1,7.85,8.0,8.0,15.15,4.0,45200,359605.0,,7.96,EQ
16-12-1998,7.5,8.0,7.5,7.8,7.8,15.15,4.0,16500,129835.0,,7.87,EQ
17-12-1998,7.5,7.95,7.25,7.25,7.25,15.15,4.0,6700,49485.0,,7.39,EQ
18-12-1998,7.25,7.4,7.15,7.3,7.3,15.15,4.0,11400,82795.0,,7.26,EQ
21-12-1998,7.1,7.25,7.0,7.1,7.1,15.15,4.0,17300,122590.0,,7.09,EQ
22-12-1998,7.1,7.25,7.0,7.0,7.0,15.15,4.0,11600,82405.0,,7.1,EQ
23-12-1998,7.35,7.35,7.1,7.2,7.2,15.15,4.0,9200,66345.0,,7.21,EQ
24-12-1998,7.1,7.4,7.0,7.0,7.0,15.15,4.0,11700,84000.0,,7.18,EQ
28-12-1998,7.0,7.4,6.95,7.2,7.2,15.15,4.0,25600,180400.0,,7.05,EQ
29-12-1998,7.0,7.35,6.8,7.0,7.0,15.15,4.0,12700,90245.0,,7.11,EQ
30-12-1998,7.25,7.45,7.1,7.3,7.3,15.15,4.0,16700,120635.0,,7.22,EQ
31-12-1998,7.25,7.65,7.25,7.25,7.25,15.15,4.0,8700,64575.0,,7.42,EQ
01-01-1999,7.1,7.45,7.05,7.45,7.45,15.15,4.0,6800,49010.0,,7.21,EQ
04-01-1999,7.2,7.8,7.2,7.8,7.8,15.15,4.0,14800,111735.0,,7.55,EQ
05-01-1999,7.75,7.75,7.3,7.6,7.6,15.15,4.0,16100,120245.0,,7.47,EQ
06-01-1999,7.9,8.25,7.4,8.1,8.1,15.15,4.0,34900,273380.0,,7.83,EQ
07-01-1999,8.2,8.2,7.7,7.9,7.9,15.15,4.0,15000,118640.0,,7.91,EQ
08-01-1999,7.8,8.2,7.6,8.0,8.0,15.15,4.0,31300,246890.0,,7.89,EQ
11-01-1999,8.2,8.5,8.1,8.35,8.35,15.15,4.0,36300,300875.0,,8.29,EQ
12-01-1999,7.85,8.05,7.65,7.7,7.7,15.15,4.0,20000,158195.0,,7.91,EQ
13-01-1999,6.75,8.0,6.75,7.7,7.7,15.15,4.0,11900,93575.0,,7.86,EQ
14-01-1999,7.5,8.1,7.0,7.65,7.65,15.15,4.0,92700,679085.0,,7.33,EQ
15-01-1999,7.05,8.0,7.05,7.6,7.6,15.15,4.0,29500,230400.0,,7.81,EQ
18-01-1999,7.0,8.0,7.0,7.7,7.7,15.15,4.0,18300,140340.0,,7.67,EQ
19-01-1999,7.25,7.95,7.25,7.65,7.65,15.15,4.0,39600,306390.0,,7.74,EQ
21-01-1999,7.3,8.0,7.3,7.4,7.4,15.15,4.0,95600,726265.0,,7.6,EQ
22-01-1999,7.5,7.85,7.5,7.5,7.5,15.15,4.0,31700,240865.0,,7.6,EQ
25-01-1999,7.3,7.5,7.05,7.2,7.2,15.15,4.0,14800,106710.0,,7.21,EQ
27-01-1999,7.2,8.0,7.2,7.65,7.65,15.15,4.0,35700,275220.0,,7.71,EQ
28-01-1999,8.2,8.5,7.3,7.65,7.65,15.15,4.0,20000,156670.0,,7.83,EQ
29-01-1999,7.6,8.0,7.55,8.0,8.0,15.15,4.0,26800,207050.0,,7.73,EQ
01-02-1999,7.85,7.95,7.5,7.75,7.75,15.15,4.0,21600,165970.0,,7.68,EQ
02-02-1999,7.25,7.8,7.15,7.35,7.35,15.15,4.0,31500,236930.0,,7.52,EQ
03-02-1999,7.2,7.8,7.2,7.6,7.6,15.15,4.0,20200,151825.0,,7.52,EQ
04-02-1999,7.55,7.8,7.4,7.6,7.6,15.15,4.0,22800,172855.0,,7.58,EQ
05-02-1999,7.6,7.9,7.35,7.6,7.6,15.15,4.0,24100,185025.0,,7.68,EQ
08-02-1999,7.6,7.65,7.2,7.3,7.3,15.15,4.0,29600,218680.0,,7.39,EQ
09-02-1999,7.25,8.0,7.25,7.85,7.85,15.15,4.0,20300,152035.0,,7.49,EQ
10-02-1999,8.0,10.95,7.7,10.95,10.95,15.15,4.0,80200,713435.0,,8.9,EQ
11-02-1999,11.4,11.4,8.9,9.0,9.0,15.15,4.0,85500,852315.0,,9.97,EQ
12-02-1999,9.3,12.0,8.6,12.0,12.0,15.15,4.0,154800,1631785.0,,10.54,EQ
15-02-1999,11.5,13.0,10.8,11.5,11.5,15.15,4.0,201100,2392405.0,,11.9,EQ
16-02-1999,11.5,12.25,10.9,11.8,11.8,15.15,4.0,129500,1503550.0,,11.61,EQ
17-02-1999,12.05,13.05,11.0,11.65,11.65,15.15,4.0,305000,3749275.0,,12.29,EQ
18-02-1999,11.75,12.7,11.3,11.5,11.5,15.15,4.0,123100,1475580.0,,11.99,EQ
19-02-1999,11.8,11.8,9.5,9.7,9.7,15.15,4.0,136300,1411000.0,,10.35,EQ
22-02-1999,10.0,10.25,9.25,9.5,9.5,15.15,4.0,80400,772555.0,,9.61,EQ
23-02-1999,9.15,9.85,8.85,9.15,9.15,15.15,4.0,96800,890355.0,,9.2,EQ
24-02-1999,9.85,10.2,8.25,9.25,9.25,15.15,4.0,179400,1633290.0,,9.1,EQ
25-02-1999,9.3,9.5,8.8,9.05,9.05,15.15,4.0,100100,923930.0,,9.23,EQ
26-02-1999,9.3,11.0,9.0,10.9,10.9,15.15,4.0,200200,1918835.0,,9.58,EQ
27-02-1999,11.0,11.7,9.25,10.3,10.3,15.15,4.0,177100,1901550.0,,10.74,EQ
01-03-1999,10.75,12.0,10.75,12.0,12.0,15.15,4.0,388700,4467515.0,,11.49,EQ
03-03-1999,13.25,13.75,11.8,11.8,11.8,15.15,4.0,348400,4323465.0,,12.41,EQ
04-03-1999,11.5,11.5,10.75,11.1,11.1,15.15,4.0,64000,711520.0,,11.12,EQ
05-03-1999,11.0,11.25,10.6,10.8,10.8,15.15,4.0,61400,674055.0,,10.98,EQ
08-03-1999,10.8,11.2,9.9,10.25,10.25,15.15,4.0,92700,975260.0,,10.52,EQ
09-03-1999,10.1,10.1,9.3,9.8,9.8,15.15,4.0,72800,702290.0,,9.65,EQ
10-03-1999,10.0,10.75,9.25,9.4,9.4,15.15,4.0,50600,490345.0,,9.69,EQ
11-03-1999,8.3,9.5,8.3,9.1,9.1,15.15,4.0,16400,150435.0,,9.17,EQ
12-03-1999,9.2,9.45,8.8,9.1,9.1,15.15,4.0,17800,160905.0,,9.04,EQ
15-03-1999,9.5,9.65,9.0,9.6,9.6,15.15,4.0,49900,467630.0,,9.37,EQ
16-03-1999,9.2,10.2,9.1,10.1,10.1,15.15,4.0,66200,644535.0,,9.74,EQ
17-03-1999,10.0,10.45,9.8,10.15,10.15,15.15,4.0,68900,690835.0,,10.03,EQ
18-03-1999,10.6,12.7,10.0,12.7,12.7,15.15,4.0,227300,2645015.0,,11.64,EQ
19-03-1999,12.15,12.9,11.05,12.0,12.0,15.15,4.0,276600,3366495.0,,12.17,EQ
20-03-1999,12.25,15.0,11.55,14.5,14.5,15.15,4.0,302700,4257360.0,,14.06,EQ
22-03-1999,14.0,14.25,13.0,13.9,13.9,15.15,4.0,218800,2979300.0,,13.62,EQ
23-03-1999,15.5,15.9,14.0,14.4,14.4,15.15,4.0,300300,4362430.0,,14.53,EQ
24-03-1999,16.0,16.0,12.75,14.25,14.25,15.9,4.0,258300,3784305.0,,14.65,EQ
25-03-1999,13.1,14.5,13.1,13.8,13.8,16.0,4.0,105200,1486200.0,,14.13,EQ
26-03-1999,13.3,13.75,11.6,12.0,12.0,16.0,4.0,144700,1810335.0,,12.51,EQ
30-03-1999,11.3,12.4,11.3,12.0,12.0,16.0,4.0,112600,1314800.0,,11.68,EQ
31-03-1999,12.15,14.25,12.15,13.3,13.3,16.0,4.0,150200,2031945.0,,13.53,EQ
01-04-1999,13.4,13.75,12.65,13.6,13.6,16.0,4.0,111600,1473155.0,,13.2,EQ
05-04-1999,12.65,14.25,12.5,13.3,13.3,16.0,4.0,244900,3335480.0,,13.62,EQ
06-04-1999,12.75,15.05,12.75,15.05,15.05,16.0,4.0,213700,2960895.0,,13.86,EQ
07-04-1999,16.9,17.4,15.55,16.3,16.3,16.0,4.0,774300,12965550.0,,16.74,EQ
08-04-1999,15.9,16.5,15.6,15.85,15.85,17.4,4.0,214600,3420635.0,,15.94,EQ
09-04-1999,15.85,15.9,14.15,14.4,14.4,17.4,4.0,233100,3489780.0,,14.97,EQ
12-04-1999,14.15,16.0,13.25,15.1,15.1,17.4,4.0,180500,2697465.0,,14.94,EQ
13-04-1999,14.75,15.4,14.75,15.2,15.2,17.4,4.0,252200,3820975.0,,15.15,EQ
15-04-1999,14.0,15.35,14.0,15.2,15.2,17.4,4.0,122300,1839260.0,,15.04,EQ
16-04-1999,15.3,19.0,14.85,19.0,19.0,17.4,4.0,307500,5398330.0,,17.56,EQ
17-04-1999,18.5,19.5,14.95,15.75,15.75,19.0,4.0,340700,5991390.0,,17.59,EQ
19-04-1999,15.15,17.0,15.15,16.5,16.5,19.5,4.0,87200,1434070.0,,16.45,EQ
20-04-1999,16.55,16.95,16.25,16.9,16.9,19.5,4.0,129500,2153045.0,,16.63,EQ
21-04-1999,17.1,20.0,17.1,18.5,18.5,19.5,4.0,344000,6351690.0,,18.46,EQ
22-04-1999,18.2,19.75,17.55,17.75,17.75,20.0,4.0,301400,5670520.0,,18.81,EQ
23-04-1999,17.85,18.4,16.55,17.5,17.5,20.0,4.0,126200,2202705.0,,17.45,EQ
26-04-1999,15.9,16.4,14.75,15.4,15.4,20.0,4.0,282900,4399040.0,,15.55,EQ
28-04-1999,15.0,16.25,14.7,16.25,16.25,20.0,4.0,150800,2316460.0,,15.36,EQ
29-04-1999,16.15,16.8,15.7,16.75,16.75,20.0,4.0,99300,1619625.0,,16.31,EQ
30-04-1999,16.15,17.7,16.15,17.7,17.7,20.0,4.0,114500,1931990.0,,16.87,EQ
03-05-1999,17.85,18.7,16.55,17.5,17.5,20.0,4.0,195300,3430780.0,,17.57,EQ
04-05-1999,17.1,18.9,17.0,18.9,18.9,20.0,4.0,201300,3620935.0,,17.99,EQ
05-05-1999,18.75,19.75,18.55,19.2,19.2,20.0,4.0,348900,6764780.0,,19.39,EQ
06-05-1999,18.95,19.7,18.85,19.4,19.4,20.0,4.0,175200,3387580.0,,19.34,EQ
07-05-1999,19.4,19.55,19.0,19.2,19.2,20.0,4.0,185100,3560355.0,,19.23,EQ
10-05-1999,18.55,21.1,18.55,19.95,19.95,20.0,4.0,258700,5240300.0,,20.26,EQ
11-05-1999,20.25,20.65,19.55,20.0,20.0,21.1,4.0,304800,6083985.0,,19.96,EQ
12-05-1999,20.5,20.7,19.65,20.0,20.0,21.1,4.0,340700,6871735.0,,20.17,EQ
13-05-1999,19.75,21.6,19.75,21.6,21.6,21.1,4.0,464500,9773535.0,,21.04,EQ
14-05-1999,22.0,22.25,20.6,21.05,21.05,21.6,4.0,242900,5206185.0,,21.43,EQ
17-05-1999,21.0,22.75,20.5,22.5,22.5,22.25,4.0,504500,11165620.0,,22.13,EQ
18-05-1999,21.85,24.3,21.85,24.3,24.3,22.75,4.0,528200,12083930.0,,22.88,EQ
19-05-1999,26.25,26.25,26.25,26.25,26.25,24.3,4.0,58600,1538250.0,,26.25,EQ
20-05-1999,28.35,28.35,24.15,25.4,25.4,26.25,4.0,528000,14243845.0,,26.98,EQ
21-05-1999,25.7,25.8,23.6,24.0,24.0,28.35,4.0,190200,4625745.0,,24.32,EQ
24-05-1999,24.25,24.65,22.5,24.5,24.5,28.35,4.0,255900,6004480.0,,23.46,EQ
25-05-1999,23.5,24.5,23.0,23.25,23.25,28.35,4.0,356500,8443360.0,,23.68,EQ
26-05-1999,23.9,24.3,22.55,23.4,23.4,28.35,4.0,209000,4870980.0,,23.31,EQ
27-05-1999,23.3,24.0,22.5,22.5,22.5,28.35,4.0,167800,3886405.0,,23.16,EQ
28-05-1999,21.5,22.0,20.7,20.7,20.7,28.35,4.0,115600,2443375.0,,21.14,EQ
31-05-1999,20.55,22.4,20.55,22.4,22.4,28.35,4.0,143600,3188195.0,,22.2,EQ
01-06-1999,23.9,23.9,22.0,22.0,22.0,28.35,4.0,329500,7508130.0,,22.79,EQ
02-06-1999,22.6,22.6,21.5,22.4,22.4,28.35,4.0,70500,1567180.0,,22.23,EQ
03-06-1999,22.95,23.2,22.25,22.85,22.85,28.35,4.0,98000,2238580.0,,22.84,EQ
04-06-1999,22.95,24.7,22.85,24.7,24.7,28.35,4.0,252000,6014395.0,,23.87,EQ
07-06-1999,25.45,25.95,24.5,24.8,24.8,28.35,4.0,263400,6655035.0,,25.27,EQ
08-06-1999,25.3,26.0,23.65,26.0,26.0,28.35,4.0,267200,6580320.0,,24.63,EQ
09-06-1999,26.0,26.25,24.0,24.2,24.25,28.35,4.0,178100,4452770.0,,25.0,EQ
10-06-1999,24.9,25.9,23.0,23.9,24.1,28.35,4.0,126900,3053175.0,,24.06,EQ
11-06-1999,24.0,24.15,22.5,22.85,23.0,28.35,4.0,78400,1807170.0,,23.05,EQ
14-06-1999,21.05,21.95,21.05,21.7,21.9,28.35,4.0,96900,2059540.0,,21.25,EQ
15-06-1999,22.0,22.05,21.45,21.7,21.65,28.35,4.0,173600,3770780.0,,21.72,EQ
16-06-1999,21.7,22.65,21.1,22.45,22.25,28.35,4.0,42900,938955.0,,21.89,EQ
17-06-1999,22.5,23.0,22.5,22.9,22.85,28.35,4.0,69500,1588355.0,,22.85,EQ
18-06-1999,22.6,23.6,22.5,23.45,23.4,28.35,4.0,94100,2161045.0,,22.97,EQ
21-06-1999,23.5,24.25,23.0,24.05,24.25,28.35,4.0,108200,2568185.0,,23.74,EQ
22-06-1999,23.7,25.15,23.7,24.75,24.6,28.35,4.0,184100,4513780.0,,24.52,EQ
23-06-1999,25.0,25.45,23.15,23.3,23.25,28.35,4.0,92600,2203580.0,,23.8,EQ
24-06-1999,23.05,23.7,22.8,23.0,23.1,28.35,4.0,56700,1312490.0,,23.15,EQ
25-06-1999,23.0,23.3,22.25,22.4,22.25,28.35,4.0,46600,1062250.0,,22.8,EQ
28-06-1999,22.25,22.75,21.85,22.0,22.0,28.35,4.0,75900,1678155.0,,22.11,EQ
29-06-1999,22.05,22.2,21.4,21.6,21.85,28.35,4.0,59600,1291910.0,,21.68,EQ
30-06-1999,21.7,22.0,20.9,21.6,21.55,28.35,4.0,154900,3302180.0,,21.32,EQ
01-07-1999,21.25,21.7,21.1,21.15,21.1,28.35,4.0,106700,2281025.0,,21.38,EQ
02-07-1999,21.1,21.7,21.1,21.4,21.35,28.35,4.0,94700,2031755.0,,21.45,EQ
05-07-1999,21.35,22.65,21.35,22.35,22.5,28.35,4.0,127600,2833175.0,,22.2,EQ
06-07-1999,22.7,23.7,22.1,23.3,23.5,28.35,4.0,99900,2311705.0,,23.14,EQ
07-07-1999,23.75,23.75,22.55,22.85,23.0,28.35,4.0,85100,1966695.0,,23.11,EQ
08-07-1999,22.3,23.0,22.0,22.1,22.15,28.35,4.0,44800,999125.0,,22.3,EQ
09-07-1999,22.2,22.2,21.25,21.7,21.5,28.35,4.0,63500,1374895.0,,21.65,EQ
12-07-1999,22.4,23.3,22.2,23.15,23.0,28.35,4.0,128700,2944990.0,,22.88,EQ
13-07-1999,23.35,24.25,21.5,22.4,22.3,28.35,4.0,136100,3112900.0,,22.87,EQ
14-07-1999,22.25,23.25,22.25,23.05,23.25,28.35,4.0,115400,2643945.0,,22.91,EQ
15-07-1999,23.0,23.25,21.3,21.7,21.55,28.35,4.0,72400,1602160.0,,22.13,EQ
16-07-1999,21.35,23.45,20.75,23.25,23.25,28.35,4.0,182500,4053840.0,,22.21,EQ
19-07-1999,23.65,25.15,23.25,25.0,25.15,28.35,4.0,343700,8510765.0,,24.76,EQ
20-07-1999,25.0,25.8,24.0,24.25,24.1,28.35,4.0,326600,8094205.0,,24.78,EQ
21-07-1999,24.9,26.2,24.35,26.2,26.2,28.35,4.0,324000,8341320.0,,25.74,EQ
22-07-1999,26.0,26.6,25.0,25.15,25.15,28.35,4.0,207800,5346745.0,,25.73,EQ
23-07-1999,24.65,25.5,24.15,24.45,24.5,28.35,4.0,95800,2357470.0,,24.61,EQ
26-07-1999,24.25,24.25,23.25,23.75,23.75,28.35,4.0,86200,2039125.0,,23.66,EQ
27-07-1999,23.5,23.9,22.5,22.9,22.55,28.35,4.0,203400,4718660.0,,23.2,EQ
28-07-1999,23.0,24.4,23.0,23.5,23.65,28.35,4.0,74600,1760305.0,,23.6,EQ
29-07-1999,23.05,23.95,23.0,23.45,23.4,28.35,4.0,68400,1602560.0,,23.43,EQ
30-07-1999,23.0,23.4,22.4,22.7,22.4,28.35,4.0,79400,1808615.0,,22.78,EQ
02-08-1999,22.3,22.5,21.6,21.95,21.8,28.35,4.0,53500,1179430.0,,22.05,EQ
03-08-1999,21.65,21.9,21.0,21.45,21.9,28.35,4.0,118700,2529505.0,,21.31,EQ
04-08-1999,21.95,22.55,21.5,22.45,22.3,28.35,4.0,193400,4301695.0,,22.24,EQ
05-08-1999,22.1,22.5,22.0,22.45,22.5,28.35,4.0,105800,2358480.0,,22.29,EQ
06-08-1999,22.25,22.6,22.05,22.4,22.4,28.35,4.0,65300,1461165.0,,22.38,EQ
09-08-1999,22.95,24.2,22.75,24.2,24.2,28.35,4.0,77300,1842475.0,,23.84,EQ
10-08-1999,25.9,26.15,24.3,26.15,26.15,28.35,4.0,227100,5845105.0,,25.74,EQ
11-08-1999,25.5,28.25,25.15,28.25,28.25,28.35,4.0,413400,11539905.0,,27.91,EQ
12-08-1999,29.5,29.5,27.1,27.35,27.5,28.35,4.0,272200,7607275.0,,27.95,EQ
13-08-1999,27.6,29.55,27.2,29.55,29.5,29.5,4.0,620300,17754235.0,,28.62,EQ
16-08-1999,30.0,31.95,30.0,31.95,31.95,29.55,4.0,655900,20852120.0,,31.79,EQ
17-08-1999,34.25,34.55,33.0,34.15,34.55,31.95,4.0,796900,27053875.0,,33.95,EQ
18-08-1999,36.7,36.9,34.55,36.15,36.0,34.55,4.0,735100,26716445.0,,36.34,EQ
19-08-1999,36.7,37.9,33.3,33.3,33.3,36.9,4.0,209500,7115580.0,,33.96,EQ
20-08-1999,31.55,34.5,30.8,34.15,34.5,37.9,4.0,241500,7907350.0,,32.74,EQ
23-08-1999,34.9,36.5,33.0,33.2,33.25,37.9,4.0,270500,9343740.0,,34.54,EQ
24-08-1999,33.5,33.75,31.25,32.15,32.6,37.9,4.0,324900,10413105.0,,32.05,EQ
25-08-1999,33.9,33.9,29.6,30.8,30.6,37.9,4.0,195600,6178340.0,,31.59,EQ
26-08-1999,31.75,31.9,30.0,30.75,30.85,37.9,4.0,99400,3066325.0,,30.85,EQ
27-08-1999,31.0,31.5,30.1,30.75,30.8,37.9,4.0,119200,3672405.0,,30.81,EQ
30-08-1999,31.0,31.85,30.3,30.5,30.3,37.9,4.0,177700,5496645.0,,30.93,EQ
31-08-1999,30.5,32.95,29.5,32.95,32.95,37.9,4.0,331600,10403755.0,,31.37,EQ
01-09-1999,35.0,35.6,32.5,33.6,33.5,37.9,4.0,435600,14990050.0,,34.41,EQ
02-09-1999,33.5,35.55,32.8,34.95,34.9,37.9,4.0,478500,16388045.0,,34.25,EQ
03-09-1999,34.5,35.25,33.2,33.6,33.7,37.9,4.0,177800,6070185.0,,34.14,EQ
06-09-1999,34.3,36.0,33.6,35.95,36.0,37.9,4.0,476800,16845125.0,,35.33,EQ
07-09-1999,36.0,38.85,34.55,38.2,38.35,37.9,4.0,831200,31027080.0,,37.33,EQ
08-09-1999,40.0,41.0,38.45,40.55,40.1,38.85,4.0,838300,33157085.0,,39.55,EQ
09-09-1999,40.8,40.8,37.55,37.9,37.75,41.0,4.0,242600,9436435.0,,38.9,EQ
10-09-1999,37.75,38.0,37.0,37.65,37.75,41.0,4.0,182100,6859695.0,,37.67,EQ
14-09-1999,38.0,38.5,36.5,36.9,37.5,41.0,4.0,376800,13940670.0,,37.0,EQ
15-09-1999,38.0,38.0,35.5,36.0,36.0,41.0,4.0,296700,10967895.0,,36.97,EQ
16-09-1999,36.0,36.0,34.1,34.7,34.7,41.0,4.0,97500,3402185.0,,34.89,EQ
17-09-1999,34.25,35.75,33.6,35.3,35.75,41.0,4.0,162100,5649720.0,,34.85,EQ
20-09-1999,36.25,37.0,35.1,36.65,36.5,41.0,4.0,269700,9833020.0,,36.46,EQ
21-09-1999,35.75,37.9,33.8,37.3,37.05,41.0,4.0,362600,12895445.0,,35.56,EQ
22-09-1999,40.3,40.3,38.6,40.05,40.0,41.0,4.0,697800,27943500.0,,40.05,EQ
23-09-1999,40.0,41.9,37.1,38.45,38.4,41.0,4.0,471100,18400135.0,,39.06,EQ
24-09-1999,39.4,41.0,38.1,40.25,40.2,41.9,4.0,807100,31773845.0,,39.37,EQ
27-09-1999,41.0,41.85,38.25,39.85,39.85,41.9,4.0,1317000,53449180.0,,40.58,EQ
28-09-1999,40.0,43.05,38.3,43.05,43.05,41.9,4.0,2534800,106424860.0,,41.99,EQ
29-09-1999,46.5,46.5,46.5,46.5,46.5,43.05,4.0,151800,7058700.0,,46.5,EQ
30-09-1999,48.8,49.9,44.0,44.35,44.2,46.5,4.0,1644700,75335830.0,,45.81,EQ
01-10-1999,44.45,45.8,43.15,45.15,45.2,49.9,4.0,310200,13858835.0,,44.68,EQ
04-10-1999,45.0,45.0,42.8,43.2,43.05,49.9,4.0,189900,8255975.0,,43.48,EQ
05-10-1999,42.25,45.45,42.25,45.2,45.05,49.9,4.0,290300,12870195.0,,44.33,EQ
06-10-1999,44.0,45.5,43.1,43.45,43.15,49.9,4.0,252600,11126600.0,,44.05,EQ
07-10-1999,44.45,45.5,43.85,45.25,45.45,49.9,4.0,365900,16367990.0,,44.73,EQ
08-10-1999,45.6,45.9,44.2,44.7,44.5,49.9,4.0,186800,8392710.0,,44.93,EQ
11-10-1999,45.55,45.55,42.65,43.4,43.75,49.9,4.0,213200,9320810.0,,43.72,EQ
12-10-1999,43.0,44.3,42.8,43.7,43.8,49.9,4.0,229800,9972115.0,,43.39,EQ
13-10-1999,41.15,43.0,41.0,42.35,42.4,49.9,4.0,173300,7320120.0,,42.24,EQ
14-10-1999,43.95,44.55,42.0,42.15,42.15,49.9,4.0,198000,8430870.0,,42.58,EQ
15-10-1999,42.0,42.5,41.15,41.5,41.6,49.9,4.0,119300,4978415.0,,41.73,EQ
18-10-1999,41.0,42.3,41.0,41.9,42.0,49.9,4.0,125600,5245045.0,,41.76,EQ
20-10-1999,42.4,43.9,39.0,43.2,43.45,49.9,4.25,454400,18833885.0,,41.45,EQ
21-10-1999,43.0,43.8,40.1,40.85,40.7,49.9,4.25,186300,7688930.0,,41.27,EQ
22-10-1999,40.1,40.75,39.05,40.1,40.3,49.9,4.25,155700,6241925.0,,40.09,EQ
23-10-1999,39.65,40.4,39.5,40.15,40.4,49.9,4.25,26600,1061330.0,,39.9,EQ
25-10-1999,40.0,40.9,37.5,37.95,37.75,49.9,4.25,303200,11749675.0,,38.75,EQ
26-10-1999,38.1,41.0,37.1,41.0,41.0,49.9,5.5,679000,27005805.0,,39.77,EQ
27-10-1999,43.0,43.9,38.1,39.75,39.6,49.9,5.5,387300,15824775.0,,40.86,EQ
28-10-1999,38.0,39.2,37.95,38.05,38.05,49.9,5.5,170500,6549960.0,,38.42,EQ
29-10-1999,37.5,38.2,35.05,35.05,35.05,49.9,5.5,393400,14116845.0,,35.88,EQ
01-11-1999,34.0,34.9,32.25,32.25,32.25,49.9,5.5,114300,3771765.0,,33.0,EQ
02-11-1999,30.35,34.85,30.15,34.85,34.85,49.9,5.5,340400,11238525.0,,33.02,EQ
03-11-1999,37.6,37.6,33.5,34.1,33.75,49.9,5.5,144600,4948130.0,,34.22,EQ
04-11-1999,34.0,34.4,33.65,33.8,34.0,49.9,5.5,49800,1692635.0,,33.99,EQ
05-11-1999,34.0,34.35,33.4,33.85,34.0,49.9,5.5,60800,2055100.0,,33.8,EQ
07-11-1999,34.5,34.5,33.2,34.05,34.0,49.9,5.5,31200,1059690.0,,33.96,EQ
09-11-1999,34.0,36.8,33.4,36.8,36.8,49.9,5.5,183800,6380830.0,,34.72,EQ
10-11-1999,36.8,39.6,36.2,38.7,38.5,49.9,6.0,342200,13093990.0,,38.26,EQ
11-11-1999,38.75,39.5,37.0,37.65,37.0,49.9,6.0,102000,3866555.0,,37.91,EQ
12-11-1999,36.75,37.6,36.6,37.3,37.5,49.9,6.0,150200,5582990.0,,37.17,EQ
15-11-1999,37.5,40.3,37.35,39.55,39.85,49.9,6.0,319900,12575870.0,,39.31,EQ
16-11-1999,38.5,41.25,38.25,38.9,39.5,49.9,6.5,304600,12036930.0,,39.52,EQ
17-11-1999,39.4,41.9,39.05,39.8,39.8,49.9,6.5,420500,17012710.0,,40.46,EQ
18-11-1999,41.4,41.4,36.65,37.8,37.75,49.9,6.5,175900,6758635.0,,38.42,EQ
19-11-1999,38.9,40.5,36.9,37.2,37.25,49.9,6.5,234700,9057480.0,,38.59,EQ
22-11-1999,38.9,40.0,36.05,36.45,36.45,49.9,6.5,455900,17060290.0,,37.42,EQ
24-11-1999,38.0,38.0,36.6,36.9,36.75,49.9,6.75,181400,6781950.0,,37.39,EQ
25-11-1999,36.55,36.75,36.0,36.25,36.1,49.9,6.75,71200,2583115.0,,36.28,EQ
26-11-1999,36.1,36.45,35.25,35.95,35.9,49.9,6.75,69200,2481175.0,,35.86,EQ
29-11-1999,35.4,35.45,34.15,34.25,34.4,49.9,6.75,119500,4151735.0,,34.74,EQ
30-11-1999,34.0,35.45,33.5,34.35,34.0,49.9,6.75,187500,6419780.0,,34.24,EQ
01-12-1999,34.5,34.9,34.0,34.15,34.05,49.9,6.75,117900,4041015.0,,34.27,EQ
02-12-1999,33.3,35.35,33.3,34.35,34.2,49.9,6.75,121000,4158290.0,,34.37,EQ
03-12-1999,35.0,35.75,33.4,34.05,34.0,49.9,6.75,73100,2490140.0,,34.06,EQ
06-12-1999,33.0,34.0,32.1,32.7,32.6,49.9,6.75,78500,2587830.0,,32.97,EQ
07-12-1999,32.9,33.25,31.75,32.15,32.05,49.9,6.75,138700,4484055.0,,32.33,EQ
08-12-1999,33.25,33.5,31.75,32.15,32.0,49.9,6.75,147400,4800160.0,,32.57,EQ
09-12-1999,31.7,32.0,30.15,30.95,31.2,49.9,6.75,58300,1826440.0,,31.33,EQ
10-12-1999,31.1,31.35,30.0,30.45,30.6,49.9,6.75,64900,1982830.0,,30.55,EQ
13-12-1999,30.0,30.5,29.5,29.65,29.85,49.9,6.75,59300,1771100.0,,29.87,EQ
14-12-1999,29.25,30.0,27.65,27.9,27.9,49.9,6.75,106200,3007180.0,,28.32,EQ
15-12-1999,29.0,30.0,28.35,28.95,28.85,49.9,6.75,69300,2037935.0,,29.41,EQ
16-12-1999,28.85,31.3,28.5,31.15,31.25,49.9,6.75,469300,14440825.0,,30.77,EQ
17-12-1999,32.5,33.65,31.5,32.95,33.2,49.9,6.75,485900,15913640.0,,32.75,EQ
20-12-1999,33.3,33.95,32.55,33.45,33.5,49.9,6.75,264700,8780640.0,,33.17,EQ
21-12-1999,33.55,33.55,32.0,32.55,32.6,49.9,6.75,241200,7856355.0,,32.57,EQ
22-12-1999,34.05,35.15,34.05,35.15,35.15,49.9,6.75,39300,1375580.0,,35.0,EQ
23-12-1999,37.0,38.0,37.0,37.95,37.9,49.9,6.75,322600,12234975.0,,37.93,EQ
24-12-1999,39.9,39.9,35.0,35.75,35.7,49.9,6.75,185800,6707485.0,,36.1,EQ
27-12-1999,33.05,34.3,33.05,33.35,33.25,49.9,6.75,117500,3968390.0,,33.77,EQ
28-12-1999,33.0,34.0,32.35,33.55,33.65,49.9,6.75,136700,4592020.0,,33.59,EQ
29-12-1999,35.5,35.5,33.5,34.1,34.2,49.9,6.75,68800,2337340.0,,33.97,EQ
30-12-1999,34.2,34.5,33.3,33.55,33.9,49.9,6.75,64900,2187695.0,,33.71,EQ
03-01-2000,35.4,35.9,33.85,34.25,33.85,49.9,6.75,207000,7151600.0,,34.55,EQ
04-01-2000,34.0,35.5,33.05,33.85,34.5,49.9,6.75,234400,7985855.0,,34.07,EQ
05-01-2000,35.0,35.35,32.2,32.5,32.9,49.9,6.75,102100,3384100.0,,33.14,EQ
06-01-2000,32.25,33.6,32.0,32.55,32.5,49.9,6.75,120800,3958900.0,,32.77,EQ
07-01-2000,32.0,32.5,30.0,30.25,30.4,49.9,6.75,82500,2556420.0,,30.99,EQ
10-01-2000,31.9,32.7,31.8,32.7,32.7,49.9,6.75,127600,4141955.0,,32.46,EQ
11-01-2000,33.0,33.75,30.15,30.65,31.95,49.9,6.75,207100,6487490.0,,31.33,EQ
12-01-2000,32.0,32.65,31.45,31.9,32.1,49.9,6.75,56200,1800355.0,,32.03,EQ
13-01-2000,32.1,32.6,30.8,31.25,31.0,49.9,6.75,43200,1358610.0,,31.45,EQ
14-01-2000,31.25,31.4,30.05,30.95,30.75,49.9,6.75,79300,2430290.0,,30.65,EQ
17-01-2000,30.3,30.9,29.5,29.7,29.6,49.9,6.75,62100,1861920.0,,29.98,EQ
18-01-2000,29.55,29.9,29.0,29.1,29.3,49.9,7.0,100300,2939110.0,,29.3,EQ
19-01-2000,29.8,30.7,29.7,30.0,30.0,49.9,7.0,84000,2529490.0,,30.11,EQ
20-01-2000,29.95,30.25,29.6,29.95,30.05,49.9,7.0,77100,2304955.0,,29.9,EQ
21-01-2000,30.15,31.85,29.85,31.5,31.4,49.9,7.0,129900,3962555.0,,30.5,EQ
24-01-2000,32.0,32.0,29.75,29.85,29.75,49.9,7.0,94200,2899500.0,,30.78,EQ
25-01-2000,29.95,29.95,28.85,29.2,29.6,49.9,7.05,136000,3985115.0,,29.3,EQ
27-01-2000,31.5,31.5,29.25,29.95,30.0,49.9,7.05,87600,2641325.0,,30.15,EQ
28-01-2000,29.25,30.75,28.9,30.1,30.75,49.9,7.05,57900,1710900.0,,29.55,EQ
31-01-2000,29.15,30.0,28.3,28.9,29.0,49.9,7.05,76500,2255260.0,,29.48,EQ
01-02-2000,28.85,29.5,28.65,29.1,29.3,49.9,7.15,101200,2948105.0,,29.13,EQ
02-02-2000,30.5,30.5,28.8,29.1,29.2,49.9,7.15,143400,4244805.0,,29.6,EQ
03-02-2000,29.5,29.7,28.8,29.15,29.05,49.9,7.15,71900,2099925.0,,29.21,EQ
04-02-2000,28.9,29.15,28.5,28.75,28.95,49.9,7.15,65500,1887155.0,,28.81,EQ
07-02-2000,29.5,29.8,28.0,28.3,28.1,49.9,7.15,79000,2234250.0,,28.28,EQ
08-02-2000,29.7,29.7,27.25,27.5,27.35,49.9,7.2,119500,3316165.0,,27.75,EQ
09-02-2000,28.5,29.0,27.5,27.65,27.5,49.9,7.2,105100,2970255.0,,28.26,EQ
10-02-2000,27.05,27.4,26.4,26.95,27.0,49.9,7.2,62700,1691570.0,,26.98,EQ
11-02-2000,26.5,27.15,26.1,26.45,26.3,49.9,7.2,48900,1300125.0,,26.59,EQ
14-02-2000,26.5,28.6,26.3,28.3,28.6,49.9,7.2,122300,3353385.0,,27.42,EQ
15-02-2000,28.75,30.6,28.5,30.6,30.6,49.9,8.25,208600,6274685.0,,30.08,EQ
16-02-2000,33.05,33.05,31.5,33.05,33.05,49.9,8.25,159100,5234710.0,,32.9,EQ
17-02-2000,35.6,35.7,31.25,32.25,32.45,49.9,8.25,414100,13692075.0,,33.06,EQ
18-02-2000,31.65,32.05,30.6,31.2,31.15,49.9,8.25,261800,8194740.0,,31.3,EQ
21-02-2000,32.05,33.0,28.75,29.1,28.8,49.9,8.25,219500,6594965.0,,30.05,EQ
22-02-2000,28.55,29.0,27.4,27.7,27.5,49.9,8.25,190500,5317545.0,,27.91,EQ
23-02-2000,28.4,28.8,26.25,27.1,27.25,49.9,8.25,85100,2292345.0,,26.94,EQ
24-02-2000,27.7,27.75,26.5,26.9,27.2,49.9,8.25,35600,958895.0,,26.94,EQ
25-02-2000,25.85,27.2,25.7,26.5,27.2,49.9,8.25,32400,852550.0,,26.31,EQ
28-02-2000,26.55,26.95,25.6,26.6,26.6,49.9,8.25,69300,1822595.0,,26.3,EQ
29-02-2000,26.25,27.75,26.05,26.3,26.05,49.9,8.3,98100,2636885.0,,26.88,EQ
01-03-2000,28.0,28.4,26.75,27.3,27.0,49.9,8.3,177700,4914305.0,,27.66,EQ
02-03-2000,27.8,29.5,27.0,27.15,27.35,49.9,8.3,128500,3577965.0,,27.84,EQ
03-03-2000,26.9,26.9,25.0,25.9,26.3,49.9,8.3,52100,1330405.0,,25.54,EQ
06-03-2000,26.55,27.25,25.3,26.8,26.95,49.9,8.3,111900,2994435.0,,26.76,EQ
07-03-2000,27.45,27.5,24.7,24.8,24.7,49.9,8.3,249400,6235205.0,,25.0,EQ
08-03-2000,25.95,26.8,25.0,26.25,26.25,49.9,8.3,97500,2534705.0,,26.0,EQ
09-03-2000,26.0,26.0,24.3,25.1,25.35,49.9,8.3,50900,1282040.0,,25.19,EQ
10-03-2000,25.65,25.65,24.1,24.4,24.25,49.9,8.3,38300,943090.0,,24.62,EQ
13-03-2000,23.6,25.6,22.45,22.45,22.45,49.9,8.3,34400,799240.0,,23.23,EQ
14-03-2000,22.0,22.95,21.0,21.35,21.65,49.9,9.0,130500,2795660.0,,21.42,EQ
15-03-2000,22.0,23.1,22.0,23.1,23.1,49.9,9.0,33500,768510.0,,22.94,EQ
16-03-2000,24.9,24.95,23.0,24.15,24.15,49.9,9.0,101600,2421290.0,,23.83,EQ
21-03-2000,24.5,24.9,22.25,22.65,23.2,49.9,9.0,123800,2830825.0,,22.87,EQ
22-03-2000,23.5,23.95,22.75,23.05,23.25,49.9,11.3,43300,1008730.0,,23.3,EQ
23-03-2000,23.45,23.45,22.15,23.0,22.95,49.9,11.3,31200,713110.0,,22.86,EQ
24-03-2000,22.5,23.05,22.05,22.75,22.8,49.9,11.3,46900,1055640.0,,22.51,EQ
27-03-2000,22.75,23.8,22.75,23.65,23.55,49.9,11.3,90800,2116945.0,,23.31,EQ
28-03-2000,23.8,25.5,22.6,25.2,25.5,49.9,11.3,201000,4943785.0,,24.6,EQ
29-03-2000,25.6,25.6,25.6,25.6,25.6,49.9,11.3,1500,38400.0,,25.6,EQ
30-03-2000,27.65,27.65,26.15,27.35,27.5,49.9,11.3,187100,5082330.0,,27.16,EQ
31-03-2000,27.45,28.0,26.5,27.75,27.6,49.9,11.3,80500,2178270.0,,27.06,EQ
03-04-2000,28.0,29.0,27.3,27.35,27.4,49.9,11.3,51100,1421835.0,,27.82,EQ
04-04-2000,27.1,27.1,25.2,25.3,25.4,49.9,12.5,126800,3277370.0,,25.85,EQ
05-04-2000,26.0,26.0,25.0,25.5,25.85,49.9,12.5,30100,774480.0,,25.73,EQ
06-04-2000,25.5,26.1,25.1,25.55,25.75,49.9,12.5,28700,732635.0,,25.53,EQ
07-04-2000,26.5,27.0,25.8,26.65,26.6,49.9,12.5,47600,1266710.0,,26.61,EQ
10-04-2000,27.0,27.5,26.6,26.75,26.75,49.9,12.5,31800,854035.0,,26.86,EQ
11-04-2000,26.5,26.8,26.05,26.5,26.6,49.9,13.25,29600,782005.0,,26.42,EQ
12-04-2000,26.3,27.0,26.15,26.15,26.15,49.9,13.25,28000,745485.0,,26.62,EQ
13-04-2000,25.65,26.2,25.65,25.85,26.2,49.9,13.25,23300,604510.0,,25.94,EQ
17-04-2000,25.5,25.5,24.0,24.9,24.95,49.9,13.25,31600,790145.0,,25.0,EQ
18-04-2000,26.5,26.5,25.2,25.35,25.45,49.9,14.7,19400,493340.0,,25.43,EQ
19-04-2000,24.85,25.35,24.7,25.05,25.0,49.9,14.7,21000,523750.0,,24.94,EQ
20-04-2000,24.95,24.95,24.0,24.3,24.5,49.9,14.7,37700,912395.0,,24.2,EQ
24-04-2000,23.95,23.95,22.55,22.75,22.55,49.9,14.7,26000,594760.0,,22.88,EQ
25-04-2000,21.3,22.0,21.0,21.7,21.95,49.9,14.7,37300,797015.0,,21.37,EQ
26-04-2000,22.1,23.0,21.9,22.15,22.05,49.9,14.7,43800,973955.0,,22.24,EQ
27-04-2000,22.15,22.25,20.4,20.6,20.6,49.9,14.7,40200,840730.0,,20.91,EQ
28-04-2000,20.6,20.6,19.7,20.2,20.2,49.9,14.7,59500,1192910.0,,20.05,EQ
02-05-2000,21.0,21.0,18.6,18.6,18.6,49.9,14.7,84400,1602775.0,,18.99,EQ
03-05-2000,18.5,18.7,17.5,17.7,18.0,49.9,16.55,120900,2175220.0,,17.99,EQ
04-05-2000,18.7,18.9,18.25,18.45,18.45,49.9,16.55,36750,681601.25,,18.55,EQ
05-05-2000,18.85,20.1,18.85,19.8,19.85,49.9,16.55,40925,799745.05,,19.54,EQ
08-05-2000,20.5,20.5,18.8,18.95,18.8,49.9,16.55,29591,568316.3,,19.21,EQ
09-05-2000,18.2,18.95,18.1,18.65,18.45,49.9,17.5,35258,649175.0,,18.41,EQ
10-05-2000,18.7,19.8,18.7,18.9,18.85,49.9,17.5,21550,412077.5,,19.12,EQ
11-05-2000,19.0,19.55,18.55,19.3,19.4,49.9,17.5,15127,290663.25,,19.21,EQ
12-05-2000,19.85,19.85,18.55,19.05,18.6,49.9,17.5,22880,441866.1,,19.31,EQ
15-05-2000,18.35,22.75,18.25,21.25,21.1,49.9,17.5,34325,693757.8,,20.21,EQ
16-05-2000,21.0,21.45,20.3,20.65,21.45,49.9,17.5,29701,613461.0,,20.65,EQ
17-05-2000,20.8,22.3,20.8,21.55,21.4,49.9,17.5,36752,801970.75,,21.82,EQ
18-05-2000,21.85,22.15,21.6,21.7,21.7,49.9,17.5,11920,261265.5,,21.92,EQ
19-05-2000,22.3,22.75,22.0,22.2,22.15,49.9,17.5,10182,227244.0,,22.32,EQ
22-05-2000,21.85,22.5,21.55,21.7,21.55,49.9,17.5,20822,458556.15,,22.02,EQ
23-05-2000,21.15,21.9,20.5,21.25,21.9,49.9,17.5,43490,912002.45,,20.97,EQ
24-05-2000,19.55,19.55,19.55,19.55,19.55,49.9,17.5,6398,125080.9,,19.55,EQ
25-05-2000,17.25,19.0,16.8,17.55,17.3,49.9,17.5,62011,1097910.45,,17.71,EQ
26-05-2000,17.7,18.0,17.25,17.95,18.0,49.9,16.8,23531,416836.05,,17.71,EQ
29-05-2000,18.9,19.0,17.5,17.8,17.6,49.9,16.8,37100,668776.25,,18.03,EQ
30-05-2000,18.75,18.75,17.0,17.2,17.9,49.9,16.8,46893,827075.65,,17.64,EQ
31-05-2000,21.45,21.5,18.0,18.9,18.9,49.9,16.8,36425,686078.0,,18.84,EQ
01-06-2000,18.35,19.45,18.35,18.8,18.8,49.9,16.8,17902,340380.75,,19.01,EQ
02-06-2000,19.0,19.35,18.55,19.3,19.3,49.9,16.8,12379,234743.5,,18.96,EQ
05-06-2000,20.0,20.5,18.5,18.6,18.5,49.9,16.8,34457,668097.05,,19.39,EQ
06-06-2000,18.5,19.2,18.5,18.95,19.0,49.9,16.8,16893,318579.0,,18.86,EQ
07-06-2000,19.4,19.4,18.4,18.45,18.5,49.9,16.8,14456,268442.9,,18.57,EQ
08-06-2000,18.5,19.0,18.35,18.5,18.5,49.9,16.8,26334,491595.1,,18.67,EQ
09-06-2000,18.75,19.0,18.3,18.8,18.8,49.9,16.8,15595,291699.3,,18.7,EQ
12-06-2000,18.25,19.0,18.1,18.9,18.9,49.9,16.8,11293,212266.8,,18.8,EQ
13-06-2000,18.6,19.45,18.5,19.25,19.25,49.9,16.8,15837,299791.9,,18.93,EQ
14-06-2000,19.5,20.0,18.9,19.25,19.2,49.9,16.8,16155,313270.2,,19.39,EQ
15-06-2000,19.25,19.5,19.0,19.1,19.1,49.9,16.8,9875,191121.25,,19.35,EQ
16-06-2000,19.75,19.8,19.2,19.4,19.45,49.9,16.8,10264,198591.3,,19.35,EQ
19-06-2000,19.2,19.5,19.0,19.1,19.25,49.9,16.8,16431,316202.75,,19.24,EQ
20-06-2000,19.7,19.7,18.8,19.05,18.8,49.9,16.8,29177,557226.0,,19.1,EQ
21-06-2000,19.35,19.7,19.0,19.45,19.5,49.9,16.8,14274,276782.2,,19.39,EQ
22-06-2000,19.25,19.55,19.05,19.35,19.35,49.9,16.8,10170,196392.75,,19.31,EQ
23-06-2000,19.2,19.3,19.0,19.0,19.0,49.9,16.8,7192,137209.1,,19.08,EQ
26-06-2000,18.75,19.0,18.0,18.3,18.45,49.9,16.8,14623,267552.45,,18.3,EQ
27-06-2000,19.0,19.1,17.85,18.05,17.9,49.9,16.8,29891,539267.65,,18.04,EQ
28-06-2000,18.2,18.2,17.85,18.2,18.2,49.9,16.8,6650,119890.0,,18.03,EQ
29-06-2000,18.25,18.4,17.9,18.0,18.0,49.9,16.8,13551,244401.7,,18.04,EQ
30-06-2000,17.8,18.25,17.8,18.2,18.2,49.9,16.8,8176,147909.55,,18.09,EQ
03-07-2000,17.8,18.5,17.75,17.75,17.75,49.9,16.8,11424,205768.6,,18.01,EQ
04-07-2000,17.7,18.0,17.3,17.85,17.95,49.9,16.8,15534,274005.2,,17.64,EQ
05-07-2000,17.25,18.0,17.0,18.0,18.0,49.9,16.8,14564,258624.45,,17.76,EQ
06-07-2000,17.75,18.05,17.5,18.0,17.9,49.9,16.8,6265,112429.5,,17.95,EQ
07-07-2000,18.0,18.2,17.6,17.75,17.75,49.9,16.8,9095,162784.85,,17.9,EQ
10-07-2000,18.0,18.0,17.35,17.5,17.5,49.9,16.8,5411,95215.4,,17.6,EQ
11-07-2000,17.5,18.0,17.5,17.55,17.75,49.9,16.8,17763,312336.05,,17.58,EQ
12-07-2000,17.9,17.9,17.25,17.5,17.5,49.9,16.8,14968,262697.2,,17.55,EQ
13-07-2000,17.45,17.75,17.4,17.75,17.75,49.9,16.8,8296,145538.9,,17.54,EQ
14-07-2000,17.3,17.5,17.0,17.2,17.25,49.9,16.8,24608,421470.85,,17.13,EQ
17-07-2000,17.0,17.25,16.7,16.7,16.7,49.9,16.8,17134,288515.8,,16.84,EQ
18-07-2000,16.6,16.75,15.55,15.85,15.55,49.9,16.7,35575,574238.9,,16.14,EQ
19-07-2000,16.2,16.45,15.2,15.45,15.5,49.9,15.55,36149,568232.45,,15.72,EQ
20-07-2000,15.7,15.8,15.3,15.5,15.5,49.9,15.2,17766,276531.3,,15.57,EQ
21-07-2000,15.3,15.8,15.3,15.6,15.6,49.9,15.2,10065,157410.9,,15.64,EQ
24-07-2000,15.5,15.6,15.05,15.2,15.3,49.9,15.2,10686,162581.35,,15.21,EQ
25-07-2000,15.25,15.25,14.6,15.0,14.75,49.9,15.05,24976,371546.85,,14.88,EQ
26-07-2000,15.0,15.25,14.75,14.8,15.0,49.9,14.6,16901,254814.75,,15.08,EQ
27-07-2000,15.25,15.25,14.85,15.15,14.9,49.9,14.6,8742,131403.7,,15.03,EQ
28-07-2000,15.95,16.45,14.1,15.0,15.0,49.9,14.6,15710,231116.05,,14.71,EQ
31-07-2000,14.7,15.25,14.7,14.95,15.0,49.9,14.1,4266,63951.15,,14.99,EQ
01-08-2000,14.5,14.95,14.5,14.7,14.6,49.9,14.1,11542,170439.7,,14.77,EQ
02-08-2000,14.8,15.2,14.7,14.95,15.0,49.9,14.1,158725,2342998.8,,14.76,EQ
03-08-2000,14.8,15.25,14.5,14.95,14.85,49.9,14.1,8580,127696.9,,14.88,EQ
04-08-2000,15.0,15.0,14.3,14.65,14.65,49.9,14.1,8115,118700.0,,14.63,EQ
07-08-2000,14.45,14.95,14.0,14.7,14.95,49.9,14.1,13741,196764.85,,14.32,EQ
08-08-2000,14.9,15.0,14.05,14.65,15.0,49.9,14.0,19497,282864.55,,14.51,EQ
09-08-2000,14.8,15.4,14.5,15.2,15.4,49.9,14.0,9616,144719.75,,15.05,EQ
10-08-2000,15.45,15.5,15.0,15.35,15.5,49.9,14.0,5499,83892.3,,15.26,EQ
11-08-2000,14.45,15.2,14.45,15.1,15.2,49.9,14.0,7357,109820.55,,14.93,EQ
14-08-2000,15.0,15.5,14.7,15.0,15.5,49.9,14.0,13159,196898.2,,14.96,EQ
16-08-2000,15.0,15.5,15.0,15.35,15.5,49.9,14.0,7140,108959.0,,15.26,EQ
17-08-2000,15.15,15.4,15.05,15.1,15.05,49.9,14.0,3137,47557.65,,15.16,EQ
18-08-2000,15.05,15.35,14.75,15.25,15.3,49.9,14.0,13762,207031.45,,15.04,EQ
21-08-2000,14.85,15.5,14.5,15.3,15.4,49.9,14.0,10255,153788.0,,15.0,EQ
22-08-2000,14.85,15.35,14.65,14.85,14.85,49.9,14.0,10879,162924.35,,14.98,EQ
23-08-2000,15.05,15.6,14.7,14.8,14.8,49.9,14.0,15995,238255.25,,14.9,EQ
24-08-2000,14.55,15.0,14.4,14.7,14.8,49.9,14.0,13097,192713.8,,14.71,EQ
25-08-2000,14.55,15.3,14.55,14.9,14.9,49.9,14.0,9381,141014.25,,15.03,EQ
28-08-2000,15.2,15.2,14.0,14.7,14.7,49.9,14.0,9713,142264.75,,14.65,EQ
29-08-2000,14.9,14.9,14.25,14.65,14.65,49.9,14.0,12325,180660.25,,14.66,EQ
30-08-2000,14.6,15.25,14.4,14.4,14.4,49.9,14.0,21232,309584.0,,14.58,EQ
31-08-2000,14.5,14.8,14.4,14.8,14.8,49.9,14.0,5554,80850.1,,14.56,EQ
04-09-2000,14.05,14.85,13.9,14.0,14.0,49.9,14.0,32841,465842.95,,14.18,EQ
05-09-2000,14.3,14.6,14.15,14.4,14.25,49.9,13.9,22864,330319.1,,14.45,EQ
06-09-2000,14.95,15.2,14.3,14.9,14.9,49.9,13.9,23226,341724.85,,14.71,EQ
07-09-2000,14.2,15.05,14.2,15.0,15.05,49.9,13.9,25212,373966.45,,14.83,EQ
08-09-2000,15.0,15.3,14.6,15.1,15.15,49.9,13.9,19939,300552.95,,15.07,EQ
11-09-2000,14.7,16.0,14.55,14.9,15.0,49.9,13.9,64582,989878.0,,15.33,EQ
12-09-2000,15.0,15.0,14.05,14.65,14.7,49.9,13.9,60655,874323.6,,14.41,EQ
13-09-2000,14.5,14.9,14.25,14.6,14.6,49.9,13.9,19135,280222.2,,14.64,EQ
14-09-2000,14.7,14.9,13.25,14.05,14.25,49.9,13.9,127050,1750092.3,,13.77,EQ
15-09-2000,14.15,14.15,12.6,13.1,13.0,49.9,13.25,238045,3086902.4,,12.97,EQ
18-09-2000,12.95,13.25,12.6,12.85,12.9,49.9,12.6,18326,236646.7,,12.91,EQ
19-09-2000,12.6,13.05,12.55,12.6,12.6,49.9,12.6,50135,642159.7,,12.81,EQ
20-09-2000,13.2,13.2,12.85,13.1,13.2,49.9,12.55,16801,218143.15,,12.98,EQ
21-09-2000,13.3,13.45,12.7,12.85,13.0,49.9,12.55,12664,166145.5,,13.12,EQ
22-09-2000,12.7,13.25,12.7,13.1,13.0,49.9,12.55,8315,107992.25,,12.99,EQ
25-09-2000,12.55,13.25,12.55,12.95,13.0,49.9,12.55,5911,76449.0,,12.93,EQ
26-09-2000,13.0,13.05,12.5,12.55,12.55,49.9,12.55,21205,268422.5,,12.66,EQ
27-09-2000,12.95,13.0,12.6,12.65,12.8,49.9,12.5,4665,59556.0,,12.77,EQ
28-09-2000,13.0,13.0,12.35,12.5,12.5,49.9,12.5,8128,102322.0,,12.59,EQ
29-09-2000,12.25,12.9,12.25,12.8,12.8,49.9,12.35,9686,121505.25,,12.54,EQ
03-10-2000,12.8,12.85,12.4,12.7,12.85,49.9,12.25,15021,189379.8,,12.61,EQ
04-10-2000,13.25,13.35,12.8,13.1,13.2,45.9,12.25,22613,294110.0,,13.01,EQ
05-10-2000,12.95,13.2,12.95,13.05,12.95,45.9,12.25,7161,93259.4,,13.02,EQ
06-10-2000,12.65,12.95,12.5,12.8,12.8,45.9,12.25,4397,55772.4,,12.68,EQ
09-10-2000,12.7,12.95,12.0,12.2,12.2,45.9,12.25,20077,245415.0,,12.22,EQ
10-10-2000,12.5,12.6,11.8,11.85,12.0,45.55,12.0,24183,291977.25,,12.07,EQ
11-10-2000,11.7,12.9,11.7,12.6,12.55,45.55,11.8,13874,171706.4,,12.38,EQ
12-10-2000,12.6,12.95,12.25,12.6,12.7,45.55,11.7,17026,214580.45,,12.6,EQ
13-10-2000,12.5,13.0,12.15,13.0,12.7,45.55,11.7,16975,212010.5,,12.49,EQ
16-10-2000,13.7,13.75,12.7,13.35,13.25,45.55,11.7,19778,261948.7,,13.24,EQ
17-10-2000,13.0,13.1,12.5,12.65,12.75,43.9,11.7,33378,424016.8,,12.7,EQ
18-10-2000,13.0,13.0,12.5,12.75,12.7,43.9,11.7,11774,149183.55,,12.67,EQ
19-10-2000,12.55,12.95,12.4,12.85,12.9,43.9,11.7,9886,125123.15,,12.66,EQ
20-10-2000,13.05,14.4,13.05,14.15,14.15,43.9,11.7,87972,1198863.95,,13.63,EQ
23-10-2000,14.7,14.7,13.5,14.2,14.35,43.9,11.7,23986,342208.4,,14.27,EQ
24-10-2000,13.75,14.5,13.65,14.2,14.5,43.9,11.7,40320,570936.9,,14.16,EQ
25-10-2000,15.35,16.0,14.15,15.6,15.65,43.9,11.7,50670,765420.15,,15.11,EQ
26-10-2000,15.5,16.3,14.9,15.8,15.95,43.9,11.7,25039,392510.95,,15.68,EQ
27-10-2000,15.95,15.95,15.5,15.7,15.8,43.9,11.7,26122,409319.65,,15.67,EQ
30-10-2000,15.65,16.0,15.45,15.55,15.5,43.9,11.7,23875,374340.4,,15.68,EQ
31-10-2000,15.4,15.7,15.3,15.45,15.4,41.9,11.7,24775,383203.9,,15.47,EQ
01-11-2000,16.0,16.3,15.3,15.6,15.55,41.9,11.7,28607,445214.6,,15.56,EQ
02-11-2000,15.35,15.5,15.0,15.1,15.25,41.9,11.7,30359,462856.5,,15.25,EQ
03-11-2000,15.3,15.65,15.05,15.45,15.5,41.9,11.7,19480,300199.55,,15.41,EQ
06-11-2000,15.7,16.25,15.5,15.8,15.8,41.9,11.7,37040,588258.45,,15.88,EQ
07-11-2000,16.15,16.65,16.0,16.4,16.6,41.9,11.7,62516,1016596.4,,16.26,EQ
08-11-2000,17.1,17.1,16.25,16.45,16.5,41.9,11.7,69822,1155546.7,,16.55,EQ
09-11-2000,16.7,16.7,16.0,16.2,16.4,41.9,11.7,33491,539936.3,,16.12,EQ
10-11-2000,16.45,16.8,16.05,16.35,16.35,41.9,11.7,67149,1108699.3,,16.51,EQ
13-11-2000,16.15,17.4,15.65,17.2,17.3,41.9,11.7,66802,1110994.7,,16.63,EQ
14-11-2000,17.6,18.25,16.55,17.75,18.0,41.9,11.7,67974,1181449.9,,17.38,EQ
15-11-2000,19.5,19.7,18.1,19.5,19.7,41.9,11.7,113199,2144408.45,,18.94,EQ
16-11-2000,19.75,19.75,18.5,19.2,19.45,41.9,11.7,48875,937375.8,,19.18,EQ
17-11-2000,19.35,22.0,19.35,21.8,21.85,41.9,11.7,143871,2987107.85,,20.76,EQ
20-11-2000,22.0,23.55,20.25,23.55,23.55,41.9,11.7,159769,3646741.4,,22.83,EQ
21-11-2000,24.0,25.45,23.3,24.75,24.8,40.0,11.7,234107,5772776.05,,24.66,EQ
22-11-2000,26.45,26.45,23.0,23.3,23.25,40.0,11.7,170402,4126005.25,,24.21,EQ
23-11-2000,23.1,23.1,21.6,22.4,22.95,40.0,11.7,165924,3674159.35,,22.14,EQ
24-11-2000,21.85,23.25,21.75,22.05,22.9,40.0,11.7,191860,4304895.2,,22.44,EQ
27-11-2000,22.75,23.7,22.0,23.35,23.5,40.0,11.7,155915,3567990.75,,22.88,EQ
28-11-2000,23.8,25.25,23.6,24.4,24.5,39.9,11.7,376358,9283907.3,,24.67,EQ
29-11-2000,25.75,26.35,24.7,26.35,26.35,39.9,11.7,450548,11629281.75,,25.81,EQ
30-11-2000,28.45,28.45,26.0,26.15,26.2,39.9,11.7,374344,10148628.65,,27.11,EQ
01-12-2000,26.0,26.25,25.1,25.35,25.6,39.9,11.7,157395,4025177.8,,25.57,EQ
04-12-2000,26.1,26.2,24.65,24.8,24.65,39.9,11.7,90672,2287273.6,,25.23,EQ
05-12-2000,24.65,24.75,23.25,23.45,23.8,39.9,11.7,208446,4932367.75,,23.66,EQ
06-12-2000,24.95,24.95,23.1,23.55,23.5,39.9,11.7,78102,1859373.45,,23.81,EQ
07-12-2000,23.4,23.65,23.1,23.45,23.4,39.9,11.7,72861,1696836.0,,23.29,EQ
08-12-2000,23.9,24.4,23.3,23.8,23.9,39.9,11.7,81440,1933567.65,,23.74,EQ
11-12-2000,24.0,24.6,23.9,24.25,24.25,39.9,11.7,65873,1601722.9,,24.32,EQ
12-12-2000,23.4,24.4,23.4,23.8,24.05,39.9,11.7,66236,1583972.35,,23.91,EQ
13-12-2000,24.4,24.4,23.55,23.8,23.8,39.9,11.7,56269,1345670.05,,23.91,EQ
14-12-2000,23.95,24.0,23.5,23.5,23.5,39.9,11.7,47988,1136434.75,,23.68,EQ
15-12-2000,23.5,23.5,22.7,22.85,22.9,39.9,11.7,53281,1233254.4,,23.15,EQ
18-12-2000,21.35,23.25,21.35,23.0,23.0,39.9,11.7,55727,1265728.55,,22.71,EQ
19-12-2000,23.2,23.25,22.15,22.2,22.2,39.9,11.7,55454,1248280.5,,22.51,EQ
20-12-2000,22.2,22.7,21.95,21.95,21.95,39.9,11.7,53975,1198828.05,,22.21,EQ
21-12-2000,21.35,21.7,21.1,21.4,21.25,39.9,11.7,19748,422714.3,,21.41,EQ
22-12-2000,21.25,21.4,19.8,20.85,21.0,39.9,11.7,68475,1396836.8,,20.4,EQ
26-12-2000,20.7,21.25,19.3,19.75,19.9,39.9,11.7,76490,1536185.05,,20.08,EQ
27-12-2000,19.75,22.5,19.7,22.15,22.5,35.9,11.7,58602,1257679.0,,21.46,EQ
28-12-2000,22.5,23.95,21.8,22.9,23.15,35.9,11.7,53545,1245230.4,,23.26,EQ
29-12-2000,22.65,23.5,22.65,23.0,23.0,35.9,11.7,22485,517588.3,,23.02,EQ
01-01-2001,23.25,23.25,22.35,22.45,22.6,35.9,11.7,26880,613314.4,,22.82,EQ
02-01-2001,22.85,24.1,22.6,23.85,23.65,35.9,11.7,62428,1455699.8,,23.32,EQ
03-01-2001,23.05,24.5,22.95,23.3,23.3,35.9,11.7,59880,1404713.7,,23.46,EQ
04-01-2001,23.85,23.9,22.55,22.65,22.75,35.9,11.7,21897,503987.3,,23.02,EQ
05-01-2001,23.2,23.2,22.5,22.7,22.75,35.9,11.7,27046,612663.35,,22.65,EQ
08-01-2001,22.3,23.05,21.95,22.65,23.05,35.9,11.7,60155,1342409.6,,22.32,EQ
09-01-2001,22.55,23.0,21.55,21.9,22.0,35.7,11.7,37226,821263.1,,22.06,EQ
10-01-2001,22.45,22.45,21.9,22.05,22.05,35.7,11.7,15723,347676.75,,22.11,EQ
11-01-2001,22.05,22.15,21.5,21.8,21.75,35.7,11.7,13710,300031.0,,21.88,EQ
12-01-2001,21.65,22.0,21.0,21.6,22.0,35.7,11.7,45937,985253.95,,21.45,EQ
15-01-2001,21.3,21.5,20.8,20.95,20.95,35.7,11.7,12766,268788.75,,21.06,EQ
16-01-2001,20.8,21.0,20.3,20.65,20.75,35.7,11.7,31704,656749.25,,20.72,EQ
17-01-2001,20.6,21.4,20.6,21.0,21.0,35.7,11.7,25650,541749.35,,21.12,EQ
18-01-2001,20.9,21.35,20.7,20.95,21.0,35.7,11.7,29809,623883.45,,20.93,EQ
19-01-2001,20.9,21.25,20.4,20.65,20.75,35.7,11.7,23968,495560.65,,20.68,EQ
22-01-2001,20.9,21.2,20.15,20.5,20.5,35.7,11.7,36843,756950.95,,20.55,EQ
23-01-2001,20.0,20.7,19.75,19.95,20.2,35.7,11.7,39990,804879.55,,20.13,EQ
24-01-2001,22.5,22.5,20.1,20.9,21.5,35.7,11.7,70156,1493929.9,,21.29,EQ
25-01-2001,20.9,21.2,20.65,20.65,20.65,35.7,11.7,20191,420634.85,,20.83,EQ
29-01-2001,20.25,20.5,19.8,20.0,19.95,35.7,11.7,12820,256573.2,,20.01,EQ
30-01-2001,20.25,20.25,19.5,19.85,19.9,35.7,11.7,38254,761035.3,,19.89,EQ
31-01-2001,20.4,20.4,19.55,19.65,19.65,35.7,11.7,29771,593939.1,,19.95,EQ
01-02-2001,19.95,20.1,19.55,19.7,19.55,35.7,11.7,29486,586415.85,,19.89,EQ
02-02-2001,19.75,19.95,19.0,19.2,19.0,35.7,11.7,44558,865849.85,,19.43,EQ
05-02-2001,18.75,19.8,18.5,19.25,19.05,35.7,11.7,33438,647906.45,,19.38,EQ
06-02-2001,19.0,19.4,18.95,19.15,19.25,35.7,11.7,56542,1082591.5,,19.15,EQ
07-02-2001,19.35,22.5,19.3,21.7,21.6,35.7,11.7,190458,4042873.35,,21.23,EQ
08-02-2001,22.25,23.0,21.4,21.55,21.45,35.7,11.7,308537,6766323.65,,21.93,EQ
09-02-2001,21.95,23.3,21.95,22.75,22.75,35.7,11.7,234128,5340345.95,,22.81,EQ
12-02-2001,23.0,24.0,22.9,23.55,23.6,35.7,11.7,248211,5843704.5,,23.54,EQ
13-02-2001,23.75,23.75,22.1,22.3,22.25,35.7,11.7,177449,4047287.65,,22.81,EQ
14-02-2001,22.8,23.1,22.1,22.4,22.5,35.7,11.7,77191,1736908.95,,22.5,EQ
15-02-2001,22.65,22.75,22.2,22.3,22.35,35.7,11.7,62808,1408978.15,,22.43,EQ
16-02-2001,22.3,22.55,21.5,21.7,21.6,35.7,11.7,122320,2704815.55,,22.11,EQ
19-02-2001,22.0,23.45,21.5,23.3,23.45,35.7,11.7,193088,4402525.5,,22.8,EQ
20-02-2001,23.9,23.9,21.5,21.55,21.65,33.0,11.7,152945,3383734.35,,22.12,EQ
21-02-2001,23.3,23.3,19.85,20.4,20.3,33.0,11.7,187342,3816860.75,,20.37,EQ
22-02-2001,20.95,22.05,20.95,22.05,22.05,33.0,11.7,60408,1331133.9,,22.04,EQ
23-02-2001,22.7,23.85,22.7,23.85,23.85,33.0,11.7,53535,1270177.25,,23.73,EQ
26-02-2001,25.8,25.8,22.3,23.05,22.95,33.0,11.7,357198,8461029.95,,23.69,EQ
27-02-2001,23.85,23.85,22.0,22.15,22.3,29.5,11.7,255235,5828086.0,,22.83,EQ
28-02-2001,23.45,23.5,22.55,23.1,23.0,29.5,11.7,102050,2359417.65,,23.12,EQ
01-03-2001,23.25,23.45,22.0,22.2,22.15,29.5,11.7,79922,1809884.2,,22.65,EQ
02-03-2001,22.4,22.4,20.45,20.85,21.3,29.5,11.7,111294,2364443.4,,21.25,EQ
05-03-2001,20.9,21.4,19.2,19.5,19.45,29.5,11.7,172618,3403398.8,,19.72,EQ
07-03-2001,20.4,21.0,20.0,20.8,20.65,29.0,11.7,53823,1103355.5,,20.5,EQ
08-03-2001,20.25,22.5,20.1,20.25,20.25,29.0,11.7,40568,831611.65,,20.5,EQ
09-03-2001,20.0,20.0,19.1,19.7,19.75,29.0,11.7,78783,1526826.25,,19.38,EQ
12-03-2001,19.05,19.6,17.95,18.05,17.95,29.0,11.7,67405,1251320.4,,18.56,EQ
13-03-2001,17.75,18.2,16.3,17.15,17.2,29.0,11.7,107839,1880757.2,,17.44,EQ
14-03-2001,17.75,18.95,17.05,18.75,18.95,29.0,11.7,51477,925970.35,,17.99,EQ
15-03-2001,18.9,18.9,18.0,18.4,18.4,29.0,11.7,33014,604201.0,,18.3,EQ
16-03-2001,18.9,18.9,17.3,17.45,17.8,29.0,11.7,75452,1346666.0,,17.85,EQ
19-03-2001,18.0,18.0,16.7,17.0,17.1,29.0,11.7,93985,1609748.75,,17.13,EQ
20-03-2001,16.6,17.0,16.4,16.9,16.85,29.0,11.7,98545,1647771.4,,16.72,EQ
21-03-2001,19.0,19.0,16.75,17.55,17.85,29.0,11.7,61285,1106918.7,,18.06,EQ
22-03-2001,17.9,19.2,17.9,18.4,18.45,29.0,11.7,87516,1621448.3,,18.53,EQ
23-03-2001,18.7,18.8,17.9,18.1,18.2,29.0,11.7,54305,984458.6,,18.13,EQ
26-03-2001,17.95,18.2,17.6,18.1,18.0,29.0,11.7,27560,495397.05,,17.98,EQ
27-03-2001,18.0,18.4,17.7,17.95,18.0,29.0,11.7,60825,1096777.65,,18.03,EQ
28-03-2001,18.7,19.5,18.5,18.6,18.5,29.0,11.7,36095,677192.3,,18.76,EQ
29-03-2001,18.25,18.5,17.9,18.2,18.05,29.0,11.7,16720,303456.3,,18.15,EQ
30-03-2001,18.0,18.55,17.7,18.15,18.45,29.0,11.7,37363,678580.95,,18.16,EQ
02-04-2001,18.45,18.45,17.0,18.1,18.0,29.0,11.7,30114,536474.35,,17.81,EQ
03-04-2001,18.1,18.7,18.0,18.4,18.3,29.0,11.7,80194,1473794.55,,18.38,EQ
04-04-2001,19.35,19.35,18.1,18.75,18.95,29.0,11.7,38652,716530.85,,18.54,EQ
06-04-2001,19.0,19.9,18.6,18.65,18.6,29.0,11.7,59661,1138149.95,,19.08,EQ
09-04-2001,19.0,19.0,18.5,18.6,18.55,29.0,11.7,15972,297526.5,,18.63,EQ
10-04-2001,18.5,18.7,17.9,18.0,18.0,28.45,11.7,64337,1170615.4,,18.2,EQ
11-04-2001,18.05,18.1,17.45,17.9,17.85,28.45,11.7,25787,462902.65,,17.95,EQ
12-04-2001,17.15,17.35,16.6,17.1,17.15,28.45,11.7,45927,786158.5,,17.12,EQ
16-04-2001,17.1,17.7,16.85,17.35,17.65,28.45,11.7,255174,4355374.7,,17.07,EQ
17-04-2001,17.9,20.2,17.9,19.95,20.2,28.45,11.7,302398,5852301.85,,19.35,EQ
18-04-2001,21.4,21.4,19.85,21.05,21.0,28.45,11.7,311776,6460453.4,,20.72,EQ
19-04-2001,21.4,21.5,19.8,19.9,19.85,28.45,11.7,87078,1782922.9,,20.48,EQ
20-04-2001,20.0,20.0,19.15,19.55,19.65,28.45,11.7,47224,927231.2,,19.63,EQ
23-04-2001,19.1,19.7,19.0,19.25,19.25,28.45,11.7,47304,912833.2,,19.3,EQ
24-04-2001,19.2,19.85,19.1,19.65,19.85,28.45,11.7,80915,1579797.0,,19.52,EQ
25-04-2001,20.0,21.4,19.05,21.2,21.1,28.45,11.7,115212,2372459.75,,20.59,EQ
26-04-2001,21.45,22.9,21.45,22.9,22.9,28.45,11.7,190364,4346869.8,,22.83,EQ
27-04-2001,23.0,24.6,21.15,21.25,21.2,28.45,11.7,147897,3241831.2,,21.92,EQ
30-04-2001,21.0,21.5,19.55,21.25,21.25,28.45,11.7,163959,3461137.8,,21.11,EQ
02-05-2001,22.35,22.35,21.05,21.95,21.95,28.45,11.7,91420,1982167.5,,21.68,EQ
03-05-2001,22.45,23.75,21.75,22.15,22.2,28.45,11.7,129638,2953375.9,,22.78,EQ
04-05-2001,21.75,22.4,21.75,22.2,22.2,28.45,11.7,52701,1165670.4,,22.12,EQ
07-05-2001,22.45,22.55,22.05,22.45,22.55,28.45,11.7,100410,2242263.35,,22.33,EQ
08-05-2001,22.45,22.65,22.0,22.5,22.3,28.45,11.7,152395,3427187.5,,22.49,EQ
09-05-2001,22.7,23.2,22.4,22.95,23.0,28.45,11.7,142416,3264207.45,,22.92,EQ
10-05-2001,23.0,23.0,22.0,22.1,22.25,28.45,11.7,62255,1395245.2,,22.41,EQ
11-05-2001,22.1,22.7,22.05,22.35,22.35,28.45,11.7,65051,1459871.8,,22.44,EQ
14-05-2001,22.1,22.6,22.1,22.55,22.6,28.45,11.7,118537,2661660.35,,22.45,EQ
15-05-2001,22.1,23.0,21.5,22.85,22.7,28.45,11.7,175967,3963986.35,,22.53,EQ
16-05-2001,22.6,23.1,22.55,22.95,23.0,28.45,11.7,90584,2080145.9,,22.96,EQ
17-05-2001,23.1,23.15,22.75,23.05,23.1,28.45,11.7,91108,2102472.8,,23.08,EQ
18-05-2001,23.1,23.25,22.85,23.05,23.1,28.45,11.7,75428,1741167.5,,23.08,EQ
21-05-2001,22.75,23.2,22.55,23.15,23.2,28.45,11.7,65717,1517761.6,,23.1,EQ
22-05-2001,23.05,23.25,23.0,23.15,23.1,28.45,11.7,61363,1419004.7,,23.12,EQ
23-05-2001,23.1,23.3,23.0,23.2,23.25,28.45,11.7,83079,1923166.85,,23.15,EQ
24-05-2001,23.0,23.4,23.0,23.25,23.25,28.45,11.7,77851,1808068.9,,23.22,EQ
25-05-2001,23.05,23.25,23.05,23.15,23.2,28.45,11.7,59111,1370236.55,,23.18,EQ
28-05-2001,23.1,23.2,23.1,23.15,23.15,28.45,11.7,102124,2362735.45,,23.14,EQ
29-05-2001,23.25,25.0,22.3,23.95,23.25,28.45,11.7,325000,7824199.25,,24.07,EQ
30-05-2001,24.3,24.3,22.9,23.1,23.15,28.45,11.7,209864,4924646.45,,23.47,EQ
31-05-2001,22.85,23.1,22.7,23.05,23.1,28.45,11.7,69805,1604386.15,,22.98,EQ
01-06-2001,23.15,23.15,22.8,23.05,23.0,28.45,11.7,62199,1434230.25,,23.06,EQ
04-06-2001,23.0,23.15,22.8,23.1,23.1,28.45,11.7,184074,4247280.2,,23.07,EQ
05-06-2001,22.95,23.15,22.9,23.1,23.1,28.45,11.7,154396,3563569.5,,23.08,EQ
06-06-2001,23.15,23.2,23.05,23.05,23.1,28.45,11.7,31724,732464.0,,23.09,EQ
07-06-2001,23.1,23.15,23.05,23.05,23.15,28.45,11.7,100198,2312841.9,,23.08,EQ
08-06-2001,22.25,23.1,22.25,23.0,23.0,28.45,11.7,32735,750965.1,,22.94,EQ
11-06-2001,22.85,23.1,22.85,23.05,23.1,28.45,11.7,59986,1380380.05,,23.01,EQ
12-06-2001,22.85,23.1,22.75,23.05,23.0,28.45,11.7,129624,2982716.85,,23.01,EQ
13-06-2001,23.0,23.05,23.0,23.0,23.0,28.45,11.7,25233,580434.05,,23.0,EQ
14-06-2001,22.95,23.0,22.9,23.0,23.0,28.45,11.7,22196,509428.95,,22.95,EQ
15-06-2001,22.9,22.95,22.5,22.55,22.5,28.45,11.7,25877,586829.75,,22.68,EQ
18-06-2001,22.5,22.5,22.0,22.2,22.3,28.45,11.7,38935,865168.0,,22.22,EQ
19-06-2001,22.8,22.8,22.2,22.2,22.2,28.45,11.7,59968,1331801.4,,22.21,EQ
20-06-2001,22.3,22.3,22.2,22.2,22.25,28.45,11.7,11856,263303.2,,22.21,EQ
21-06-2001,22.2,22.3,22.2,22.2,22.2,28.45,11.7,21033,467082.6,,22.21,EQ
22-06-2001,22.2,22.25,22.0,22.2,22.2,28.45,11.7,61660,1368782.0,,22.2,EQ
25-06-2001,22.0,22.05,20.75,21.15,20.75,28.45,11.7,550144,12099554.4,,21.99,EQ
26-06-2001,21.55,21.75,21.25,21.55,21.55,28.45,11.7,42319,913418.25,,21.58,EQ
27-06-2001,22.0,22.0,21.25,21.25,21.25,28.45,11.7,11756,250195.0,,21.28,EQ
28-06-2001,20.3,21.4,20.3,21.2,21.2,28.45,11.7,17089,362016.8,,21.18,EQ
29-06-2001,21.0,21.2,20.9,21.05,21.2,28.45,11.7,29228,614055.0,,21.01,EQ
02-07-2001,19.0,21.0,19.0,20.85,20.85,28.45,11.7,4122,83921.5,,20.36,EQ
03-07-2001,20.05,20.05,19.5,19.55,19.55,28.45,11.7,9895,193515.2,,19.56,EQ
04-07-2001,19.5,19.7,19.5,19.6,19.6,28.45,11.7,7511,146716.3,,19.53,EQ
05-07-2001,20.0,20.55,20.0,20.5,20.5,28.45,11.7,13951,285489.0,,20.46,EQ
06-07-2001,20.25,20.5,20.25,20.5,20.5,28.45,11.7,14891,304828.0,,20.47,EQ
09-07-2001,19.25,20.55,19.25,20.5,20.5,28.45,11.7,29538,597403.75,,20.22,EQ
10-07-2001,20.55,20.65,20.25,20.35,20.5,28.45,11.7,216025,4425780.15,,20.49,EQ
11-07-2001,20.3,20.6,20.25,20.5,20.5,28.45,11.7,10393,213048.65,,20.5,EQ
12-07-2001,20.5,21.0,20.5,20.95,21.0,28.45,11.7,22000,458280.0,,20.83,EQ
13-07-2001,21.0,21.45,21.0,21.0,21.0,28.45,11.7,19462,410438.25,,21.09,EQ
16-07-2001,21.0,21.3,21.0,21.25,21.25,28.45,11.7,14049,297485.25,,21.17,EQ
17-07-2001,21.0,21.25,21.0,21.25,21.25,28.45,11.7,21142,445095.45,,21.05,EQ
18-07-2001,21.25,21.5,21.25,21.4,21.5,28.45,11.7,14542,310823.75,,21.37,EQ
19-07-2001,21.5,21.5,20.0,20.0,20.0,28.45,11.7,6826,139352.75,,20.41,EQ
20-07-2001,20.2,20.25,19.1,19.15,19.1,28.45,11.7,11002,213080.05,,19.37,EQ
23-07-2001,19.9,19.9,19.9,19.9,19.9,28.45,11.7,200,3980.0,,19.9,EQ
24-07-2001,20.0,20.0,19.75,19.75,19.75,28.45,11.7,21692,429043.25,,19.78,EQ
25-07-2001,21.0,21.0,18.55,19.1,19.25,28.45,11.7,33089,639608.3,,19.33,EQ
26-07-2001,18.75,19.25,18.75,19.05,19.1,28.45,11.7,27703,528889.75,,19.09,EQ
27-07-2001,18.75,19.7,18.75,19.5,19.5,28.45,11.7,8425,163438.75,,19.4,EQ
30-07-2001,19.75,20.25,19.75,20.05,20.0,28.45,11.7,66732,1332983.4,,19.98,EQ
31-07-2001,20.1,21.2,20.1,20.95,21.2,28.45,11.7,40256,828552.1,,20.58,EQ
01-08-2001,20.5,21.0,20.5,20.95,20.75,28.45,11.7,29343,607571.45,,20.71,EQ
02-08-2001,21.1,22.25,21.0,21.6,21.85,28.45,11.7,37053,799494.7,,21.58,EQ
03-08-2001,21.5,22.5,21.5,22.35,22.5,28.45,11.7,38716,856022.55,,22.11,EQ
06-08-2001,21.55,22.05,21.55,21.95,22.0,28.45,11.7,19311,422895.05,,21.9,EQ
07-08-2001,22.0,22.0,21.5,21.95,22.0,28.45,11.7,18927,413282.1,,21.84,EQ
08-08-2001,21.5,22.15,21.5,22.0,22.0,28.45,11.7,20622,453288.8,,21.98,EQ
09-08-2001,21.85,22.25,21.7,22.05,22.0,28.45,11.7,24256,533045.3,,21.98,EQ
10-08-2001,21.8,22.3,21.8,22.15,22.05,28.45,11.7,23413,518712.3,,22.15,EQ
13-08-2001,22.05,22.25,21.8,22.15,22.25,28.45,11.7,28976,637853.25,,22.01,EQ
14-08-2001,22.0,22.5,22.0,22.3,22.25,28.45,11.7,25381,565333.6,,22.27,EQ
16-08-2001,22.25,22.5,22.25,22.5,22.5,28.45,11.7,11064,248149.15,,22.43,EQ
17-08-2001,22.05,22.5,22.05,22.25,22.15,28.45,11.7,27661,616981.6,,22.31,EQ
20-08-2001,21.25,22.25,21.25,22.05,22.0,28.45,11.7,18299,402456.35,,21.99,EQ
21-08-2001,22.0,22.6,22.0,22.45,22.6,28.45,11.7,26945,600799.05,,22.3,EQ
23-08-2001,22.05,22.35,22.05,22.25,22.25,28.45,11.7,12182,270909.85,,22.24,EQ
24-08-2001,22.25,22.3,22.0,22.25,22.3,28.45,11.7,18434,408912.95,,22.18,EQ
27-08-2001,22.25,22.5,22.05,22.45,22.5,28.45,11.7,35319,786957.75,,22.28,EQ
28-08-2001,22.2,22.5,22.15,22.45,22.5,28.45,11.7,30997,692148.15,,22.33,EQ
29-08-2001,22.0,22.5,22.0,22.45,22.5,28.45,11.7,26388,588628.3,,22.31,EQ
30-08-2001,22.45,22.5,22.35,22.4,22.5,28.45,11.7,14455,324634.1,,22.46,EQ
31-08-2001,22.3,22.6,22.3,22.5,22.5,28.45,11.7,27229,612313.85,,22.49,EQ
03-09-2001,22.0,22.5,22.0,22.45,22.5,28.45,11.7,39390,879367.05,,22.32,EQ
04-09-2001,22.1,22.5,22.1,22.5,22.5,28.45,11.7,20592,462008.6,,22.44,EQ
05-09-2001,22.0,22.75,21.5,22.7,22.75,28.45,11.7,49853,1116917.85,,22.4,EQ
06-09-2001,22.5,22.8,22.5,22.75,22.75,28.45,11.7,22579,512622.25,,22.7,EQ
07-09-2001,22.45,22.5,22.4,22.45,22.5,28.45,11.7,17298,388411.35,,22.45,EQ
10-09-2001,22.25,22.5,22.25,22.45,22.5,28.45,11.7,24856,556635.9,,22.39,EQ
11-09-2001,22.4,22.55,22.3,22.35,22.5,28.45,11.7,27641,621079.0,,22.47,EQ
12-09-2001,20.0,22.5,20.0,22.5,22.5,28.45,11.7,74087,1648588.05,,22.25,EQ
13-09-2001,22.0,22.55,22.0,22.5,22.5,28.45,11.7,40789,916196.25,,22.46,EQ
14-09-2001,22.45,22.45,22.05,22.3,22.25,28.45,11.7,90503,2015483.7,,22.27,EQ
17-09-2001,22.0,22.05,19.1,19.95,19.45,28.45,11.7,169300,3616762.15,,21.36,EQ
18-09-2001,19.0,21.3,19.0,21.0,21.0,28.45,11.7,52881,1087888.5,,20.57,EQ
19-09-2001,20.5,21.55,20.5,21.5,21.5,28.45,11.7,34269,732329.5,,21.37,EQ
20-09-2001,20.0,21.75,20.0,21.65,21.75,28.45,11.7,26311,562837.75,,21.39,EQ
21-09-2001,21.0,21.5,21.0,21.35,21.25,28.45,11.7,83928,1785255.3,,21.27,EQ
24-09-2001,21.3,22.25,21.3,22.0,22.0,28.45,11.7,51908,1128385.75,,21.74,EQ
25-09-2001,21.0,22.5,21.0,22.25,22.25,28.45,11.7,56533,1246828.6,,22.05,EQ
26-09-2001,22.05,22.65,22.05,22.5,22.5,28.45,11.7,31810,713680.0,,22.44,EQ
27-09-2001,22.7,23.1,22.65,23.0,23.0,28.45,11.7,29941,684439.95,,22.86,EQ
28-09-2001,22.85,23.7,22.85,23.6,23.7,28.45,11.7,50929,1186886.55,,23.3,EQ
01-10-2001,23.2,23.65,23.05,23.4,23.4,28.45,11.7,36294,846396.15,,23.32,EQ
03-10-2001,23.35,23.9,23.35,23.75,23.75,28.45,11.7,56983,1344406.05,,23.59,EQ
04-10-2001,23.8,24.05,23.8,24.0,24.0,28.45,11.7,19721,472841.9,,23.98,EQ
05-10-2001,23.8,24.2,23.8,24.05,24.0,28.45,11.7,16309,391948.8,,24.03,EQ
08-10-2001,20.0,24.25,20.0,23.45,23.5,28.45,11.7,33393,775467.7,,23.22,EQ
09-10-2001,22.75,24.2,22.75,24.05,24.0,28.45,11.7,16831,401276.5,,23.84,EQ
10-10-2001,24.1,25.15,24.1,24.95,25.0,28.45,11.7,115955,2867171.35,,24.73,EQ
11-10-2001,25.0,25.65,25.0,25.5,25.5,28.45,11.7,47989,1222520.75,,25.48,EQ
12-10-2001,25.5,25.5,24.3,24.95,25.0,28.45,11.7,41188,1029141.5,,24.99,EQ
15-10-2001,24.6,25.1,24.6,24.95,25.0,28.45,11.7,22364,558764.25,,24.98,EQ
16-10-2001,25.0,25.5,24.9,25.4,25.35,28.45,12.4,26207,662161.9,,25.27,EQ
17-10-2001,25.3,26.0,25.05,25.95,26.0,28.45,12.4,80498,2070492.7,,25.72,EQ
18-10-2001,25.75,26.3,25.6,26.0,26.0,28.45,12.4,30370,789187.95,,25.99,EQ
19-10-2001,25.75,27.0,25.7,26.2,26.4,28.45,12.4,53652,1418976.25,,26.45,EQ
22-10-2001,26.3,26.65,26.05,26.55,26.55,28.45,12.4,34522,909875.6,,26.36,EQ
23-10-2001,26.55,27.6,26.55,27.45,27.4,28.45,13.5,73964,2007818.4,,27.15,EQ
24-10-2001,27.05,27.5,27.0,27.25,27.25,28.45,13.5,48236,1314878.55,,27.26,EQ
25-10-2001,27.0,27.4,27.0,27.25,27.25,28.45,13.5,52668,1435458.2,,27.25,EQ
29-10-2001,27.5,27.75,27.1,27.6,27.6,28.45,13.5,68497,1887306.05,,27.55,EQ
30-10-2001,27.9,27.9,27.15,27.6,27.6,28.45,15.0,50755,1395522.7,,27.5,EQ
31-10-2001,27.0,27.0,25.1,26.3,26.3,28.45,15.0,43765,1147381.6,,26.22,EQ
01-11-2001,26.05,26.7,26.05,26.5,26.6,28.45,15.0,34605,917323.9,,26.51,EQ
02-11-2001,26.6,26.8,26.55,26.75,26.75,28.45,15.0,60633,1621123.0,,26.74,EQ
05-11-2001,26.45,27.2,26.45,27.0,27.0,28.45,15.0,33834,910967.05,,26.92,EQ
06-11-2001,26.95,28.25,26.95,28.0,28.0,28.45,15.5,76312,2110725.45,,27.66,EQ
07-11-2001,28.2,28.5,28.0,28.0,28.0,28.45,15.5,60207,1699444.55,,28.23,EQ
08-11-2001,28.45,28.5,28.05,28.4,28.5,28.5,15.5,60695,1719727.0,,28.33,EQ
09-11-2001,28.0,28.75,28.0,28.7,28.75,28.5,15.5,93167,2660958.9,,28.56,EQ
12-11-2001,28.35,29.1,28.0,29.0,29.0,28.75,15.5,79618,2304166.35,,28.94,EQ
13-11-2001,28.05,29.1,28.05,29.0,29.0,29.1,15.65,62392,1799440.05,,28.84,EQ
14-11-2001,26.25,29.0,26.25,28.85,28.8,29.1,15.65,11815,336326.0,,28.47,EQ
15-11-2001,28.8,28.8,27.25,27.45,27.25,29.1,15.65,20266,565578.7,,27.91,EQ
19-11-2001,29.0,29.2,28.0,29.0,29.0,29.1,15.65,135571,3927762.05,,28.97,EQ
20-11-2001,29.0,29.4,29.0,29.25,29.25,29.2,16.3,79653,2324556.8,,29.18,EQ
21-11-2001,29.5,30.05,29.3,29.95,30.05,29.4,16.3,59649,1776128.6,,29.78,EQ
22-11-2001,30.0,30.25,30.0,30.0,30.0,30.05,16.3,45571,1368246.0,,30.02,EQ
23-11-2001,30.5,30.5,29.8,30.2,30.25,30.25,16.3,78342,2354513.25,,30.05,EQ
26-11-2001,31.95,31.95,30.5,30.75,30.75,30.5,16.3,59148,1822762.15,,30.82,EQ
27-11-2001,30.55,31.0,30.55,31.0,30.8,31.95,16.3,132068,4082845.8,,30.91,EQ
28-11-2001,30.9,31.0,30.75,30.95,31.0,31.95,16.3,60348,1858171.0,,30.79,EQ
29-11-2001,30.75,30.75,30.5,30.7,30.75,31.95,16.3,55555,1699717.35,,30.6,EQ
03-12-2001,30.55,31.15,30.55,31.0,31.0,31.95,16.3,41530,1287122.2,,30.99,EQ
04-12-2001,30.8,31.25,30.8,31.0,31.0,31.95,16.3,44423,1377585.7,,31.01,EQ
05-12-2001,31.0,31.15,31.0,31.0,31.0,31.95,16.3,87412,2710922.0,,31.01,EQ
06-12-2001,30.95,31.2,30.8,31.0,31.0,31.95,16.3,60894,1887594.25,,31.0,EQ
07-12-2001,30.9,32.05,30.9,32.0,31.95,31.95,16.3,812491,25951145.15,,31.94,EQ
10-12-2001,32.9,34.0,31.0,31.0,31.0,32.05,16.3,85854,2692660.8,,31.36,EQ
11-12-2001,29.5,31.25,29.5,31.0,31.0,34.0,16.3,56566,1752808.9,,30.99,EQ
12-12-2001,31.0,31.25,30.85,31.0,31.0,34.0,16.3,29083,901838.45,,31.01,EQ
13-12-2001,30.9,31.1,30.0,30.95,31.1,34.0,16.3,81749,2524510.25,,30.88,EQ
14-12-2001,30.6,31.1,30.55,31.0,31.0,34.0,16.3,51871,1607479.1,,30.99,EQ
18-12-2001,31.0,31.1,30.05,31.0,31.0,34.0,16.3,77513,2386443.5,,30.79,EQ
19-12-2001,30.8,31.0,29.65,30.6,30.0,34.0,16.3,53640,1637900.3,,30.54,EQ
20-12-2001,30.5,30.5,29.0,30.35,30.5,34.0,16.3,53386,1606676.45,,30.1,EQ
21-12-2001,30.0,30.25,29.7,30.2,30.1,34.0,16.3,83196,2508749.95,,30.15,EQ
24-12-2001,30.0,30.5,30.0,30.4,30.5,34.0,16.3,101489,3052804.7,,30.08,EQ
26-12-2001,30.25,30.55,29.85,30.25,29.85,34.0,16.3,47020,1427697.65,,30.36,EQ
27-12-2001,29.6,29.9,29.05,29.4,29.05,34.0,16.3,35603,1057432.7,,29.7,EQ
28-12-2001,29.15,29.6,28.75,29.5,29.05,34.0,16.3,36020,1051068.35,,29.18,EQ
31-12-2001,28.9,29.9,28.9,29.75,29.75,34.0,16.3,32980,975095.85,,29.57,EQ
01-01-2002,29.7,30.0,29.5,29.7,29.5,34.0,16.3,17173,509519.55,,29.67,EQ
02-01-2002,29.55,30.0,29.55,29.9,30.0,34.0,16.3,11382,339016.75,,29.79,EQ
03-01-2002,29.85,30.0,29.55,29.8,29.55,34.0,16.3,24150,721452.5,,29.87,EQ
04-01-2002,29.75,29.8,29.5,29.5,29.5,34.0,16.3,21289,630496.75,,29.62,EQ
07-01-2002,29.0,30.0,29.0,29.9,29.55,34.0,16.3,6770,200083.5,,29.55,EQ
08-01-2002,29.55,30.1,29.55,30.0,30.0,34.0,16.3,38099,1140475.75,,29.93,EQ
09-01-2002,29.55,30.1,29.55,30.0,30.0,34.0,16.3,44391,1326905.15,,29.89,EQ
10-01-2002,30.0,30.1,29.8,30.0,30.0,34.0,16.3,37265,1117902.8,,30.0,EQ
11-01-2002,29.85,30.05,29.8,29.95,29.9,34.0,16.3,42883,1285956.25,,29.99,EQ
14-01-2002,29.8,30.05,29.8,30.0,30.0,34.0,16.3,28187,845580.0,,30.0,EQ
15-01-2002,29.75,30.1,29.75,30.0,30.0,34.0,16.3,28882,866503.05,,30.0,EQ
16-01-2002,29.8,30.05,29.8,30.05,30.05,34.0,16.3,73294,2198828.05,,30.0,EQ
17-01-2002,29.75,30.05,29.75,30.0,30.0,34.0,16.3,48172,1444584.45,,29.99,EQ
18-01-2002,29.85,30.1,29.85,30.0,30.0,34.0,16.3,45711,1371453.8,,30.0,EQ
21-01-2002,29.8,30.05,29.8,30.0,30.0,34.0,16.3,21132,633868.75,,30.0,EQ
22-01-2002,29.95,30.05,29.9,30.0,30.0,34.0,16.3,39957,1198640.65,,30.0,EQ
23-01-2002,29.9,30.25,29.9,30.2,30.25,34.0,16.3,31395,943106.2,,30.04,EQ
24-01-2002,30.25,30.3,30.25,30.25,30.25,34.0,16.3,29170,882440.0,,30.25,EQ
25-01-2002,29.75,30.4,29.75,30.25,30.25,34.0,16.3,21673,655578.0,,30.25,EQ
28-01-2002,30.25,30.5,30.25,30.35,30.5,34.0,16.3,21821,660762.75,,30.28,EQ
29-01-2002,30.3,30.5,30.0,30.4,30.0,34.0,16.3,28277,858664.7,,30.37,EQ
30-01-2002,29.95,30.55,29.95,30.5,30.5,34.0,16.3,31977,969925.45,,30.33,EQ
31-01-2002,30.25,31.25,30.25,31.05,31.25,34.0,16.3,65403,2015396.75,,30.82,EQ
01-02-2002,30.75,31.1,30.3,31.0,31.0,34.0,16.3,62502,1936544.45,,30.98,EQ
04-02-2002,31.0,31.25,30.55,31.0,31.0,34.0,16.3,60869,1887580.6,,31.01,EQ
05-02-2002,30.45,31.2,30.45,31.0,31.0,34.0,16.3,60619,1878659.05,,30.99,EQ
06-02-2002,31.25,31.7,30.75,31.5,31.5,34.0,16.3,55727,1752435.35,,31.45,EQ
07-02-2002,31.7,32.35,31.1,31.95,32.25,34.0,16.3,50650,1607284.75,,31.73,EQ
08-02-2002,32.25,32.35,32.0,32.25,32.25,34.0,16.3,41766,1346143.65,,32.23,EQ
11-02-2002,32.5,32.5,32.0,32.0,32.0,34.0,16.3,33984,1088239.6,,32.02,EQ
12-02-2002,32.0,32.25,32.0,32.0,32.0,34.0,16.3,21456,686711.7,,32.01,EQ
13-02-2002,32.15,32.15,32.0,32.0,32.0,34.0,16.3,32928,1054167.05,,32.01,EQ
14-02-2002,32.05,32.25,30.15,32.1,32.25,34.0,16.3,57011,1814352.85,,31.82,EQ
15-02-2002,32.0,32.65,31.8,32.5,32.5,34.0,16.3,65407,2115301.45,,32.34,EQ
18-02-2002,32.05,32.8,31.85,32.7,32.75,34.0,16.3,50114,1628952.6,,32.5,EQ
19-02-2002,32.5,33.25,32.5,33.1,33.25,34.0,16.3,56464,1863630.7,,33.01,EQ
20-02-2002,32.65,34.0,32.65,33.5,33.55,34.0,16.3,50510,1694095.35,,33.54,EQ
21-02-2002,33.55,34.8,33.5,34.25,34.25,34.0,16.3,680315,23637383.95,,34.74,EQ
22-02-2002,34.5,34.85,33.65,34.65,34.85,34.8,16.3,514143,17871635.45,,34.76,EQ
25-02-2002,35.0,35.0,34.25,34.25,34.25,34.85,16.3,39709,1361322.6,,34.28,EQ
26-02-2002,34.1,34.8,34.1,34.65,34.8,35.0,16.3,105915,3650752.65,,34.47,EQ
27-02-2002,34.2,34.45,33.05,34.25,34.25,35.0,16.3,84095,2880461.3,,34.25,EQ
28-02-2002,33.05,34.35,32.55,33.0,33.0,35.0,16.3,55631,1885480.6,,33.89,EQ
01-03-2002,30.05,32.9,30.05,32.55,32.5,35.0,16.3,33123,1069351.7,,32.28,EQ
04-03-2002,31.85,33.2,31.85,33.0,33.0,35.0,16.3,24034,792426.05,,32.97,EQ
05-03-2002,33.0,36.0,32.75,33.6,33.5,35.0,16.3,76951,2643847.5,,34.36,EQ
06-03-2002,32.95,33.5,32.95,33.25,33.25,36.0,16.3,32583,1083214.25,,33.24,EQ
07-03-2002,33.0,33.5,32.7,33.4,33.5,36.0,16.3,28210,938298.45,,33.26,EQ
08-03-2002,33.5,33.55,33.0,33.5,33.5,36.0,16.3,128260,4290792.45,,33.45,EQ
11-03-2002,33.5,33.5,32.75,33.25,33.25,36.0,16.3,42520,1413174.35,,33.24,EQ
12-03-2002,33.3,33.5,33.25,33.5,33.5,36.0,16.3,22384,746926.75,,33.37,EQ
13-03-2002,32.7,33.8,32.7,33.75,33.75,36.0,16.3,28323,948645.05,,33.49,EQ
14-03-2002,33.1,33.7,33.1,33.5,33.5,36.0,16.3,32712,1095773.25,,33.5,EQ
15-03-2002,33.0,34.75,33.0,34.45,34.75,36.0,16.3,50131,1712517.4,,34.16,EQ
18-03-2002,34.5,35.0,33.05,33.45,33.6,36.0,16.3,38630,1320626.25,,34.19,EQ
19-03-2002,34.2,34.2,29.0,31.25,31.05,36.0,16.4,50830,1585477.65,,31.19,EQ
20-03-2002,32.0,33.0,31.25,31.4,31.25,36.0,16.4,52611,1667807.65,,31.7,EQ
21-03-2002,31.2,32.0,30.0,30.15,30.3,36.0,16.4,20377,621916.0,,30.52,EQ
22-03-2002,30.0,30.0,29.0,29.4,29.5,36.0,16.4,28817,841170.45,,29.19,EQ
26-03-2002,28.8,28.85,26.25,26.7,26.55,36.0,16.4,32416,887025.85,,27.36,EQ
27-03-2002,27.4,27.85,26.5,27.4,27.6,36.0,16.6,13713,373439.6,,27.23,EQ
28-03-2002,27.65,28.55,27.25,28.45,28.5,36.0,16.6,19193,537421.75,,28.0,EQ
01-04-2002,28.5,29.0,28.5,28.55,28.5,,,10914,312121.6,,28.6,EQ
02-04-2002,28.5,29.0,28.5,28.5,28.5,,,5257,150191.35,,28.57,EQ
03-04-2002,28.5,28.5,27.15,27.45,27.4,,,11160,311992.3,,27.96,EQ
04-04-2002,27.5,28.0,27.0,27.15,27.5,,,12024,327505.55,,27.24,EQ
05-04-2002,30.0,30.0,27.3,27.35,27.3,,,12936,356501.45,,27.56,EQ
08-04-2002,25.5,28.3,25.5,27.0,26.8,,,8624,234103.35,,27.15,EQ
09-04-2002,27.0,27.25,26.55,26.95,27.0,,,4551,122267.2,,26.87,EQ
10-04-2002,27.05,27.05,26.3,26.6,26.35,36.0,16.6,4888,130265.75,,26.65,EQ
11-04-2002,26.6,27.0,26.3,26.75,26.95,36.0,16.6,11086,296442.4,,26.74,EQ
12-04-2002,27.0,27.25,26.7,27.0,27.0,,,14206,384449.45,,27.06,EQ
15-04-2002,27.0,27.5,26.8,27.0,27.0,,,22322,605839.4,,27.14,EQ
16-04-2002,27.0,27.2,26.55,26.8,26.9,36.0,16.85,12649,339950.1,,26.88,EQ
17-04-2002,26.8,27.55,26.75,27.3,27.5,36.0,16.85,14707,399814.85,,27.19,EQ
18-04-2002,27.2,27.9,27.0,27.65,27.9,36.0,16.85,9738,266540.55,,27.37,EQ
19-04-2002,27.5,29.1,27.3,28.4,29.0,36.0,16.85,38514,1092077.55,,28.36,EQ
22-04-2002,29.8,30.9,28.7,29.0,29.3,36.0,16.85,36147,1064158.25,,29.44,EQ
23-04-2002,29.0,29.9,29.0,29.6,29.9,36.0,18.55,25481,751899.7,,29.51,EQ
24-04-2002,24.25,29.6,24.25,29.4,29.3,36.0,18.55,21192,623100.65,,29.4,EQ
25-04-2002,29.3,29.55,29.0,29.2,29.1,,,12710,370314.55,,29.14,EQ
26-04-2002,29.5,29.9,29.1,29.7,29.9,,,20836,614593.5,,29.5,EQ
29-04-2002,29.0,29.55,28.55,29.35,29.5,36.0,18.55,23439,685023.4,,29.23,EQ
30-04-2002,29.0,29.25,28.75,28.85,28.9,,,16229,469771.7,,28.95,EQ
02-05-2002,28.9,29.0,28.0,28.35,28.4,36.0,18.55,19839,565830.2,,28.52,EQ
03-05-2002,27.55,29.95,27.55,29.5,29.75,36.0,18.55,50133,1468235.65,,29.29,EQ
06-05-2002,29.55,29.65,28.8,28.95,29.25,,,22928,669545.4,,29.2,EQ
07-05-2002,29.15,29.15,28.85,28.9,28.9,,,12974,375559.2,,28.95,EQ
08-05-2002,28.8,29.2,28.75,29.0,29.0,,,14266,413989.15,,29.02,EQ
09-05-2002,29.0,29.0,28.55,28.6,28.55,36.0,18.55,13036,374885.1,,28.76,EQ
10-05-2002,28.55,28.9,28.0,28.3,28.8,,,12250,347688.9,,28.38,EQ
13-05-2002,28.25,28.6,27.65,28.0,27.75,36.0,18.55,10623,298762.1,,28.12,EQ
14-05-2002,27.25,27.9,27.15,27.2,27.35,36.0,18.55,17386,476533.95,,27.41,EQ
15-05-2002,26.5,27.7,26.5,27.0,27.0,36.0,18.55,9167,248890.2,,27.15,EQ
16-05-2002,27.0,27.0,26.15,26.3,26.3,36.0,18.55,12904,343045.65,,26.58,EQ
17-05-2002,26.4,26.9,26.0,26.05,26.0,36.0,18.55,8461,221793.05,,26.21,EQ
20-05-2002,24.55,25.9,24.55,24.85,24.65,36.0,18.55,17053,429455.65,,25.18,EQ
21-05-2002,22.5,24.5,22.0,23.45,23.4,36.0,18.55,20696,486678.9,,23.52,EQ
22-05-2002,23.4,25.25,22.05,23.9,24.3,36.0,18.55,14238,344607.9,,24.2,EQ
23-05-2002,23.5,24.45,23.5,24.3,24.05,36.0,18.55,12531,301734.7,,24.08,EQ
24-05-2002,25.75,25.75,24.5,25.2,25.1,36.0,18.55,12796,321655.25,,25.14,EQ
27-05-2002,24.05,25.45,24.05,25.15,25.15,36.0,18.55,9900,247883.0,,25.04,EQ
28-05-2002,24.3,25.0,24.3,24.7,24.55,36.0,18.55,4679,115773.1,,24.74,EQ
29-05-2002,24.1,25.6,24.1,25.35,25.3,36.0,18.55,13521,339205.35,,25.09,EQ
30-05-2002,25.5,26.9,25.4,25.55,25.6,36.0,18.55,10358,267260.05,,25.8,EQ
31-05-2002,25.25,25.4,24.7,25.2,25.3,36.0,18.55,9989,249145.75,,24.94,EQ
03-06-2002,26.5,27.9,26.0,26.05,26.0,36.0,18.55,11657,306455.4,,26.29,EQ
04-06-2002,24.5,26.55,24.5,26.35,26.3,36.0,18.55,17205,450596.25,,26.19,EQ
05-06-2002,26.75,28.7,26.7,28.4,28.5,36.0,18.55,55784,1542273.85,,27.65,EQ
06-06-2002,30.0,33.0,29.25,30.25,30.5,36.0,18.55,117453,3604768.45,,30.69,EQ
07-06-2002,30.1,31.5,29.1,29.5,29.1,36.0,18.55,58706,1761332.2,,30.0,EQ
10-06-2002,29.6,30.25,29.0,29.3,29.3,36.0,18.55,19026,561131.1,,29.49,EQ
11-06-2002,29.5,29.9,28.85,29.1,29.25,36.0,18.55,20090,587691.5,,29.25,EQ
12-06-2002,29.0,29.45,28.55,28.8,28.7,36.0,18.55,15075,435926.0,,28.92,EQ
13-06-2002,29.0,29.25,28.35,28.7,28.8,36.0,18.55,19680,564792.75,,28.7,EQ
14-06-2002,23.75,29.25,23.75,28.65,28.5,36.0,18.55,15758,452270.85,,28.7,EQ
17-06-2002,29.0,32.45,29.0,31.85,32.0,36.0,18.55,112912,3527709.4,,31.24,EQ
18-06-2002,38.0,38.0,31.55,32.05,31.7,36.0,18.55,94214,3095002.1,,32.85,EQ
19-06-2002,33.4,33.5,30.0,30.55,30.5,38.0,18.55,26665,825054.3,,30.94,EQ
20-06-2002,30.0,31.15,30.0,31.0,31.0,38.0,18.55,20958,646151.1,,30.83,EQ
21-06-2002,31.5,31.5,30.05,30.3,30.15,38.0,18.55,39159,1197715.6,,30.59,EQ
24-06-2002,30.1,30.7,30.1,30.45,30.7,38.0,18.55,23100,701301.45,,30.36,EQ
25-06-2002,30.5,30.5,30.0,30.2,30.25,38.0,18.55,19209,580882.85,,30.24,EQ
26-06-2002,30.3,30.4,29.55,30.0,30.0,38.0,18.55,26727,800701.1,,29.96,EQ
27-06-2002,30.4,30.55,29.75,30.0,30.05,38.0,18.55,26538,801176.5,,30.19,EQ
28-06-2002,29.95,30.0,29.4,29.7,29.5,38.0,18.55,22265,663054.4,,29.78,EQ
01-07-2002,30.0,32.2,30.0,31.8,31.9,38.0,18.55,75841,2394628.9,,31.57,EQ
02-07-2002,31.9,32.6,31.55,31.65,31.95,38.0,18.55,67078,2147330.4,,32.01,EQ
03-07-2002,31.95,32.0,31.35,31.75,31.9,38.0,18.55,44445,1410285.45,,31.73,EQ
04-07-2002,31.1,33.75,31.1,32.55,32.7,38.0,18.55,109938,3607228.35,,32.81,EQ
05-07-2002,33.9,37.75,33.5,34.45,34.7,38.0,18.55,225687,7835536.35,,34.72,EQ
08-07-2002,35.7,35.7,34.5,35.15,35.45,38.0,18.55,157221,5503000.35,,35.0,EQ
09-07-2002,34.0,34.5,32.75,33.1,32.75,38.0,18.55,86932,2926101.55,,33.66,EQ
10-07-2002,32.55,33.5,32.0,32.55,32.65,38.0,18.55,39960,1295159.15,,32.41,EQ
11-07-2002,32.5,32.5,31.0,31.1,31.35,38.0,18.55,34273,1078562.35,,31.47,EQ
12-07-2002,30.75,31.9,30.75,31.0,31.0,38.0,18.55,18122,566501.55,,31.26,EQ
15-07-2002,31.0,31.0,30.05,30.5,30.5,38.0,18.55,21968,670804.6,,30.54,EQ
16-07-2002,30.05,30.85,30.0,30.55,30.6,38.0,18.55,19280,587599.8,,30.48,EQ
17-07-2002,30.6,30.75,29.5,29.7,29.65,38.0,18.55,23680,711091.4,,30.03,EQ
18-07-2002,29.0,30.2,28.5,29.8,30.2,38.0,18.55,16473,491039.05,,29.81,EQ
19-07-2002,29.0,30.25,29.0,30.0,29.9,38.0,18.55,11224,336532.5,,29.98,EQ
22-07-2002,30.05,31.9,29.35,30.55,31.0,38.0,18.55,37857,1148001.4,,30.32,EQ
23-07-2002,30.15,31.0,30.15,30.35,30.3,38.0,18.55,19269,587665.95,,30.5,EQ
24-07-2002,29.9,30.25,29.5,29.7,29.55,38.0,18.55,17887,532847.75,,29.79,EQ
25-07-2002,30.25,31.8,29.25,31.05,31.3,38.0,18.55,44119,1343708.0,,30.46,EQ
26-07-2002,30.0,30.9,29.3,29.45,29.5,38.0,18.55,42821,1280234.6,,29.9,EQ
29-07-2002,31.9,32.0,30.3,31.3,31.3,38.0,18.55,100909,3154365.5,,31.26,EQ
30-07-2002,31.5,32.8,30.45,30.85,31.0,38.0,19.0,72138,2280381.0,,31.61,EQ
31-07-2002,30.2,31.2,30.2,30.9,31.0,38.0,19.0,31817,979010.6,,30.77,EQ
01-08-2002,31.0,31.4,30.75,31.1,31.2,38.0,19.0,17431,540559.75,,31.01,EQ
02-08-2002,30.55,31.2,30.55,31.0,31.2,38.0,19.0,26838,829487.35,,30.91,EQ
05-08-2002,30.6,32.0,30.6,31.75,31.6,38.0,19.0,32431,1018008.8,,31.39,EQ
06-08-2002,31.45,32.0,31.1,31.85,31.6,38.0,19.0,19594,620339.3,,31.66,EQ
07-08-2002,32.0,32.0,31.35,31.55,31.45,38.0,19.0,12658,400429.0,,31.63,EQ
08-08-2002,31.2,31.75,30.8,31.15,31.15,38.0,19.0,20317,634226.1,,31.22,EQ
09-08-2002,31.15,31.5,31.0,31.35,31.4,38.0,19.0,18500,577048.5,,31.19,EQ
12-08-2002,34.0,34.0,31.15,31.5,31.4,38.0,19.0,16403,515495.9,,31.43,EQ
13-08-2002,31.5,31.7,31.45,31.65,31.55,38.0,19.0,11331,357404.05,,31.54,EQ
14-08-2002,31.45,32.15,31.35,31.95,31.8,38.0,19.0,25469,808100.35,,31.73,EQ
16-08-2002,32.0,33.4,31.5,32.8,32.8,38.0,19.0,91756,2978166.45,,32.46,EQ
19-08-2002,34.0,34.0,32.5,32.65,32.6,38.0,19.0,29502,973977.15,,33.01,EQ
20-08-2002,32.4,32.5,32.0,32.0,32.3,38.0,19.0,19895,641804.75,,32.26,EQ
21-08-2002,32.0,32.0,31.55,31.7,31.7,38.0,19.0,13812,439132.4,,31.79,EQ
22-08-2002,31.1,31.8,31.1,31.45,31.6,38.0,19.0,11562,363840.05,,31.47,EQ
23-08-2002,31.3,31.75,31.2,31.25,31.25,38.0,19.0,13627,428001.9,,31.41,EQ
26-08-2002,31.15,31.4,31.1,31.3,31.3,38.0,19.0,22376,698389.35,,31.21,EQ
27-08-2002,31.45,31.5,31.2,31.2,31.3,38.0,19.0,16822,527078.25,,31.33,EQ
28-08-2002,31.2,31.2,30.75,30.95,31.1,38.0,19.0,13613,420369.5,,30.88,EQ
29-08-2002,30.65,30.9,30.3,30.35,30.4,38.0,19.0,15914,484395.25,,30.44,EQ
30-08-2002,30.5,30.95,30.5,30.65,30.8,38.0,19.0,12515,382896.0,,30.59,EQ
02-09-2002,31.0,31.2,30.6,30.75,30.8,38.0,19.0,20640,635891.9,,30.81,EQ
03-09-2002,30.6,30.8,30.5,30.7,30.65,38.0,19.0,8651,265092.8,,30.64,EQ
04-09-2002,30.4,30.8,30.4,30.7,30.6,38.0,19.0,10490,319888.45,,30.49,EQ
05-09-2002,30.5,30.85,30.5,30.7,30.85,38.0,19.0,8880,272054.85,,30.64,EQ
06-09-2002,30.4,30.85,30.4,30.45,30.45,38.0,19.0,11873,361531.65,,30.45,EQ
09-09-2002,30.1,34.0,30.1,30.6,30.6,38.0,19.0,19639,603729.75,,30.74,EQ
11-09-2002,30.05,30.75,30.05,30.5,30.55,38.0,19.0,8242,251784.95,,30.55,EQ
12-09-2002,30.95,30.95,30.4,30.55,30.55,38.0,19.0,17475,534272.05,,30.57,EQ
13-09-2002,30.35,30.7,30.35,30.6,30.65,38.0,19.0,18728,572747.8,,30.58,EQ
16-09-2002,30.3,30.65,30.3,30.55,30.55,38.0,19.0,17320,529186.15,,30.55,EQ
17-09-2002,30.9,30.9,30.5,30.6,30.6,38.0,19.0,24214,741233.15,,30.61,EQ
18-09-2002,29.9,36.5,29.9,30.6,30.6,38.0,19.0,54904,1682601.4,,30.65,EQ
19-09-2002,30.4,30.7,30.35,30.5,30.35,38.0,19.0,25818,789438.75,,30.58,EQ
20-09-2002,30.35,30.7,30.05,30.55,30.6,38.0,19.0,16869,514305.15,,30.49,EQ
23-09-2002,30.5,30.7,30.35,30.6,30.6,38.0,19.0,24243,741249.35,,30.58,EQ
24-09-2002,30.5,30.6,30.5,30.55,30.55,38.0,20.0,21093,644547.65,,30.56,EQ
25-09-2002,30.05,30.5,30.0,30.1,30.0,38.0,20.0,12793,386160.25,,30.19,EQ
26-09-2002,30.1,30.25,29.95,30.0,29.95,38.0,20.0,8032,241414.9,,30.06,EQ
27-09-2002,30.0,30.4,29.9,30.35,30.35,38.0,20.0,8403,253030.45,,30.11,EQ
30-09-2002,30.0,30.3,29.95,29.95,30.0,38.0,20.0,9989,300011.8,,30.03,EQ
01-10-2002,29.9,30.0,29.5,29.95,30.0,38.0,20.0,10114,300886.5,,29.75,EQ
03-10-2002,30.0,30.0,29.7,29.7,29.7,38.0,20.0,6063,180526.05,,29.78,EQ
04-10-2002,29.7,29.9,29.7,29.75,29.75,38.0,20.0,8192,243724.5,,29.75,EQ
07-10-2002,29.9,30.0,29.0,29.05,29.0,38.0,20.0,17427,509629.7,,29.24,EQ
08-10-2002,29.1,29.4,28.9,29.05,29.05,38.0,20.0,19039,553093.95,,29.05,EQ
09-10-2002,29.05,29.2,28.4,28.7,29.0,38.0,20.0,11383,328801.25,,28.89,EQ
10-10-2002,28.7,29.1,28.1,28.85,28.65,38.0,20.0,16913,484964.15,,28.67,EQ
11-10-2002,28.5,29.0,28.5,28.95,28.95,38.0,20.0,9095,262153.25,,28.82,EQ
14-10-2002,28.75,29.1,28.7,28.85,28.8,38.0,20.0,6815,196776.5,,28.87,EQ
16-10-2002,33.0,33.0,28.5,28.85,28.8,38.0,22.0,17378,502032.8,,28.89,EQ
17-10-2002,29.0,29.2,28.8,29.1,29.15,38.0,22.0,10990,318562.75,,28.99,EQ
18-10-2002,29.0,29.2,28.8,29.05,29.0,38.0,22.0,11753,341017.0,,29.02,EQ
21-10-2002,29.65,29.8,29.05,29.1,29.1,38.0,22.0,15430,453877.2,,29.42,EQ
22-10-2002,29.4,29.4,29.0,29.05,29.0,38.0,22.0,8084,235321.1,,29.11,EQ
23-10-2002,28.95,29.15,28.9,29.0,29.0,38.0,22.0,18706,542375.1,,28.99,EQ
24-10-2002,29.0,29.05,28.9,29.0,29.0,38.0,22.0,14260,413448.1,,28.99,EQ
25-10-2002,28.75,29.1,28.75,29.0,29.05,38.0,22.0,11700,338857.5,,28.96,EQ
28-10-2002,29.0,29.15,28.55,28.95,29.1,38.0,22.0,12330,357358.15,,28.98,EQ
29-10-2002,28.95,29.25,28.8,29.05,29.0,38.0,22.0,9480,274705.25,,28.98,EQ
30-10-2002,28.55,29.2,28.55,29.0,29.0,38.0,22.0,9039,262251.0,,29.01,EQ
31-10-2002,29.0,29.35,28.95,29.0,29.0,38.0,22.0,5328,154449.85,,28.99,EQ
01-11-2002,29.25,29.25,28.8,29.1,29.1,38.0,22.0,7600,220868.5,,29.06,EQ
04-11-2002,29.05,29.35,28.7,28.9,29.0,38.0,22.0,5730,166289.7,,29.02,EQ
05-11-2002,28.8,28.95,28.6,28.65,28.65,38.0,22.0,4027,115434.85,,28.67,EQ
07-11-2002,28.8,28.9,28.6,28.85,28.65,38.0,22.0,8246,236334.0,,28.66,EQ
08-11-2002,29.0,29.05,28.85,29.0,29.0,38.0,22.0,11629,336777.8,,28.96,EQ
11-11-2002,28.75,28.85,28.55,28.55,28.55,38.0,22.0,10389,297717.2,,28.66,EQ
12-11-2002,28.3,29.1,28.3,29.1,29.1,38.0,22.0,21501,622634.75,,28.96,EQ
13-11-2002,29.0,29.1,28.9,28.95,29.1,38.0,22.0,7561,219134.6,,28.98,EQ
14-11-2002,29.0,29.1,28.8,28.95,29.0,38.0,22.0,10297,298353.95,,28.97,EQ
15-11-2002,28.9,29.25,28.9,29.1,29.25,38.0,22.0,16873,489129.25,,28.99,EQ
18-11-2002,29.0,29.25,28.9,29.05,29.0,38.0,22.0,10724,311097.2,,29.01,EQ
20-11-2002,28.95,29.1,28.85,29.0,29.0,38.0,22.0,9822,284613.25,,28.98,EQ
21-11-2002,29.0,29.2,29.0,29.0,29.0,38.0,22.0,8167,237090.5,,29.03,EQ
22-11-2002,28.9,29.1,28.9,29.0,29.0,38.0,22.0,17099,495810.6,,29.0,EQ
25-11-2002,28.8,29.55,28.8,29.0,29.0,38.0,22.0,12954,376239.75,,29.04,EQ
26-11-2002,29.0,29.2,29.0,29.05,29.05,38.0,22.0,7265,211141.65,,29.06,EQ
27-11-2002,29.0,29.25,28.9,29.1,29.25,38.0,22.0,11401,331040.25,,29.04,EQ
28-11-2002,29.0,29.15,28.9,29.0,29.0,38.0,22.0,18221,528129.4,,28.98,EQ
29-11-2002,29.0,29.2,28.95,29.0,29.0,38.0,22.0,31990,927865.0,,29.0,EQ
02-12-2002,29.0,29.25,28.9,29.0,28.9,38.0,22.0,33235,964845.45,,29.03,EQ
03-12-2002,29.15,29.2,29.0,29.0,29.0,38.0,22.0,27935,810774.5,,29.02,EQ
04-12-2002,28.85,29.1,28.85,28.95,29.0,38.0,22.0,18788,544541.35,,28.98,EQ
05-12-2002,28.95,29.2,28.95,29.0,29.0,38.0,22.0,19351,561491.45,,29.02,EQ
06-12-2002,29.0,29.1,28.85,29.0,29.0,38.0,22.0,15607,452578.95,,29.0,EQ
09-12-2002,28.9,29.1,28.9,29.0,29.0,38.0,22.0,20703,600565.7,,29.01,EQ
10-12-2002,29.0,29.1,28.9,29.1,29.1,38.0,22.0,16451,477479.0,,29.02,EQ
11-12-2002,29.0,29.1,28.9,29.0,29.0,38.0,22.0,20614,597897.45,,29.0,EQ
12-12-2002,29.0,29.25,29.0,29.15,29.0,38.0,22.0,22604,658274.6,,29.12,EQ
13-12-2002,29.0,29.3,28.95,29.3,29.25,38.0,22.0,14835,432841.0,,29.18,EQ
16-12-2002,29.05,29.35,29.05,29.25,29.3,38.0,22.0,30937,903771.35,,29.21,EQ
17-12-2002,29.2,29.3,29.1,29.25,29.2,38.0,22.0,18112,529116.9,,29.21,EQ
18-12-2002,29.05,29.3,29.05,29.25,29.25,38.0,22.0,9425,275518.75,,29.23,EQ
19-12-2002,29.15,29.3,29.15,29.25,29.3,38.0,22.0,15768,460798.9,,29.22,EQ
20-12-2002,29.25,29.3,29.25,29.25,29.25,38.0,22.0,17302,506159.25,,29.25,EQ
23-12-2002,29.05,29.35,29.05,29.2,29.2,38.0,22.0,16562,484163.15,,29.23,EQ
24-12-2002,29.15,29.3,29.05,29.25,29.25,38.0,22.0,12528,365891.5,,29.21,EQ
26-12-2002,29.05,29.4,29.05,29.35,29.4,38.0,22.0,27003,791043.0,,29.29,EQ
27-12-2002,29.25,29.5,29.2,29.25,29.25,38.0,22.0,23692,693600.15,,29.28,EQ
30-12-2002,29.2,29.4,29.2,29.35,29.3,38.0,22.0,18249,534623.15,,29.3,EQ
31-12-2002,28.5,29.4,28.5,29.25,29.2,38.0,22.0,19979,584532.6,,29.26,EQ
01-01-2003,29.35,29.4,29.25,29.3,29.4,38.0,22.0,8544,250435.3,,29.31,EQ
02-01-2003,29.2,29.4,29.2,29.25,29.25,38.0,22.0,14840,434873.75,,29.3,EQ
03-01-2003,26.75,29.45,26.75,29.35,29.4,38.0,22.0,18769,550318.0,,29.32,EQ
06-01-2003,29.85,29.85,29.2,29.25,29.25,38.0,22.0,17007,497508.5,,29.25,EQ
07-01-2003,29.2,29.4,29.2,29.25,29.25,38.0,22.0,28120,823872.3,,29.3,EQ
08-01-2003,29.25,29.3,28.85,29.25,29.3,38.0,22.0,12050,352547.5,,29.26,EQ
09-01-2003,28.75,29.35,28.75,29.3,29.35,38.0,22.0,13838,405557.15,,29.31,EQ
10-01-2003,29.1,29.3,29.0,29.2,29.0,38.0,22.0,17289,504912.05,,29.2,EQ
13-01-2003,29.15,29.4,29.0,29.3,29.4,38.0,22.0,31019,908522.0,,29.29,EQ
14-01-2003,29.35,29.55,29.25,29.4,29.5,38.0,22.0,33450,983329.4,,29.4,EQ
15-01-2003,29.55,30.0,29.3,29.9,29.75,38.0,22.0,17405,514921.15,,29.58,EQ
16-01-2003,29.75,30.25,29.75,30.15,30.25,38.0,22.0,19921,599039.55,,30.07,EQ
17-01-2003,30.15,30.3,30.0,30.0,30.0,38.0,22.0,18082,542885.0,,30.02,EQ
20-01-2003,30.0,30.5,29.75,30.3,30.5,38.0,22.0,32437,975990.8,,30.09,EQ
21-01-2003,29.85,30.65,29.85,30.5,30.5,38.0,22.0,20290,616767.0,,30.4,EQ
22-01-2003,30.5,30.6,30.15,30.45,30.5,38.0,22.0,25699,782658.95,,30.45,EQ
23-01-2003,30.3,30.85,30.25,30.4,30.6,38.0,22.0,20342,619922.1,,30.47,EQ
24-01-2003,30.25,30.5,29.65,30.25,30.0,38.0,22.0,40717,1230189.75,,30.21,EQ
27-01-2003,29.95,30.65,29.55,30.35,30.6,38.0,22.0,81646,2459757.45,,30.13,EQ
28-01-2003,30.1,30.5,30.0,30.45,30.5,38.0,22.0,49111,1493072.75,,30.4,EQ
29-01-2003,30.2,30.6,30.2,30.45,30.2,38.0,22.0,52265,1592261.85,,30.47,EQ
30-01-2003,29.8,30.6,29.8,30.55,30.6,38.0,22.0,22991,700953.75,,30.49,EQ
31-01-2003,30.6,30.7,30.2,30.45,30.35,38.0,22.0,80393,2457891.9,,30.57,EQ
03-02-2003,30.1,30.5,30.0,30.35,30.5,38.0,22.0,19892,603282.7,,30.33,EQ
04-02-2003,30.35,30.6,30.3,30.45,30.5,38.0,22.0,26812,816793.2,,30.46,EQ
05-02-2003,30.1,30.55,30.1,30.5,30.55,38.0,22.0,19641,598564.75,,30.48,EQ
06-02-2003,30.35,30.55,30.35,30.45,30.5,38.0,22.0,36513,1111723.35,,30.45,EQ
07-02-2003,30.4,31.35,30.4,31.05,31.0,38.0,22.0,24009,737262.35,,30.71,EQ
10-02-2003,30.7,31.1,30.5,30.95,31.1,38.0,22.0,42211,1302478.2,,30.86,EQ
11-02-2003,30.8,31.8,30.8,31.4,31.35,38.0,22.0,47042,1469992.1,,31.25,EQ
12-02-2003,31.7,31.7,30.8,30.9,31.0,38.0,22.0,48931,1516932.9,,31.0,EQ
14-02-2003,30.85,31.55,30.85,31.4,31.5,38.0,22.0,31814,993078.4,,31.22,EQ
17-02-2003,31.05,32.15,30.95,31.95,32.1,38.0,22.0,40913,1302254.05,,31.83,EQ
18-02-2003,30.5,32.6,30.5,32.25,32.5,38.0,22.0,28549,915554.65,,32.07,EQ
19-02-2003,32.0,32.3,31.8,31.95,32.0,38.0,22.0,20855,666995.05,,31.98,EQ
20-02-2003,32.3,32.6,31.75,32.45,32.6,38.0,22.0,25477,818128.4,,32.11,EQ
21-02-2003,32.1,32.55,32.05,32.45,32.5,38.0,22.0,34045,1104065.05,,32.43,EQ
24-02-2003,32.25,32.5,32.2,32.35,32.2,38.0,22.0,43182,1400235.7,,32.43,EQ
25-02-2003,33.0,33.45,32.25,32.45,32.4,38.0,22.0,27897,907497.5,,32.53,EQ
26-02-2003,32.15,32.6,32.15,32.45,32.6,38.0,22.0,37228,1209201.1,,32.48,EQ
27-02-2003,32.35,32.55,32.25,32.4,32.25,38.0,22.0,20019,649501.75,,32.44,EQ
28-02-2003,32.15,32.8,32.15,32.45,32.15,38.0,22.0,38258,1240975.9,,32.44,EQ
03-03-2003,32.9,33.0,32.3,32.5,32.5,38.0,22.0,18193,591662.7,,32.52,EQ
04-03-2003,32.45,32.75,32.35,32.7,32.75,38.0,22.0,28501,926550.6,,32.51,EQ
05-03-2003,32.35,32.55,32.35,32.5,32.5,38.0,22.0,22823,740871.7,,32.46,EQ
06-03-2003,32.5,33.0,32.4,32.95,32.8,38.0,22.0,41887,1371956.05,,32.75,EQ
07-03-2003,32.55,32.65,32.35,32.5,32.5,38.0,22.0,23967,778753.15,,32.49,EQ
10-03-2003,32.45,32.75,32.4,32.55,32.55,38.0,22.0,32624,1063062.45,,32.59,EQ
11-03-2003,32.25,32.55,32.25,32.5,32.5,38.0,22.0,31095,1010523.5,,32.5,EQ
12-03-2003,32.45,32.7,32.4,32.5,32.5,38.0,22.0,21455,697557.5,,32.51,EQ
13-03-2003,32.4,32.6,32.4,32.5,32.5,38.0,22.0,51895,1686532.1,,32.5,EQ
17-03-2003,32.4,33.2,32.4,33.0,33.0,38.0,22.0,40376,1329312.5,,32.92,EQ
19-03-2003,32.05,33.15,32.05,33.0,33.05,38.0,22.0,23486,774573.0,,32.98,EQ
20-03-2003,32.7,33.1,32.65,33.0,33.0,38.0,22.0,18181,599401.4,,32.97,EQ
21-03-2003,33.0,33.1,33.0,33.0,33.0,38.0,22.0,14539,479927.0,,33.01,EQ
22-03-2003,33.0,33.0,32.55,32.75,32.55,38.0,22.0,4742,155464.7,,32.78,EQ
24-03-2003,32.5,33.5,32.5,33.5,33.5,38.0,22.0,47726,1587668.0,,33.27,EQ
25-03-2003,32.25,33.55,32.25,33.5,33.5,38.0,22.0,36341,1214208.55,,33.41,EQ
26-03-2003,33.3,33.75,33.15,33.5,33.5,38.0,22.0,59865,2003464.35,,33.47,EQ
27-03-2003,33.35,33.65,33.35,33.5,33.5,38.0,22.0,13763,461266.85,,33.51,EQ
28-03-2003,33.4,33.6,33.4,33.5,33.5,38.0,22.0,15479,518534.5,,33.5,EQ
31-03-2003,33.35,33.7,33.35,33.5,33.5,38.0,22.0,21307,714012.75,,33.51,EQ
01-04-2003,33.5,34.0,33.5,33.9,34.0,38.0,22.0,8711,293525.25,,33.7,EQ
02-04-2003,33.75,34.2,33.75,34.05,34.0,38.0,22.0,9418,320354.25,,34.02,EQ
03-04-2003,34.25,34.25,33.8,34.05,34.0,38.0,22.0,5871,199841.5,,34.04,EQ
04-04-2003,34.45,34.45,34.0,34.2,34.05,38.0,22.0,9302,316905.0,,34.07,EQ
07-04-2003,34.05,34.25,33.55,34.1,34.0,38.0,22.0,13663,464902.45,,34.03,EQ
08-04-2003,33.6,34.55,33.6,34.35,34.2,38.0,22.0,98576,3379809.05,,34.29,EQ
09-04-2003,34.85,34.85,34.1,34.45,34.35,38.0,22.0,27929,959351.55,,34.35,EQ
10-04-2003,34.4,34.65,34.4,34.5,34.5,38.0,22.0,20379,703257.95,,34.51,EQ
11-04-2003,34.55,34.75,34.5,34.65,34.75,38.0,22.0,12443,430519.55,,34.6,EQ
15-04-2003,34.25,35.7,34.25,35.5,35.5,38.0,22.0,37229,1306529.6,,35.09,EQ
16-04-2003,35.35,36.0,35.35,35.95,36.0,38.0,22.0,88002,3133260.55,,35.6,EQ
17-04-2003,35.65,36.15,35.65,36.05,36.0,38.0,22.0,47249,1698081.55,,35.94,EQ
21-04-2003,36.1,36.8,35.8,36.65,36.65,38.0,22.0,34501,1250782.65,,36.25,EQ
22-04-2003,36.55,36.6,36.35,36.5,36.5,38.0,22.0,23224,847757.95,,36.5,EQ
23-04-2003,36.5,37.1,36.1,36.8,37.1,38.0,22.0,33020,1211505.3,,36.69,EQ
24-04-2003,36.8,37.0,36.5,36.5,36.5,38.0,22.0,21019,768694.5,,36.57,EQ
25-04-2003,36.5,37.05,36.5,36.95,37.05,38.0,22.0,49019,1805539.35,,36.83,EQ
28-04-2003,36.75,37.0,36.5,36.5,36.5,38.0,22.0,25994,951620.15,,36.61,EQ
29-04-2003,36.5,37.1,36.25,36.85,36.5,38.0,22.0,55745,2057271.1,,36.91,EQ
30-04-2003,36.95,37.1,36.95,37.0,37.0,38.0,22.0,39593,1465078.6,,37.0,EQ
02-05-2003,36.9,37.6,36.9,37.4,37.3,38.0,22.0,46586,1730704.7,,37.15,EQ
05-05-2003,37.5,37.55,37.1,37.45,37.5,38.0,22.0,33894,1267716.1,,37.4,EQ
06-05-2003,31.0,37.65,31.0,37.5,37.5,38.0,22.0,45985,1717040.45,,37.34,EQ
07-05-2003,37.15,37.65,37.15,37.5,37.55,38.0,22.0,24911,933360.25,,37.47,EQ
08-05-2003,37.4,37.6,37.05,37.45,37.5,38.0,22.0,43544,1628648.0,,37.4,EQ
09-05-2003,37.05,37.6,37.05,37.5,37.5,38.0,22.0,32243,1209168.95,,37.5,EQ
12-05-2003,37.4,38.15,37.35,38.0,38.05,38.0,22.0,44283,1679497.7,,37.93,EQ
13-05-2003,38.15,38.2,38.0,38.0,38.0,38.15,22.0,25589,973074.9,,38.03,EQ
14-05-2003,37.65,39.9,37.65,37.95,37.75,38.2,22.0,42695,1628203.75,,38.14,EQ
15-05-2003,38.25,38.4,38.0,38.0,38.0,39.9,22.0,32581,1238349.65,,38.01,EQ
16-05-2003,38.0,38.25,38.0,38.0,38.05,39.9,22.0,22101,839970.35,,38.01,EQ
19-05-2003,36.55,38.75,36.55,38.5,38.5,39.9,22.0,41228,1584901.8,,38.44,EQ
20-05-2003,38.3,38.6,38.3,38.5,38.5,39.9,22.0,20381,784333.65,,38.48,EQ
21-05-2003,38.75,38.75,38.35,38.65,38.6,39.9,22.0,25361,978421.05,,38.58,EQ
22-05-2003,38.4,39.1,38.4,38.95,39.0,39.9,22.0,59831,2325581.25,,38.87,EQ
23-05-2003,38.9,39.2,38.75,39.0,39.0,39.9,22.0,38988,1519663.25,,38.98,EQ
26-05-2003,39.05,40.25,39.0,40.05,40.05,39.9,22.0,94888,3771428.8,,39.75,EQ
27-05-2003,40.15,40.85,39.75,40.0,40.0,40.25,23.75,41906,1679269.2,,40.07,EQ
28-05-2003,40.0,40.7,40.0,40.55,40.5,40.85,23.75,51571,2079312.35,,40.32,EQ
29-05-2003,41.0,41.0,40.5,40.65,40.6,40.85,23.75,37710,1531686.4,,40.62,EQ
30-05-2003,38.5,39.6,38.4,39.35,39.6,41.0,23.75,65087,2541497.8,,39.05,EQ
02-06-2003,39.1,40.25,39.0,40.0,40.1,41.0,23.75,293421,11683359.05,,39.82,EQ
03-06-2003,39.35,40.25,39.35,39.95,40.1,41.0,23.75,66362,2653120.5,,39.98,EQ
04-06-2003,40.0,40.3,39.6,39.95,40.05,41.0,23.75,65306,2609602.05,,39.96,EQ
05-06-2003,39.65,40.35,39.65,40.2,40.15,41.0,23.75,59739,2394020.75,,40.07,EQ
06-06-2003,40.5,40.5,39.85,40.05,40.05,41.0,23.75,36179,1449554.1,,40.07,EQ
09-06-2003,40.0,40.4,39.9,40.25,40.3,41.0,23.75,38277,1536670.45,,40.15,EQ
10-06-2003,40.35,40.35,40.0,40.15,40.2,41.0,23.75,40744,1636024.5,,40.15,EQ
11-06-2003,40.0,40.2,39.65,39.9,39.7,41.0,23.75,30416,1216509.2,,40.0,EQ
12-06-2003,40.2,40.2,39.85,40.0,40.1,41.0,23.75,81383,3255110.15,,40.0,EQ
13-06-2003,40.15,40.9,38.4,40.0,40.0,41.0,23.75,71693,2857652.75,,39.86,EQ
16-06-2003,40.0,40.3,40.0,40.15,40.3,41.0,23.75,73962,2966198.2,,40.1,EQ
17-06-2003,40.0,40.3,39.85,40.15,40.1,41.0,26.75,57120,2293051.8,,40.14,EQ
18-06-2003,40.25,40.25,39.0,39.85,40.0,41.0,26.75,31736,1262962.35,,39.8,EQ
19-06-2003,39.8,40.15,39.4,39.9,39.7,41.0,26.75,39542,1577253.85,,39.89,EQ
20-06-2003,39.75,40.05,39.5,39.9,39.65,41.0,26.75,62204,2481348.7,,39.89,EQ
23-06-2003,39.7,40.0,39.7,39.8,39.7,41.0,26.75,55404,2211887.95,,39.92,EQ
24-06-2003,39.7,40.15,39.7,40.1,40.1,41.0,26.75,66412,2655864.5,,39.99,EQ
25-06-2003,39.6,40.0,39.6,39.7,39.65,41.0,26.75,56082,2237984.7,,39.91,EQ
26-06-2003,39.6,41.45,39.5,40.7,41.4,41.0,26.75,144798,5837466.9,,40.31,EQ
27-06-2003,42.5,46.85,41.85,44.0,44.0,41.45,26.75,145025,6455342.25,,44.51,EQ
30-06-2003,43.5,44.75,42.05,44.0,43.95,46.85,26.75,131254,5782452.15,,44.06,EQ
01-07-2003,43.3,44.5,42.0,42.35,42.0,46.85,26.75,45665,1966133.75,,43.06,EQ
02-07-2003,39.0,46.0,39.0,45.25,45.25,46.85,26.75,183147,8198993.75,,44.77,EQ
03-07-2003,42.0,49.0,42.0,45.0,44.9,46.85,26.75,116213,5371133.0,,46.22,EQ
04-07-2003,43.5,46.0,43.5,44.8,44.5,49.0,26.75,64020,2883037.65,,45.03,EQ
07-07-2003,43.0,45.0,43.0,43.0,43.0,49.0,26.75,31741,1383492.45,,43.59,EQ
08-07-2003,39.0,43.8,39.0,40.35,40.95,49.0,26.75,61799,2602207.15,,42.11,EQ
09-07-2003,39.1,41.5,39.1,39.8,40.05,49.0,26.75,40136,1617814.75,,40.31,EQ
10-07-2003,36.0,40.25,36.0,39.65,39.5,49.0,26.75,34653,1376474.35,,39.72,EQ
11-07-2003,39.25,40.25,39.25,40.0,40.05,49.0,26.75,45196,1803143.95,,39.9,EQ
14-07-2003,39.55,41.0,39.1,39.25,39.1,49.0,26.75,30459,1218096.85,,39.99,EQ
15-07-2003,35.1,40.9,35.1,38.15,38.1,49.0,26.75,28124,1101358.65,,39.16,EQ
16-07-2003,38.05,40.0,38.05,39.7,40.0,49.0,26.75,33452,1309920.6,,39.16,EQ
17-07-2003,37.1,39.9,37.1,38.9,39.0,49.0,26.75,26967,1055776.0,,39.15,EQ
18-07-2003,38.05,44.2,38.05,43.3,43.5,49.0,26.75,188999,7929135.15,,41.95,EQ
21-07-2003,40.1,44.4,40.0,41.1,41.0,49.0,26.75,53988,2274251.75,,42.13,EQ
22-07-2003,43.05,43.05,40.25,40.9,41.0,49.0,26.75,72296,2983380.2,,41.27,EQ
23-07-2003,40.0,41.9,40.0,40.1,40.1,49.0,26.75,37489,1531833.55,,40.86,EQ
24-07-2003,39.25,41.25,39.25,39.8,40.0,49.0,26.75,31460,1259430.9,,40.03,EQ
25-07-2003,39.1,40.8,39.1,40.2,39.95,49.0,26.75,46987,1889957.0,,40.22,EQ
28-07-2003,38.1,40.8,38.1,39.0,39.0,49.0,26.75,57785,2289260.05,,39.62,EQ
29-07-2003,38.2,39.05,38.2,38.45,38.5,49.0,26.75,35796,1379583.5,,38.54,EQ
30-07-2003,38.25,39.75,38.25,39.05,39.2,49.0,26.75,48787,1905010.0,,39.05,EQ
31-07-2003,38.3,38.7,36.05,36.45,36.7,49.0,26.75,125881,4684260.3,,37.21,EQ
01-08-2003,32.0,39.0,32.0,38.7,39.0,49.0,26.75,114142,4298220.65,,37.66,EQ
04-08-2003,38.0,39.0,37.7,38.05,37.9,49.0,26.75,68424,2627755.25,,38.4,EQ
05-08-2003,35.0,39.95,35.0,38.55,38.55,49.0,26.75,82287,3214702.8,,39.07,EQ
06-08-2003,35.5,46.3,35.5,45.4,45.7,49.0,26.75,609412,26504433.1,,43.49,EQ
07-08-2003,46.6,47.45,44.1,45.35,45.05,49.0,26.75,681902,31354300.1,,45.98,EQ
08-08-2003,45.05,46.9,42.5,43.0,42.5,49.0,26.75,256773,11325185.95,,44.11,EQ
11-08-2003,43.05,46.4,42.2,45.4,45.8,49.0,26.75,339216,15292269.25,,45.08,EQ
12-08-2003,46.0,47.9,43.5,44.05,44.2,49.0,26.75,320550,14700837.15,,45.86,EQ
13-08-2003,45.4,46.85,44.1,44.8,44.35,49.0,26.75,231781,10550328.25,,45.52,EQ
14-08-2003,45.95,50.45,45.85,48.75,49.1,49.0,26.75,800110,38859057.55,,48.57,EQ
18-08-2003,49.5,52.0,49.35,50.0,49.8,50.45,26.75,284892,14312539.4,,50.24,EQ
19-08-2003,49.9,51.35,45.3,46.8,47.0,52.0,26.75,205724,9860667.4,,47.93,EQ
20-08-2003,47.5,48.9,46.0,46.6,47.35,52.0,26.75,126485,6012088.85,,47.53,EQ
21-08-2003,46.2,47.35,45.75,46.05,45.8,52.0,26.75,94318,4393633.65,,46.58,EQ
22-08-2003,43.1,53.0,43.1,50.2,50.55,52.0,26.75,388927,19473971.9,,50.07,EQ
25-08-2003,50.25,52.0,43.0,47.25,47.0,53.0,26.75,261544,12670007.25,,48.44,EQ
26-08-2003,44.35,52.35,44.35,51.8,52.25,53.0,26.75,409063,20944354.9,,51.2,EQ
27-08-2003,52.95,60.5,52.5,59.1,58.75,53.0,26.75,1156743,66276356.15,,57.3,EQ
28-08-2003,60.3,60.3,55.0,55.5,55.5,60.5,26.75,278111,15812779.9,,56.86,EQ
29-08-2003,56.0,59.4,56.0,56.6,56.25,60.5,26.75,398148,23087782.85,,57.99,EQ
01-09-2003,57.0,59.0,55.05,55.55,55.1,60.5,26.75,260791,14829797.75,,56.86,EQ
02-09-2003,55.55,61.9,55.55,58.75,58.95,60.5,26.75,522282,31167005.6,,59.67,EQ
03-09-2003,60.0,63.75,58.75,60.2,61.6,61.9,26.75,886765,54271533.0,,61.2,EQ
04-09-2003,60.25,61.5,56.0,59.0,58.05,63.75,26.75,251420,14859400.1,,59.1,EQ
05-09-2003,53.15,59.0,53.15,57.8,57.8,63.75,26.75,123955,7147232.0,,57.66,EQ
08-09-2003,54.0,60.05,54.0,59.2,59.55,63.75,26.75,288074,16749157.15,,58.14,EQ
09-09-2003,60.05,62.7,60.05,61.95,61.5,63.75,26.75,589996,36313106.8,,61.55,EQ
10-09-2003,62.0,62.0,57.7,58.45,57.9,63.75,26.75,156694,9281133.45,,59.23,EQ
11-09-2003,55.1,59.5,55.1,57.95,57.6,63.75,26.75,78149,4576107.4,,58.56,EQ
12-09-2003,55.1,59.6,53.05,55.9,55.5,63.75,26.75,181154,10110789.2,,55.81,EQ
15-09-2003,53.05,56.45,53.05,53.9,53.7,63.75,26.75,67541,3675243.35,,54.41,EQ
16-09-2003,52.5,55.5,52.5,54.7,55.0,63.75,26.75,59887,3234704.1,,54.01,EQ
17-09-2003,55.0,56.9,55.0,56.1,56.0,63.75,26.75,70955,3977461.55,,56.06,EQ
18-09-2003,56.0,59.0,56.0,56.65,56.8,63.75,26.75,177789,10157999.0,,57.14,EQ
19-09-2003,56.9,57.4,53.6,54.9,54.2,63.75,26.75,83955,4624257.7,,55.08,EQ
22-09-2003,54.2,55.65,53.5,53.75,54.05,63.75,26.75,36192,1974248.95,,54.55,EQ
23-09-2003,49.0,55.4,49.0,54.7,55.0,63.75,26.75,49820,2683871.45,,53.87,EQ
24-09-2003,52.5,57.0,52.5,55.4,56.5,63.75,26.75,95698,5217877.45,,54.52,EQ
25-09-2003,52.95,55.45,52.95,54.35,54.3,63.75,26.75,49463,2688660.05,,54.36,EQ
26-09-2003,52.05,56.9,52.05,55.05,54.95,63.75,26.75,102684,5705468.3,,55.56,EQ
29-09-2003,54.0,55.45,53.8,54.45,54.2,63.75,26.75,71881,3920559.15,,54.54,EQ
30-09-2003,51.15,56.0,51.15,55.1,55.0,63.75,26.75,78518,4293817.4,,54.69,EQ
01-10-2003,54.1,59.0,54.1,55.85,56.0,63.75,26.75,115265,6559674.15,,56.91,EQ
03-10-2003,57.9,57.9,54.0,54.7,54.7,63.75,26.75,73959,4091030.85,,55.31,EQ
06-10-2003,50.1,57.0,50.1,54.95,55.15,63.75,26.75,80826,4473612.15,,55.35,EQ
07-10-2003,51.15,55.9,51.15,55.1,54.85,63.75,26.75,94338,5209787.0,,55.22,EQ
08-10-2003,52.1,55.25,52.1,54.25,54.2,63.75,26.75,65370,3564951.15,,54.53,EQ
09-10-2003,53.5,57.0,53.5,55.3,55.25,63.75,26.75,206457,11508784.25,,55.74,EQ
10-10-2003,56.0,56.0,53.1,53.45,54.0,63.75,26.75,121684,6656465.25,,54.7,EQ
13-10-2003,53.55,56.4,53.0,55.3,54.95,63.75,26.75,185543,10136657.95,,54.63,EQ
14-10-2003,54.9,55.6,52.55,52.95,53.0,63.75,26.75,109391,5856640.15,,53.54,EQ
15-10-2003,48.0,54.0,48.0,51.35,51.1,63.75,26.75,103941,5408060.15,,52.03,EQ
16-10-2003,47.0,53.2,47.0,51.7,51.4,63.75,26.75,77339,4047200.7,,52.33,EQ
17-10-2003,51.0,52.9,50.25,50.5,51.0,63.75,26.75,87241,4456252.55,,51.08,EQ
20-10-2003,50.2,51.7,49.0,49.05,49.3,63.75,26.75,70205,3517734.6,,50.11,EQ
21-10-2003,44.0,49.5,44.0,47.15,47.0,63.75,26.75,72081,3474978.9,,48.21,EQ
22-10-2003,42.0,48.0,42.0,46.45,47.0,63.75,26.75,58470,2727167.85,,46.64,EQ
23-10-2003,45.0,48.9,45.0,47.25,47.95,63.75,26.75,66840,3191382.4,,47.75,EQ
24-10-2003,46.2,54.0,46.2,52.05,52.2,63.75,26.75,132379,6759250.7,,51.06,EQ
25-10-2003,52.0,53.55,51.05,52.0,52.55,63.75,26.75,59765,3107048.55,,51.99,EQ
27-10-2003,52.0,54.7,51.0,53.05,53.05,63.75,26.75,164696,8747393.9,,53.11,EQ
28-10-2003,52.2,54.5,52.2,53.65,53.95,63.75,26.75,169703,9074973.9,,53.48,EQ
29-10-2003,52.5,54.0,50.4,51.1,50.5,63.75,26.75,71058,3666962.55,,51.61,EQ
30-10-2003,46.0,52.85,46.0,51.95,51.9,63.75,26.75,44642,2318231.35,,51.93,EQ
31-10-2003,51.9,53.0,50.6,51.4,51.35,63.75,26.75,105668,5489789.65,,51.95,EQ
03-11-2003,47.5,52.0,47.5,49.1,49.05,63.75,26.75,127233,6370335.05,,50.07,EQ
04-11-2003,49.0,52.25,49.0,51.65,52.0,63.75,26.75,187007,9414327.4,,50.34,EQ
05-11-2003,51.3,54.1,50.85,52.6,52.9,63.75,26.75,170301,8991190.2,,52.8,EQ
06-11-2003,51.0,55.5,51.0,54.9,55.0,63.75,26.75,157576,8531737.45,,54.14,EQ
07-11-2003,55.0,57.6,52.5,57.1,56.6,63.75,26.75,358805,20100721.4,,56.02,EQ
10-11-2003,57.8,59.0,56.5,57.75,57.25,63.75,26.75,182576,10543216.45,,57.75,EQ
11-11-2003,58.5,63.0,58.25,58.95,59.15,63.75,26.75,348687,20854784.35,,59.81,EQ
12-11-2003,59.7,63.0,59.4,60.95,60.9,63.75,26.75,525601,32377225.9,,61.6,EQ
13-11-2003,61.9,65.75,61.7,62.9,62.65,63.75,26.75,902529,58028937.05,,64.3,EQ
14-11-2003,62.9,63.0,58.5,58.95,58.85,65.75,26.75,220008,13227818.8,,60.12,EQ
15-11-2003,59.75,62.0,58.5,60.9,61.5,65.75,26.75,44466,2674998.6,,60.16,EQ
17-11-2003,61.95,61.95,59.1,60.25,60.0,65.75,26.75,119824,7198930.35,,60.08,EQ
18-11-2003,58.0,66.3,58.0,65.6,65.5,65.75,26.75,664337,42774491.4,,64.39,EQ
19-11-2003,65.0,68.0,62.55,63.25,62.9,66.3,26.75,666658,43879212.85,,65.82,EQ
20-11-2003,62.95,63.7,60.25,60.6,60.85,68.0,26.75,205881,12757515.35,,61.97,EQ
21-11-2003,57.0,61.35,57.0,59.9,59.5,68.0,26.75,158644,9437806.75,,59.49,EQ
24-11-2003,60.5,61.45,59.9,60.75,61.25,68.0,26.75,126484,7667070.55,,60.62,EQ
25-11-2003,62.0,64.8,61.15,62.5,63.05,68.0,26.75,295590,18617361.25,,62.98,EQ
27-11-2003,63.2,63.55,62.5,63.05,63.1,68.0,26.75,134447,8474525.85,,63.03,EQ
28-11-2003,63.5,63.7,60.35,61.35,62.0,68.0,26.75,98979,6108290.45,,61.71,EQ
01-12-2003,61.0,62.5,59.75,60.1,59.75,68.0,26.75,114856,6981039.4,,60.78,EQ
02-12-2003,54.0,61.5,54.0,59.55,60.0,68.0,26.75,91797,5502826.25,,59.95,EQ
03-12-2003,59.15,62.5,59.15,60.95,61.0,68.0,26.75,163336,9929701.6,,60.79,EQ
04-12-2003,60.1,62.7,59.65,60.05,60.5,68.0,26.75,168643,10282018.3,,60.97,EQ
05-12-2003,62.0,62.8,59.6,60.25,60.85,68.0,26.75,208854,12831662.5,,61.44,EQ
08-12-2003,60.5,61.6,59.3,60.85,61.15,68.0,26.75,107251,6525965.85,,60.85,EQ
09-12-2003,62.0,62.5,60.3,61.4,61.5,68.0,26.75,153694,9468017.25,,61.6,EQ
10-12-2003,61.9,62.0,60.55,61.2,61.3,68.0,26.75,105969,6494295.5,,61.28,EQ
11-12-2003,60.55,61.75,60.1,60.65,60.9,68.0,26.75,101253,6159616.9,,60.83,EQ
12-12-2003,60.5,62.0,59.5,61.2,62.0,68.0,26.75,124311,7527228.0,,60.55,EQ
15-12-2003,60.4,62.25,60.4,60.85,61.0,68.0,26.75,129101,7926726.65,,61.4,EQ
16-12-2003,60.5,65.0,59.6,63.25,63.5,68.0,26.75,415844,26356017.55,,63.38,EQ
17-12-2003,64.2,64.9,61.55,61.8,61.85,68.0,26.75,165757,10400193.05,,62.74,EQ
18-12-2003,61.5,65.1,61.5,64.1,65.0,68.0,26.75,248325,15772284.3,,63.51,EQ
19-12-2003,65.2,68.0,65.2,67.2,67.25,68.0,26.75,544030,36234161.8,,66.6,EQ
22-12-2003,67.25,70.3,67.25,68.5,68.5,68.0,26.75,530497,36677821.8,,69.14,EQ
23-12-2003,65.4,71.25,65.4,67.65,68.0,70.3,26.75,715788,48876929.3,,68.28,EQ
24-12-2003,68.45,69.75,67.3,68.35,68.25,71.25,26.75,171986,11809115.65,,68.66,EQ
26-12-2003,64.0,74.9,64.0,73.35,74.9,71.25,26.75,880802,63235991.1,,71.79,EQ
29-12-2003,75.0,79.45,75.0,77.95,78.75,74.9,26.75,1118502,86688450.9,,77.5,EQ
30-12-2003,78.2,81.4,74.1,77.85,77.7,79.45,26.75,934734,73397168.3,,78.52,EQ
31-12-2003,78.0,83.0,76.2,82.15,82.5,81.4,26.75,887129,71506728.95,,80.6,EQ
01-01-2004,82.0,83.8,80.1,80.65,80.4,83.0,26.75,305631,24890327.0,,81.44,EQ
02-01-2004,74.0,82.0,74.0,78.75,79.15,83.8,26.75,241470,19361419.45,,80.18,EQ
05-01-2004,74.0,79.8,74.0,78.85,79.2,83.8,26.75,284573,22509270.4,,79.1,EQ
06-01-2004,78.15,84.55,78.15,81.8,81.45,83.8,28.75,870522,71813166.2,,82.49,EQ
07-01-2004,76.0,83.25,75.5,78.4,78.8,84.55,28.75,336345,26569645.1,,79.0,EQ
08-01-2004,73.0,80.75,73.0,78.25,78.25,84.55,28.75,150596,11851701.65,,78.7,EQ
09-01-2004,74.1,80.3,74.1,75.35,75.6,84.55,28.75,155527,11931163.3,,76.71,EQ
12-01-2004,76.0,76.25,72.05,72.6,72.9,84.55,28.75,107364,7881919.6,,73.41,EQ
13-01-2004,68.0,75.5,68.0,73.65,73.95,84.55,29.0,143872,10587142.4,,73.59,EQ
14-01-2004,74.0,83.95,73.4,81.15,81.7,84.55,29.0,777620,62352972.8,,80.18,EQ
15-01-2004,81.7,84.4,75.0,75.85,75.75,84.55,29.0,1363496,108214191.6,,79.37,EQ
16-01-2004,71.0,78.0,70.05,72.05,72.3,84.55,29.0,480436,35334010.8,,73.55,EQ
19-01-2004,71.0,73.8,69.05,70.25,70.3,84.55,29.0,214368,15129665.85,,70.58,EQ
20-01-2004,66.0,74.15,66.0,67.55,66.25,84.55,29.55,202850,14213463.85,,70.07,EQ
21-01-2004,61.0,67.8,57.1,58.0,59.85,84.55,29.55,285352,17726090.55,,62.12,EQ
22-01-2004,57.3,61.3,53.5,54.25,54.6,84.55,29.55,298039,17137124.85,,57.5,EQ
23-01-2004,54.25,65.1,54.25,63.9,65.0,84.55,29.55,408824,24507132.9,,59.95,EQ
27-01-2004,59.0,64.8,55.9,63.25,63.4,84.55,29.55,213235,13529535.5,,63.45,EQ
28-01-2004,59.0,63.35,59.0,60.4,61.0,84.55,29.55,157436,9679448.25,,61.48,EQ
29-01-2004,72.0,72.0,57.3,57.75,58.5,84.55,29.55,213635,12509685.5,,58.56,EQ
30-01-2004,60.9,60.9,56.75,57.15,57.5,84.55,29.55,144854,8438135.05,,58.25,EQ
03-02-2004,58.0,58.0,54.0,54.35,54.75,84.55,29.55,129940,7205559.6,,55.45,EQ
04-02-2004,54.9,56.8,53.55,56.3,56.25,84.55,30.0,158678,8789603.7,,55.39,EQ
05-02-2004,57.2,57.2,52.55,52.9,53.15,84.55,30.0,219752,11983091.75,,54.53,EQ
06-02-2004,53.5,55.0,51.15,51.95,52.15,84.55,30.0,315636,16657424.7,,52.77,EQ
09-02-2004,53.3,55.0,52.8,54.4,54.6,84.55,30.0,166525,8948804.45,,53.74,EQ
10-02-2004,55.2,55.4,53.5,53.95,53.75,84.55,30.5,156936,8539110.2,,54.41,EQ
11-02-2004,55.0,55.0,53.1,53.7,53.7,84.55,30.5,114902,6213223.6,,54.07,EQ
12-02-2004,54.0,55.0,53.25,53.85,54.5,84.55,30.5,123245,6647775.65,,53.94,EQ
13-02-2004,53.85,59.45,53.1,57.0,57.15,84.55,30.5,365746,20756606.15,,56.75,EQ
16-02-2004,58.0,58.5,56.7,57.1,57.3,84.55,30.5,238065,13723593.8,,57.65,EQ
17-02-2004,57.1,57.6,55.05,55.45,55.45,84.55,30.5,110299,6180972.1,,56.04,EQ
18-02-2004,56.0,58.3,55.0,56.65,56.95,84.55,30.5,186956,10682228.65,,57.14,EQ
19-02-2004,56.65,56.85,54.5,54.7,54.8,84.55,30.5,132759,7363826.85,,55.47,EQ
20-02-2004,54.75,55.2,53.5,53.95,54.0,84.55,30.5,97792,5285887.15,,54.05,EQ
23-02-2004,54.5,54.75,52.0,52.45,52.6,84.55,30.5,86037,4576234.05,,53.19,EQ
24-02-2004,52.75,53.0,51.25,52.6,52.8,84.55,31.0,78975,4135756.75,,52.37,EQ
25-02-2004,52.95,53.5,52.0,52.2,52.25,84.55,31.0,69295,3653902.55,,52.73,EQ
26-02-2004,52.4,53.25,51.15,52.05,52.05,84.55,31.0,116776,6115346.2,,52.37,EQ
27-02-2004,52.5,52.95,50.5,51.15,50.5,84.55,31.0,73115,3763187.1,,51.47,EQ
01-03-2004,51.5,52.1,51.25,51.65,51.95,84.55,31.0,81107,4186800.8,,51.62,EQ
03-03-2004,51.15,54.85,51.15,53.8,54.8,84.55,31.0,147753,7832887.55,,53.01,EQ
04-03-2004,54.5,56.4,54.0,55.65,55.9,84.55,31.0,201126,11058656.1,,54.98,EQ
05-03-2004,55.9,56.0,53.85,54.3,54.35,84.55,31.0,61250,3355061.55,,54.78,EQ
08-03-2004,55.4,55.45,53.5,55.05,55.0,84.55,31.0,74500,4061764.7,,54.52,EQ
09-03-2004,54.15,54.5,53.1,53.4,53.25,84.55,31.0,47474,2547304.15,,53.66,EQ
10-03-2004,52.15,54.0,52.15,53.35,53.15,84.55,31.0,50265,2678453.9,,53.29,EQ
11-03-2004,53.5,54.9,51.5,51.95,51.5,84.55,31.0,55618,2927812.2,,52.64,EQ
12-03-2004,52.6,52.75,51.0,52.3,52.1,84.55,31.0,54724,2837428.55,,51.85,EQ
15-03-2004,53.5,53.85,50.0,50.1,50.1,84.55,31.0,65220,3327674.3,,51.02,EQ
16-03-2004,50.5,50.85,48.5,48.75,48.5,84.55,31.0,71649,3556635.15,,49.64,EQ
17-03-2004,49.9,51.5,48.8,49.2,49.05,84.55,31.0,73006,3618317.55,,49.56,EQ
18-03-2004,50.0,50.0,48.0,48.05,48.0,84.55,31.0,47765,2319025.85,,48.55,EQ
19-03-2004,48.0,50.75,46.5,50.5,50.55,84.55,31.0,99603,4866402.9,,48.86,EQ
22-03-2004,48.3,49.75,47.85,49.0,49.15,84.55,31.0,68250,3320675.4,,48.65,EQ
23-03-2004,45.6,48.5,45.6,46.2,46.1,84.55,31.0,152918,7169835.5,,46.89,EQ
24-03-2004,47.0,47.7,45.5,46.05,45.9,84.55,31.0,108463,5060121.5,,46.65,EQ
25-03-2004,47.2,47.7,46.2,47.3,47.5,84.55,31.0,108071,5079881.25,,47.01,EQ
26-03-2004,48.0,52.5,47.1,50.15,50.1,84.55,31.0,213339,10654888.45,,49.94,EQ
29-03-2004,52.7,52.7,45.0,47.75,47.5,84.55,31.0,110963,5389530.45,,48.57,EQ
30-03-2004,48.2,50.5,48.2,49.0,49.0,84.55,31.0,134355,6663514.55,,49.6,EQ
31-03-2004,48.5,51.0,47.65,49.75,51.0,84.55,31.0,132949,6601929.85,,49.66,EQ
01-04-2004,51.5,53.9,51.0,53.35,53.7,84.55,31.0,111407,5857793.25,,52.58,EQ
02-04-2004,54.0,55.35,52.7,54.0,54.1,84.55,31.0,87813,4746264.45,,54.05,EQ
05-04-2004,55.85,59.2,54.75,57.8,58.0,84.55,31.0,247826,14249241.3,,57.5,EQ
06-04-2004,58.7,58.7,55.9,57.35,57.3,84.55,31.0,165619,9418241.1,,56.87,EQ
07-04-2004,57.5,57.75,56.0,56.55,56.2,84.55,31.0,84616,4797541.55,,56.7,EQ
08-04-2004,56.35,60.0,56.0,59.55,59.75,84.55,31.0,226710,13245806.55,,58.43,EQ
12-04-2004,60.8,62.0,57.0,59.25,59.5,84.55,31.0,496978,29875182.35,,60.11,EQ
13-04-2004,60.0,60.45,57.05,57.7,57.5,84.55,31.0,240661,14000133.65,,58.17,EQ
15-04-2004,58.0,58.5,57.0,57.1,57.4,84.55,31.0,123150,7111768.3,,57.75,EQ
16-04-2004,56.0,58.5,56.0,57.1,57.1,84.55,31.0,100382,5774277.25,,57.52,EQ
17-04-2004,57.0,57.95,57.0,57.65,57.65,84.55,31.0,33797,1941716.2,,57.45,EQ
19-04-2004,58.1,59.6,56.1,56.6,56.1,84.55,31.0,108597,6284302.95,,57.87,EQ
20-04-2004,57.1,57.75,55.85,57.4,57.3,84.55,31.0,98579,5597598.85,,56.78,EQ
21-04-2004,57.1,58.6,57.05,57.35,57.5,84.55,31.0,109648,6330495.4,,57.73,EQ
22-04-2004,57.5,60.4,56.9,57.25,57.6,84.55,31.0,330306,19289138.8,,58.4,EQ
23-04-2004,57.85,58.75,57.3,57.6,57.75,84.55,31.0,109818,6370577.4,,58.01,EQ
27-04-2004,55.0,56.3,54.05,54.35,54.05,84.55,31.0,128878,7103141.25,,55.12,EQ
28-04-2004,51.25,56.0,51.25,54.4,54.4,84.55,31.0,170146,9390301.2,,55.19,EQ
29-04-2004,55.4,57.0,54.55,56.4,56.95,84.55,31.0,118004,6536958.0,,55.4,EQ
30-04-2004,55.8,56.85,55.5,55.7,55.75,84.55,31.0,73104,4085593.2,,55.89,EQ
03-05-2004,55.0,57.3,54.55,56.9,57.0,84.55,31.0,127584,7119708.1,,55.8,EQ
04-05-2004,57.3,57.95,55.0,55.1,55.1,84.55,31.0,107191,5987130.5,,55.85,EQ
05-05-2004,55.7,56.75,55.1,55.85,55.85,84.55,31.0,147516,8239297.15,,55.85,EQ
06-05-2004,56.5,58.25,56.05,57.95,57.8,84.55,31.0,97257,5553459.65,,57.1,EQ
07-05-2004,57.8,58.6,56.25,58.1,58.6,84.55,31.0,126334,7285463.15,,57.67,EQ
10-05-2004,57.1,60.0,57.0,59.0,59.2,84.55,31.0,183801,10819922.95,,58.87,EQ
11-05-2004,59.0,59.0,55.25,55.95,55.55,84.55,32.0,121231,6927646.1,,57.14,EQ
12-05-2004,57.4,57.4,55.15,55.45,55.35,84.55,32.0,83854,4690709.0,,55.94,EQ
13-05-2004,51.3,57.3,51.3,56.55,56.5,84.55,32.0,124162,6966361.55,,56.11,EQ
14-05-2004,57.5,58.95,50.0,50.55,50.0,84.55,32.0,180517,9504351.8,,52.65,EQ
17-05-2004,49.1,49.8,45.0,48.75,49.0,84.55,32.0,123151,5940670.2,,48.24,EQ
18-05-2004,49.0,51.0,48.05,48.95,49.0,84.55,32.0,147536,7247818.2,,49.13,EQ
19-05-2004,50.8,52.5,50.0,52.0,52.0,84.55,32.0,109511,5640053.1,,51.5,EQ
20-05-2004,53.9,57.0,52.0,52.3,52.5,84.55,32.0,107824,5718055.7,,53.03,EQ
21-05-2004,52.5,52.5,50.15,51.65,52.0,84.55,32.0,70756,3642034.35,,51.47,EQ
24-05-2004,52.15,55.4,52.15,55.1,55.35,84.55,32.0,106960,5833860.7,,54.54,EQ
25-05-2004,55.15,56.0,53.5,55.1,55.1,84.55,32.0,95993,5280250.55,,55.01,EQ
26-05-2004,57.0,59.25,55.5,58.2,59.0,84.55,32.0,259515,14921056.85,,57.5,EQ
27-05-2004,59.75,64.0,59.55,63.25,63.65,84.55,32.0,1005642,63012459.8,,62.66,EQ
28-05-2004,61.0,62.25,56.6,57.5,57.1,84.55,32.0,326125,19522061.1,,59.86,EQ
31-05-2004,58.65,58.65,55.1,57.15,57.0,84.55,32.0,165846,9358275.6,,56.43,EQ
01-06-2004,57.45,59.7,57.45,58.15,58.5,84.55,32.0,99035,5811892.75,,58.69,EQ
02-06-2004,58.75,60.45,58.0,59.15,59.5,84.55,32.0,132020,7820751.2,,59.24,EQ
03-06-2004,59.2,60.5,55.25,56.25,56.0,84.55,32.0,103936,6039074.4,,58.1,EQ
04-06-2004,56.0,57.0,54.05,54.6,54.75,84.55,32.0,142714,7806971.3,,54.7,EQ
07-06-2004,56.35,57.5,55.55,56.3,56.25,84.55,32.0,173916,9823321.8,,56.48,EQ
08-06-2004,52.9,56.7,52.55,56.35,56.3,84.55,32.0,52583,2940187.4,,55.92,EQ
09-06-2004,56.5,58.05,55.9,57.8,57.9,84.55,32.0,74909,4285244.4,,57.21,EQ
10-06-2004,57.5,59.25,57.2,58.95,59.0,84.55,32.0,110898,6477881.5,,58.41,EQ
11-06-2004,59.0,60.1,57.2,57.75,57.2,84.55,32.0,107833,6357593.65,,58.96,EQ
14-06-2004,56.55,57.7,56.3,56.75,56.55,84.55,32.0,64051,3640565.6,,56.84,EQ
15-06-2004,57.5,59.0,55.5,58.35,58.6,84.55,32.0,51107,2946496.7,,57.65,EQ
16-06-2004,59.4,59.6,58.4,58.95,59.0,84.55,32.0,97604,5751735.95,,58.93,EQ
17-06-2004,58.55,59.75,57.35,59.4,59.5,84.55,32.0,68809,4044245.35,,58.77,EQ
18-06-2004,58.7,60.0,58.3,59.6,59.65,84.55,32.0,67855,4019663.9,,59.24,EQ
21-06-2004,59.6,60.0,58.4,58.85,58.4,84.55,32.0,65677,3873383.6,,58.98,EQ
22-06-2004,59.0,59.0,57.7,58.65,58.75,84.55,32.0,46642,2722032.05,,58.36,EQ
23-06-2004,57.8,58.35,56.1,56.5,56.35,84.55,32.0,46627,2658068.45,,57.01,EQ
24-06-2004,56.5,56.8,55.25,56.2,56.8,84.55,32.0,53223,2986246.0,,56.11,EQ
25-06-2004,56.0,59.85,56.0,59.6,59.7,84.55,32.0,122536,7205127.1,,58.8,EQ
28-06-2004,60.5,61.7,60.0,60.2,60.0,84.55,32.0,106718,6499229.4,,60.9,EQ
29-06-2004,60.1,60.9,58.5,59.3,58.85,84.55,32.0,69276,4128522.35,,59.6,EQ
30-06-2004,59.7,59.9,57.55,57.75,57.85,84.55,32.0,44053,2576000.35,,58.48,EQ
01-07-2004,57.6,58.45,57.25,57.75,57.95,84.55,32.0,54274,3132812.0,,57.72,EQ
02-07-2004,57.55,59.0,57.05,58.5,58.75,84.55,32.0,114187,6674914.6,,58.46,EQ
05-07-2004,58.8,58.8,58.0,58.45,58.55,84.55,32.0,48347,2825667.45,,58.45,EQ
06-07-2004,58.8,59.0,57.75,58.5,58.3,84.55,32.0,52114,3047694.8,,58.48,EQ
07-07-2004,58.8,61.95,58.8,60.3,61.9,84.55,32.0,870571,52440422.4,,60.24,EQ
08-07-2004,60.0,66.4,60.0,63.0,62.6,84.55,32.0,1434388,91595536.6,,63.86,EQ
09-07-2004,61.1,65.5,60.0,64.0,63.8,84.55,32.0,243392,15610502.55,,64.14,EQ
12-07-2004,64.9,66.8,64.9,65.9,66.0,84.55,32.0,152576,10063610.25,,65.96,EQ
13-07-2004,66.7,66.7,64.15,64.45,64.3,84.55,32.0,78440,5112251.1,,65.17,EQ
14-07-2004,65.1,65.5,62.0,63.05,62.8,84.55,32.0,122909,7873789.3,,64.06,EQ
15-07-2004,63.8,66.35,63.1,65.4,66.15,84.55,32.0,240410,15524528.2,,64.58,EQ
16-07-2004,67.0,68.35,65.25,67.8,67.85,84.55,32.0,314298,21091151.4,,67.11,EQ
19-07-2004,68.0,69.15,66.15,67.8,68.0,84.55,32.0,642321,43731041.0,,68.08,EQ
20-07-2004,68.5,69.0,66.0,66.2,66.0,84.55,32.0,285089,19321152.8,,67.77,EQ
21-07-2004,66.75,68.5,66.5,67.3,68.0,84.55,32.0,160901,10855381.45,,67.47,EQ
22-07-2004,69.8,69.8,66.35,66.75,66.5,84.55,32.0,161590,10894638.3,,67.42,EQ
23-07-2004,67.0,67.0,64.2,64.65,64.7,84.55,32.0,134784,8787295.2,,65.2,EQ
26-07-2004,64.9,66.75,64.65,65.9,65.95,84.55,32.0,105658,6966598.0,,65.94,EQ
27-07-2004,66.0,66.4,64.5,65.8,65.8,84.55,32.0,122352,7995118.9,,65.35,EQ
28-07-2004,65.9,66.25,64.5,64.65,64.5,84.55,32.0,48028,3120786.9,,64.98,EQ
29-07-2004,64.0,65.0,64.0,64.25,64.0,84.55,32.0,52851,3405350.8,,64.43,EQ
30-07-2004,64.9,66.45,64.1,64.35,64.25,84.55,32.0,77934,5070799.7,,65.07,EQ
02-08-2004,63.55,66.4,63.55,65.7,66.4,84.55,32.0,83821,5462695.25,,65.17,EQ
03-08-2004,66.9,67.4,65.7,65.95,65.75,84.55,35.0,118158,7876271.4,,66.66,EQ
04-08-2004,66.9,66.9,64.4,64.8,64.9,84.55,35.0,56598,3683924.3,,65.09,EQ
05-08-2004,65.0,65.5,64.9,65.05,65.2,84.55,35.0,52968,3450362.45,,65.14,EQ
06-08-2004,65.5,66.4,64.5,65.0,64.8,84.55,35.0,91691,6024428.45,,65.7,EQ
09-08-2004,64.55,65.5,63.75,65.05,65.0,84.55,35.0,75439,4888023.5,,64.79,EQ
10-08-2004,65.05,68.0,64.25,66.5,66.5,84.55,42.0,178164,11817978.5,,66.33,EQ
11-08-2004,67.0,68.75,64.0,64.9,64.0,84.55,42.0,276240,18478608.05,,66.89,EQ
12-08-2004,65.0,65.85,63.3,63.8,64.0,84.55,42.0,95910,6178199.65,,64.42,EQ
13-08-2004,64.2,64.5,63.3,63.8,63.6,84.55,42.0,56239,3589486.85,,63.83,EQ
16-08-2004,64.0,64.7,60.1,63.4,63.3,84.55,42.0,59920,3792076.95,,63.29,EQ
17-08-2004,63.7,64.55,63.7,63.85,64.0,84.55,42.0,53567,3434433.2,,64.11,EQ
18-08-2004,64.0,64.5,62.9,63.05,63.0,84.55,42.0,45152,2871442.4,,63.6,EQ
19-08-2004,63.9,64.0,63.0,63.35,63.0,84.55,42.0,49392,3134003.0,,63.45,EQ
20-08-2004,63.1,63.1,61.2,61.65,61.6,84.55,42.0,42837,2664234.4,,62.19,EQ
23-08-2004,62.7,62.7,61.0,61.25,61.3,84.55,42.0,48111,2959123.95,,61.51,EQ
24-08-2004,61.2,62.1,60.7,61.15,61.8,84.55,42.0,39701,2441636.8,,61.5,EQ
25-08-2004,60.9,62.1,60.9,61.65,61.6,84.55,42.0,37543,2317748.9,,61.74,EQ
26-08-2004,62.35,62.8,61.4,61.6,61.5,84.55,42.0,62609,3872763.8,,61.86,EQ
27-08-2004,62.75,62.75,61.5,62.25,62.15,84.55,42.0,45843,2853911.7,,62.25,EQ
30-08-2004,62.9,64.95,62.9,64.15,64.05,84.55,42.0,127212,8165206.6,,64.19,EQ
31-08-2004,64.95,65.9,64.1,64.45,64.1,84.55,42.0,113082,7317941.35,,64.71,EQ
01-09-2004,64.95,65.5,64.2,64.45,64.2,84.55,42.0,75157,4870597.95,,64.81,EQ
02-09-2004,64.75,67.4,64.5,66.2,66.5,84.55,42.0,303283,20084673.7,,66.22,EQ
03-09-2004,67.7,67.7,64.5,65.15,64.6,84.55,42.0,292960,19195557.5,,65.52,EQ
06-09-2004,65.15,66.0,64.55,64.7,64.7,84.55,42.0,104869,6845696.85,,65.28,EQ
07-09-2004,64.8,68.2,64.8,67.25,67.1,84.55,42.0,239144,15931928.55,,66.62,EQ
08-09-2004,68.3,70.9,67.5,69.5,69.4,84.55,42.0,779642,54129434.95,,69.43,EQ
09-09-2004,70.0,70.15,66.5,67.5,67.05,84.55,42.0,176684,11984204.7,,67.83,EQ
10-09-2004,67.85,67.85,66.15,66.7,66.75,84.55,42.0,127914,8566609.45,,66.97,EQ
13-09-2004,67.5,67.9,66.3,66.6,66.4,84.55,42.0,98465,6618288.9,,67.21,EQ
14-09-2004,67.0,68.9,66.0,68.15,68.2,84.55,42.0,175516,11911107.05,,67.86,EQ
15-09-2004,68.45,68.8,66.75,67.4,67.05,84.55,42.0,138104,9353530.45,,67.73,EQ
16-09-2004,66.7,67.75,66.7,67.45,67.3,84.55,42.0,66598,4479754.25,,67.27,EQ
17-09-2004,68.0,68.0,66.25,66.5,66.65,84.55,42.0,118188,7900127.75,,66.84,EQ
20-09-2004,67.5,67.8,66.4,66.6,66.4,84.55,42.0,81295,5426473.6,,66.75,EQ
21-09-2004,66.5,66.9,65.1,65.35,65.45,84.55,42.0,102407,6732175.25,,65.74,EQ
22-09-2004,66.0,67.2,66.0,66.35,66.3,84.55,42.0,147818,9840779.0,,66.57,EQ
23-09-2004,66.6,66.6,64.5,64.7,65.0,84.55,42.0,96606,6320285.6,,65.42,EQ
24-09-2004,65.4,65.4,64.3,64.6,64.7,84.55,42.0,63996,4147982.45,,64.82,EQ
27-09-2004,65.5,65.5,63.85,64.1,64.0,84.55,42.0,71915,4627574.6,,64.35,EQ
28-09-2004,64.5,65.0,63.9,63.95,64.0,84.55,42.0,45182,2900792.6,,64.2,EQ
29-09-2004,64.45,64.7,63.6,63.75,64.0,84.55,42.0,125959,8071320.55,,64.08,EQ
30-09-2004,64.15,66.7,64.15,66.1,66.35,84.55,42.0,187352,12342930.9,,65.88,EQ
01-10-2004,66.5,67.0,64.6,65.2,65.5,84.55,42.0,142128,9262106.2,,65.17,EQ
04-10-2004,66.0,67.5,65.4,67.2,67.1,84.55,42.0,248559,16612672.15,,66.84,EQ
05-10-2004,67.8,67.8,65.15,65.9,66.05,84.55,42.0,160548,10668363.85,,66.45,EQ
06-10-2004,66.9,67.45,65.25,65.45,65.35,84.55,42.0,79477,5246987.65,,66.02,EQ
07-10-2004,65.3,66.4,65.3,66.05,66.0,84.55,42.0,85072,5622432.85,,66.09,EQ
08-10-2004,66.9,69.8,66.9,68.3,68.45,84.55,42.0,369898,25225158.5,,68.19,EQ
09-10-2004,67.1,68.9,67.1,68.45,68.8,84.55,42.0,52575,3586229.1,,68.21,EQ
11-10-2004,69.5,70.95,68.85,69.15,69.25,84.55,42.0,324553,22671532.9,,69.85,EQ
12-10-2004,69.8,70.0,66.25,66.9,67.1,84.55,42.0,149339,10105857.55,,67.67,EQ
14-10-2004,67.45,67.45,65.75,66.8,67.0,84.55,42.0,120949,8035478.3,,66.44,EQ
15-10-2004,66.5,67.5,65.75,65.95,65.75,84.55,42.0,110049,7329123.95,,66.6,EQ
18-10-2004,68.0,68.95,64.2,64.7,64.75,84.55,42.0,457580,30400533.25,,66.44,EQ
19-10-2004,65.25,65.9,64.5,64.8,64.7,84.55,42.0,248929,16183549.9,,65.01,EQ
20-10-2004,65.25,65.95,64.05,64.3,64.5,84.55,42.0,118510,7657675.4,,64.62,EQ
21-10-2004,65.0,65.0,63.0,63.6,63.6,84.55,42.0,152592,9783819.25,,64.12,EQ
25-10-2004,64.0,64.7,63.25,63.55,63.65,84.55,42.0,159403,10191006.4,,63.93,EQ
26-10-2004,63.65,64.0,62.5,63.05,63.35,84.55,45.0,135188,8548470.95,,63.23,EQ
27-10-2004,63.9,64.0,63.2,63.4,63.25,84.55,45.0,76161,4853626.85,,63.73,EQ
28-10-2004,64.0,64.7,63.4,63.95,63.9,84.55,45.0,77424,4947919.9,,63.91,EQ
29-10-2004,64.25,64.3,63.5,63.75,63.65,84.55,45.0,57897,3693993.75,,63.8,EQ
01-11-2004,63.0,64.0,62.75,62.9,62.75,84.55,45.0,84970,5364609.65,,63.14,EQ
02-11-2004,63.75,63.95,63.1,63.2,63.15,84.55,45.0,73138,4636069.2,,63.39,EQ
03-11-2004,64.25,67.15,63.9,64.35,64.5,84.55,45.0,295523,19133454.1,,64.74,EQ
04-11-2004,65.0,65.45,63.2,63.45,63.25,84.55,45.0,152533,9766282.35,,64.03,EQ
05-11-2004,64.0,64.7,63.7,63.9,64.0,84.55,45.0,123374,7907722.8,,64.1,EQ
08-11-2004,64.7,65.6,64.3,64.75,65.0,84.55,45.0,197343,12813328.1,,64.93,EQ
09-11-2004,65.4,68.8,64.2,67.2,68.0,84.55,45.0,392323,26113894.6,,66.56,EQ
10-11-2004,70.1,72.3,68.25,68.75,68.5,84.55,45.0,1097424,76670416.75,,69.86,EQ
11-11-2004,69.0,70.25,66.05,66.55,66.5,84.55,45.0,567880,38530696.7,,67.85,EQ
12-11-2004,66.9,68.0,66.75,67.7,67.7,84.55,45.0,91813,6196026.55,,67.49,EQ
16-11-2004,68.15,68.75,66.7,66.95,66.95,84.55,45.0,188295,12698619.7,,67.44,EQ
17-11-2004,67.35,67.85,66.7,67.15,67.15,84.55,45.0,202463,13586696.45,,67.11,EQ
18-11-2004,67.7,68.0,65.75,66.45,66.5,84.55,45.0,395919,26357516.55,,66.57,EQ
19-11-2004,66.95,68.0,66.0,66.25,66.7,84.55,45.0,228422,15300990.15,,66.99,EQ
22-11-2004,64.3,66.55,64.3,66.2,66.0,84.55,45.0,137265,9051524.7,,65.94,EQ
23-11-2004,66.05,68.2,66.05,67.05,67.3,84.55,45.0,284091,19134653.45,,67.35,EQ
24-11-2004,67.7,67.95,66.55,66.8,66.8,84.55,45.0,286132,19272303.95,,67.35,EQ
25-11-2004,67.0,67.7,66.45,66.75,66.5,84.55,45.0,230915,15487838.65,,67.07,EQ
29-11-2004,66.5,67.5,66.4,67.2,67.2,84.55,45.0,178906,12009425.35,,67.13,EQ
30-11-2004,66.25,67.85,66.1,66.4,66.5,84.55,45.0,166565,11140653.15,,66.88,EQ
01-12-2004,66.6,66.95,65.15,65.75,65.95,84.55,45.0,117207,7725665.3,,65.91,EQ
02-12-2004,66.0,66.7,65.0,65.2,65.0,84.55,45.0,256304,16825995.1,,65.65,EQ
03-12-2004,66.5,68.5,65.0,67.15,67.3,84.55,45.0,511544,34253045.5,,66.96,EQ
06-12-2004,67.85,69.45,67.85,69.1,69.4,84.55,45.0,471858,32418678.55,,68.7,EQ
07-12-2004,69.95,72.9,69.0,70.4,70.5,84.55,45.0,1456068,103812233.0,,71.3,EQ
08-12-2004,71.0,72.4,69.15,69.4,69.3,84.55,45.0,821888,58362100.25,,71.01,EQ
09-12-2004,70.0,71.0,69.25,69.85,70.05,84.55,45.0,213708,14955222.1,,69.98,EQ
10-12-2004,70.6,71.4,68.4,68.75,68.6,84.55,45.0,247419,17270259.1,,69.8,EQ
13-12-2004,69.3,69.9,68.55,69.5,69.4,84.55,45.0,177360,12286491.5,,69.27,EQ
14-12-2004,70.0,70.6,69.6,69.8,69.8,84.55,45.0,151926,10625176.75,,69.94,EQ
15-12-2004,70.45,71.0,69.6,69.9,69.8,84.55,45.0,284434,19970571.1,,70.21,EQ
16-12-2004,71.05,73.4,70.3,70.65,70.5,84.55,45.0,937389,67289707.4,,71.78,EQ
17-12-2004,71.3,71.45,69.5,69.65,69.55,84.55,45.0,299202,21061018.65,,70.39,EQ
20-12-2004,71.4,71.4,69.75,70.05,70.15,84.55,45.0,166976,11713366.4,,70.15,EQ
21-12-2004,70.6,71.0,69.15,69.35,69.5,84.55,45.0,275546,19258266.95,,69.89,EQ
22-12-2004,69.95,70.85,68.25,69.0,69.15,84.55,45.0,239620,16606965.4,,69.31,EQ
23-12-2004,69.7,69.85,68.5,68.75,68.55,84.55,45.0,138674,9556320.15,,68.91,EQ
24-12-2004,69.25,71.0,68.9,69.6,69.7,84.55,45.0,376735,26366045.1,,69.99,EQ
27-12-2004,69.45,69.95,69.0,69.15,69.3,84.55,45.0,150410,10439534.4,,69.41,EQ
28-12-2004,69.05,71.15,69.05,70.3,70.1,84.55,45.0,316111,22229544.6,,70.32,EQ
29-12-2004,70.75,71.35,69.25,69.6,69.5,84.55,45.0,238481,16739137.6,,70.19,EQ
30-12-2004,70.15,70.15,68.25,68.6,68.9,84.55,45.0,168175,11626145.95,,69.13,EQ
31-12-2004,68.5,69.2,68.3,68.75,68.7,84.55,45.0,163186,11230618.15,,68.82,EQ
03-01-2005,69.5,71.0,68.5,70.45,70.9,84.55,45.0,295760,20731158.45,,70.09,EQ
04-01-2005,71.0,71.75,69.15,69.45,69.6,84.55,45.0,477259,33548186.05,,70.29,EQ
05-01-2005,69.5,69.85,66.0,67.25,67.45,84.55,45.0,293964,19992799.0,,68.01,EQ
06-01-2005,67.5,67.95,65.0,66.2,66.0,84.55,45.0,252979,16751340.45,,66.22,EQ
07-01-2005,67.0,67.2,64.9,65.7,65.5,84.55,45.0,270700,17787758.85,,65.71,EQ
10-01-2005,66.5,67.4,65.5,65.65,65.6,84.55,45.0,178264,11841872.05,,66.43,EQ
11-01-2005,66.0,66.4,64.5,65.0,65.1,84.4,45.0,136831,8962289.85,,65.5,EQ
12-01-2005,65.25,65.75,62.0,62.85,62.95,84.4,45.0,164521,10471269.6,,63.65,EQ
13-01-2005,63.9,65.4,63.15,63.7,63.9,84.4,45.0,220013,14108575.4,,64.13,EQ
14-01-2005,64.5,65.0,63.15,63.45,63.75,84.4,45.0,176887,11351891.95,,64.18,EQ
17-01-2005,55.0,60.95,53.3,59.05,59.5,84.4,45.0,411480,23885747.8,,58.05,EQ
18-01-2005,61.0,61.0,58.3,59.4,59.25,74.15,45.0,146979,8711594.0,,59.27,EQ
19-01-2005,60.5,60.5,56.5,56.8,56.6,74.15,45.0,264330,15179993.7,,57.43,EQ
20-01-2005,55.35,57.1,54.3,54.95,54.6,74.15,45.0,242532,13318115.95,,54.91,EQ
24-01-2005,54.95,54.95,53.3,53.75,53.3,74.15,45.0,98653,5336688.65,,54.1,EQ
25-01-2005,53.6,55.35,52.6,54.95,55.3,73.4,45.0,119417,6470452.6,,54.18,EQ
27-01-2005,55.8,57.9,55.1,57.6,57.55,73.4,45.0,143638,8162528.0,,56.83,EQ
28-01-2005,57.55,58.45,56.55,56.9,56.9,73.4,45.0,272395,15650645.6,,57.46,EQ
31-01-2005,57.8,57.8,55.5,55.75,55.6,73.4,45.0,352807,19834971.1,,56.22,EQ
01-02-2005,56.0,56.75,55.7,56.2,56.05,73.4,45.0,231255,12984772.65,,56.15,EQ
02-02-2005,56.1,57.0,56.1,56.35,56.4,73.4,45.0,235431,13297902.45,,56.48,EQ
03-02-2005,57.25,59.5,57.0,58.7,59.5,73.4,45.0,524864,30452930.25,,58.02,EQ
04-02-2005,59.25,65.9,59.2,63.35,63.5,73.4,45.0,1015393,63722225.15,,62.76,EQ
07-02-2005,65.2,67.75,63.8,64.85,65.0,73.4,45.0,921514,60641730.8,,65.81,EQ
08-02-2005,65.7,65.7,62.4,62.95,62.85,73.4,45.0,265386,16979844.1,,63.98,EQ
09-02-2005,63.75,72.5,63.0,71.05,71.05,73.4,45.0,2260701,157772083.0,,69.79,EQ
10-02-2005,72.45,72.45,68.4,69.7,69.5,73.4,45.0,1174104,82876318.65,,70.59,EQ
11-02-2005,70.2,73.5,69.0,71.45,71.4,73.4,45.0,1064637,76579986.7,,71.93,EQ
14-02-2005,72.5,73.8,70.4,72.15,71.85,73.5,45.0,1186249,86034030.1,,72.53,EQ
15-02-2005,72.0,72.6,69.5,69.85,69.6,73.8,45.0,400915,28251766.65,,70.47,EQ
16-02-2005,70.5,72.5,68.7,69.6,69.1,73.8,45.0,566010,40118550.2,,70.88,EQ
17-02-2005,69.9,69.9,67.7,68.6,68.5,73.8,45.0,257268,17638887.85,,68.56,EQ
18-02-2005,69.05,72.85,69.0,70.5,71.0,73.8,45.0,935923,66750914.75,,71.32,EQ
21-02-2005,71.0,71.4,69.0,69.45,69.4,73.8,45.0,284300,19915710.95,,70.05,EQ
22-02-2005,69.4,69.8,68.4,69.0,69.25,73.8,45.0,139130,9604439.9,,69.03,EQ
23-02-2005,69.75,71.5,68.7,70.5,71.2,73.8,45.0,393368,27692065.1,,70.4,EQ
24-02-2005,71.0,71.8,68.5,69.15,69.3,73.8,45.0,340623,24047422.1,,70.6,EQ
25-02-2005,69.5,73.0,69.25,71.0,70.9,73.8,45.0,1005925,71928853.1,,71.51,EQ
28-02-2005,72.0,77.85,72.0,74.45,74.65,73.8,45.0,3422727,257083401.55,,75.11,EQ
01-03-2005,75.0,78.9,73.0,76.4,76.5,77.85,45.0,2104226,160679790.4,,76.36,EQ
02-03-2005,77.7,80.9,76.3,79.1,79.0,78.9,45.0,3418683,270903601.4,,79.24,EQ
03-03-2005,79.85,83.65,79.5,82.0,82.6,80.9,45.0,2272170,186094132.35,,81.9,EQ
04-03-2005,82.3,83.0,79.6,80.45,80.5,83.65,45.0,1140562,92660182.7,,81.24,EQ
07-03-2005,81.0,81.3,76.5,77.55,77.6,83.65,45.0,674684,53150424.75,,78.78,EQ
08-03-2005,77.95,78.95,76.1,76.45,76.35,83.65,45.0,490649,37853550.8,,77.15,EQ
09-03-2005,76.95,77.65,73.5,74.5,74.5,83.65,45.0,703716,52686657.85,,74.87,EQ
10-03-2005,74.8,76.25,74.0,74.75,74.25,83.65,45.0,480063,36096616.75,,75.19,EQ
11-03-2005,74.5,75.75,73.0,73.6,74.0,83.65,45.0,348370,25936741.05,,74.45,EQ
14-03-2005,74.8,74.8,71.4,71.95,72.0,83.65,45.0,358202,26265793.1,,73.33,EQ
15-03-2005,72.45,72.9,71.5,72.0,71.8,83.65,45.0,368631,26574006.75,,72.09,EQ
16-03-2005,72.45,75.7,72.05,73.2,73.25,83.65,45.0,527479,38887991.5,,73.72,EQ
17-03-2005,73.45,77.3,72.1,74.25,74.35,83.65,45.0,880181,66187869.85,,75.2,EQ
18-03-2005,74.5,76.25,72.55,74.55,74.65,83.65,45.0,653926,48838042.0,,74.68,EQ
21-03-2005,75.0,75.25,72.1,72.7,72.1,83.65,45.0,309446,22790763.3,,73.65,EQ
22-03-2005,72.5,74.35,71.4,71.8,71.95,83.65,45.0,313927,22840118.35,,72.76,EQ
23-03-2005,72.0,73.2,68.65,69.4,69.25,83.65,45.0,257667,18266380.05,,70.89,EQ
24-03-2005,70.0,70.75,67.0,67.95,67.85,83.65,45.0,309015,21226994.9,,68.69,EQ
28-03-2005,67.95,69.8,67.95,68.75,69.1,83.65,45.0,161354,11113384.65,,68.88,EQ
29-03-2005,69.0,69.65,66.0,66.7,67.0,83.65,45.0,347931,23397165.15,,67.25,EQ
30-03-2005,67.0,68.95,53.4,68.4,68.95,83.65,45.0,256913,17425571.5,,67.83,EQ
31-03-2005,69.4,72.25,68.7,70.7,70.65,83.65,45.0,237767,16837810.55,,70.82,EQ
01-04-2005,71.4,71.9,70.1,71.35,71.3,83.65,45.0,340518,24242697.95,,71.19,EQ
04-04-2005,71.6,72.0,69.65,70.1,70.9,83.65,45.0,206878,14705243.8,,71.08,EQ
05-04-2005,70.25,70.95,67.5,68.1,68.3,83.65,45.0,207350,14248531.2,,68.72,EQ
06-04-2005,68.25,70.6,68.0,69.6,69.9,83.65,45.0,343819,23966178.9,,69.71,EQ
07-04-2005,70.45,72.2,69.8,70.05,70.45,83.65,45.0,578840,40928317.1,,70.71,EQ
08-04-2005,70.6,74.9,70.2,74.25,74.45,83.65,45.0,861483,63153008.75,,73.31,EQ
11-04-2005,74.1,76.65,73.5,74.3,73.6,83.65,45.0,1257869,94623272.25,,75.23,EQ
12-04-2005,68.55,75.4,68.55,74.7,74.75,83.65,45.0,487549,36489587.4,,74.84,EQ
13-04-2005,75.2,75.5,73.0,73.5,73.5,83.65,45.0,484458,35903438.45,,74.11,EQ
15-04-2005,73.0,73.0,69.45,70.2,70.0,83.65,45.0,670185,47500186.1,,70.88,EQ
18-04-2005,69.9,70.0,67.1,69.55,69.5,83.65,45.0,307070,21213185.95,,69.08,EQ
19-04-2005,70.0,72.75,69.6,70.0,69.7,83.65,45.0,319777,22803817.75,,71.31,EQ
20-04-2005,70.65,72.7,68.8,72.2,72.55,83.65,45.0,474058,33827792.55,,71.36,EQ
21-04-2005,72.7,74.45,70.7,73.0,73.0,83.65,45.0,433405,31617526.95,,72.95,EQ
22-04-2005,73.4,75.0,72.5,73.9,74.0,83.65,45.0,401005,29708858.9,,74.09,EQ
25-04-2005,72.0,75.5,72.0,74.45,74.8,83.65,45.0,328770,24565100.35,,74.72,EQ
26-04-2005,75.0,75.4,72.75,73.8,73.7,83.65,45.0,195790,14513868.6,,74.13,EQ
27-04-2005,73.9,73.9,72.55,72.8,72.7,83.65,45.0,184519,13482572.55,,73.07,EQ
28-04-2005,72.8,72.9,72.0,72.45,72.35,83.65,45.0,127367,9233747.75,,72.5,EQ
29-04-2005,72.1,72.45,70.5,70.9,70.95,83.65,45.0,158572,11328573.65,,71.44,EQ
02-05-2005,71.8,71.8,68.3,69.95,69.75,83.65,45.0,200083,13949965.85,,69.72,EQ
03-05-2005,70.25,72.45,69.8,71.95,72.0,83.65,45.0,182627,13025866.8,,71.32,EQ
04-05-2005,71.5,73.8,71.5,73.5,73.75,83.65,45.0,257118,18746060.4,,72.91,EQ
05-05-2005,74.4,78.25,74.0,76.8,76.9,83.65,45.0,1326813,101555532.4,,76.54,EQ
06-05-2005,77.5,79.85,75.5,79.2,79.0,83.65,45.0,808732,63177511.9,,78.12,EQ
09-05-2005,80.1,81.5,79.2,79.8,79.65,83.65,45.0,1170872,94180601.85,,80.44,EQ
10-05-2005,80.1,80.55,78.1,78.45,78.65,83.65,45.0,513528,40789983.8,,79.43,EQ
11-05-2005,78.4,81.45,77.0,79.85,79.8,83.65,45.0,587806,46894496.35,,79.78,EQ
12-05-2005,76.25,83.3,76.25,82.15,82.3,83.65,45.0,1693997,138910159.1,,82.0,EQ
13-05-2005,80.95,84.7,73.9,82.75,83.05,84.7,45.0,1355350,113099377.55,,83.45,EQ
16-05-2005,83.0,83.85,80.55,81.1,81.05,84.7,45.0,749552,62057607.2,,82.79,EQ
17-05-2005,81.1,82.7,80.0,81.05,80.9,84.7,45.0,586602,47560938.95,,81.08,EQ
18-05-2005,80.5,82.1,80.1,81.3,81.2,84.7,45.0,359346,29156910.2,,81.14,EQ
19-05-2005,81.9,82.8,81.0,81.35,81.45,84.7,45.0,309150,25219009.6,,81.58,EQ
20-05-2005,81.5,81.8,79.05,79.4,79.25,84.7,45.0,309547,24738437.75,,79.92,EQ
23-05-2005,79.1,80.85,78.3,79.95,79.7,84.7,45.0,175979,14100970.0,,80.13,EQ
24-05-2005,88.2,88.2,78.4,79.55,79.7,88.2,45.0,210182,16676860.25,,79.34,EQ
25-05-2005,80.0,80.0,78.2,78.4,78.2,88.2,45.0,169331,13350910.2,,78.85,EQ
26-05-2005,77.8,78.95,76.25,76.9,77.0,88.2,45.0,163872,12699311.65,,77.5,EQ
27-05-2005,78.0,78.5,74.8,75.25,75.8,88.2,45.0,256072,19633294.25,,76.67,EQ
30-05-2005,76.0,76.5,74.25,75.15,75.4,88.2,45.0,172741,13024326.45,,75.4,EQ
31-05-2005,75.7,78.5,75.0,78.0,78.4,88.2,45.0,237292,18292688.15,,77.09,EQ
01-06-2005,78.4,78.9,76.6,77.0,77.2,88.2,45.0,110068,8548740.7,,77.67,EQ
02-06-2005,77.8,77.85,75.4,75.65,75.95,88.2,45.0,120257,9145138.5,,76.05,EQ
03-06-2005,75.6,77.65,75.5,76.65,76.8,88.2,45.0,139393,10710073.85,,76.83,EQ
04-06-2005,76.95,77.3,75.75,76.05,76.1,88.2,45.0,83142,6343394.55,,76.3,EQ
06-06-2005,76.5,81.0,76.4,80.4,80.8,88.2,45.0,635049,50696670.6,,79.83,EQ
07-06-2005,80.85,81.85,79.05,79.6,79.4,88.2,45.0,453205,36401851.05,,80.32,EQ
08-06-2005,80.4,81.3,79.5,80.35,80.3,88.2,45.0,288346,23155796.65,,80.31,EQ
09-06-2005,80.25,80.45,78.5,78.85,78.5,88.2,45.0,247984,19637186.2,,79.19,EQ
10-06-2005,79.4,80.2,78.2,78.5,78.75,88.2,45.0,208990,16500198.8,,78.95,EQ
13-06-2005,78.4,80.4,76.6,79.45,80.4,88.2,45.0,367482,28725132.25,,78.17,EQ
14-06-2005,79.4,81.15,77.25,77.55,77.3,88.2,45.0,303079,23878263.7,,78.79,EQ
15-06-2005,78.1,78.1,76.25,76.65,76.35,88.2,45.0,282299,21750160.1,,77.05,EQ
16-06-2005,76.75,77.15,75.0,75.15,75.0,88.2,45.0,217639,16509706.3,,75.86,EQ
17-06-2005,78.5,79.0,70.75,73.0,73.15,88.2,45.0,340470,24847403.8,,72.98,EQ
20-06-2005,73.0,74.2,72.25,72.85,72.9,88.2,45.0,208037,15198166.2,,73.06,EQ
21-06-2005,72.45,74.7,71.5,73.5,73.45,88.2,45.0,249352,18265887.8,,73.25,EQ
22-06-2005,73.5,74.4,71.5,71.75,71.9,88.2,45.0,241490,17569787.1,,72.76,EQ
23-06-2005,72.5,72.5,70.45,70.9,71.0,88.2,45.0,189962,13521059.4,,71.18,EQ
24-06-2005,70.5,71.5,69.05,69.5,69.5,88.2,45.0,412609,29080788.2,,70.48,EQ
27-06-2005,70.9,70.9,68.0,68.25,68.35,88.2,45.0,390688,27099354.45,,69.36,EQ
28-06-2005,69.45,70.25,67.55,68.05,67.85,88.2,45.0,429824,29502600.3,,68.64,EQ
29-06-2005,68.5,69.25,67.25,68.8,68.85,88.2,45.0,155461,10678081.55,,68.69,EQ
30-06-2005,69.9,70.6,68.8,69.6,69.75,88.2,45.0,187652,13106933.05,,69.85,EQ
01-07-2005,69.9,70.0,68.1,69.65,69.85,88.2,45.0,116561,8073137.65,,69.26,EQ
04-07-2005,70.5,70.5,68.9,69.3,69.15,88.2,45.0,138765,9678211.95,,69.75,EQ
05-07-2005,69.3,71.4,68.55,69.15,69.3,88.2,45.0,231179,16135716.9,,69.8,EQ
06-07-2005,69.9,69.95,68.55,68.95,69.0,88.2,45.0,236423,16320989.3,,69.03,EQ
07-07-2005,69.1,69.8,68.2,68.45,68.6,88.2,45.0,177891,12268130.55,,68.96,EQ
08-07-2005,67.0,69.45,67.0,69.05,68.95,88.2,45.0,96567,6656042.2,,68.93,EQ
11-07-2005,69.05,70.85,68.95,69.15,69.0,88.2,45.0,197138,13736001.3,,69.68,EQ
12-07-2005,69.65,69.95,69.0,69.4,69.9,88.2,45.0,105575,7328415.65,,69.41,EQ
13-07-2005,69.95,71.8,69.2,70.0,69.85,88.2,45.0,283438,19974945.2,,70.47,EQ
14-07-2005,70.65,72.0,70.0,70.5,70.6,88.2,45.0,293341,20886240.1,,71.2,EQ
15-07-2005,71.0,71.5,70.25,70.5,70.6,88.2,45.0,133658,9471983.6,,70.87,EQ
18-07-2005,71.3,71.75,70.85,71.35,71.55,88.2,45.0,167207,11928714.25,,71.34,EQ
19-07-2005,71.5,71.9,71.1,71.55,71.9,88.2,45.0,164220,11738213.45,,71.48,EQ
20-07-2005,72.05,75.4,71.55,73.55,73.8,88.2,45.0,721137,53343805.75,,73.97,EQ
21-07-2005,74.55,75.4,73.0,73.35,73.15,88.2,45.0,412917,30690672.4,,74.33,EQ
22-07-2005,73.8,73.95,72.25,72.65,72.4,88.2,45.0,149440,10931146.7,,73.15,EQ
25-07-2005,73.85,73.9,70.8,71.05,71.05,88.2,45.0,198868,14315308.9,,71.98,EQ
26-07-2005,71.3,72.0,70.5,71.25,71.2,88.2,45.0,205697,14673197.4,,71.33,EQ
27-07-2005,71.8,73.7,71.25,72.25,72.5,88.2,45.0,199170,14425119.5,,72.43,EQ
29-07-2005,71.0,71.0,66.5,69.55,69.5,88.2,45.0,464909,32107095.25,,69.06,EQ
01-08-2005,67.75,68.9,66.75,67.7,67.7,88.2,45.0,220292,14844903.7,,67.39,EQ
02-08-2005,68.7,68.7,67.25,67.6,67.75,88.2,45.0,182599,12382032.25,,67.81,EQ
03-08-2005,67.25,69.75,67.25,68.3,68.1,88.2,45.0,273825,18767534.2,,68.54,EQ
04-08-2005,68.3,68.6,67.25,67.5,67.45,88.2,45.0,140892,9563281.2,,67.88,EQ
05-08-2005,68.0,68.75,67.5,67.65,67.5,88.2,45.0,137430,9341694.35,,67.97,EQ
08-08-2005,72.5,80.0,70.3,71.35,71.6,88.2,45.0,688100,49272166.0,,71.61,EQ
09-08-2005,72.0,73.35,70.65,71.55,71.55,88.2,45.0,482402,34782312.15,,72.1,EQ
10-08-2005,72.05,74.5,72.05,74.25,74.35,88.2,45.0,544651,40149259.5,,73.72,EQ
11-08-2005,74.9,75.5,73.4,73.8,73.75,88.2,45.0,289401,21473633.95,,74.2,EQ
12-08-2005,74.3,74.3,72.1,72.85,73.0,88.2,45.0,163700,11929372.05,,72.87,EQ
16-08-2005,74.4,74.5,72.0,72.7,72.9,88.2,45.0,175987,12818977.75,,72.84,EQ
17-08-2005,72.5,73.15,71.9,72.2,72.3,88.2,45.0,249529,18092122.5,,72.51,EQ
18-08-2005,72.2,74.85,70.75,70.95,70.75,88.2,45.0,337214,24302593.4,,72.07,EQ
19-08-2005,72.0,74.3,71.6,72.85,72.7,88.2,45.0,436368,31880353.75,,73.06,EQ
22-08-2005,73.9,74.5,71.5,72.15,72.25,88.2,52.6,238853,17466021.85,,73.12,EQ
23-08-2005,72.1,73.15,69.8,70.35,70.55,88.2,52.6,208734,14797487.75,,70.89,EQ
24-08-2005,70.55,71.5,69.2,70.05,70.2,88.2,52.6,268295,18804879.0,,70.09,EQ
25-08-2005,70.65,70.9,69.55,69.8,69.9,88.2,52.6,97272,6815705.6,,70.07,EQ
26-08-2005,70.5,71.5,70.0,70.25,70.35,88.2,52.6,132595,9350293.45,,70.52,EQ
29-08-2005,70.9,70.95,69.25,69.85,69.9,88.2,52.6,122985,8587226.25,,69.82,EQ
30-08-2005,70.5,72.8,70.25,71.35,71.3,88.2,52.6,288299,20662034.8,,71.67,EQ
31-08-2005,71.55,74.9,71.0,73.3,73.0,88.2,52.6,547366,40321944.2,,73.67,EQ
01-09-2005,75.0,76.6,73.6,74.05,74.35,88.2,52.6,604812,45406105.15,,75.07,EQ
02-09-2005,74.6,75.8,72.25,72.7,72.9,88.2,52.6,266164,19656509.6,,73.85,EQ
05-09-2005,74.35,74.35,72.5,72.7,72.8,88.2,52.6,186900,13681197.5,,73.2,EQ
06-09-2005,73.0,73.55,71.95,73.0,73.5,88.2,52.6,163562,11886374.85,,72.67,EQ
08-09-2005,73.9,75.1,73.2,73.9,73.85,88.2,52.6,426274,31574378.55,,74.07,EQ
09-09-2005,75.0,75.0,66.65,72.75,72.9,88.2,52.6,177897,13050145.8,,73.36,EQ
12-09-2005,73.0,74.0,72.85,73.05,72.9,88.2,52.6,179271,13142103.45,,73.31,EQ
13-09-2005,73.5,73.5,72.45,72.55,72.5,88.2,52.6,206872,15041875.85,,72.71,EQ
14-09-2005,72.8,74.0,71.6,71.95,72.15,88.2,52.6,259092,18876299.1,,72.86,EQ
15-09-2005,72.3,73.8,72.0,72.55,72.25,88.2,52.6,202407,14727412.35,,72.76,EQ
16-09-2005,75.0,75.0,72.2,73.45,73.7,88.2,52.6,408671,29905723.9,,73.18,EQ
19-09-2005,74.9,75.6,72.5,74.4,74.1,88.2,52.6,623212,46515374.2,,74.64,EQ
20-09-2005,75.6,79.8,74.25,77.25,77.5,88.2,52.6,2592456,201606038.3,,77.77,EQ
21-09-2005,80.0,80.0,71.3,75.35,75.5,88.2,52.6,1091809,81640150.15,,74.78,EQ
22-09-2005,74.5,76.95,73.05,73.85,74.55,88.2,52.6,825462,61605352.4,,74.63,EQ
23-09-2005,73.05,76.5,73.05,74.25,73.8,88.2,52.6,414837,30830307.4,,74.32,EQ
26-09-2005,76.0,81.7,74.5,79.55,79.55,88.2,52.6,1933353,153467270.95,,79.38,EQ
27-09-2005,80.7,85.45,79.45,82.95,82.85,88.2,52.6,2953722,246046268.1,,83.3,EQ
28-09-2005,83.1,84.25,81.3,81.65,81.7,88.2,52.6,709433,58615130.55,,82.62,EQ
29-09-2005,82.05,82.85,79.0,79.35,79.1,88.2,52.6,660451,53501390.4,,81.01,EQ
30-09-2005,79.65,79.7,76.45,77.95,78.0,88.2,52.6,416987,32472737.3,,77.87,EQ
03-10-2005,78.0,81.9,77.0,81.3,81.25,88.2,52.6,535789,43144844.1,,80.53,EQ
04-10-2005,82.15,87.35,82.15,86.7,86.65,88.2,52.6,2635918,224923847.35,,85.33,EQ
05-10-2005,87.5,90.45,86.0,86.8,86.7,90.45,52.6,3134857,276545231.2,,88.22,EQ
06-10-2005,85.0,86.25,80.6,84.85,84.7,90.45,52.6,951108,80898155.4,,85.06,EQ
07-10-2005,85.0,86.1,82.75,83.6,83.4,90.45,52.6,593764,50145829.65,,84.45,EQ
10-10-2005,84.0,84.5,82.05,82.3,82.2,90.45,52.6,297574,24745214.4,,83.16,EQ
11-10-2005,82.65,83.2,79.0,80.15,80.0,90.45,52.6,493952,39581422.3,,80.13,EQ
13-10-2005,80.7,83.95,79.25,81.3,80.7,90.45,52.6,793500,65002819.95,,81.92,EQ
14-10-2005,81.75,81.75,78.4,78.85,78.75,90.45,52.6,489627,39036696.35,,79.73,EQ
17-10-2005,79.0,79.85,76.4,77.1,77.0,90.45,52.6,290341,22524433.85,,77.58,EQ
18-10-2005,77.75,82.15,77.15,80.95,81.4,90.45,52.6,770040,61728529.5,,80.16,EQ
19-10-2005,80.8,80.8,77.0,77.8,78.7,90.45,52.6,478796,37503170.95,,78.33,EQ
20-10-2005,79.0,80.75,75.1,75.9,76.4,90.45,52.6,436007,33628142.9,,77.13,EQ
21-10-2005,75.1,78.1,74.1,77.4,77.9,90.45,52.6,231591,17644011.9,,76.19,EQ
24-10-2005,77.5,78.9,76.65,77.85,76.8,90.45,52.6,362700,28316469.45,,78.07,EQ
25-10-2005,78.0,79.0,76.5,78.1,79.0,90.45,52.6,145105,11250991.55,,77.54,EQ
26-10-2005,78.0,78.5,75.5,76.2,76.25,90.45,52.6,107044,8264484.2,,77.21,EQ
27-10-2005,76.7,77.15,72.0,72.6,72.25,90.45,52.6,402414,29686309.85,,73.77,EQ
28-10-2005,71.5,73.9,70.0,73.0,73.25,90.45,52.6,242859,17465907.05,,71.92,EQ
31-10-2005,74.0,74.0,71.7,72.4,72.05,90.45,52.6,93701,6764868.6,,72.2,EQ
01-11-2005,73.6,74.3,72.6,73.15,72.9,90.45,52.6,47471,3491708.3,,73.55,EQ
02-11-2005,73.85,76.0,71.75,74.75,75.2,90.45,52.6,122901,9084852.85,,73.92,EQ
07-11-2005,75.0,79.15,74.0,78.7,79.15,90.45,52.6,238349,18417785.25,,77.27,EQ
08-11-2005,79.0,81.0,77.75,80.15,80.25,90.45,52.6,394579,31494045.05,,79.82,EQ
09-11-2005,77.1,81.35,77.1,78.7,78.5,90.45,52.6,223733,17830415.6,,79.7,EQ
10-11-2005,78.65,79.2,77.25,77.95,77.75,90.45,52.6,87372,6819486.8,,78.05,EQ
11-11-2005,78.5,79.15,77.75,78.4,78.8,90.45,52.6,80296,6309790.3,,78.58,EQ
14-11-2005,86.0,86.0,75.05,77.45,77.55,90.45,52.6,122289,9488955.45,,77.59,EQ
16-11-2005,78.5,79.0,77.5,77.75,77.75,90.45,52.6,63728,4973189.45,,78.04,EQ
17-11-2005,78.75,79.0,76.9,77.25,77.2,90.45,52.6,82560,6403674.0,,77.56,EQ
18-11-2005,77.95,81.0,77.95,79.8,79.25,90.45,52.6,304396,24267228.7,,79.72,EQ
21-11-2005,80.5,80.6,77.8,78.7,78.7,90.45,52.6,141173,11134436.55,,78.87,EQ
22-11-2005,75.1,78.5,75.1,77.2,77.1,90.45,52.6,92607,7190788.7,,77.65,EQ
23-11-2005,77.8,78.25,75.25,76.1,75.5,90.45,52.6,97791,7510013.85,,76.8,EQ
24-11-2005,76.5,78.0,75.6,76.75,77.0,90.45,52.6,59775,4609937.7,,77.12,EQ
25-11-2005,77.3,77.5,76.25,76.7,76.25,90.45,52.6,63674,4898540.7,,76.93,EQ
26-11-2005,76.7,77.3,76.0,76.3,76.05,90.45,52.6,41701,3195488.25,,76.63,EQ
28-11-2005,77.0,80.0,77.0,78.85,79.25,90.45,52.6,193252,15252559.25,,78.93,EQ
29-11-2005,79.7,79.8,77.3,78.1,78.2,90.45,52.6,101482,7946648.7,,78.31,EQ
30-11-2005,78.1,81.0,78.05,78.85,78.95,90.45,52.6,282892,22564171.6,,79.76,EQ
01-12-2005,78.5,80.9,78.0,80.25,80.0,90.45,52.6,188105,14977680.65,,79.62,EQ
02-12-2005,80.5,86.65,80.5,85.9,86.25,90.45,52.6,1796968,152888206.6,,85.08,EQ
05-12-2005,86.0,87.75,82.3,84.15,84.0,90.45,52.6,851983,72741629.75,,85.38,EQ
06-12-2005,84.0,85.5,82.55,84.4,84.2,90.45,52.6,475852,40052148.9,,84.17,EQ
07-12-2005,84.6,84.6,82.1,82.7,82.1,90.45,52.6,172248,14281795.55,,82.91,EQ
08-12-2005,83.25,83.9,81.75,82.85,82.9,90.45,52.6,120894,10001979.1,,82.73,EQ
09-12-2005,82.2,83.9,81.9,82.15,82.0,90.45,52.6,116892,9685290.9,,82.86,EQ
12-12-2005,83.0,83.0,81.1,81.65,81.1,90.45,52.6,124394,10196167.5,,81.97,EQ
13-12-2005,82.15,83.35,81.05,82.15,82.1,90.45,52.6,153832,12684568.15,,82.46,EQ
14-12-2005,82.9,85.45,81.3,82.15,82.0,90.45,52.6,260472,21736022.25,,83.45,EQ
15-12-2005,82.05,82.95,80.1,80.4,80.75,90.45,52.6,123599,10068037.7,,81.46,EQ
16-12-2005,80.1,81.5,79.15,79.8,79.65,90.45,52.6,94286,7554048.35,,80.12,EQ
19-12-2005,79.95,80.7,79.2,79.6,79.2,90.45,52.6,128665,10279838.15,,79.9,EQ
20-12-2005,80.0,83.0,79.0,80.55,81.0,90.45,52.6,229302,18627618.55,,81.24,EQ
21-12-2005,81.05,82.25,80.6,81.75,82.0,90.45,52.6,174151,14169633.65,,81.36,EQ
22-12-2005,82.45,82.75,81.15,81.45,81.65,90.45,52.6,141160,11526571.05,,81.66,EQ
23-12-2005,82.35,82.35,79.5,79.9,80.25,90.45,52.6,102734,8300492.1,,80.8,EQ
26-12-2005,80.35,80.35,77.8,78.05,78.15,90.45,52.6,120498,9451584.9,,78.44,EQ
27-12-2005,77.05,79.1,76.7,78.7,78.7,90.45,52.6,63643,4998423.5,,78.54,EQ
28-12-2005,78.0,79.0,75.05,77.45,77.4,90.45,52.6,110541,8621572.9,,77.99,EQ
29-12-2005,77.95,78.45,76.4,77.05,77.0,90.45,52.6,246392,19049537.8,,77.31,EQ
30-12-2005,77.45,78.4,77.15,77.75,77.75,90.45,52.6,184610,14381776.3,,77.9,EQ
02-01-2006,78.0,78.95,77.5,77.95,77.75,90.45,52.6,98921,7712970.4,,77.97,EQ
03-01-2006,77.75,81.8,77.75,81.0,80.85,90.45,52.6,674275,54220057.9,,80.41,EQ
04-01-2006,81.2,82.5,80.1,81.0,80.9,90.45,52.6,424924,34540368.7,,81.29,EQ
05-01-2006,81.0,81.5,79.1,79.6,79.85,90.45,52.6,107295,8561872.5,,79.8,EQ
06-01-2006,79.7,80.5,78.5,79.1,79.0,90.45,52.6,162087,12845605.65,,79.25,EQ
09-01-2006,78.4,80.5,78.4,78.8,78.65,90.45,52.6,216790,17207748.8,,79.38,EQ
10-01-2006,79.0,79.5,77.55,77.75,77.8,90.45,52.6,111525,8726338.15,,78.25,EQ
12-01-2006,77.25,78.65,76.5,77.15,77.4,90.45,52.6,89348,6928130.05,,77.54,EQ
13-01-2006,77.7,78.65,76.75,77.05,77.0,90.45,52.6,146233,11361436.95,,77.69,EQ
16-01-2006,76.55,77.6,76.25,76.95,76.9,90.45,52.6,72760,5585954.4,,76.77,EQ
17-01-2006,77.45,77.5,73.9,74.3,73.9,90.45,52.6,211029,16005170.05,,75.84,EQ
18-01-2006,73.0,77.5,73.0,74.95,74.95,90.45,52.6,234923,17697504.95,,75.33,EQ
19-01-2006,75.75,76.5,74.3,74.6,74.8,90.45,52.6,118240,8892630.7,,75.21,EQ
20-01-2006,75.75,77.95,74.2,74.65,74.5,90.45,52.6,412571,31168908.7,,75.55,EQ
23-01-2006,74.5,75.75,74.25,74.75,75.0,90.45,52.6,79233,5933081.2,,74.88,EQ
24-01-2006,75.35,76.0,74.55,74.8,74.95,90.45,52.6,92235,6921294.7,,75.04,EQ
25-01-2006,75.7,75.7,73.8,74.2,73.9,90.45,52.6,168437,12590400.4,,74.75,EQ
27-01-2006,74.95,75.3,72.5,73.55,73.0,90.45,52.6,273089,20117725.9,,73.67,EQ
30-01-2006,73.45,74.9,65.1,72.85,73.0,90.45,53.4,732618,53512944.1,,73.04,EQ
31-01-2006,72.1,74.45,71.5,71.85,72.2,90.45,53.4,774161,56476654.35,,72.95,EQ
01-02-2006,72.0,73.0,71.0,71.35,71.3,90.45,53.4,119151,8533569.55,,71.62,EQ
02-02-2006,71.25,71.9,69.7,69.9,69.7,90.45,53.4,492140,34834274.15,,70.78,EQ
03-02-2006,70.0,72.5,69.05,71.7,72.05,90.45,53.4,94393,6683924.45,,70.81,EQ
06-02-2006,72.25,73.0,71.4,72.15,72.5,90.45,53.4,107886,7784388.05,,72.15,EQ
07-02-2006,72.9,75.25,72.5,73.35,73.45,90.45,53.4,185379,13668410.7,,73.73,EQ
08-02-2006,73.5,73.95,72.5,73.1,73.5,90.45,53.4,89033,6514014.35,,73.16,EQ
10-02-2006,72.6,73.9,72.6,73.1,73.05,90.45,53.4,246518,18008263.95,,73.05,EQ
13-02-2006,73.2,77.35,73.2,74.8,74.25,90.45,53.4,254075,19211427.2,,75.61,EQ
14-02-2006,74.9,75.8,74.0,74.2,74.4,90.45,53.4,246770,18356034.65,,74.39,EQ
15-02-2006,74.7,75.9,72.75,73.5,73.25,90.45,53.4,121240,8988915.75,,74.14,EQ
16-02-2006,73.9,75.4,73.1,74.55,74.2,90.45,53.4,150926,11271362.0,,74.68,EQ
17-02-2006,75.0,79.4,73.75,75.6,75.75,90.45,53.4,637012,49071928.05,,77.03,EQ
20-02-2006,76.5,76.5,74.2,74.65,74.7,90.45,53.4,312385,23424791.7,,74.99,EQ
21-02-2006,75.1,75.3,74.05,74.15,74.4,90.45,53.4,96726,7210457.55,,74.55,EQ
22-02-2006,74.6,77.4,73.85,76.35,76.5,90.45,53.4,327170,24863073.35,,75.99,EQ
23-02-2006,76.6,76.85,74.6,75.4,75.0,90.45,53.4,259473,19601531.0,,75.54,EQ
24-02-2006,75.0,75.8,74.5,75.55,75.75,90.45,53.4,82177,6189304.7,,75.32,EQ
27-02-2006,76.0,77.5,75.55,76.1,76.15,90.45,53.4,209935,16026970.6,,76.34,EQ
28-02-2006,76.1,79.65,75.2,75.5,75.4,90.45,53.4,606537,47044112.8,,77.56,EQ
01-03-2006,75.75,77.35,73.55,73.9,73.9,90.45,53.4,183525,13807993.25,,75.24,EQ
02-03-2006,75.0,75.3,73.5,73.9,73.7,90.45,53.4,90936,6755136.4,,74.28,EQ
03-03-2006,74.0,74.55,73.0,73.4,73.4,90.45,53.4,279351,20504495.65,,73.4,EQ
06-03-2006,74.1,74.25,73.3,73.6,73.3,90.45,53.4,62064,4576218.15,,73.73,EQ
07-03-2006,72.0,74.0,70.3,73.15,72.9,90.45,53.4,70215,5150637.5,,73.36,EQ
08-03-2006,73.8,73.8,69.9,71.3,72.0,90.45,53.4,233274,16733021.9,,71.73,EQ
09-03-2006,71.4,71.75,69.25,69.9,69.75,90.45,53.4,151262,10616285.25,,70.18,EQ
10-03-2006,71.9,72.9,69.05,69.35,69.5,90.45,53.4,650299,45651344.65,,70.2,EQ
13-03-2006,69.9,71.9,69.9,71.15,71.65,90.45,53.4,172475,12267059.05,,71.12,EQ
14-03-2006,70.5,72.15,70.5,70.95,71.35,90.45,53.4,109928,7834740.9,,71.27,EQ
16-03-2006,71.5,71.75,70.0,70.6,70.2,90.45,53.4,110829,7840235.05,,70.74,EQ
17-03-2006,71.0,71.4,70.0,70.1,70.05,90.45,53.4,85964,6033963.55,,70.19,EQ
20-03-2006,71.25,71.4,70.25,70.3,70.5,90.45,53.4,92677,6522816.45,,70.38,EQ
21-03-2006,70.3,70.7,69.3,69.6,69.55,90.45,53.4,112861,7918297.1,,70.16,EQ
22-03-2006,69.7,70.5,68.05,68.8,69.1,90.45,53.4,102888,7125687.55,,69.26,EQ
23-03-2006,69.2,69.75,66.3,67.05,67.0,90.45,53.4,209618,14200334.6,,67.74,EQ
24-03-2006,67.75,68.0,66.55,67.25,67.1,90.45,53.4,89135,6004552.0,,67.36,EQ
27-03-2006,68.0,70.2,68.0,69.05,69.2,90.45,53.4,174243,12073755.1,,69.29,EQ
28-03-2006,69.05,69.75,66.8,67.15,67.5,90.45,53.4,169919,11587177.1,,68.19,EQ
29-03-2006,67.9,68.8,67.0,67.1,67.3,90.45,53.4,94570,6383413.55,,67.5,EQ
30-03-2006,67.2,69.0,67.1,68.05,68.8,90.45,53.4,222005,15077789.05,,67.92,EQ
31-03-2006,68.0,71.45,68.0,69.5,69.0,90.45,53.4,162308,11358777.5,,69.98,EQ
03-04-2006,70.1,72.8,70.1,72.1,72.05,90.45,65.1,160032,11465126.4,,71.64,EQ
04-04-2006,72.6,73.45,70.3,71.1,71.4,90.45,65.1,206908,14772514.4,,71.4,EQ
05-04-2006,71.4,72.4,71.3,72.05,72.3,90.45,65.1,97417,7004570.65,,71.9,EQ
07-04-2006,72.9,72.9,70.9,71.15,71.35,90.45,65.1,140400,10093310.2,,71.89,EQ
10-04-2006,71.1,71.95,70.6,70.85,70.75,90.45,65.1,45955,3270108.0,,71.16,EQ
12-04-2006,71.45,72.0,70.5,70.55,70.65,90.45,65.1,100253,7137333.55,,71.19,EQ
13-04-2006,71.15,71.15,68.8,69.2,69.1,90.45,65.1,97023,6749315.2,,69.56,EQ
17-04-2006,67.1,70.8,67.1,70.15,70.4,90.45,65.1,93008,6501332.65,,69.9,EQ
18-04-2006,71.9,74.0,71.55,73.35,73.5,90.45,65.1,276581,20241760.85,,73.19,EQ
19-04-2006,74.05,74.75,72.75,73.2,73.05,90.45,65.1,283710,20796535.85,,73.3,EQ
20-04-2006,74.5,80.5,73.6,77.9,78.8,90.45,65.1,1076969,83539779.25,,77.57,EQ
21-04-2006,78.75,79.8,75.55,76.6,76.15,90.45,65.1,481946,37312392.6,,77.42,EQ
24-04-2006,76.85,83.9,75.0,82.15,82.25,90.45,65.1,1596699,129375782.25,,81.03,EQ
25-04-2006,83.3,83.3,78.65,79.05,78.7,90.45,65.1,351518,28350618.25,,80.65,EQ
26-04-2006,79.4,94.9,79.05,92.65,92.85,94.9,65.1,3239285,290944952.6,,89.82,EQ
27-04-2006,93.5,96.7,88.55,89.2,89.15,96.7,65.1,2322877,215760234.35,,92.88,EQ
28-04-2006,83.0,91.15,77.9,88.5,88.55,96.7,65.1,1195373,105916178.5,,88.61,EQ
29-04-2006,88.0,96.95,88.0,96.05,96.0,96.95,65.1,1446086,136817205.55,,94.61,EQ
02-05-2006,96.25,103.9,96.15,100.35,99.8,103.9,65.1,2350556,235271392.3,,100.09,EQ
03-05-2006,100.1,105.5,95.15,102.1,102.35,105.5,65.1,1815160,184697420.0,,101.75,EQ
04-05-2006,104.0,114.4,101.25,108.95,108.7,114.4,65.1,3149223,339927536.9,,107.94,EQ
05-05-2006,109.0,129.4,108.0,123.6,122.4,129.4,65.1,6166213,743176240.0,,120.52,EQ
08-05-2006,124.6,125.9,113.0,116.0,115.6,129.4,65.1,2605609,308333970.75,,118.33,EQ
09-05-2006,116.8,122.9,113.65,117.4,117.65,129.4,65.1,2214530,263190078.25,,118.85,EQ
10-05-2006,118.4,122.45,115.5,117.0,116.2,129.4,65.1,1633582,195330857.55,,119.57,EQ
11-05-2006,117.45,118.4,110.1,111.2,110.55,129.4,65.1,638668,72801487.9,,113.99,EQ
12-05-2006,111.25,114.75,107.05,108.3,108.15,129.4,65.1,853910,94608050.25,,110.79,EQ
15-05-2006,108.5,114.55,101.15,102.75,102.5,129.4,65.1,1010655,109927920.65,,108.77,EQ
16-05-2006,101.95,108.85,96.2,103.4,104.0,129.4,65.1,850453,86782924.8,,102.04,EQ
17-05-2006,104.85,113.4,104.0,109.5,109.5,129.4,65.1,1706932,188013930.45,,110.15,EQ
18-05-2006,108.15,108.15,95.3,97.05,97.0,129.4,65.1,747029,75578962.35,,101.17,EQ
19-05-2006,99.1,102.1,86.55,89.3,95.1,129.4,65.1,765019,72883989.8,,95.27,EQ
22-05-2006,95.0,95.0,75.0,83.2,82.65,129.4,65.1,543362,46621034.2,,85.8,EQ
23-05-2006,82.9,93.5,76.4,91.9,93.5,129.4,65.1,435044,38028670.3,,87.41,EQ
24-05-2006,95.0,95.9,90.0,91.05,91.5,129.4,65.1,406287,37917168.25,,93.33,EQ
25-05-2006,87.0,91.0,87.0,88.9,88.6,129.4,65.1,212191,18965286.05,,89.38,EQ
26-05-2006,89.5,95.2,89.5,91.05,91.2,129.4,65.1,484957,44983398.15,,92.76,EQ
29-05-2006,92.0,94.7,90.0,92.5,93.0,129.4,65.1,295211,27411310.15,,92.85,EQ
30-05-2006,92.55,102.3,91.0,97.4,96.75,129.4,65.1,1623347,160314088.95,,98.76,EQ
31-05-2006,90.4,95.5,88.5,91.25,91.5,129.4,65.1,551353,50346229.7,,91.31,EQ
01-06-2006,92.5,95.3,86.25,87.5,86.65,129.4,65.1,534531,48613297.25,,90.95,EQ
02-06-2006,89.0,89.0,78.7,86.65,87.2,129.4,65.1,605800,51070189.6,,84.3,EQ
05-06-2006,88.85,88.85,82.75,84.2,83.35,129.4,65.1,243101,20917823.25,,86.05,EQ
06-06-2006,81.0,84.75,78.25,82.25,83.5,129.4,65.1,221544,18197636.05,,82.14,EQ
07-06-2006,81.5,83.8,73.25,74.9,74.95,129.4,65.1,349638,27653048.6,,79.09,EQ
08-06-2006,72.0,73.5,66.15,69.25,68.4,129.4,65.1,337645,23381274.4,,69.25,EQ
09-06-2006,71.1,79.8,68.15,77.5,76.3,129.4,65.1,412821,30611385.6,,74.15,EQ
12-06-2006,77.9,77.9,72.0,72.7,73.0,129.4,65.1,236400,17535386.45,,74.18,EQ
13-06-2006,69.0,70.2,66.6,68.35,68.2,129.4,65.1,183766,12576874.85,,68.44,EQ
14-06-2006,70.0,72.95,67.05,67.4,67.3,129.4,65.1,316884,21845443.6,,68.94,EQ
15-06-2006,70.0,72.4,68.35,71.6,71.2,129.4,65.1,246965,17298255.95,,70.04,EQ
16-06-2006,72.4,77.4,72.4,73.6,73.6,129.4,65.1,321919,24150894.5,,75.02,EQ
19-06-2006,72.55,74.6,71.0,72.1,73.0,129.4,65.1,141289,10266253.65,,72.66,EQ
20-06-2006,70.35,75.3,70.3,72.85,72.5,129.4,65.1,151466,11153565.7,,73.64,EQ
21-06-2006,71.5,80.5,71.5,77.95,77.8,129.4,65.1,494313,38582393.15,,78.05,EQ
22-06-2006,79.8,84.5,78.15,78.8,78.45,129.4,65.1,531579,43107422.0,,81.09,EQ
23-06-2006,75.0,80.05,75.0,78.4,77.55,129.4,65.1,227444,17775517.3,,78.15,EQ
25-06-2006,79.45,81.5,78.1,78.95,78.6,129.4,65.1,50233,3980963.25,,79.25,EQ
26-06-2006,78.2,79.9,73.55,74.35,74.0,129.4,65.1,180811,13881331.95,,76.77,EQ
27-06-2006,75.4,75.4,70.5,72.55,72.85,129.4,65.1,116587,8437457.9,,72.37,EQ
28-06-2006,71.25,79.7,66.3,77.45,77.5,129.4,65.1,543107,40350648.0,,74.3,EQ
29-06-2006,79.25,82.25,77.0,77.9,78.05,129.4,65.1,813724,65743158.75,,80.79,EQ
30-06-2006,79.5,81.45,79.5,81.05,80.5,129.4,65.1,249491,20133590.65,,80.7,EQ
03-07-2006,81.8,82.0,78.5,79.95,79.5,129.4,65.1,160226,12845926.5,,80.17,EQ
04-07-2006,81.8,81.8,76.1,77.35,77.1,129.4,65.1,129156,10089096.2,,78.12,EQ
05-07-2006,77.8,78.6,77.0,77.9,77.65,129.4,65.1,59325,4622941.2,,77.93,EQ
06-07-2006,77.2,77.9,76.1,76.95,77.0,129.4,65.1,55573,4284921.5,,77.1,EQ
07-07-2006,77.9,81.7,75.35,76.05,76.15,129.4,65.1,210319,16531819.55,,78.6,EQ
10-07-2006,74.0,77.0,74.0,75.4,75.2,129.4,65.1,97398,7307451.1,,75.03,EQ
11-07-2006,76.2,79.95,75.0,77.8,77.95,129.4,65.1,277127,21685780.1,,78.25,EQ
12-07-2006,74.0,81.35,74.0,79.65,79.05,129.4,65.1,540336,42998883.35,,79.58,EQ
13-07-2006,79.4,80.4,75.35,76.45,75.75,129.4,65.1,189371,14662787.05,,77.43,EQ
14-07-2006,75.6,75.95,72.2,74.35,74.7,129.4,65.1,162384,12067831.3,,74.32,EQ
17-07-2006,74.35,75.95,69.1,69.85,69.95,129.4,65.1,244397,17548224.05,,71.8,EQ
18-07-2006,70.0,72.1,69.5,71.2,71.2,129.4,65.1,214819,15219751.35,,70.85,EQ
19-07-2006,72.35,72.35,68.5,69.6,70.35,129.4,65.1,121021,8558948.8,,70.72,EQ
20-07-2006,71.95,73.2,69.8,72.1,72.1,129.4,65.1,185940,13336925.3,,71.73,EQ
21-07-2006,71.0,71.95,69.65,70.5,70.35,129.4,65.1,79855,5647354.3,,70.72,EQ
24-07-2006,70.45,71.3,68.2,68.85,68.7,129.4,65.1,121029,8389493.35,,69.32,EQ
25-07-2006,70.65,71.7,69.4,69.7,69.55,129.4,65.1,93362,6572720.7,,70.4,EQ
26-07-2006,70.95,71.25,69.6,69.8,69.6,129.4,65.1,111067,7790692.85,,70.14,EQ
27-07-2006,70.05,72.0,69.8,70.2,70.45,129.4,65.1,183960,13040065.4,,70.89,EQ
28-07-2006,71.05,74.9,70.1,73.2,73.05,129.4,65.1,511573,37375599.0,,73.06,EQ
31-07-2006,73.95,74.8,72.65,73.1,72.75,129.4,65.1,82715,6107542.95,,73.84,EQ
01-08-2006,72.95,73.45,70.85,71.3,71.8,129.4,65.1,61076,4389290.7,,71.87,EQ
02-08-2006,71.6,74.8,71.4,74.5,74.6,129.4,65.1,225171,16612506.55,,73.78,EQ
03-08-2006,75.8,77.0,74.2,75.45,74.9,129.4,65.1,301249,22799048.8,,75.68,EQ
04-08-2006,75.85,76.1,71.7,72.65,72.9,129.4,65.1,129032,9553074.3,,74.04,EQ
07-08-2006,75.0,75.0,71.0,72.75,72.8,129.4,65.1,40219,2924239.35,,72.71,EQ
08-08-2006,74.0,74.0,72.65,73.15,73.0,129.4,65.1,43082,3157257.45,,73.28,EQ
09-08-2006,73.2,75.25,72.0,73.4,73.2,129.4,65.1,178573,13198386.05,,73.91,EQ
10-08-2006,73.95,78.5,73.3,77.3,77.75,129.4,65.1,490629,37641721.7,,76.72,EQ
11-08-2006,78.45,81.0,77.25,79.95,79.6,129.4,65.1,688338,54905225.45,,79.76,EQ
14-08-2006,81.3,85.9,79.75,84.25,84.15,129.4,65.1,1220920,101976181.95,,83.52,EQ
16-08-2006,85.0,86.8,83.15,83.85,83.65,129.4,65.1,642599,54987851.05,,85.57,EQ
17-08-2006,84.65,84.8,79.75,80.35,80.0,129.4,65.1,319128,26013404.45,,81.51,EQ
18-08-2006,80.05,82.7,79.8,80.9,81.0,129.4,65.1,271237,22063537.85,,81.34,EQ
21-08-2006,81.25,82.8,80.1,81.9,81.8,129.4,65.1,205694,16804494.3,,81.7,EQ
22-08-2006,82.0,83.95,81.0,81.4,81.25,129.4,65.1,180699,14923659.55,,82.59,EQ
23-08-2006,81.05,82.1,78.4,79.25,79.0,129.4,65.1,178774,14351662.95,,80.28,EQ
24-08-2006,73.7,81.8,73.7,81.1,81.4,129.4,65.1,186019,14910698.65,,80.16,EQ
25-08-2006,82.35,83.8,81.0,82.6,82.8,129.4,65.1,244664,20175486.9,,82.46,EQ
28-08-2006,81.1,85.8,81.1,83.35,83.0,129.4,65.1,252514,21283105.0,,84.28,EQ
29-08-2006,83.1,85.0,82.15,82.35,82.45,129.4,65.1,192496,16049566.7,,83.38,EQ
30-08-2006,83.3,83.5,81.55,82.0,82.9,129.4,65.1,133816,11060310.15,,82.65,EQ
31-08-2006,83.0,83.9,79.7,80.0,79.75,129.4,65.1,107046,8683538.8,,81.12,EQ
01-09-2006,76.3,84.6,73.7,82.85,82.8,129.4,65.1,293455,24421537.65,,83.22,EQ
04-09-2006,84.05,84.05,81.15,81.45,81.15,129.4,65.1,181262,14866316.95,,82.02,EQ
05-09-2006,81.9,89.45,81.9,88.75,88.75,129.4,65.1,1370708,118938103.65,,86.77,EQ
06-09-2006,89.45,90.5,86.55,87.4,86.6,129.4,65.1,1117936,99140509.05,,88.68,EQ
07-09-2006,87.0,87.6,84.8,85.15,84.85,129.4,65.1,338762,29191727.5,,86.17,EQ
08-09-2006,85.5,93.2,85.45,91.7,91.35,129.4,65.1,2107548,192203644.9,,91.2,EQ
11-09-2006,92.0,96.65,87.1,88.45,88.15,129.4,65.1,2402885,223938459.8,,93.2,EQ
12-09-2006,89.0,93.2,87.1,91.9,92.6,129.4,65.1,1348761,121769263.1,,90.28,EQ
13-09-2006,93.0,96.2,92.1,92.55,92.4,129.4,65.1,1200451,113263700.6,,94.35,EQ
14-09-2006,93.6,93.6,90.2,91.2,91.55,129.4,65.1,389809,35779217.5,,91.79,EQ
15-09-2006,92.1,94.4,89.1,92.15,91.65,129.4,65.1,840644,77665309.1,,92.39,EQ
18-09-2006,92.8,100.7,91.2,99.6,99.3,129.4,65.1,3884713,380306116.7,,97.9,EQ
19-09-2006,100.15,103.2,92.6,94.0,93.8,129.4,65.1,2462479,245257016.4,,99.6,EQ
20-09-2006,93.05,99.6,92.5,98.45,98.8,129.4,65.1,1239746,120340894.9,,97.07,EQ
21-09-2006,99.05,100.6,95.1,95.7,95.5,129.4,65.1,1055225,103598490.4,,98.18,EQ
22-09-2006,95.0,98.4,93.1,97.25,98.0,129.4,65.1,737903,70962670.2,,96.17,EQ
25-09-2006,98.5,102.7,97.5,98.8,99.0,129.4,65.1,1997517,200771200.15,,100.51,EQ
26-09-2006,99.0,99.8,95.55,96.2,96.0,129.4,65.1,435601,42482395.25,,97.53,EQ
27-09-2006,96.5,99.4,95.9,96.7,96.5,129.4,65.1,843037,82340623.3,,97.67,EQ
28-09-2006,97.0,97.7,94.2,94.7,94.85,129.4,65.1,258764,24675041.5,,95.36,EQ
29-09-2006,95.4,98.4,95.0,96.25,96.05,129.4,65.1,520398,50375523.5,,96.8,EQ
03-10-2006,96.25,97.0,92.1,92.6,92.5,129.4,65.1,445767,41682975.75,,93.51,EQ
04-10-2006,93.0,95.45,93.0,94.35,94.6,129.4,65.1,338067,31853788.4,,94.22,EQ
05-10-2006,95.2,95.8,93.8,94.25,93.85,129.4,65.1,212286,20107374.85,,94.72,EQ
06-10-2006,94.85,96.6,94.2,95.0,94.95,129.4,65.1,277780,26454384.2,,95.24,EQ
09-10-2006,94.05,98.45,93.25,97.5,97.2,129.4,65.1,1046831,101819006.45,,97.26,EQ
10-10-2006,99.0,99.75,96.3,96.95,97.0,129.4,65.1,540648,53172520.5,,98.35,EQ
11-10-2006,97.8,97.8,93.05,93.95,93.75,129.4,65.1,246539,23433928.8,,95.05,EQ
12-10-2006,94.2,95.75,93.5,94.9,95.05,129.4,65.1,163810,15475372.55,,94.47,EQ
13-10-2006,95.85,97.75,94.5,95.55,95.0,129.4,65.1,415792,39994732.35,,96.19,EQ
16-10-2006,96.85,99.5,95.0,95.25,95.0,129.4,65.1,498347,48419058.1,,97.16,EQ
17-10-2006,96.05,96.05,92.85,93.7,93.8,129.4,65.1,214828,20176137.15,,93.92,EQ
18-10-2006,92.2,94.35,91.0,93.0,92.5,129.4,65.1,114954,10718885.15,,93.24,EQ
19-10-2006,93.9,97.2,92.7,94.05,93.95,129.4,65.1,412908,39179710.6,,94.89,EQ
20-10-2006,95.0,96.5,93.55,94.2,93.6,129.4,65.1,243526,23119884.85,,94.94,EQ
21-10-2006,94.5,95.2,93.6,94.1,94.2,129.4,65.1,43392,4087993.95,,94.21,EQ
23-10-2006,94.3,94.3,92.3,93.1,92.8,129.4,65.1,87838,8190095.7,,93.24,EQ
26-10-2006,93.1,94.25,92.6,93.2,93.0,129.4,65.1,142163,13252146.55,,93.22,EQ
27-10-2006,93.1,95.25,92.8,93.3,93.2,129.4,65.1,206511,19388667.4,,93.89,EQ
30-10-2006,93.3,94.0,91.4,92.05,91.7,129.4,65.1,147760,13700843.2,,92.72,EQ
31-10-2006,92.5,93.6,90.0,90.75,90.6,129.4,65.1,205182,18838984.8,,91.82,EQ
01-11-2006,91.2,93.65,90.9,92.55,92.8,129.4,65.1,184439,17050354.7,,92.44,EQ
02-11-2006,93.4,97.3,93.05,96.45,96.25,129.4,65.1,929205,89145160.7,,95.94,EQ
03-11-2006,97.5,100.0,97.0,97.45,97.3,129.4,65.1,1250519,122953742.8,,98.32,EQ
06-11-2006,98.05,98.05,94.35,94.65,94.5,129.4,65.1,239606,22853097.45,,95.38,EQ
07-11-2006,95.4,95.8,91.1,91.65,91.5,129.4,65.1,407251,37795406.4,,92.81,EQ
08-11-2006,92.5,93.2,89.5,90.3,90.0,129.4,65.1,213239,19421526.35,,91.08,EQ
09-11-2006,91.4,92.2,89.0,89.6,89.0,129.4,65.1,161401,14621993.05,,90.59,EQ
10-11-2006,90.0,91.75,89.55,90.05,89.75,129.4,65.1,165701,15008816.7,,90.58,EQ
13-11-2006,90.5,92.45,89.05,90.5,90.4,129.4,65.1,253536,23087675.55,,91.06,EQ
14-11-2006,91.5,94.0,90.35,90.65,90.75,129.4,65.1,246445,22541707.25,,91.47,EQ
15-11-2006,90.2,91.65,89.05,89.4,89.1,129.4,65.1,116723,10507917.1,,90.02,EQ
16-11-2006,90.0,93.4,89.25,92.6,92.25,129.4,65.1,478866,43905203.2,,91.69,EQ
17-11-2006,93.4,95.5,90.8,93.35,93.15,129.4,65.1,965688,90455240.6,,93.67,EQ
20-11-2006,89.6,94.9,89.6,94.25,94.25,129.4,65.1,443854,41583028.9,,93.69,EQ
21-11-2006,94.6,96.2,93.65,94.05,94.0,129.4,65.1,203910,19345361.7,,94.87,EQ
22-11-2006,94.1,94.75,93.25,93.3,93.6,129.4,65.1,131215,12264736.3,,93.47,EQ
23-11-2006,93.9,95.25,92.1,92.65,92.15,129.4,65.1,233279,21796760.65,,93.44,EQ
24-11-2006,92.95,98.4,92.25,95.65,95.5,129.4,65.1,1248137,117952805.55,,94.5,EQ
27-11-2006,96.0,97.05,93.6,93.9,93.75,129.4,65.1,230113,21906957.45,,95.2,EQ
28-11-2006,94.0,94.75,92.05,92.65,92.1,129.4,65.1,166954,15581856.75,,93.33,EQ
29-11-2006,94.0,94.7,92.0,92.3,92.0,129.4,65.1,111169,10347928.1,,93.08,EQ
30-11-2006,93.25,94.45,90.9,91.35,91.0,129.4,65.1,156294,14477132.75,,92.63,EQ
01-12-2006,92.45,94.7,91.55,91.85,91.9,129.4,65.1,164537,15293073.95,,92.95,EQ
04-12-2006,92.4,92.6,90.7,91.2,91.0,129.4,65.1,119506,10968742.45,,91.78,EQ
05-12-2006,92.0,92.4,90.4,90.8,91.3,129.4,65.1,87635,8006792.4,,91.37,EQ
06-12-2006,92.0,92.0,90.05,90.25,90.25,129.4,65.1,85248,7731565.45,,90.69,EQ
07-12-2006,91.1,91.95,89.6,90.0,89.7,129.4,65.1,85565,7749782.5,,90.57,EQ
08-12-2006,90.85,90.9,87.75,88.25,88.0,129.4,65.1,142159,12695185.85,,89.3,EQ
11-12-2006,88.4,88.4,83.5,84.95,84.35,129.4,65.1,109482,9381771.4,,85.69,EQ
12-12-2006,85.8,85.8,77.05,78.9,77.6,129.4,65.1,162084,13208972.05,,81.49,EQ
13-12-2006,79.1,80.65,77.0,79.85,80.4,129.4,65.1,131147,10295776.75,,78.51,EQ
14-12-2006,80.5,83.5,80.5,82.9,83.2,129.4,65.1,96976,7988978.1,,82.38,EQ
15-12-2006,83.7,84.9,83.0,83.65,83.55,129.4,65.1,60959,5125566.75,,84.08,EQ
18-12-2006,84.0,84.1,81.75,83.2,83.35,129.4,65.1,43082,3567990.75,,82.82,EQ
19-12-2006,82.6,83.5,80.25,81.3,80.65,129.4,65.1,60601,4975812.0,,82.11,EQ
20-12-2006,82.0,82.5,80.25,81.0,80.55,129.4,65.1,40883,3334755.75,,81.57,EQ
21-12-2006,81.0,81.5,80.1,80.3,80.1,129.4,65.1,38118,3073369.65,,80.63,EQ
22-12-2006,81.15,86.0,80.5,84.6,84.55,129.4,65.1,231411,19493708.3,,84.24,EQ
26-12-2006,85.0,86.75,85.0,86.0,86.25,129.4,65.1,88880,7644230.0,,86.01,EQ
27-12-2006,86.4,86.4,84.0,84.5,84.5,129.4,65.1,41296,3520699.6,,85.26,EQ
28-12-2006,86.1,86.1,83.3,83.75,84.0,129.4,65.1,36312,3059766.7,,84.26,EQ
29-12-2006,84.0,86.5,84.0,84.5,84.5,129.4,65.1,115703,9842282.8,,85.07,EQ
02-01-2007,82.8,86.45,82.8,83.85,84.15,129.4,65.1,44632,3767498.35,,84.41,EQ
03-01-2007,84.8,86.3,83.6,85.65,85.75,129.4,65.1,88331,7567547.65,,85.67,EQ
04-01-2007,86.5,86.8,85.0,85.9,85.8,129.4,65.1,66234,5706749.0,,86.16,EQ
05-01-2007,85.45,90.4,85.4,88.25,88.5,129.4,65.1,255240,22561413.1,,88.39,EQ
08-01-2007,89.8,89.8,86.75,87.35,87.4,129.4,65.1,71125,6243467.4,,87.78,EQ
09-01-2007,85.55,88.4,84.75,85.1,85.1,129.4,65.1,82407,7114718.3,,86.34,EQ
10-01-2007,85.1,86.25,83.2,84.55,84.9,129.4,65.1,64596,5506941.1,,85.25,EQ
11-01-2007,85.6,86.5,84.5,85.4,85.5,129.4,65.1,45647,3893399.4,,85.29,EQ
12-01-2007,87.5,88.6,84.6,85.25,85.05,129.4,65.1,172106,14951439.8,,86.87,EQ
15-01-2007,86.25,89.8,85.5,87.85,88.0,129.4,65.1,240874,21285878.8,,88.37,EQ
16-01-2007,88.9,88.9,86.0,86.6,86.55,129.4,65.1,64845,5649303.4,,87.12,EQ
17-01-2007,87.9,87.9,85.05,85.25,85.25,129.4,65.1,76473,6572980.6,,85.95,EQ
18-01-2007,85.3,95.2,85.3,91.15,91.05,129.4,65.1,1201865,110292051.9,,91.77,EQ
19-01-2007,92.0,92.3,88.1,88.65,88.9,129.4,65.1,264775,23750349.1,,89.7,EQ
22-01-2007,89.9,89.9,87.1,87.9,88.0,129.4,65.1,96216,8461025.15,,87.94,EQ
23-01-2007,88.45,88.45,86.1,86.5,86.65,129.4,65.1,67698,5912573.55,,87.34,EQ
24-01-2007,87.3,90.4,86.65,87.05,86.8,129.4,65.1,123903,10958575.15,,88.44,EQ
25-01-2007,87.15,89.1,85.7,86.3,86.0,129.4,65.1,106077,9219103.65,,86.91,EQ
29-01-2007,88.0,89.9,85.75,88.65,88.2,129.4,65.1,472308,41524951.65,,87.92,EQ
31-01-2007,89.9,89.9,85.65,86.2,85.65,129.4,65.1,170280,14892686.75,,87.46,EQ
01-02-2007,86.9,89.0,86.2,87.2,87.0,129.4,65.1,119354,10443894.8,,87.5,EQ
02-02-2007,88.0,92.8,88.0,90.35,89.85,129.4,65.1,847356,77217553.95,,91.13,EQ
05-02-2007,90.5,90.75,87.25,87.45,87.25,129.4,66.15,164124,14450299.7,,88.05,EQ
06-02-2007,87.75,89.35,86.05,86.6,86.05,129.4,66.15,188155,16493695.5,,87.66,EQ
07-02-2007,87.4,87.4,86.0,86.2,86.3,129.4,66.15,96128,8326821.6,,86.62,EQ
08-02-2007,86.9,86.9,84.5,84.9,85.25,129.4,66.15,118090,10081641.3,,85.37,EQ
09-02-2007,85.5,85.95,81.8,82.3,82.0,129.4,66.15,109454,9140196.1,,83.51,EQ
12-02-2007,80.25,82.7,78.6,79.2,78.75,129.4,66.15,136820,10931316.8,,79.9,EQ
13-02-2007,80.8,82.3,78.7,79.3,79.9,129.4,66.15,168850,13632795.25,,80.74,EQ
14-02-2007,79.5,80.25,75.9,78.6,78.85,129.4,66.15,68174,5350500.95,,78.48,EQ
15-02-2007,79.5,81.05,79.5,80.0,79.7,129.4,66.15,110071,8821046.05,,80.14,EQ
19-02-2007,80.0,82.15,80.0,81.4,81.4,129.4,66.15,73624,6001893.95,,81.52,EQ
20-02-2007,81.4,83.2,79.4,80.0,80.0,129.4,66.15,102878,8339832.05,,81.07,EQ
21-02-2007,80.0,80.75,77.8,78.15,78.2,129.4,66.15,71150,5612608.95,,78.88,EQ
22-02-2007,80.0,80.0,76.5,78.0,78.0,129.4,66.15,44622,3507052.15,,78.59,EQ
23-02-2007,77.35,78.4,74.5,74.8,75.5,129.4,66.15,197491,14846688.65,,75.18,EQ
26-02-2007,75.9,76.2,74.0,75.1,75.0,129.4,66.15,65725,4932239.1,,75.04,EQ
27-02-2007,75.55,76.05,74.25,74.95,74.95,129.4,66.15,58413,4395526.75,,75.25,EQ
28-02-2007,72.0,77.8,71.0,74.3,73.25,129.4,66.15,267466,20052885.9,,74.97,EQ
01-03-2007,75.0,76.0,72.4,72.75,72.6,129.4,66.15,108635,8005697.35,,73.69,EQ
02-03-2007,73.8,74.8,71.55,72.45,71.55,129.4,66.15,78537,5737194.6,,73.05,EQ
05-03-2007,69.95,70.6,67.45,68.15,67.45,129.4,66.15,107577,7422476.15,,69.0,EQ
06-03-2007,69.0,71.7,66.1,69.05,69.5,129.4,66.1,85551,5875278.6,,68.68,EQ
07-03-2007,70.65,70.65,64.5,65.15,65.2,129.4,64.5,129140,8589172.55,,66.51,EQ
08-03-2007,65.4,72.0,64.15,69.8,72.0,129.4,64.15,147583,9921383.85,,67.23,EQ
09-03-2007,73.0,73.0,69.0,70.7,72.0,129.4,64.15,70832,4974041.8,,70.22,EQ
12-03-2007,71.0,72.0,68.6,70.2,71.1,129.4,64.15,68715,4847336.55,,70.54,EQ
13-03-2007,70.8,71.8,69.5,70.9,71.8,129.4,64.15,90112,6349768.4,,70.47,EQ
14-03-2007,67.6,69.8,67.6,69.1,69.5,129.4,64.15,44163,3046872.3,,68.99,EQ
15-03-2007,69.8,75.5,68.5,68.7,68.5,129.4,64.15,117936,8336686.45,,70.69,EQ
16-03-2007,69.8,69.8,68.0,68.75,68.55,129.4,64.15,43954,3015551.7,,68.61,EQ
19-03-2007,68.6,68.9,67.35,67.75,67.4,129.4,64.15,50218,3420296.7,,68.11,EQ
20-03-2007,67.4,69.8,67.4,68.4,68.1,129.4,64.15,54426,3723487.0,,68.41,EQ
21-03-2007,68.7,69.8,68.25,69.2,69.3,129.4,64.15,46653,3220271.6,,69.03,EQ
22-03-2007,69.0,71.2,69.0,69.8,69.55,129.4,64.15,457348,31728242.3,,69.37,EQ
23-03-2007,71.0,71.3,69.1,69.6,69.75,129.4,64.15,85401,5995943.6,,70.21,EQ
26-03-2007,70.1,70.1,68.2,68.7,68.5,129.4,64.15,55923,3884785.6,,69.47,EQ
28-03-2007,68.3,68.75,67.1,67.55,67.25,129.4,64.15,69077,4690077.85,,67.9,EQ
29-03-2007,68.4,68.95,67.4,68.0,68.0,129.4,64.15,44284,3006143.85,,67.88,EQ
30-03-2007,68.2,70.4,67.9,69.15,69.05,129.4,64.15,58156,4002044.55,,68.82,EQ
02-04-2007,68.3,68.7,67.5,67.8,67.9,129.4,64.15,38981,2651869.3,,68.03,EQ
03-04-2007,68.0,68.6,67.5,67.75,67.5,129.4,64.15,39900,2705529.0,,67.81,EQ
04-04-2007,68.65,69.4,66.25,67.0,67.0,129.4,64.15,109242,7337153.05,,67.16,EQ
05-04-2007,67.5,68.9,67.0,68.25,68.25,129.4,64.15,111909,7652836.45,,68.38,EQ
09-04-2007,68.6,72.0,68.6,71.45,71.8,129.4,64.15,143333,10188146.2,,71.08,EQ
10-04-2007,72.0,73.4,71.0,71.95,72.0,129.4,64.15,73792,5328514.45,,72.21,EQ
11-04-2007,72.45,75.5,72.4,74.85,74.3,129.4,64.15,170851,12684255.7,,74.24,EQ
12-04-2007,74.85,77.2,73.7,75.45,75.4,129.4,64.15,199430,15116222.9,,75.8,EQ
13-04-2007,75.0,76.8,73.15,73.55,73.45,129.4,64.15,172262,12885624.7,,74.8,EQ
16-04-2007,75.0,76.4,73.5,73.7,73.5,129.4,64.15,256198,19121341.7,,74.64,EQ
17-04-2007,74.4,74.4,73.0,73.15,73.0,129.4,64.15,140858,10358294.35,,73.54,EQ
18-04-2007,72.0,74.9,71.4,74.15,73.5,129.4,64.15,250116,18481688.4,,73.89,EQ
19-04-2007,72.6,75.0,72.0,74.0,74.0,129.4,64.15,152877,11317964.9,,74.03,EQ
20-04-2007,75.35,75.4,73.85,73.95,74.0,129.4,64.15,141072,10504593.9,,74.46,EQ
23-04-2007,74.25,74.8,72.45,72.65,73.15,129.4,64.15,113666,8329264.85,,73.28,EQ
24-04-2007,72.0,73.9,70.5,72.6,72.5,129.4,64.15,68881,5013551.35,,72.79,EQ
25-04-2007,72.1,73.5,71.0,72.75,72.65,129.4,64.15,94536,6847210.25,,72.43,EQ
26-04-2007,72.1,73.9,72.1,72.95,72.95,129.4,64.15,76372,5597876.9,,73.3,EQ
27-04-2007,73.0,73.45,72.0,72.15,72.3,129.4,64.15,56463,4101326.6,,72.64,EQ
30-04-2007,72.55,73.6,71.8,72.95,72.85,129.4,64.15,48707,3551508.55,,72.92,EQ
03-05-2007,73.4,75.6,73.2,74.25,74.15,129.4,64.15,157453,11744403.05,,74.59,EQ
04-05-2007,75.0,75.35,73.3,73.95,73.5,129.4,64.15,497768,37021233.35,,74.37,EQ
07-05-2007,74.0,75.9,73.6,74.3,73.95,125.9,64.15,235214,17595461.45,,74.81,EQ
08-05-2007,75.0,75.45,73.5,74.0,73.5,125.9,64.15,69510,5159742.8,,74.23,EQ
09-05-2007,74.0,74.0,72.5,72.7,72.5,125.9,64.15,43202,3151706.25,,72.95,EQ
10-05-2007,73.2,73.9,72.3,72.5,72.3,125.9,64.15,46668,3414785.6,,73.17,EQ
11-05-2007,78.65,78.65,71.4,71.95,71.65,125.9,64.15,73295,5289226.5,,72.16,EQ
14-05-2007,72.0,73.85,71.9,72.15,72.0,114.55,64.15,67549,4899630.8,,72.53,EQ
15-05-2007,72.65,75.15,72.1,74.55,74.5,114.55,64.15,253920,18856877.95,,74.26,EQ
16-05-2007,75.8,76.75,75.25,75.45,75.35,114.55,64.15,216860,16462882.0,,75.91,EQ
17-05-2007,75.8,76.35,74.0,74.5,74.1,114.55,64.15,111923,8423903.8,,75.27,EQ
18-05-2007,74.5,74.95,73.45,73.65,73.45,114.55,64.15,56839,4200049.2,,73.89,EQ
21-05-2007,74.0,77.8,73.7,76.05,75.8,103.2,64.15,236384,18015575.3,,76.21,EQ
22-05-2007,76.75,76.75,75.05,75.3,75.25,103.2,64.15,97686,7393734.6,,75.69,EQ
23-05-2007,74.3,79.8,74.3,78.9,78.65,103.2,64.15,626988,49184966.75,,78.45,EQ
24-05-2007,79.0,80.65,78.0,78.9,78.25,103.2,64.15,408638,32442562.8,,79.39,EQ
25-05-2007,78.8,83.0,78.5,82.55,83.0,103.2,64.15,1003985,82145149.5,,81.82,EQ
28-05-2007,83.0,83.9,82.5,82.65,82.8,103.2,64.15,445413,37075450.2,,83.24,EQ
29-05-2007,83.0,84.9,82.7,83.6,83.0,103.2,64.15,414235,34701090.0,,83.77,EQ
30-05-2007,83.0,83.75,80.25,80.75,80.55,103.2,64.15,232354,19122714.65,,82.3,EQ
31-05-2007,81.0,82.95,81.0,82.05,81.75,103.2,64.15,154845,12725071.75,,82.18,EQ
01-06-2007,73.9,82.85,73.9,81.9,81.5,103.2,64.15,148297,12182330.6,,82.15,EQ
04-06-2007,82.0,83.1,81.5,81.8,81.5,103.2,64.15,123623,10163164.15,,82.21,EQ
05-06-2007,82.85,82.85,81.0,81.5,81.3,103.2,64.15,121796,9987856.9,,82.0,EQ
06-06-2007,82.85,82.9,80.25,80.65,80.9,103.2,64.15,114454,9341476.3,,81.62,EQ
07-06-2007,80.0,81.4,78.8,79.3,79.5,103.2,64.15,96199,7681361.25,,79.85,EQ
08-06-2007,78.1,82.6,77.15,80.8,80.6,103.2,64.15,442367,35571596.55,,80.41,EQ
11-06-2007,82.4,82.4,80.3,80.6,80.95,103.2,64.15,61867,5019293.45,,81.13,EQ
12-06-2007,80.9,83.4,80.3,81.3,81.3,103.2,64.15,180086,14719650.6,,81.74,EQ
13-06-2007,79.4,79.75,78.0,79.05,79.05,103.2,64.15,150677,11889447.1,,78.91,EQ
14-06-2007,79.25,79.6,78.1,78.3,78.2,103.2,64.15,68878,5413290.0,,78.59,EQ
15-06-2007,78.5,79.35,77.3,77.6,77.3,103.2,64.15,75594,5916746.25,,78.27,EQ
18-06-2007,78.35,85.0,77.65,84.2,84.5,103.2,64.15,930941,77055544.15,,82.77,EQ
19-06-2007,84.5,86.5,83.25,84.6,84.4,103.2,64.15,736089,62496662.3,,84.9,EQ
20-06-2007,84.9,85.6,83.65,84.2,84.5,103.2,64.15,272470,23081965.5,,84.71,EQ
21-06-2007,83.75,85.9,83.1,83.65,83.3,103.2,64.15,224910,18993710.2,,84.45,EQ
22-06-2007,85.0,91.4,85.0,85.8,85.3,103.2,64.15,1245894,108685014.85,,87.23,EQ
25-06-2007,85.0,86.0,82.35,82.7,82.5,103.2,64.15,179478,15080156.1,,84.02,EQ
26-06-2007,83.45,84.2,81.7,81.95,82.05,103.2,64.15,140220,11606882.4,,82.78,EQ
27-06-2007,82.0,82.65,80.7,81.05,80.8,103.2,64.15,67282,5484271.9,,81.51,EQ
28-06-2007,82.5,82.85,80.1,80.35,80.15,103.2,64.15,73845,5995972.45,,81.2,EQ
29-06-2007,81.65,82.8,80.4,80.7,80.65,103.2,64.15,256866,20857717.55,,81.2,EQ
02-07-2007,81.0,86.0,79.8,84.45,84.65,103.2,64.15,352766,29735481.3,,84.29,EQ
03-07-2007,85.45,85.5,84.1,84.95,84.6,103.2,64.15,126032,10700407.65,,84.9,EQ
04-07-2007,84.5,85.7,83.6,84.3,84.3,103.2,64.15,119154,10080077.9,,84.6,EQ
05-07-2007,84.3,84.35,81.9,83.85,83.5,103.2,64.15,105716,8797409.85,,83.22,EQ
06-07-2007,83.55,85.0,83.0,83.9,83.65,103.2,64.15,119944,10055979.4,,83.84,EQ
09-07-2007,84.0,85.0,83.55,84.0,83.6,103.2,64.15,95960,8063753.95,,84.03,EQ
10-07-2007,84.0,85.5,82.5,82.8,82.5,103.2,64.15,83890,7031343.1,,83.82,EQ
11-07-2007,82.8,83.6,82.1,82.35,82.2,103.2,64.15,52826,4367487.15,,82.68,EQ
12-07-2007,85.0,88.65,84.45,87.0,86.8,103.2,64.15,609741,53242781.05,,87.32,EQ
13-07-2007,87.9,89.0,85.5,87.25,86.45,103.2,64.15,495026,43403196.4,,87.68,EQ
16-07-2007,90.0,92.0,85.9,86.45,85.9,103.2,64.15,651912,57391205.1,,88.04,EQ
17-07-2007,87.0,88.0,83.6,84.0,83.6,103.2,64.15,294969,25232552.95,,85.54,EQ
18-07-2007,88.95,88.95,82.5,83.15,83.5,103.2,64.15,156768,13131273.1,,83.76,EQ
19-07-2007,84.0,85.75,83.25,84.05,84.1,103.2,64.15,132566,11137187.25,,84.01,EQ
20-07-2007,84.5,87.5,82.8,83.25,83.5,103.2,64.15,215613,18305044.1,,84.9,EQ
23-07-2007,83.5,84.05,82.4,82.75,82.9,103.2,64.15,98522,8205499.05,,83.29,EQ
24-07-2007,83.9,83.9,80.9,81.05,81.0,103.2,64.15,137311,11193934.25,,81.52,EQ
25-07-2007,81.0,82.9,80.1,80.65,80.6,103.2,64.15,131065,10613801.8,,80.98,EQ
26-07-2007,81.0,81.5,80.05,80.65,80.65,103.2,64.15,40091,3231592.4,,80.61,EQ
27-07-2007,80.05,82.0,77.1,77.8,77.5,103.2,64.15,154017,12089682.55,,78.5,EQ
30-07-2007,76.55,78.5,76.5,77.35,77.0,103.2,64.15,220545,17193942.25,,77.96,EQ
31-07-2007,88.9,88.9,77.1,78.0,77.95,103.2,64.15,79963,6240051.25,,78.04,EQ
01-08-2007,77.5,77.95,75.8,76.25,75.8,103.2,64.15,171985,13224928.65,,76.9,EQ
02-08-2007,76.1,77.4,75.0,75.7,76.45,103.2,64.15,90924,6926796.4,,76.18,EQ
03-08-2007,77.0,77.3,75.6,76.05,76.75,103.2,64.15,106616,8169109.8,,76.62,EQ
06-08-2007,73.5,75.5,73.5,74.85,74.9,103.2,64.15,95589,7164412.25,,74.95,EQ
07-08-2007,75.3,75.5,74.1,74.25,74.5,103.2,64.15,124120,9289132.9,,74.84,EQ
08-08-2007,75.25,75.75,74.8,75.45,75.6,103.2,64.15,58888,4442367.85,,75.44,EQ
09-08-2007,75.85,80.1,75.3,76.5,76.85,103.2,64.15,898562,68808196.25,,76.58,EQ
10-08-2007,75.5,75.5,73.2,74.3,74.45,103.2,64.15,65166,4867400.5,,74.69,EQ
13-08-2007,75.25,78.25,74.15,77.4,77.75,103.2,64.15,94160,7245045.6,,76.94,EQ
14-08-2007,77.4,77.65,76.25,76.8,76.65,103.2,64.15,47637,3660607.85,,76.84,EQ
16-08-2007,73.1,75.75,73.1,74.1,74.0,103.2,64.15,51791,3858543.55,,74.5,EQ
17-08-2007,76.8,76.8,72.2,73.2,72.25,103.2,64.15,209142,15347059.5,,73.38,EQ
20-08-2007,74.8,75.0,73.2,73.7,73.95,103.2,64.15,49524,3665438.85,,74.01,EQ
21-08-2007,74.0,75.75,72.0,72.15,72.45,103.2,64.15,93116,6895569.45,,74.05,EQ
22-08-2007,72.35,73.85,71.6,72.4,72.4,103.2,64.15,49536,3595439.25,,72.58,EQ
23-08-2007,72.1,74.7,71.5,71.95,72.0,103.2,64.15,68716,4997658.65,,72.73,EQ
24-08-2007,72.0,72.85,71.25,72.0,71.9,103.2,64.15,42253,3040172.6,,71.95,EQ
27-08-2007,72.8,73.45,72.2,72.9,72.85,103.2,64.15,45590,3324779.7,,72.93,EQ
28-08-2007,73.2,73.5,72.0,72.15,72.0,103.2,64.15,122916,8941912.05,,72.75,EQ
29-08-2007,72.0,72.5,71.85,72.0,72.0,103.2,64.15,70088,5047488.6,,72.02,EQ
30-08-2007,72.5,72.7,71.8,71.95,71.9,103.2,64.15,99649,7181655.25,,72.07,EQ
31-08-2007,72.45,73.8,72.0,73.25,72.85,103.2,64.15,74146,5400789.8,,72.84,EQ
03-09-2007,72.55,74.8,72.55,73.6,73.45,103.2,64.15,94564,6987056.8,,73.89,EQ
04-09-2007,73.45,74.3,73.35,73.45,73.5,103.2,64.15,81116,5983447.6,,73.76,EQ
05-09-2007,73.9,74.35,73.25,73.65,73.7,103.2,64.15,91780,6765440.1,,73.71,EQ
06-09-2007,73.0,74.0,73.0,73.45,73.6,103.2,64.15,87027,6408061.2,,73.63,EQ
07-09-2007,73.75,74.7,73.2,73.45,73.65,103.2,64.15,108876,8039538.55,,73.84,EQ
10-09-2007,72.6,73.3,72.6,72.9,73.0,103.2,64.15,60539,4416161.55,,72.95,EQ
11-09-2007,73.5,76.1,73.25,73.5,73.7,103.2,64.15,448032,33454011.55,,74.67,EQ
12-09-2007,74.0,74.75,73.25,73.5,73.7,103.2,64.15,199179,14711791.5,,73.86,EQ
13-09-2007,73.95,77.0,73.85,75.25,75.3,103.2,64.15,349568,26314865.85,,75.28,EQ
14-09-2007,75.5,76.5,74.1,74.3,74.4,103.2,64.15,168933,12715464.0,,75.27,EQ
17-09-2007,75.5,78.4,74.6,76.05,76.0,103.2,64.15,297652,22776117.95,,76.52,EQ
18-09-2007,75.5,78.9,75.5,77.7,77.85,103.2,64.15,389849,30351425.8,,77.85,EQ
19-09-2007,78.8,80.75,77.5,78.55,78.3,103.2,64.15,421315,33472400.5,,79.45,EQ
20-09-2007,79.9,79.9,76.55,77.45,77.0,103.2,64.15,149987,11669761.05,,77.81,EQ
21-09-2007,78.0,79.4,76.3,76.9,77.1,103.2,64.15,291070,22534212.55,,77.42,EQ
24-09-2007,77.1,78.7,76.15,76.75,77.1,102.7,64.15,123902,9560111.85,,77.16,EQ
25-09-2007,76.75,78.7,76.5,78.05,77.9,102.7,64.15,138523,10759952.9,,77.68,EQ
26-09-2007,78.0,83.0,78.0,79.1,79.25,102.7,64.15,420409,33994568.25,,80.86,EQ
27-09-2007,82.0,82.0,78.1,78.4,78.3,102.7,64.15,230795,18499793.8,,80.16,EQ
28-09-2007,81.0,81.1,78.0,78.65,78.95,102.7,64.15,111743,8851601.1,,79.21,EQ
01-10-2007,78.05,79.0,78.05,78.45,78.25,100.0,64.15,82743,6508833.8,,78.66,EQ
03-10-2007,79.0,80.75,75.1,77.45,77.5,100.0,64.15,194041,15243480.6,,78.56,EQ
04-10-2007,77.5,77.5,75.5,76.5,76.3,100.0,64.15,95624,7307210.05,,76.42,EQ
05-10-2007,77.0,77.15,75.0,75.5,75.25,100.0,64.15,130815,9907318.75,,75.74,EQ
08-10-2007,76.0,77.9,72.0,72.7,72.55,100.0,64.15,130990,9565283.2,,73.02,EQ
09-10-2007,72.0,74.6,71.1,73.9,74.35,100.0,64.15,125988,9191407.7,,72.95,EQ
10-10-2007,74.1,74.7,73.1,73.3,73.65,100.0,64.15,95270,7036475.2,,73.86,EQ
11-10-2007,73.3,74.2,72.0,72.6,73.0,100.0,64.15,84068,6103218.45,,72.6,EQ
12-10-2007,74.4,74.4,72.0,72.1,72.05,100.0,64.15,71279,5162595.05,,72.43,EQ
15-10-2007,72.1,74.5,72.1,73.2,73.5,100.0,64.15,126836,9303795.5,,73.35,EQ
16-10-2007,73.5,80.35,72.8,78.0,77.7,100.0,64.15,460330,35502014.05,,77.12,EQ
17-10-2007,68.0,75.95,62.45,74.85,75.45,100.0,62.45,127693,9500060.65,,74.4,EQ
18-10-2007,76.95,78.0,72.55,73.75,72.55,100.0,62.45,128351,9787532.45,,76.26,EQ
19-10-2007,72.0,74.1,71.0,72.25,72.0,100.0,62.45,191620,13969464.95,,72.9,EQ
22-10-2007,72.35,73.0,71.6,72.2,72.05,100.0,62.45,44335,3208736.55,,72.37,EQ
23-10-2007,73.4,77.0,73.0,74.55,74.75,100.0,62.45,235532,17775336.0,,75.47,EQ
24-10-2007,74.95,76.0,73.25,74.05,73.8,100.0,62.45,160103,11915734.4,,74.43,EQ
25-10-2007,80.0,80.0,72.85,74.95,74.85,100.0,62.45,201373,15179980.25,,75.38,EQ
26-10-2007,85.0,85.0,74.5,75.7,75.5,100.0,62.45,206244,15675180.45,,76.0,EQ
29-10-2007,80.0,80.0,76.1,76.6,76.1,100.0,62.45,225196,17401431.1,,77.27,EQ
30-10-2007,77.95,77.95,74.6,75.0,75.3,100.0,62.45,81392,6157325.2,,75.65,EQ
31-10-2007,75.45,75.5,74.0,74.25,74.45,100.0,62.45,76307,5688110.2,,74.54,EQ
01-11-2007,75.0,75.0,71.65,72.4,72.5,100.0,62.45,110919,8120564.7,,73.21,EQ
02-11-2007,71.9,72.9,71.6,72.15,72.35,100.0,62.45,97889,7080487.95,,72.33,EQ
05-11-2007,72.15,74.9,72.15,72.75,73.0,98.4,62.45,78845,5762949.05,,73.09,EQ
06-11-2007,73.8,75.4,72.6,73.15,73.55,98.4,62.45,155214,11463959.55,,73.86,EQ
07-11-2007,75.0,75.0,72.1,72.6,72.75,98.4,62.45,72181,5265329.85,,72.95,EQ
08-11-2007,71.3,72.9,71.3,71.65,71.6,98.4,62.45,69313,4984733.6,,71.92,EQ
09-11-2007,72.0,73.0,71.5,72.5,72.75,98.4,62.45,20630,1491562.5,,72.3,EQ
12-11-2007,71.3,72.15,70.65,71.55,71.5,98.4,62.45,43807,3140953.95,,71.7,EQ
13-11-2007,83.0,83.0,72.0,72.5,72.75,98.4,62.45,80378,5898793.95,,73.39,EQ
14-11-2007,73.5,83.9,73.0,79.95,79.55,98.4,62.45,710599,56320397.05,,79.26,EQ
15-11-2007,80.9,83.75,79.75,81.45,81.4,98.4,62.45,515936,42235884.5,,81.86,EQ
16-11-2007,81.9,91.4,80.0,86.7,87.8,98.4,62.45,1497196,130946672.5,,87.46,EQ
19-11-2007,90.0,92.8,88.2,89.3,89.0,98.4,62.45,814158,73555403.7,,90.35,EQ
20-11-2007,89.35,92.25,86.1,87.05,88.0,98.4,62.45,555613,49766935.45,,89.57,EQ
21-11-2007,87.55,88.0,78.9,81.1,80.7,98.4,62.45,303488,25347662.4,,83.52,EQ
22-11-2007,81.0,82.65,77.0,80.1,81.8,98.4,62.45,271861,21619837.1,,79.53,EQ
23-11-2007,78.6,83.8,78.6,81.6,81.2,98.4,62.45,105052,8593150.25,,81.8,EQ
26-11-2007,86.4,87.8,81.0,84.65,84.7,97.05,62.45,300748,25718871.45,,85.52,EQ
27-11-2007,85.1,85.1,82.65,83.55,84.0,97.05,62.45,70311,5866388.7,,83.43,EQ
28-11-2007,84.3,88.4,83.55,84.65,84.25,97.05,62.45,315932,27192469.15,,86.07,EQ
29-11-2007,85.75,88.0,81.6,82.4,82.0,97.05,62.45,209694,17723559.7,,84.52,EQ
30-11-2007,98.0,98.0,81.3,83.7,83.65,98.0,62.45,147421,12367104.5,,83.89,EQ
03-12-2007,85.9,88.0,84.0,86.15,86.5,98.0,62.45,157698,13558635.05,,85.98,EQ
04-12-2007,87.9,90.0,85.8,86.5,86.8,98.0,62.45,260848,22901984.9,,87.8,EQ
05-12-2007,87.85,88.95,86.15,87.95,87.55,98.0,62.45,201406,17653722.65,,87.65,EQ
06-12-2007,88.8,93.95,88.1,89.7,90.45,98.0,62.45,790417,72366477.85,,91.55,EQ
07-12-2007,92.0,93.8,87.2,88.4,88.1,98.0,62.45,253491,22709967.95,,89.59,EQ
10-12-2007,97.0,97.0,87.65,91.05,91.5,98.0,62.45,245794,22027580.45,,89.62,EQ
11-12-2007,93.0,99.0,93.0,95.25,94.7,99.0,62.45,1388204,133301978.1,,96.02,EQ
12-12-2007,94.0,102.35,93.5,101.4,101.2,102.35,62.45,1253118,124208169.9,,99.12,EQ
13-12-2007,102.55,104.5,96.55,97.85,97.45,104.5,62.45,894498,90416350.7,,101.08,EQ
14-12-2007,98.7,110.7,98.0,109.4,110.0,110.7,62.45,2412680,257103454.1,,106.56,EQ
17-12-2007,109.5,114.0,100.6,103.75,104.0,114.0,62.45,1695090,184648872.0,,108.93,EQ
18-12-2007,104.75,108.9,98.25,105.5,106.6,114.0,62.45,1039453,107832503.35,,103.74,EQ
19-12-2007,108.4,111.9,102.4,106.95,107.0,114.0,62.45,812949,88223152.5,,108.52,EQ
20-12-2007,108.0,108.7,101.6,102.4,102.8,114.0,62.45,340870,35640570.6,,104.56,EQ
24-12-2007,103.8,110.0,102.0,108.05,108.95,114.0,62.45,370899,39453579.1,,106.37,EQ
26-12-2007,108.9,118.95,108.0,117.15,117.7,118.95,62.45,1346636,153874790.6,,114.27,EQ
27-12-2007,117.0,121.4,114.25,115.1,114.35,121.4,62.45,961718,113018145.4,,117.52,EQ
28-12-2007,115.0,119.4,112.5,117.55,117.15,121.4,62.45,541310,62617111.35,,115.68,EQ
31-12-2007,119.7,123.85,116.25,119.25,119.0,123.85,62.45,961185,115836490.5,,120.51,EQ
01-01-2008,120.7,122.2,115.3,119.25,119.25,123.85,62.45,426804,51215736.75,,120.0,EQ
02-01-2008,120.7,120.7,114.5,117.0,116.45,123.85,62.45,325905,38228181.35,,117.3,EQ
03-01-2008,117.9,126.4,117.0,122.35,121.8,126.4,62.45,1123244,138187060.7,,123.02,EQ
04-01-2008,124.35,124.7,118.6,120.7,119.9,126.4,62.45,457286,56053234.55,,122.58,EQ
07-01-2008,120.75,122.85,115.75,120.15,119.55,126.4,62.45,322275,38926640.6,,120.79,EQ
08-01-2008,121.5,121.5,112.1,114.0,113.25,126.4,62.45,316597,36525732.4,,115.37,EQ
09-01-2008,113.9,115.0,110.0,110.9,111.0,126.4,62.45,222969,24996432.85,,112.11,EQ
10-01-2008,112.0,114.4,100.1,102.45,103.45,126.4,62.45,287454,31111631.15,,108.23,EQ
11-01-2008,103.1,104.4,96.5,99.1,100.9,126.4,62.45,502426,49824033.75,,99.17,EQ
14-01-2008,105.8,105.8,100.0,104.3,104.65,126.4,62.45,170604,17719371.85,,103.86,EQ
15-01-2008,105.35,121.8,105.1,113.9,114.0,126.4,62.45,1101183,125551848.4,,114.02,EQ
16-01-2008,111.0,113.7,105.0,108.35,109.45,126.4,62.45,547531,59758791.85,,109.14,EQ
17-01-2008,110.7,114.4,106.55,108.85,108.0,126.4,62.45,341467,37838045.65,,110.81,EQ
18-01-2008,108.95,109.8,97.65,99.15,97.65,126.4,62.45,359786,37068645.75,,103.03,EQ
21-01-2008,99.15,99.4,79.5,81.65,82.0,126.4,62.45,298692,27096762.15,,90.72,EQ
22-01-2008,70.5,80.9,65.35,72.15,71.95,126.4,62.45,207299,14450713.0,,69.71,EQ
23-01-2008,79.0,81.85,73.0,75.25,78.15,126.4,62.45,605106,46478969.75,,76.81,EQ
24-01-2008,79.0,81.9,76.0,77.1,78.25,126.4,62.45,440174,34576847.05,,78.55,EQ
25-01-2008,79.5,90.0,79.5,87.65,89.0,126.4,62.45,216171,18128832.5,,83.86,EQ
28-01-2008,87.0,87.4,81.0,86.25,85.55,126.4,62.45,133131,11232774.5,,84.37,EQ
29-01-2008,90.25,90.25,84.6,87.7,88.25,126.4,62.45,80555,7043567.2,,87.44,EQ
30-01-2008,87.0,89.9,85.4,86.2,86.0,126.4,62.45,112346,9777027.95,,87.03,EQ
31-01-2008,86.5,87.5,80.0,82.6,82.8,126.4,62.45,120470,10109100.1,,83.91,EQ
01-02-2008,84.8,84.9,79.55,82.6,82.25,126.4,62.45,158609,12994538.2,,81.93,EQ
04-02-2008,83.5,87.0,82.5,83.75,84.25,126.4,62.45,204191,17258761.1,,84.52,EQ
05-02-2008,84.2,86.0,83.25,85.0,84.75,126.4,62.45,69843,5923578.3,,84.81,EQ
06-02-2008,81.6,87.4,80.0,86.1,86.5,126.4,62.45,93497,7952012.55,,85.05,EQ
07-02-2008,86.7,89.4,84.5,85.15,84.7,126.4,62.45,83167,7261231.4,,87.31,EQ
08-02-2008,83.0,85.95,81.1,82.0,82.25,126.4,62.45,58901,4885266.8,,82.94,EQ
11-02-2008,82.25,82.95,75.2,76.5,76.0,126.4,62.45,85473,6743859.15,,78.9,EQ
12-02-2008,76.5,79.35,73.0,74.0,74.85,126.4,62.45,302090,22669219.95,,75.04,EQ
13-02-2008,76.0,76.9,70.7,71.5,72.0,126.4,62.45,109838,8050006.15,,73.29,EQ
14-02-2008,74.8,75.65,72.35,74.7,75.5,126.4,62.45,105237,7791574.25,,74.04,EQ
15-02-2008,75.0,77.7,73.75,77.15,76.7,126.4,62.45,56987,4341207.15,,76.18,EQ
18-02-2008,78.0,80.7,77.0,77.65,78.1,126.4,62.45,95918,7538977.4,,78.6,EQ
19-02-2008,79.85,80.5,77.0,77.5,77.85,126.4,62.45,86212,6814087.4,,79.04,EQ
20-02-2008,78.0,78.0,75.25,76.0,75.25,126.4,62.45,58775,4492630.9,,76.44,EQ
21-02-2008,78.2,78.2,74.15,74.6,74.8,126.4,62.45,98798,7452473.8,,75.43,EQ
22-02-2008,75.5,76.0,73.45,73.75,73.5,126.4,62.45,114056,8525489.55,,74.75,EQ
25-02-2008,75.0,75.1,72.6,73.8,73.9,126.4,62.45,58630,4326633.2,,73.8,EQ
26-02-2008,74.95,78.45,74.2,75.25,75.0,126.4,62.45,216342,16549937.85,,76.5,EQ
27-02-2008,76.9,79.35,76.05,76.85,76.8,126.4,62.45,172369,13367131.1,,77.55,EQ
28-02-2008,77.0,77.95,76.15,77.35,77.95,126.4,62.45,85081,6557737.5,,77.08,EQ
29-02-2008,78.0,81.9,75.7,76.7,76.65,126.4,62.45,395005,31430967.6,,79.57,EQ
03-03-2008,74.0,76.5,74.0,74.3,74.7,126.4,62.45,152644,11487207.45,,75.25,EQ
04-03-2008,75.0,75.6,72.5,73.25,73.45,126.4,62.45,86443,6360540.2,,73.58,EQ
05-03-2008,72.5,73.95,70.9,73.0,73.45,126.4,62.45,65866,4808519.85,,73.0,EQ
07-03-2008,71.0,72.0,68.3,68.7,68.6,126.4,62.45,107127,7446859.5,,69.51,EQ
10-03-2008,66.3,68.0,64.1,66.45,66.25,126.4,62.45,250248,16429744.6,,65.65,EQ
11-03-2008,67.5,69.8,66.95,68.7,68.5,126.4,62.45,72235,4951837.45,,68.55,EQ
12-03-2008,71.95,78.8,69.0,69.25,69.25,126.4,62.45,75903,5367203.35,,70.71,EQ
13-03-2008,66.15,67.85,63.0,63.9,63.6,126.4,62.45,759364,48167017.25,,63.43,EQ
14-03-2008,65.2,66.4,63.1,64.9,65.3,126.4,62.45,80875,5243414.75,,64.83,EQ
17-03-2008,63.05,64.9,60.35,61.05,61.5,126.4,60.35,96048,5985914.3,,62.32,EQ
18-03-2008,59.0,62.0,59.0,60.45,60.55,126.4,59.0,84277,5113628.15,,60.68,EQ
19-03-2008,70.0,70.0,60.2,60.8,60.9,126.4,59.0,77690,4855533.85,,62.5,EQ
24-03-2008,64.95,64.95,56.65,58.1,58.35,126.4,56.65,398617,23444300.05,,58.81,EQ
25-03-2008,59.5,62.0,58.6,61.35,61.75,126.4,56.65,117630,7142419.9,,60.72,EQ
26-03-2008,63.5,64.3,61.0,61.55,62.0,126.4,56.65,86122,5348708.2,,62.11,EQ
27-03-2008,60.7,63.25,60.6,61.2,60.9,126.4,56.65,125063,7674688.1,,61.37,EQ
28-03-2008,62.5,66.45,62.0,65.7,66.45,126.4,56.65,136561,8797545.55,,64.42,EQ
31-03-2008,65.0,68.95,64.5,65.7,66.0,126.4,56.65,95394,6294002.0,,65.98,EQ
01-04-2008,66.45,67.5,65.15,66.95,67.25,126.4,56.65,39445,2619583.25,,66.41,EQ
02-04-2008,68.8,69.8,66.55,67.15,67.0,126.4,56.65,62082,4220452.8,,67.98,EQ
03-04-2008,67.5,67.9,65.65,66.4,66.45,126.4,56.65,28615,1907710.15,,66.67,EQ
04-04-2008,65.1,67.5,64.25,66.3,66.3,126.4,56.65,63422,4182898.25,,65.95,EQ
07-04-2008,66.5,67.0,65.0,66.1,66.35,126.4,56.65,39030,2572580.8,,65.91,EQ
08-04-2008,65.25,67.45,65.2,67.0,66.75,126.4,56.65,31607,2095977.95,,66.31,EQ
09-04-2008,66.5,67.9,66.15,67.35,67.25,126.4,56.65,25650,1724068.25,,67.22,EQ
10-04-2008,66.65,68.9,66.65,67.8,68.0,126.4,56.65,52869,3597565.8,,68.05,EQ
11-04-2008,68.1,68.9,67.6,68.35,67.8,126.4,56.65,43654,2985526.1,,68.39,EQ
15-04-2008,67.0,68.7,67.0,67.7,67.55,126.4,56.65,26618,1807258.2,,67.9,EQ
16-04-2008,68.7,70.9,68.15,70.4,70.65,126.4,56.65,119641,8368172.0,,69.94,EQ
17-04-2008,71.25,72.0,69.3,70.3,69.4,126.4,56.65,60100,4236665.6,,70.49,EQ
21-04-2008,72.0,74.0,70.15,72.7,72.7,126.4,56.65,93464,6791423.0,,72.66,EQ
22-04-2008,71.9,74.0,71.9,72.75,73.0,126.4,56.65,65785,4801559.7,,72.99,EQ
23-04-2008,73.0,74.7,72.0,72.3,72.15,126.4,56.65,61743,4489111.4,,72.71,EQ
24-04-2008,72.5,73.7,69.0,70.15,70.25,126.4,56.65,123261,8698956.4,,70.57,EQ
25-04-2008,71.9,71.9,69.15,70.0,70.55,126.4,56.65,47702,3337270.6,,69.96,EQ
28-04-2008,71.25,74.2,70.25,72.5,72.45,126.4,56.65,161352,11753495.2,,72.84,EQ
29-04-2008,72.5,73.9,71.25,72.3,72.1,126.4,56.65,67360,4899389.95,,72.73,EQ
30-04-2008,72.5,73.2,71.25,71.55,71.3,126.4,56.65,25111,1810466.25,,72.1,EQ
02-05-2008,72.1,72.6,71.5,71.7,71.6,126.4,56.65,20346,1463868.55,,71.95,EQ
05-05-2008,71.6,74.5,71.25,72.0,71.75,126.4,56.65,89110,6512214.45,,73.08,EQ
06-05-2008,75.0,80.3,75.0,77.0,76.55,126.4,56.65,938770,73095152.2,,77.86,EQ
07-05-2008,77.3,77.75,73.6,74.5,74.8,126.4,56.65,158703,11968547.25,,75.41,EQ
08-05-2008,73.0,73.65,71.7,72.15,72.3,126.4,56.65,73132,5302545.9,,72.51,EQ
09-05-2008,72.5,73.6,70.35,71.0,70.5,126.4,56.65,60644,4359582.3,,71.89,EQ
12-05-2008,70.15,70.5,68.6,70.1,69.3,126.4,56.65,73941,5163990.95,,69.84,EQ
13-05-2008,70.5,71.95,68.9,69.3,69.3,126.4,56.65,54908,3870409.15,,70.49,EQ
14-05-2008,68.9,70.65,68.1,69.55,69.85,126.4,56.65,48108,3341262.1,,69.45,EQ
15-05-2008,70.65,73.0,69.05,72.15,72.0,126.4,56.65,99384,7131226.6,,71.75,EQ
16-05-2008,71.0,72.85,71.0,72.0,72.0,126.4,56.65,58165,4194881.2,,72.12,EQ
20-05-2008,70.8,72.5,70.6,71.6,71.8,126.4,56.65,34910,2505562.55,,71.77,EQ
21-05-2008,70.6,72.2,70.6,71.4,71.3,126.4,56.65,42331,3029228.3,,71.56,EQ
22-05-2008,71.0,73.4,70.3,70.95,70.8,126.4,56.65,45352,3260385.0,,71.89,EQ
23-05-2008,71.1,71.95,70.25,71.1,71.0,126.4,56.65,39308,2795106.3,,71.11,EQ
26-05-2008,62.65,70.5,62.65,69.1,68.55,126.4,56.65,62928,4374511.7,,69.52,EQ
27-05-2008,70.2,70.3,68.05,68.35,68.05,126.4,56.65,72876,5035894.7,,69.1,EQ
28-05-2008,68.15,69.35,67.85,68.05,68.35,126.4,56.65,26235,1791223.0,,68.28,EQ
29-05-2008,74.75,74.8,67.5,67.95,67.6,126.4,56.65,39714,2721672.45,,68.53,EQ
30-05-2008,69.0,70.85,66.5,70.0,69.75,126.4,56.65,90080,6177141.4,,68.57,EQ
02-06-2008,70.0,70.0,67.1,67.3,67.1,126.4,56.65,21097,1443153.2,,68.41,EQ
03-06-2008,66.2,66.9,65.2,66.05,66.4,126.4,56.65,26126,1726377.5,,66.08,EQ
04-06-2008,67.0,67.5,65.0,65.15,65.1,126.4,56.65,23316,1535972.65,,65.88,EQ
05-06-2008,64.45,66.0,64.2,65.1,65.1,126.4,56.65,32363,2105313.85,,65.05,EQ
06-06-2008,65.75,66.8,62.55,63.2,63.55,126.4,56.65,72979,4692577.75,,64.3,EQ
09-06-2008,62.1,62.65,60.1,61.6,61.5,126.4,56.65,63122,3859752.05,,61.15,EQ
10-06-2008,60.95,63.7,60.95,62.6,63.3,126.4,56.65,36247,2254961.85,,62.21,EQ
11-06-2008,62.6,63.9,61.6,61.9,62.0,126.4,56.65,61612,3850140.6,,62.49,EQ
12-06-2008,61.1,62.0,60.35,61.1,61.0,126.4,56.65,155381,9497111.35,,61.12,EQ
13-06-2008,62.0,62.8,59.2,59.55,59.85,126.4,56.65,141285,8551576.15,,60.53,EQ
16-06-2008,60.6,63.25,60.6,62.1,62.0,126.4,56.65,76438,4746312.85,,62.09,EQ
17-06-2008,62.0,62.9,61.5,62.2,61.8,126.4,56.65,50513,3140899.65,,62.18,EQ
18-06-2008,63.0,65.5,63.0,63.85,63.75,126.4,56.65,89740,5786338.9,,64.48,EQ
19-06-2008,62.85,63.15,61.65,62.2,62.0,126.4,56.65,35175,2192820.1,,62.34,EQ
20-06-2008,62.5,62.9,59.35,59.85,60.05,126.4,56.65,68565,4146445.85,,60.47,EQ
23-06-2008,58.45,59.75,57.85,58.25,58.35,126.4,56.65,49410,2889272.05,,58.48,EQ
24-06-2008,58.9,59.4,57.0,57.5,57.5,126.4,56.65,27082,1576456.9,,58.21,EQ
25-06-2008,58.1,58.9,56.2,58.15,58.3,126.4,56.2,48232,2778320.35,,57.6,EQ
26-06-2008,59.0,60.9,58.3,59.15,59.4,126.4,56.2,29920,1782714.6,,59.58,EQ
27-06-2008,57.35,59.0,57.05,57.8,58.2,126.4,56.2,22092,1281194.7,,57.99,EQ
30-06-2008,68.9,68.9,55.2,55.6,55.2,126.4,55.2,34593,1956092.25,,56.55,EQ
01-07-2008,56.5,56.5,50.05,50.45,51.0,126.4,50.05,128352,6648262.95,,51.8,EQ
02-07-2008,50.9,52.25,49.75,51.5,51.5,126.4,49.75,99765,5050951.25,,50.63,EQ
03-07-2008,51.5,51.5,50.25,51.0,51.05,126.4,49.75,31516,1603719.1,,50.89,EQ
04-07-2008,51.0,52.4,50.5,52.0,52.25,126.4,49.75,34353,1762063.15,,51.29,EQ
07-07-2008,51.0,57.2,51.0,56.35,55.7,126.4,49.75,92404,5131020.5,,55.53,EQ
08-07-2008,52.6,55.0,51.0,53.45,53.5,126.4,49.75,66621,3551488.35,,53.31,EQ
09-07-2008,55.3,56.3,54.65,55.4,55.1,126.4,49.75,26474,1465896.9,,55.37,EQ
10-07-2008,55.0,57.0,54.6,55.0,55.35,126.4,49.75,11874,655212.55,,55.18,EQ
11-07-2008,56.6,56.8,54.25,54.75,54.95,126.4,49.75,17463,965960.05,,55.31,EQ
14-07-2008,54.0,54.5,53.05,53.65,53.5,126.4,49.75,11541,620287.4,,53.75,EQ
15-07-2008,53.65,53.65,51.7,51.95,52.0,126.4,49.75,19541,1027708.5,,52.59,EQ
16-07-2008,51.0,54.0,51.0,51.3,51.85,126.4,49.75,19320,998354.3,,51.67,EQ
17-07-2008,51.25,52.95,51.25,51.65,51.55,126.4,49.75,14667,761687.05,,51.93,EQ
18-07-2008,52.1,52.8,52.0,52.4,52.15,126.4,49.75,16450,861092.8,,52.35,EQ
21-07-2008,52.9,52.9,51.8,52.2,52.0,126.4,49.75,10590,553161.25,,52.23,EQ
22-07-2008,52.5,53.0,51.95,52.95,53.0,126.4,49.75,14889,786081.65,,52.8,EQ
23-07-2008,53.45,55.8,53.4,54.05,54.1,126.4,49.75,80532,4376116.5,,54.34,EQ
24-07-2008,54.4,57.55,54.4,57.0,56.6,126.4,49.75,121737,6839026.5,,56.18,EQ
25-07-2008,56.0,60.0,54.7,57.55,57.5,126.4,49.75,143162,8330090.5,,58.19,EQ
28-07-2008,58.5,59.85,57.45,58.85,59.0,126.4,49.75,68946,4058438.3,,58.86,EQ
29-07-2008,58.0,59.0,57.05,57.8,57.7,126.4,49.75,55313,3212734.8,,58.08,EQ
30-07-2008,58.35,61.0,57.55,58.2,58.4,126.4,49.75,61129,3578085.15,,58.53,EQ
31-07-2008,58.5,58.95,58.05,58.25,58.3,126.4,49.75,30213,1766241.55,,58.46,EQ
01-08-2008,69.8,69.8,57.7,59.3,59.8,126.4,49.75,46244,2729954.45,,59.03,EQ
04-08-2008,59.75,62.0,59.75,61.6,61.4,126.4,49.75,86457,5305020.4,,61.36,EQ
05-08-2008,63.35,64.5,61.5,63.85,63.85,126.4,49.75,182185,11527054.95,,63.27,EQ
06-08-2008,64.0,64.0,59.3,60.05,59.4,126.4,49.75,134493,8238386.15,,61.26,EQ
07-08-2008,60.85,60.9,58.25,58.9,58.85,126.4,49.75,50763,3008684.35,,59.27,EQ
08-08-2008,59.1,59.1,57.05,57.3,57.3,126.4,49.75,75513,4368688.25,,57.85,EQ
11-08-2008,59.4,60.7,58.75,59.55,59.7,126.4,49.75,133161,7949279.55,,59.7,EQ
12-08-2008,59.55,59.7,58.3,58.5,58.45,126.4,49.75,32295,1901383.35,,58.88,EQ
13-08-2008,59.2,59.6,57.7,58.05,58.05,126.4,49.75,28380,1656964.35,,58.38,EQ
14-08-2008,58.1,58.1,56.0,56.4,56.55,126.4,49.75,39969,2273851.3,,56.89,EQ
18-08-2008,57.0,57.2,56.1,56.65,57.0,126.4,49.75,22194,1258172.95,,56.69,EQ
19-08-2008,56.7,56.7,55.0,55.45,55.3,126.4,49.75,19197,1065023.75,,55.48,EQ
20-08-2008,56.5,57.0,55.45,55.8,55.85,126.4,49.75,23404,1307886.3,,55.88,EQ
21-08-2008,55.9,56.2,54.85,55.4,55.5,126.4,49.75,25965,1437668.15,,55.37,EQ
22-08-2008,55.25,55.25,53.5,54.7,54.45,126.4,49.75,27356,1488966.9,,54.43,EQ
25-08-2008,54.85,55.45,53.7,54.15,54.0,126.4,49.75,31223,1702364.1,,54.52,EQ
26-08-2008,54.15,56.8,53.7,56.25,56.0,126.4,49.75,34082,1886486.35,,55.35,EQ
27-08-2008,56.6,56.6,55.0,55.1,55.05,126.4,49.75,17478,967823.4,,55.37,EQ
28-08-2008,54.0,54.8,53.8,54.05,54.0,126.4,49.75,14630,794663.35,,54.32,EQ
29-08-2008,54.1,55.35,54.1,54.8,55.0,126.4,49.75,18887,1033209.4,,54.7,EQ
01-09-2008,52.1,56.95,52.1,55.25,55.2,126.4,49.75,17617,980696.0,,55.67,EQ
02-09-2008,54.5,56.85,54.5,55.95,56.0,126.4,49.75,31779,1771053.1,,55.73,EQ
04-09-2008,55.55,56.9,55.5,55.75,55.8,126.4,49.75,20362,1138324.9,,55.9,EQ
05-09-2008,55.5,56.2,55.0,55.5,55.4,126.4,49.75,13218,733175.35,,55.47,EQ
08-09-2008,56.0,56.5,54.8,56.1,56.0,126.4,49.75,28998,1618366.25,,55.81,EQ
09-09-2008,52.45,56.6,52.45,56.05,55.6,126.4,49.75,15409,862425.55,,55.97,EQ
10-09-2008,55.15,56.2,55.15,55.25,55.2,126.4,49.75,9735,540522.85,,55.52,EQ
11-09-2008,55.0,55.5,54.0,54.4,54.4,126.4,49.75,22311,1215406.05,,54.48,EQ
12-09-2008,55.0,55.0,54.25,54.4,54.4,126.4,49.75,15111,823735.05,,54.51,EQ
15-09-2008,53.8,58.0,52.0,52.85,53.05,126.4,49.75,83200,4446255.55,,53.44,EQ
16-09-2008,52.1,52.9,50.7,52.2,52.0,126.4,49.75,39114,2012147.85,,51.44,EQ
17-09-2008,53.0,53.0,50.1,51.75,52.0,126.4,49.75,37325,1930223.8,,51.71,EQ
18-09-2008,50.0,50.95,48.6,49.4,49.1,126.4,48.6,61147,3011825.75,,49.26,EQ
19-09-2008,50.25,52.0,50.0,50.6,50.25,126.4,48.6,37613,1914505.6,,50.9,EQ
22-09-2008,50.8,50.95,50.0,50.5,50.8,126.4,48.6,18335,924369.15,,50.42,EQ
23-09-2008,50.0,50.8,49.15,49.6,49.15,126.4,48.6,24570,1227846.2,,49.97,EQ
24-09-2008,50.0,50.8,49.1,49.95,49.75,126.4,48.6,16957,843733.5,,49.76,EQ
25-09-2008,49.15,50.2,49.05,49.5,49.5,126.4,48.6,9058,447622.8,,49.42,EQ
26-09-2008,49.1,51.0,47.1,47.55,47.85,126.4,47.1,38762,1866057.35,,48.14,EQ
29-09-2008,47.05,48.0,45.0,45.6,45.6,126.4,45.0,33252,1526103.55,,45.9,EQ
30-09-2008,44.1,47.9,41.0,46.45,46.5,126.4,41.0,34291,1524631.5,,44.46,EQ
01-10-2008,48.8,49.9,45.15,45.95,45.6,126.4,41.0,17613,814462.55,,46.24,EQ
03-10-2008,45.4,47.95,44.15,44.6,44.7,126.4,41.0,21612,973145.1,,45.03,EQ
06-10-2008,43.8,44.6,42.0,42.3,42.2,126.4,41.0,41879,1811842.65,,43.26,EQ
07-10-2008,43.0,43.75,37.5,38.45,38.0,126.4,37.5,100735,4016497.45,,39.87,EQ
08-10-2008,37.0,37.85,30.8,36.25,36.5,126.4,30.8,185959,6428232.15,,34.57,EQ
10-10-2008,34.8,36.0,33.5,35.75,36.0,126.4,30.8,75740,2647349.4,,34.95,EQ
13-10-2008,36.5,39.65,36.5,38.3,38.1,126.4,30.8,52025,1974941.8,,37.96,EQ
14-10-2008,39.6,40.05,37.75,38.2,38.0,126.4,30.8,45735,1790181.6,,39.14,EQ
15-10-2008,38.0,38.5,36.4,36.8,36.6,126.4,30.8,21526,802608.35,,37.29,EQ
16-10-2008,37.0,37.0,33.5,36.1,37.0,126.4,30.8,55543,1959971.2,,35.29,EQ
17-10-2008,37.5,37.75,35.35,36.4,36.45,126.4,30.8,29673,1089748.9,,36.73,EQ
20-10-2008,37.95,38.0,32.4,32.95,33.4,126.4,30.8,106462,3626858.6,,34.07,EQ
21-10-2008,33.0,35.4,33.0,34.1,34.5,126.4,30.8,52044,1765292.25,,33.92,EQ
22-10-2008,33.15,34.3,32.9,33.05,32.9,126.4,30.8,36388,1216363.95,,33.43,EQ
23-10-2008,32.15,33.0,30.0,31.65,31.9,126.4,30.0,83117,2644654.2,,31.82,EQ
24-10-2008,31.0,32.0,30.0,30.8,31.2,126.4,30.0,91238,2801117.5,,30.7,EQ
27-10-2008,31.2,32.0,29.05,30.1,30.25,126.4,29.05,56294,1690381.45,,30.03,EQ
28-10-2008,30.5,32.7,30.5,32.15,32.05,126.4,29.05,35712,1138073.15,,31.87,EQ
29-10-2008,33.75,33.75,30.5,31.35,31.4,126.4,29.05,29635,940167.45,,31.72,EQ
31-10-2008,31.4,32.5,30.85,32.15,32.0,126.4,29.05,69097,2199488.4,,31.83,EQ
03-11-2008,33.0,37.0,32.6,33.7,33.7,126.4,29.05,65047,2184682.8,,33.59,EQ
04-11-2008,33.0,34.1,32.5,33.95,33.9,126.4,29.05,20376,686441.35,,33.69,EQ
05-11-2008,34.0,35.5,33.5,33.65,33.75,126.4,29.05,45514,1565350.3,,34.39,EQ
06-11-2008,32.4,33.25,32.0,32.95,33.25,126.4,29.05,12139,395632.75,,32.59,EQ
07-11-2008,32.55,33.5,32.0,33.15,33.3,126.4,29.05,13456,440297.55,,32.72,EQ
10-11-2008,34.0,34.0,32.75,33.8,33.8,126.4,29.05,19029,641436.7,,33.71,EQ
11-11-2008,33.0,33.5,32.5,32.75,32.75,126.4,29.05,18245,600644.3,,32.92,EQ
12-11-2008,32.0,33.2,31.05,31.8,31.9,126.4,29.05,26079,838672.85,,32.16,EQ
14-11-2008,32.0,32.65,31.15,31.35,31.3,126.4,29.05,17677,562847.45,,31.84,EQ
17-11-2008,31.05,31.45,30.2,30.4,30.2,126.4,29.05,16314,498718.55,,30.57,EQ
18-11-2008,30.35,31.25,30.0,30.4,30.35,126.4,29.05,17173,521780.55,,30.38,EQ
19-11-2008,30.25,31.25,29.7,30.1,30.25,126.4,29.05,17438,530471.75,,30.42,EQ
20-11-2008,29.9,29.95,28.65,29.5,29.6,126.4,28.65,23890,702039.05,,29.39,EQ
21-11-2008,29.65,30.3,29.15,29.95,29.85,126.4,28.65,9365,279744.7,,29.87,EQ
24-11-2008,30.0,30.45,29.5,29.65,29.6,126.4,28.65,12518,374688.65,,29.93,EQ
25-11-2008,30.1,33.9,28.0,28.3,28.2,126.4,28.0,39628,1179020.2,,29.75,EQ
26-11-2008,28.0,29.0,27.25,27.7,27.75,126.4,27.25,28438,797771.7,,28.05,EQ
28-11-2008,27.35,28.8,26.1,28.15,28.8,126.4,26.1,19166,533120.9,,27.82,EQ
01-12-2008,28.1,30.6,27.75,29.95,30.3,126.4,26.1,64860,1924391.1,,29.67,EQ
02-12-2008,29.95,29.95,28.65,28.95,28.85,126.4,26.1,18494,536727.0,,29.02,EQ
03-12-2008,29.7,30.25,28.5,29.1,29.4,126.4,26.1,18785,545861.4,,29.06,EQ
04-12-2008,29.05,30.1,28.8,29.55,29.2,126.4,26.1,18013,529813.15,,29.41,EQ
05-12-2008,29.9,30.2,29.05,29.3,29.35,126.4,26.1,12758,377562.75,,29.59,EQ
08-12-2008,30.1,30.4,28.3,28.7,28.8,126.4,26.1,35895,1044562.75,,29.1,EQ
10-12-2008,29.1,29.8,28.85,29.15,29.0,126.4,26.1,30959,903100.05,,29.17,EQ
11-12-2008,28.55,30.9,28.55,30.2,30.05,126.4,26.1,37270,1120754.1,,30.07,EQ
12-12-2008,30.0,33.0,29.65,32.2,32.45,126.4,26.1,92522,2905371.4,,31.4,EQ
15-12-2008,33.4,34.5,32.3,32.6,32.4,126.4,26.1,76864,2549784.95,,33.17,EQ
16-12-2008,32.1,33.8,31.9,32.7,32.85,126.4,26.1,66280,2180761.3,,32.9,EQ
17-12-2008,32.75,33.5,31.5,31.85,31.55,126.4,26.1,54650,1791425.75,,32.78,EQ
18-12-2008,31.6,32.25,31.15,31.9,32.15,126.4,26.1,23533,747052.9,,31.74,EQ
19-12-2008,32.55,32.55,31.35,31.6,31.55,126.4,26.1,37285,1183196.2,,31.73,EQ
22-12-2008,32.0,32.4,31.5,31.65,31.55,126.4,26.1,25088,800896.65,,31.92,EQ
23-12-2008,31.2,31.6,30.25,30.6,30.85,126.4,26.1,23629,726345.6,,30.74,EQ
24-12-2008,30.8,30.85,29.9,29.95,30.0,126.4,26.1,17467,524836.7,,30.05,EQ
26-12-2008,31.0,31.0,29.3,29.55,29.5,126.4,26.1,13372,402373.0,,30.09,EQ
29-12-2008,29.4,30.35,29.0,29.6,29.95,126.4,26.1,20981,617907.75,,29.45,EQ
30-12-2008,29.4,30.5,29.4,30.0,30.0,126.4,26.1,15361,460776.5,,30.0,EQ
31-12-2008,30.6,31.0,29.9,30.15,30.3,126.4,26.1,40674,1234161.8,,30.34,EQ
01-01-2009,30.25,31.95,30.25,31.2,31.5,126.4,26.1,54466,1699317.75,,31.2,EQ
02-01-2009,31.55,32.7,31.55,32.2,32.15,126.4,26.1,41654,1345505.7,,32.3,EQ
05-01-2009,33.25,33.25,32.5,32.7,32.8,122.85,26.1,42868,1404598.7,,32.77,EQ
06-01-2009,32.8,33.6,32.45,32.9,32.8,122.85,26.1,68313,2250803.8,,32.95,EQ
07-01-2009,33.0,33.0,30.6,30.8,30.6,122.85,26.1,75013,2371865.3,,31.62,EQ
09-01-2009,30.3,30.45,29.0,29.45,29.95,122.85,26.1,49711,1472718.05,,29.63,EQ
12-01-2009,29.3,30.45,28.85,29.7,29.7,121.8,26.1,24867,741226.6,,29.81,EQ
13-01-2009,29.1,31.0,29.1,29.9,29.9,121.8,26.1,16857,503780.35,,29.89,EQ
14-01-2009,30.0,30.3,29.7,30.0,30.1,121.8,26.1,7983,239463.25,,30.0,EQ
15-01-2009,29.25,30.15,28.3,29.95,30.15,121.8,26.1,25074,742592.85,,29.62,EQ
16-01-2009,29.3,30.25,29.0,29.5,29.45,121.8,26.1,40282,1189106.55,,29.52,EQ
19-01-2009,29.4,30.3,29.1,29.7,29.75,99.4,26.1,17919,533386.1,,29.77,EQ
20-01-2009,29.4,30.0,29.3,29.75,29.7,99.4,26.1,14544,430457.3,,29.6,EQ
21-01-2009,29.35,30.0,29.0,29.15,29.0,99.4,26.1,8919,262723.05,,29.46,EQ
22-01-2009,29.1,29.45,28.0,28.25,28.5,99.4,26.1,43403,1241213.05,,28.6,EQ
23-01-2009,28.95,28.95,27.9,28.15,28.0,99.4,26.1,13377,378433.25,,28.29,EQ
27-01-2009,28.5,28.85,27.55,28.15,28.15,90.25,26.1,8747,246654.0,,28.2,EQ
28-01-2009,28.0,28.6,27.8,28.3,28.15,90.25,26.1,18379,519637.4,,28.27,EQ
29-01-2009,28.0,28.75,28.0,28.4,28.5,90.25,26.1,19169,543996.0,,28.38,EQ
30-01-2009,27.4,28.8,27.25,28.25,28.4,90.25,26.1,24508,689276.95,,28.12,EQ
02-02-2009,27.25,28.05,27.25,27.65,27.6,89.4,26.1,27211,752988.2,,27.67,EQ
03-02-2009,27.7,27.95,27.3,27.75,27.7,89.4,26.1,14641,404466.05,,27.63,EQ
04-02-2009,27.75,28.35,27.5,27.7,27.6,89.4,26.1,8820,245473.1,,27.83,EQ
05-02-2009,27.15,28.0,27.15,27.65,27.55,89.4,26.1,11245,310752.4,,27.63,EQ
06-02-2009,28.0,28.0,27.4,27.65,27.65,89.4,26.1,12167,337166.05,,27.71,EQ
09-02-2009,27.8,28.75,27.75,28.15,27.85,82.95,26.1,15858,445650.9,,28.1,EQ
10-02-2009,28.15,29.9,28.15,28.8,28.9,82.95,26.1,47872,1401831.85,,29.28,EQ
11-02-2009,28.5,28.9,27.6,28.65,28.7,82.95,26.1,12928,368009.05,,28.47,EQ
12-02-2009,29.0,29.25,28.5,28.9,28.65,82.95,26.1,9406,271934.45,,28.91,EQ
13-02-2009,29.0,29.5,26.0,28.95,29.2,82.95,26.0,21241,601676.4,,28.33,EQ
16-02-2009,29.95,29.95,28.1,28.2,28.1,81.9,26.0,36873,1059850.0,,28.74,EQ
17-02-2009,28.2,28.45,27.6,27.8,27.6,81.9,26.0,13698,382735.1,,27.94,EQ
18-02-2009,27.25,28.05,27.25,27.75,27.75,81.9,26.0,9957,275706.65,,27.69,EQ
19-02-2009,28.45,28.45,27.1,27.65,27.6,81.9,26.0,6927,192129.05,,27.74,EQ
20-02-2009,27.5,28.1,27.0,27.25,27.55,81.9,26.0,13810,376615.5,,27.27,EQ
24-02-2009,27.0,27.55,26.75,27.1,27.0,81.9,26.0,13174,357784.9,,27.16,EQ
25-02-2009,26.8,28.2,26.8,27.45,27.35,81.9,26.0,9965,276036.5,,27.7,EQ
26-02-2009,27.0,28.0,27.0,27.35,27.35,81.9,26.0,9842,271038.0,,27.54,EQ
27-02-2009,27.5,27.6,27.0,27.1,27.5,81.9,26.0,13245,361036.65,,27.26,EQ
02-03-2009,27.0,27.4,26.0,26.9,26.95,80.3,26.0,11786,317534.2,,26.94,EQ
03-03-2009,26.5,27.2,26.5,26.65,26.55,80.3,26.0,10144,271642.7,,26.78,EQ
04-03-2009,27.45,27.45,26.1,26.35,26.2,80.3,26.0,16809,443956.25,,26.41,EQ
05-03-2009,26.5,26.85,25.8,26.05,26.05,80.3,25.8,14699,383878.25,,26.12,EQ
06-03-2009,26.75,26.75,25.0,25.4,25.45,80.3,25.0,31290,791784.8,,25.3,EQ
09-03-2009,27.75,27.75,25.25,25.7,25.85,80.3,25.0,14584,375479.0,,25.75,EQ
12-03-2009,26.0,26.4,25.25,25.45,25.5,80.3,25.0,7412,190169.5,,25.66,EQ
13-03-2009,27.8,27.8,25.5,26.05,25.9,80.3,25.0,10442,271277.45,,25.98,EQ
16-03-2009,26.0,26.75,25.8,26.6,26.65,80.3,25.0,15217,398413.0,,26.18,EQ
17-03-2009,26.15,27.3,26.15,26.9,26.8,80.3,25.0,19559,527593.8,,26.97,EQ
18-03-2009,27.3,27.6,27.0,27.3,27.5,80.3,25.0,13949,380806.75,,27.3,EQ
19-03-2009,27.6,27.6,27.0,27.25,27.3,80.3,25.0,18070,491677.7,,27.21,EQ
20-03-2009,27.15,27.95,27.05,27.8,27.95,80.3,25.0,16699,459781.6,,27.53,EQ
23-03-2009,27.65,28.45,27.0,28.15,28.15,80.3,25.0,31491,875140.45,,27.79,EQ
24-03-2009,28.05,28.75,27.95,28.15,27.95,80.3,25.0,25416,720179.0,,28.34,EQ
25-03-2009,27.75,28.5,27.7,27.95,27.7,80.3,25.0,11684,327554.1,,28.03,EQ
26-03-2009,27.9,28.3,27.75,28.0,27.9,80.3,25.0,12563,352199.0,,28.03,EQ
27-03-2009,29.35,29.35,27.6,28.05,27.8,80.3,25.0,27947,781677.85,,27.97,EQ
30-03-2009,28.05,28.15,27.2,27.5,27.45,80.3,25.0,18434,510238.45,,27.68,EQ
31-03-2009,27.65,28.3,27.65,28.25,28.25,80.3,25.0,6426,180005.45,,28.01,EQ
01-04-2009,28.25,28.9,28.0,28.6,28.9,80.3,25.0,20919,592635.05,,28.33,EQ
02-04-2009,29.0,30.65,28.9,29.65,29.55,80.3,25.0,92929,2768769.75,,29.79,EQ
06-04-2009,30.25,30.85,30.1,30.65,30.85,80.3,25.0,31160,949335.35,,30.47,EQ
08-04-2009,30.0,32.1,29.5,31.55,31.8,80.3,25.0,74429,2321740.3,,31.19,EQ
09-04-2009,32.0,33.0,31.5,32.45,32.5,80.3,25.0,80463,2604509.2,,32.37,EQ
13-04-2009,32.8,35.25,32.5,34.55,34.3,80.3,25.0,105194,3588124.45,,34.11,EQ
15-04-2009,34.0,36.5,34.0,35.75,35.85,80.3,25.0,117564,4163861.35,,35.42,EQ
16-04-2009,35.3,36.5,33.1,33.8,33.4,80.3,25.0,79474,2795096.5,,35.17,EQ
17-04-2009,34.85,34.9,33.55,33.9,33.75,80.3,25.0,40243,1382831.6,,34.36,EQ
20-04-2009,34.2,34.25,33.0,33.2,33.45,80.3,25.0,42128,1413317.3,,33.55,EQ
21-04-2009,33.2,33.45,32.3,33.25,33.25,80.3,25.0,13903,458153.85,,32.95,EQ
22-04-2009,33.0,34.3,32.0,32.4,32.35,80.3,25.0,29158,959712.0,,32.91,EQ
23-04-2009,32.2,33.2,32.05,32.45,32.5,80.3,25.0,38877,1270047.15,,32.67,EQ
24-04-2009,32.5,32.8,30.8,31.95,31.95,80.3,25.0,48739,1556476.4,,31.93,EQ
27-04-2009,31.75,33.2,31.5,31.65,31.85,80.3,25.0,55466,1792868.9,,32.32,EQ
28-04-2009,31.55,32.0,31.1,31.25,31.1,80.3,25.0,14429,455057.9,,31.54,EQ
29-04-2009,31.95,31.95,31.1,31.3,31.7,80.3,25.0,16901,530312.7,,31.38,EQ
04-05-2009,32.0,32.45,31.8,32.2,32.15,80.3,25.0,25757,827279.3,,32.12,EQ
05-05-2009,32.1,33.0,32.0,32.45,32.3,80.3,25.0,48656,1577742.25,,32.43,EQ
06-05-2009,32.1,33.8,32.0,32.15,32.05,80.3,25.0,67250,2217443.6,,32.97,EQ
07-05-2009,32.25,33.0,32.25,32.5,32.55,80.3,25.0,27944,909012.25,,32.53,EQ
08-05-2009,32.0,34.45,32.0,32.7,32.3,80.3,25.0,147552,4909994.3,,33.28,EQ
11-05-2009,33.5,33.8,31.75,32.15,32.05,74.8,25.0,61564,2017023.1,,32.76,EQ
12-05-2009,32.25,32.5,31.6,32.35,32.3,74.8,25.0,20667,662940.5,,32.08,EQ
13-05-2009,32.1,33.0,31.7,31.8,31.85,74.8,25.0,49677,1596957.55,,32.15,EQ
14-05-2009,31.7,32.2,31.4,32.05,32.2,74.8,25.0,15774,500729.55,,31.74,EQ
15-05-2009,32.1,32.55,31.8,31.95,32.0,74.8,25.0,72436,2324238.2,,32.09,EQ
19-05-2009,34.0,37.45,32.6,35.45,35.6,74.8,25.0,225316,7990026.9,,35.46,EQ
20-05-2009,35.75,40.9,35.75,40.2,40.75,74.8,25.0,248083,9615796.2,,38.76,EQ
21-05-2009,40.0,45.4,39.75,42.05,42.7,74.8,25.0,431681,18608150.85,,43.11,EQ
22-05-2009,41.8,42.9,40.05,42.1,42.25,74.8,25.0,99658,4152701.35,,41.67,EQ
25-05-2009,43.7,45.95,42.0,45.4,45.25,74.8,25.0,238954,10668914.45,,44.65,EQ
26-05-2009,46.0,47.25,42.25,42.6,42.7,74.8,25.0,167337,7512847.95,,44.9,EQ
27-05-2009,43.0,45.15,43.0,44.7,44.7,74.8,25.0,100032,4423916.2,,44.23,EQ
28-05-2009,44.65,45.9,44.15,44.7,44.5,74.8,25.0,89315,4010392.2,,44.9,EQ
29-05-2009,45.0,48.1,44.4,45.75,46.0,74.8,25.0,223057,10288233.65,,46.12,EQ
01-06-2009,47.75,47.75,45.65,47.05,47.35,70.0,25.0,126684,5895493.25,,46.54,EQ
02-06-2009,49.0,51.7,48.0,50.95,50.7,70.0,25.0,777526,39029627.75,,50.2,EQ
03-06-2009,52.0,52.9,49.25,50.5,50.65,70.0,25.0,261517,13452558.9,,51.44,EQ
04-06-2009,50.0,51.45,48.5,50.4,51.0,70.0,25.0,279524,13950989.2,,49.91,EQ
05-06-2009,52.7,54.3,50.0,50.7,51.0,70.0,25.0,303265,15815687.3,,52.15,EQ
08-06-2009,51.2,51.4,45.65,46.5,45.7,69.8,25.0,101353,4923131.85,,48.57,EQ
09-06-2009,45.8,47.0,44.0,46.65,46.5,69.8,25.0,84570,3850753.6,,45.53,EQ
10-06-2009,46.8,49.75,46.0,46.4,46.1,69.8,25.0,91399,4363496.45,,47.74,EQ
11-06-2009,47.0,49.0,45.15,47.1,46.75,69.8,25.0,112559,5342974.2,,47.47,EQ
12-06-2009,47.1,47.85,45.25,45.6,45.85,69.8,25.0,57994,2699473.05,,46.55,EQ
15-06-2009,45.6,45.6,43.5,43.7,44.0,69.8,25.0,46364,2048871.15,,44.19,EQ
16-06-2009,42.5,44.65,42.25,43.75,43.7,69.8,25.0,59062,2576572.0,,43.62,EQ
17-06-2009,46.5,46.5,41.8,42.3,42.0,69.8,25.0,60434,2653267.4,,43.9,EQ
18-06-2009,43.0,43.5,39.2,39.85,40.25,69.8,25.0,84182,3449909.0,,40.98,EQ
19-06-2009,40.4,41.0,39.1,40.5,40.7,69.8,25.0,57746,2326393.65,,40.29,EQ
22-06-2009,40.5,40.95,39.8,39.95,40.1,69.8,25.0,34706,1395242.65,,40.2,EQ
23-06-2009,41.5,41.5,39.0,39.65,39.5,69.8,25.0,30702,1209488.5,,39.39,EQ
24-06-2009,40.15,41.45,39.8,41.05,41.05,69.8,25.0,42237,1719484.6,,40.71,EQ
25-06-2009,40.95,44.4,40.95,43.65,43.65,69.8,25.0,101884,4415330.9,,43.34,EQ
26-06-2009,45.6,46.65,44.2,46.2,46.05,69.8,25.0,239295,10867608.6,,45.42,EQ
29-06-2009,46.5,50.85,45.75,50.85,50.85,69.8,25.0,298752,14662688.4,,49.08,EQ
30-06-2009,53.2,53.2,48.35,48.65,48.7,69.8,25.0,380760,18888167.3,,49.61,EQ
01-07-2009,47.2,48.5,46.3,46.6,46.4,69.8,25.0,58116,2736061.7,,47.08,EQ
02-07-2009,47.0,48.95,46.2,47.0,46.65,69.8,25.0,123360,5918011.2,,47.97,EQ
03-07-2009,47.1,47.75,46.5,47.25,47.6,69.8,25.0,60127,2827370.3,,47.02,EQ
06-07-2009,47.25,48.6,44.9,44.9,44.9,69.8,25.0,96903,4512530.8,,46.57,EQ
07-07-2009,44.1,44.4,43.0,43.8,44.0,69.8,25.0,49146,2146850.95,,43.68,EQ
08-07-2009,43.5,43.5,41.65,41.85,41.95,69.8,25.0,37734,1588300.3,,42.09,EQ
09-07-2009,42.9,43.95,42.4,42.9,43.15,69.8,25.0,69753,2989755.35,,42.86,EQ
10-07-2009,43.9,43.9,41.0,41.5,41.8,69.8,25.0,43671,1859002.9,,42.57,EQ
13-07-2009,41.5,41.5,39.45,39.45,39.45,69.8,25.0,35523,1408749.4,,39.66,EQ
14-07-2009,39.5,41.4,39.5,41.2,41.4,69.8,25.0,51984,2120945.55,,40.8,EQ
15-07-2009,41.0,43.2,41.0,43.0,43.0,69.8,25.0,39322,1671813.95,,42.52,EQ
16-07-2009,43.5,44.45,42.0,42.25,42.45,69.8,25.0,37425,1608139.5,,42.97,EQ
17-07-2009,43.15,43.2,42.15,42.8,42.6,69.8,25.0,36600,1566795.2,,42.81,EQ
20-07-2009,43.25,44.7,43.05,43.75,43.8,69.8,25.0,77159,3386453.1,,43.89,EQ
21-07-2009,44.5,45.5,43.05,44.65,44.7,69.8,25.0,116300,5173823.8,,44.49,EQ
22-07-2009,44.85,46.9,44.0,45.05,45.6,69.8,25.0,166444,7590679.85,,45.61,EQ
23-07-2009,46.7,46.75,44.55,45.75,46.0,69.8,25.0,80366,3667713.55,,45.64,EQ
24-07-2009,46.75,47.75,45.2,47.15,47.25,69.8,25.0,139409,6504607.0,,46.66,EQ
27-07-2009,47.25,49.55,46.8,49.55,49.55,69.8,25.0,150512,7315340.75,,48.6,EQ
28-07-2009,52.05,52.05,49.5,50.15,50.5,69.8,25.0,309835,15812246.55,,51.03,EQ
29-07-2009,50.5,50.5,47.65,48.45,48.5,69.8,25.0,99828,4845886.05,,48.54,EQ
30-07-2009,49.3,50.9,48.1,50.9,50.9,69.8,25.0,185722,9366938.2,,50.44,EQ
31-07-2009,52.0,53.3,48.35,50.65,50.65,69.8,25.0,388172,19956919.05,,51.41,EQ
03-08-2009,50.85,52.5,50.0,51.6,51.3,64.5,25.0,181088,9330630.35,,51.53,EQ
04-08-2009,51.95,53.0,50.2,51.05,51.1,64.5,25.0,159328,8260777.9,,51.85,EQ
05-08-2009,52.9,53.6,52.05,53.4,53.3,64.5,25.0,521076,27758657.8,,53.27,EQ
06-08-2009,52.9,56.1,52.9,54.3,54.35,64.5,25.0,881652,48924674.75,,55.49,EQ
07-08-2009,54.0,56.0,52.5,53.15,53.0,64.5,25.0,269967,14623406.75,,54.17,EQ
10-08-2009,53.25,54.85,51.0,51.25,51.0,60.7,25.0,137409,7209351.0,,52.47,EQ
11-08-2009,51.25,53.0,50.0,52.3,53.0,60.7,25.0,99778,5172449.9,,51.84,EQ
12-08-2009,52.0,54.35,51.35,53.75,53.9,60.7,25.0,282796,15098532.45,,53.39,EQ
13-08-2009,52.5,55.4,52.5,55.4,55.4,60.7,25.0,63663,3524133.8,,55.36,EQ
14-08-2009,54.95,58.2,54.0,54.5,54.55,60.7,25.0,206110,11370964.15,,55.17,EQ
17-08-2009,52.55,54.4,51.8,51.9,51.95,58.2,25.0,95267,5044901.65,,52.96,EQ
18-08-2009,51.95,54.5,51.1,54.5,54.5,58.2,25.0,82575,4427111.1,,53.61,EQ
19-08-2009,56.5,56.5,53.25,54.55,54.35,58.2,25.0,153857,8514732.75,,55.34,EQ
20-08-2009,55.0,56.0,54.15,54.45,54.5,58.2,25.0,70757,3880479.0,,54.84,EQ
21-08-2009,54.0,55.1,53.75,54.4,54.2,58.2,25.0,59695,3251946.6,,54.48,EQ
24-08-2009,54.0,56.0,53.2,54.45,54.5,58.2,25.0,108561,5983354.9,,55.12,EQ
25-08-2009,54.2,55.0,53.45,53.65,53.65,58.2,25.0,81908,4431157.15,,54.1,EQ
26-08-2009,53.75,54.5,53.6,53.8,54.0,58.2,25.0,118926,6422628.35,,54.01,EQ
27-08-2009,53.75,56.0,53.5,54.65,54.6,58.2,25.0,91592,5014768.75,,54.75,EQ
28-08-2009,54.5,55.0,53.9,54.2,54.0,58.2,25.0,57734,3146064.8,,54.49,EQ
31-08-2009,54.2,54.95,53.5,54.4,54.2,58.2,25.0,105347,5708633.95,,54.19,EQ
01-09-2009,54.25,55.7,53.1,53.55,53.5,58.2,25.0,114294,6247041.0,,54.66,EQ
02-09-2009,53.0,53.9,52.5,52.8,52.8,58.2,25.0,51240,2723426.3,,53.15,EQ
03-09-2009,52.8,54.85,52.55,52.8,52.95,58.2,25.0,42280,2262879.8,,53.52,EQ
04-09-2009,52.5,54.0,52.5,53.1,53.05,58.2,25.0,58299,3111335.2,,53.37,EQ
07-09-2009,53.0,55.9,53.0,54.0,54.0,58.2,25.0,205989,11231215.2,,54.52,EQ
08-09-2009,55.0,55.5,52.65,53.2,53.3,58.2,25.0,171464,9299628.4,,54.24,EQ
09-09-2009,53.0,54.9,53.0,53.8,54.0,58.2,25.0,71533,3834064.35,,53.6,EQ
10-09-2009,54.0,55.5,53.35,53.6,53.6,58.2,25.0,113995,6204847.5,,54.43,EQ
11-09-2009,53.7,54.5,52.05,52.5,52.35,58.2,25.0,72130,3816971.1,,52.92,EQ
14-09-2009,52.5,54.0,51.95,52.95,52.65,58.2,25.0,59006,3116640.15,,52.82,EQ
15-09-2009,53.3,55.55,52.65,55.15,55.0,58.2,25.0,202973,11109964.5,,54.74,EQ
16-09-2009,55.95,57.95,55.4,55.75,55.7,58.2,25.0,339322,19191200.6,,56.56,EQ
17-09-2009,56.5,56.7,54.1,54.6,54.55,58.2,25.0,73685,4054238.85,,55.02,EQ
18-09-2009,56.9,56.9,55.2,55.5,55.3,58.2,25.0,114725,6408538.9,,55.86,EQ
22-09-2009,55.1,58.0,55.1,56.55,56.25,58.2,25.0,238825,13578401.65,,56.86,EQ
23-09-2009,57.0,57.3,55.3,55.65,55.5,58.2,25.0,93374,5264978.85,,56.39,EQ
24-09-2009,55.0,55.9,54.5,55.1,55.25,58.2,25.0,52588,2896801.95,,55.08,EQ
25-09-2009,54.55,58.25,54.55,56.5,56.5,58.25,25.0,220032,12504850.8,,56.83,EQ
29-09-2009,57.7,59.6,57.25,58.55,58.6,59.6,25.0,342004,20114028.35,,58.81,EQ
30-09-2009,58.0,61.4,58.0,59.8,59.85,61.4,25.0,491626,29609332.05,,60.23,EQ
01-10-2009,60.0,60.3,58.15,58.4,58.4,61.4,25.0,114967,6802371.5,,59.17,EQ
05-10-2009,58.45,58.45,56.35,56.6,56.65,61.4,25.0,115227,6562562.45,,56.95,EQ
06-10-2009,57.0,57.35,54.25,55.25,56.0,61.4,25.0,105661,5834952.45,,55.22,EQ
07-10-2009,55.8,58.2,55.75,56.2,57.0,61.4,25.0,93893,5344674.4,,56.92,EQ
08-10-2009,56.3,58.0,55.65,57.2,57.35,61.4,25.0,94101,5368201.4,,57.05,EQ
09-10-2009,58.0,58.0,56.05,56.85,57.2,61.4,25.0,120794,6893026.6,,57.06,EQ
12-10-2009,57.7,60.0,57.7,59.25,59.25,61.4,25.0,272875,16129380.3,,59.11,EQ
14-10-2009,59.25,59.25,56.5,57.05,56.85,61.4,25.0,218761,12550181.55,,57.37,EQ
15-10-2009,57.5,57.95,56.2,56.45,56.25,61.4,25.0,100888,5728733.55,,56.78,EQ
16-10-2009,57.5,58.5,55.6,55.95,55.9,61.4,25.0,137882,7863982.3,,57.03,EQ
17-10-2009,57.9,57.9,53.6,56.6,56.75,61.4,25.0,34225,1935956.45,,56.57,EQ
20-10-2009,57.4,57.45,55.75,56.0,55.75,61.4,25.0,65833,3715857.25,,56.44,EQ
21-10-2009,55.55,56.65,55.1,55.3,55.35,61.4,25.0,61428,3421410.45,,55.7,EQ
22-10-2009,55.0,58.25,54.65,55.1,54.65,61.4,25.0,201908,11372201.15,,56.32,EQ
23-10-2009,55.85,56.5,54.0,54.3,54.25,61.4,25.0,73676,4062966.8,,55.15,EQ
26-10-2009,54.65,55.25,52.1,52.9,52.85,61.4,25.0,46557,2488765.45,,53.46,EQ
27-10-2009,53.0,54.0,50.0,50.3,50.05,61.4,25.0,77117,3999305.3,,51.86,EQ
28-10-2009,50.25,51.05,48.55,49.65,49.3,61.4,25.0,82481,4122015.9,,49.98,EQ
29-10-2009,49.0,49.95,48.35,48.65,48.4,61.4,25.0,42351,2077244.1,,49.05,EQ
30-10-2009,49.95,50.3,47.15,47.8,47.8,61.4,25.0,55895,2738706.95,,49.0,EQ
03-11-2009,47.7,47.8,45.55,45.85,45.7,61.4,25.0,44976,2107860.35,,46.87,EQ
04-11-2009,45.85,46.5,45.0,45.95,46.5,61.4,25.0,50794,2314189.45,,45.56,EQ
05-11-2009,46.45,47.95,45.75,47.45,47.95,61.4,25.0,43303,2027528.95,,46.82,EQ
06-11-2009,48.7,49.6,47.65,48.25,48.75,61.4,25.0,58800,2847470.7,,48.43,EQ
09-11-2009,49.0,49.5,48.2,48.65,48.8,61.4,25.0,30355,1474645.65,,48.58,EQ
10-11-2009,49.75,50.75,48.2,48.4,48.9,61.4,25.0,47013,2315132.65,,49.24,EQ
11-11-2009,48.5,50.25,48.0,49.45,49.2,61.4,25.0,47783,2365126.15,,49.5,EQ
12-11-2009,49.15,50.5,49.0,49.35,49.45,61.4,25.0,38960,1940142.05,,49.8,EQ
13-11-2009,49.2,51.95,49.15,49.5,49.4,61.4,25.0,73343,3693315.05,,50.36,EQ
16-11-2009,50.85,51.15,49.65,49.85,49.8,61.4,25.0,40462,2042894.85,,50.49,EQ
17-11-2009,50.0,50.0,49.0,49.45,49.3,61.4,25.0,31069,1538599.15,,49.52,EQ
18-11-2009,49.3,50.35,48.85,49.25,49.35,61.4,25.0,30038,1490040.45,,49.61,EQ
19-11-2009,49.1,49.8,48.9,49.05,48.9,61.4,25.0,21287,1048500.05,,49.26,EQ
20-11-2009,48.9,49.35,48.2,48.7,48.7,61.4,25.0,34742,1690617.2,,48.66,EQ
23-11-2009,48.7,49.25,48.05,49.0,49.15,61.4,25.0,45115,2199126.25,,48.74,EQ
24-11-2009,49.0,49.75,48.25,49.05,49.5,61.4,25.0,37543,1843828.55,,49.11,EQ
25-11-2009,49.1,50.5,49.1,49.55,49.85,61.4,25.0,41192,2050675.9,,49.78,EQ
26-11-2009,49.1,49.85,48.0,49.45,49.1,61.4,25.0,46990,2323534.6,,49.45,EQ
27-11-2009,49.0,49.0,47.1,48.15,47.9,61.4,25.0,44769,2134712.75,,47.68,EQ
30-11-2009,49.4,49.4,48.25,48.4,48.35,61.4,25.0,54664,2656448.3,,48.6,EQ
01-12-2009,49.4,52.9,48.55,51.45,51.3,61.4,25.0,203571,10462996.85,,51.4,EQ
02-12-2009,52.75,55.0,52.5,53.5,53.6,61.4,25.0,230671,12418253.75,,53.84,EQ
03-12-2009,54.4,54.4,52.0,52.3,52.2,61.4,25.0,127074,6705268.05,,52.77,EQ
04-12-2009,52.4,54.5,51.85,52.7,52.7,61.4,25.0,128921,6885650.3,,53.41,EQ
07-12-2009,53.25,53.45,51.85,52.1,51.9,61.4,25.0,67334,3540902.2,,52.59,EQ
08-12-2009,52.0,52.6,51.55,52.15,52.05,61.4,25.0,32371,1689490.0,,52.19,EQ
09-12-2009,51.5,53.2,51.5,52.25,52.3,61.4,25.0,28430,1489792.5,,52.4,EQ
10-12-2009,52.95,53.45,52.1,53.0,52.8,61.4,25.0,61988,3282735.6,,52.96,EQ
11-12-2009,53.5,54.0,52.0,52.25,52.4,61.4,25.0,44650,2361445.15,,52.89,EQ
14-12-2009,52.5,54.5,51.05,51.2,51.3,61.4,25.0,44792,2332575.7,,52.08,EQ
15-12-2009,51.0,52.45,51.0,52.05,52.0,61.4,25.0,65849,3427995.3,,52.06,EQ
16-12-2009,52.9,54.4,51.85,53.45,53.65,61.4,25.0,163706,8729173.1,,53.32,EQ
17-12-2009,53.4,54.4,52.25,52.5,52.3,61.4,25.0,61413,3284453.3,,53.48,EQ
18-12-2009,52.5,53.25,51.85,52.3,52.2,61.4,25.0,55199,2910959.55,,52.74,EQ
21-12-2009,53.25,53.25,52.0,52.25,52.0,61.4,25.0,34389,1800792.3,,52.37,EQ
22-12-2009,52.6,55.7,51.8,54.25,54.5,61.4,25.0,455976,24878836.6,,54.56,EQ
23-12-2009,55.0,56.4,53.4,53.95,54.05,61.4,25.0,197190,10834227.65,,54.94,EQ
24-12-2009,54.6,56.4,54.5,55.5,55.6,61.4,25.0,325387,18053599.95,,55.48,EQ
29-12-2009,56.3,57.25,56.0,56.4,56.45,61.4,25.0,161209,9123746.6,,56.6,EQ
30-12-2009,56.4,57.35,56.15,56.35,56.2,61.4,25.0,87678,4973226.55,,56.72,EQ
31-12-2009,57.4,57.4,56.05,56.25,56.3,61.4,25.0,77474,4393640.05,,56.71,EQ
04-01-2010,56.5,57.4,55.4,56.95,57.4,61.4,25.0,106229,6025579.4,,56.72,EQ
05-01-2010,57.2,58.5,56.75,56.9,57.2,61.4,25.0,163816,9421156.9,,57.51,EQ
06-01-2010,58.0,58.0,56.1,56.35,56.4,61.4,25.0,86127,4878880.8,,56.65,EQ
07-01-2010,57.0,57.4,56.25,57.0,56.75,61.4,25.0,93201,5313701.0,,57.01,EQ
08-01-2010,58.25,65.0,58.25,61.65,61.75,65.0,25.0,1576855,97459219.9,,61.81,EQ
11-01-2010,62.2,68.2,62.0,66.6,67.05,68.2,25.0,1550882,102542159.75,,66.12,EQ
12-01-2010,67.0,68.75,64.4,66.7,66.6,68.75,25.0,726855,48672499.75,,66.96,EQ
13-01-2010,66.15,67.95,64.5,67.5,67.85,68.75,25.0,455078,30431543.05,,66.87,EQ
14-01-2010,59.7,71.35,59.7,68.65,68.65,71.35,25.0,1308549,90800770.75,,69.39,EQ
15-01-2010,70.0,70.0,65.25,65.75,65.9,71.35,25.0,568199,37698313.7,,66.35,EQ
18-01-2010,65.0,65.2,63.0,63.9,64.15,71.35,25.0,196479,12573535.45,,63.99,EQ
19-01-2010,64.15,65.6,63.2,63.75,63.75,71.35,25.0,184266,11881754.15,,64.48,EQ
20-01-2010,64.2,64.35,62.5,62.8,62.9,71.35,25.0,101669,6443348.55,,63.38,EQ
21-01-2010,62.0,66.0,61.1,62.0,61.8,71.35,25.0,349163,22346320.25,,64.0,EQ
22-01-2010,61.0,61.5,58.1,60.65,60.85,71.35,25.0,210425,12651000.25,,60.12,EQ
25-01-2010,60.6,62.3,60.05,61.55,61.5,71.35,25.0,119524,7309294.25,,61.15,EQ
27-01-2010,61.5,61.8,56.75,58.5,58.5,71.35,25.0,187178,11001055.2,,58.77,EQ
28-01-2010,58.9,59.9,56.15,56.75,56.9,71.35,25.0,109167,6283148.05,,57.56,EQ
29-01-2010,55.5,57.9,54.5,57.15,56.8,71.35,25.0,107647,6022538.85,,55.95,EQ
01-02-2010,57.0,58.25,56.35,57.6,57.6,71.35,25.0,177640,10232715.7,,57.6,EQ
02-02-2010,58.8,60.3,56.55,57.0,57.1,71.35,25.0,147839,8695999.3,,58.82,EQ
03-02-2010,57.9,57.9,57.15,57.35,57.5,71.35,25.0,43763,2513790.6,,57.44,EQ
04-02-2010,56.5,57.9,55.7,55.95,55.85,71.35,25.0,66172,3753590.1,,56.72,EQ
05-02-2010,52.25,55.45,52.25,54.35,54.3,71.35,25.0,82034,4450945.45,,54.26,EQ
06-02-2010,53.2,55.0,53.2,54.75,55.0,71.35,25.0,10818,590632.25,,54.6,EQ
08-02-2010,54.7,55.2,53.5,53.9,54.05,71.35,25.0,41273,2238899.6,,54.25,EQ
09-02-2010,53.5,55.45,53.5,54.7,54.45,71.35,25.0,46593,2560084.55,,54.95,EQ
10-02-2010,54.9,58.6,54.9,57.3,57.05,71.35,25.0,211922,12158814.55,,57.37,EQ
11-02-2010,57.5,58.6,56.4,57.8,57.7,71.35,25.0,71251,4116769.65,,57.78,EQ
15-02-2010,57.2,57.9,55.5,56.25,55.5,71.35,25.0,49971,2835380.6,,56.74,EQ
16-02-2010,56.25,56.9,54.65,55.05,55.1,71.35,25.0,79965,4411973.05,,55.17,EQ
17-02-2010,55.4,55.7,54.75,54.95,54.9,71.35,25.0,125500,6932362.85,,55.24,EQ
18-02-2010,54.75,55.9,54.2,55.2,55.3,71.35,25.0,104627,5755304.05,,55.01,EQ
19-02-2010,56.5,56.85,53.5,54.1,53.95,71.35,25.0,257599,14263461.5,,55.37,EQ
22-02-2010,55.0,55.95,54.0,54.15,54.3,71.35,25.0,77800,4250892.9,,54.64,EQ
23-02-2010,54.0,54.3,53.1,53.45,53.5,71.35,25.0,54670,2936039.6,,53.7,EQ
24-02-2010,52.3,53.5,52.3,53.15,53.05,71.35,25.0,46838,2485008.7,,53.06,EQ
25-02-2010,53.1,53.9,53.05,53.25,53.3,71.35,25.0,53377,2846460.3,,53.33,EQ
26-02-2010,53.4,54.8,52.6,53.3,53.3,71.35,25.0,81965,4422298.45,,53.95,EQ
02-03-2010,53.4,55.45,53.4,54.9,54.75,71.35,25.0,102002,5583357.05,,54.74,EQ
03-03-2010,54.2,55.45,54.2,55.2,55.15,71.35,25.0,46401,2555173.0,,55.07,EQ
04-03-2010,54.1,55.75,54.1,55.35,55.35,71.35,25.0,47890,2647570.45,,55.28,EQ
05-03-2010,55.8,56.5,55.4,55.55,55.5,71.35,25.0,52022,2905383.6,,55.85,EQ
08-03-2010,55.15,57.0,55.15,55.8,55.75,71.35,25.25,58167,3273631.0,,56.28,EQ
09-03-2010,55.25,55.85,54.7,54.95,55.0,71.35,25.25,40493,2232829.3,,55.14,EQ
10-03-2010,54.9,57.15,54.3,56.6,56.7,71.35,25.25,161415,9104673.85,,56.41,EQ
11-03-2010,56.6,57.65,55.55,56.55,56.2,71.35,25.25,108901,6184822.25,,56.79,EQ
12-03-2010,56.1,57.45,55.2,55.3,55.2,71.35,25.25,37687,2113022.0,,56.07,EQ
15-03-2010,55.4,55.55,54.4,55.05,54.75,71.35,25.8,35169,1939182.65,,55.14,EQ
16-03-2010,52.0,55.55,52.0,55.2,55.1,71.35,25.8,36255,1999899.55,,55.16,EQ
17-03-2010,54.55,56.0,54.55,55.0,54.85,71.35,25.8,32099,1775321.9,,55.31,EQ
18-03-2010,54.1,55.8,54.0,54.5,54.6,71.35,25.8,29306,1602219.4,,54.67,EQ
19-03-2010,54.55,55.45,54.2,54.5,54.55,71.35,25.8,57106,3127559.45,,54.77,EQ
22-03-2010,54.0,54.9,53.8,53.95,54.0,71.35,27.0,49231,2673738.2,,54.31,EQ
23-03-2010,54.5,54.9,53.35,54.2,54.05,71.35,27.0,106616,5757363.8,,54.0,EQ
25-03-2010,54.0,54.5,53.65,53.85,53.75,71.35,27.0,48743,2629990.35,,53.96,EQ
26-03-2010,54.35,62.8,53.75,61.35,61.1,71.35,27.0,805866,48285216.45,,59.92,EQ
29-03-2010,62.0,63.75,59.1,59.85,60.1,71.35,27.2,872403,54040719.4,,61.94,EQ
30-03-2010,61.95,61.95,58.25,58.8,59.15,71.35,27.2,148876,8812558.45,,59.19,EQ
31-03-2010,59.2,66.4,58.0,65.35,65.0,71.35,27.2,1484434,95148415.8,,64.1,EQ
01-04-2010,66.0,66.0,62.3,64.55,64.4,71.35,27.2,361939,23162877.85,,64.0,EQ
05-04-2010,65.0,73.0,63.75,69.9,69.8,73.0,29.5,1679703,116997027.1,,69.65,EQ
06-04-2010,70.3,70.3,67.55,68.6,68.5,73.0,29.5,305057,21029894.4,,68.94,EQ
07-04-2010,70.9,71.35,67.05,67.55,67.4,73.0,29.5,583180,40371140.95,,69.23,EQ
08-04-2010,66.25,68.65,64.0,65.2,65.6,73.0,29.5,258137,17038192.85,,66.0,EQ
09-04-2010,66.4,67.0,65.1,65.55,65.5,73.0,29.5,108158,7150100.0,,66.11,EQ
12-04-2010,66.8,70.3,66.2,68.1,67.8,73.0,30.8,320598,21899787.7,,68.31,EQ
13-04-2010,68.35,69.9,67.6,68.2,68.0,73.0,30.8,243118,16697282.75,,68.68,EQ
15-04-2010,69.3,69.3,65.5,66.05,65.7,73.0,30.8,115383,7753229.75,,67.2,EQ
16-04-2010,66.0,68.0,65.7,66.3,66.0,73.0,30.8,82790,5522529.95,,66.71,EQ
19-04-2010,64.15,65.4,64.1,64.65,64.5,73.0,30.8,84558,5475243.55,,64.75,EQ
20-04-2010,65.1,69.7,65.0,69.25,69.5,73.0,30.8,317809,21814555.4,,68.64,EQ
21-04-2010,70.25,71.4,68.2,68.9,68.8,73.0,30.8,267050,18627891.75,,69.75,EQ
22-04-2010,68.8,70.0,67.25,68.25,67.65,73.0,30.8,106099,7345661.5,,69.23,EQ
23-04-2010,68.9,74.2,67.8,73.5,74.0,74.2,30.8,1377917,99458916.25,,72.18,EQ
26-04-2010,75.1,80.2,75.05,78.25,80.0,80.2,31.1,1428380,110125049.65,,77.1,EQ
27-04-2010,79.1,81.8,76.3,77.05,76.3,81.8,31.1,885381,70291081.9,,79.39,EQ
28-04-2010,75.15,81.7,74.55,77.7,78.25,81.8,31.1,1561569,122470428.0,,78.43,EQ
29-04-2010,78.5,79.8,76.75,78.75,78.55,81.8,31.1,575631,45238601.6,,78.59,EQ
30-04-2010,79.6,81.9,79.4,80.85,80.45,81.9,31.1,824866,66749729.2,,80.92,EQ
03-05-2010,79.25,82.95,79.0,82.4,82.6,82.95,31.4,739166,60485228.3,,81.83,EQ
04-05-2010,83.3,84.4,78.05,78.5,79.0,84.4,31.4,623098,50866489.45,,81.63,EQ
05-05-2010,76.5,80.0,76.0,79.7,80.0,84.4,31.4,607430,47780796.6,,78.66,EQ
06-05-2010,80.7,82.2,77.5,78.3,78.5,84.4,31.4,529554,42324316.75,,79.92,EQ
07-05-2010,76.5,78.9,73.6,74.85,75.0,84.4,31.4,627848,47571909.35,,75.77,EQ
10-05-2010,76.9,77.5,75.75,77.0,76.7,84.4,31.4,224622,17229293.6,,76.7,EQ
11-05-2010,77.2,77.25,73.5,74.1,74.25,84.4,31.4,151031,11395364.65,,75.45,EQ
12-05-2010,73.5,75.8,72.7,73.2,72.7,84.4,31.4,159188,11759898.85,,73.87,EQ
13-05-2010,74.4,74.9,72.6,72.9,72.85,84.4,31.4,173286,12801364.5,,73.87,EQ
14-05-2010,72.5,73.35,70.9,71.45,71.0,84.4,31.4,225015,16279242.45,,72.35,EQ
17-05-2010,70.1,72.0,68.05,71.0,71.0,84.4,32.6,320558,22443514.8,,70.01,EQ
18-05-2010,71.85,74.5,70.55,72.8,72.8,84.4,32.6,266746,19331105.6,,72.47,EQ
19-05-2010,71.7,72.8,68.15,68.95,69.15,84.4,32.6,160175,11200176.75,,69.92,EQ
20-05-2010,69.0,70.95,68.25,68.85,69.1,84.4,32.6,151566,10579974.9,,69.8,EQ
21-05-2010,68.0,69.9,65.1,69.1,69.3,84.4,32.6,203183,13703233.05,,67.44,EQ
24-05-2010,70.9,70.9,67.0,68.3,67.0,84.4,39.0,97077,6753104.9,,69.56,EQ
25-05-2010,65.4,68.0,64.6,65.0,65.0,84.4,39.0,97625,6447714.5,,66.05,EQ
26-05-2010,66.05,67.5,65.2,66.75,66.5,84.4,39.0,50169,3339612.9,,66.57,EQ
27-05-2010,66.15,68.85,65.5,68.15,68.25,84.4,39.0,104623,7036180.0,,67.25,EQ
28-05-2010,69.0,69.8,68.5,69.3,69.4,84.4,39.0,84065,5817818.65,,69.21,EQ
31-05-2010,69.3,72.0,69.0,70.6,70.7,84.4,39.0,148776,10525816.9,,70.75,EQ
01-06-2010,70.25,71.3,67.25,67.7,67.55,84.4,39.0,91889,6328744.0,,68.87,EQ
02-06-2010,68.25,69.5,67.9,68.5,68.8,84.4,39.0,48534,3322052.85,,68.45,EQ
03-06-2010,69.95,70.5,68.5,69.1,68.8,84.4,39.0,80119,5584771.3,,69.71,EQ
04-06-2010,69.6,70.5,68.05,70.1,69.8,84.4,39.0,88288,6157308.35,,69.74,EQ
07-06-2010,67.5,68.65,67.5,68.3,68.6,84.4,39.0,48953,3332282.25,,68.07,EQ
08-06-2010,68.0,69.5,66.7,67.1,67.5,84.4,39.0,64443,4392970.4,,68.17,EQ
09-06-2010,67.5,69.2,66.75,67.55,67.6,84.4,39.0,72077,4884982.45,,67.77,EQ
10-06-2010,67.55,69.2,67.5,68.85,69.0,84.4,39.0,42587,2914543.15,,68.44,EQ
11-06-2010,69.0,74.8,68.55,73.6,73.25,84.4,39.0,885887,64802350.9,,73.15,EQ
14-06-2010,74.0,80.45,73.05,79.0,79.75,84.4,39.0,940811,72589421.2,,77.16,EQ
15-06-2010,80.0,82.1,76.9,81.05,80.9,84.4,39.0,695233,55591104.1,,79.96,EQ
16-06-2010,82.5,82.65,79.7,80.4,80.05,84.4,39.0,475505,38406366.1,,80.77,EQ
17-06-2010,80.05,82.4,79.15,81.2,80.75,84.4,39.0,317932,25638888.7,,80.64,EQ
18-06-2010,81.3,82.4,80.0,80.4,80.5,84.4,39.0,303376,24627392.8,,81.18,EQ
21-06-2010,81.75,82.4,80.0,80.55,80.1,84.4,39.0,156691,12680872.75,,80.93,EQ
22-06-2010,80.0,80.8,78.0,78.95,79.4,84.4,39.0,120254,9514492.8,,79.12,EQ
23-06-2010,79.0,81.25,77.5,79.45,79.3,84.4,39.0,446238,35107569.5,,78.67,EQ
24-06-2010,79.9,80.7,78.15,78.55,78.5,84.4,39.0,74084,5883780.0,,79.42,EQ
25-06-2010,78.9,85.2,78.4,82.65,83.0,85.2,39.0,1021480,85227734.15,,83.44,EQ
28-06-2010,83.1,86.4,83.1,83.95,84.1,86.4,39.45,893524,75728655.15,,84.75,EQ
29-06-2010,83.0,86.8,82.25,84.1,84.45,86.8,39.45,820864,69841959.45,,85.08,EQ
30-06-2010,83.0,84.5,82.35,83.25,83.15,86.8,39.45,278240,23228136.7,,83.48,EQ
01-07-2010,82.95,85.7,82.95,84.5,84.5,86.8,39.45,264436,22339204.1,,84.48,EQ
02-07-2010,84.75,85.3,83.0,83.25,83.0,86.8,39.45,149627,12566557.6,,83.99,EQ
05-07-2010,84.0,86.3,83.95,85.85,86.05,86.8,39.45,275372,23542246.85,,85.49,EQ
06-07-2010,86.45,86.6,84.3,84.95,85.25,86.8,39.45,180613,15451828.2,,85.55,EQ
07-07-2010,85.0,85.8,83.85,84.2,84.3,86.8,39.45,176435,14945078.5,,84.71,EQ
08-07-2010,84.95,86.3,84.3,84.6,84.75,86.8,39.45,140662,11956427.45,,85.0,EQ
09-07-2010,85.0,86.7,84.8,85.6,85.6,86.8,39.45,268470,23011431.45,,85.71,EQ
12-07-2010,85.6,90.0,85.0,89.1,89.5,90.0,39.45,875696,77504351.65,,88.51,EQ
13-07-2010,91.0,94.4,89.9,93.35,94.05,94.4,39.45,1727579,159269730.7,,92.19,EQ
14-07-2010,94.0,95.95,92.5,93.1,93.2,95.95,39.45,710884,67112674.85,,94.41,EQ
15-07-2010,93.6,93.6,90.9,91.25,91.65,95.95,39.45,293722,26972652.4,,91.83,EQ
16-07-2010,91.5,92.1,90.5,91.45,91.5,95.95,39.45,259331,23690542.55,,91.35,EQ
19-07-2010,90.25,91.8,90.25,90.9,90.6,95.95,43.05,164602,15008429.6,,91.18,EQ
20-07-2010,90.2,91.75,88.0,88.4,88.9,95.95,43.05,223539,20093944.65,,89.89,EQ
21-07-2010,90.0,90.15,88.55,89.65,89.7,95.95,43.05,191393,17069981.15,,89.19,EQ
22-07-2010,89.9,91.4,88.15,89.9,89.8,95.95,43.05,183927,16554319.45,,90.0,EQ
23-07-2010,90.1,90.8,88.7,88.95,89.0,95.95,43.05,145937,13069952.1,,89.56,EQ
26-07-2010,90.25,90.25,88.2,89.25,89.5,95.95,45.0,128281,11428773.55,,89.09,EQ
27-07-2010,89.05,89.85,88.5,89.1,89.25,95.95,45.0,108876,9691912.7,,89.02,EQ
28-07-2010,89.15,91.4,88.8,89.95,89.9,95.95,45.0,305179,27578633.0,,90.37,EQ
29-07-2010,87.8,87.85,85.2,85.75,85.5,95.95,45.0,182258,15704927.8,,86.17,EQ
30-07-2010,85.75,86.7,85.0,85.5,85.45,95.95,45.0,103880,8920385.45,,85.87,EQ
02-08-2010,85.9,86.4,83.6,84.2,84.55,95.95,45.0,91828,7805937.55,,85.01,EQ
03-08-2010,84.0,85.7,83.0,84.15,84.45,95.95,45.0,92480,7809871.1,,84.45,EQ
04-08-2010,84.0,85.5,83.8,84.65,84.9,95.95,45.0,100726,8504257.6,,84.43,EQ
05-08-2010,84.2,88.6,84.2,87.9,88.3,95.95,45.0,420146,36641708.1,,87.21,EQ
06-08-2010,88.25,88.7,86.15,86.3,86.3,95.95,45.0,113107,9862233.7,,87.19,EQ
09-08-2010,88.4,88.4,85.2,86.15,86.7,95.95,45.0,91090,7850200.3,,86.18,EQ
10-08-2010,86.4,88.75,85.75,87.6,87.4,95.95,45.0,291766,25539852.85,,87.54,EQ
11-08-2010,87.7,89.7,87.0,87.6,87.15,95.95,45.0,176274,15439642.5,,87.59,EQ
12-08-2010,86.8,87.5,86.0,86.9,86.85,95.95,45.0,106174,9235230.8,,86.98,EQ
13-08-2010,88.25,90.3,77.75,78.4,78.0,95.95,45.0,1561229,131473584.85,,84.21,EQ
16-08-2010,78.3,82.9,78.0,82.0,82.75,95.95,45.0,741373,60349740.3,,81.4,EQ
17-08-2010,82.4,82.9,80.15,80.75,81.3,95.95,45.0,156224,12774557.9,,81.77,EQ
18-08-2010,80.5,81.85,79.3,79.55,79.3,95.95,45.0,100261,8070748.9,,80.5,EQ
19-08-2010,80.0,89.55,79.55,88.5,88.0,95.95,45.0,1122018,96662087.75,,86.15,EQ
20-08-2010,88.05,97.2,85.5,93.2,93.4,97.2,45.0,1789119,165411820.7,,92.45,EQ
23-08-2010,93.75,97.0,93.0,95.5,95.55,97.2,45.0,736923,70020308.9,,95.02,EQ
24-08-2010,95.0,100.8,94.5,98.7,98.4,100.8,45.0,1458334,143676323.25,,98.52,EQ
25-08-2010,98.0,100.95,96.2,97.8,98.15,100.95,45.0,950385,93954491.05,,98.86,EQ
26-08-2010,99.0,104.7,98.0,101.7,101.7,104.7,45.0,1365841,139224588.6,,101.93,EQ
27-08-2010,102.5,103.7,98.0,98.25,98.1,104.7,45.0,838551,84333769.75,,100.57,EQ
30-08-2010,100.0,103.2,98.2,99.05,99.05,104.7,45.0,524866,52801412.5,,100.6,EQ
31-08-2010,99.0,100.45,98.2,99.0,98.85,104.7,45.0,326830,32264603.55,,98.72,EQ
01-09-2010,99.75,101.8,98.5,100.95,101.55,104.7,45.0,249670,25017812.75,,100.2,EQ
02-09-2010,102.0,102.95,99.55,100.1,100.3,104.7,45.0,245894,24820652.3,,100.94,EQ
03-09-2010,100.0,108.4,100.0,107.0,106.8,108.4,45.0,1525298,162415230.05,,106.48,EQ
06-09-2010,108.05,110.5,106.5,109.15,108.5,110.5,45.0,1557070,169300470.05,,108.73,EQ
07-09-2010,110.4,110.4,103.55,105.5,104.9,110.5,45.0,573755,60814662.45,,105.99,EQ
08-09-2010,105.5,108.5,105.0,107.1,106.4,110.5,45.0,531006,56802364.45,,106.97,EQ
09-09-2010,107.1,108.4,105.15,106.1,105.9,110.5,45.0,241822,25853551.0,,106.91,EQ
13-09-2010,104.95,107.9,102.2,103.05,102.7,110.5,45.0,249969,26089041.95,,104.37,EQ
14-09-2010,103.3,105.3,101.5,103.05,102.75,110.5,45.0,259711,26793522.55,,103.17,EQ
15-09-2010,103.0,106.9,103.0,105.75,105.5,110.5,45.0,297020,31245792.3,,105.2,EQ
16-09-2010,105.0,106.8,102.55,103.5,104.6,110.5,45.0,163310,17014348.0,,104.18,EQ
17-09-2010,103.8,104.75,103.0,103.1,103.0,110.5,45.0,100465,10406432.6,,103.58,EQ
20-09-2010,103.1,105.65,103.0,103.3,103.25,110.5,45.0,127515,13270768.15,,104.07,EQ
21-09-2010,103.8,104.3,100.5,101.6,101.5,110.5,45.0,215647,21951355.3,,101.79,EQ
22-09-2010,102.0,104.2,100.05,100.65,100.7,110.5,45.0,199345,20286124.9,,101.76,EQ
23-09-2010,100.65,109.7,100.65,106.9,106.35,110.5,45.0,1050117,112212957.2,,106.86,EQ
24-09-2010,107.5,111.65,106.9,108.75,108.0,111.65,45.0,812100,88748646.85,,109.28,EQ
27-09-2010,109.1,109.5,105.5,105.9,106.5,111.65,45.0,227818,24285465.85,,106.6,EQ
28-09-2010,105.6,109.4,105.0,108.5,108.25,111.65,45.0,330814,35685947.1,,107.87,EQ
29-09-2010,108.2,111.35,107.05,107.5,107.25,111.65,45.0,321834,35168151.0,,109.27,EQ
30-09-2010,105.0,108.35,105.0,106.7,105.8,111.65,45.0,91156,9766086.85,,107.14,EQ
01-10-2010,107.0,109.35,106.0,106.45,106.8,111.65,45.0,140679,15156787.7,,107.74,EQ
04-10-2010,107.45,109.0,105.55,106.9,107.1,111.65,45.0,167787,17995173.15,,107.25,EQ
05-10-2010,105.7,111.35,105.7,110.2,110.7,111.65,45.0,831235,91463977.7,,110.03,EQ
06-10-2010,111.0,116.9,110.6,114.65,115.95,116.9,45.0,1044713,119531695.85,,114.42,EQ
07-10-2010,115.4,117.9,112.8,114.2,114.8,117.9,45.0,425893,49280780.8,,115.71,EQ
08-10-2010,114.0,121.5,113.25,119.9,121.15,121.5,45.0,760977,89708535.05,,117.89,EQ
11-10-2010,121.7,125.4,121.0,123.85,123.4,125.4,45.0,606425,74806920.85,,123.36,EQ
12-10-2010,123.55,128.4,119.5,127.5,127.3,128.4,45.0,734944,91286128.55,,124.21,EQ
13-10-2010,128.8,128.8,124.35,124.9,125.0,128.8,45.0,237984,30083586.8,,126.41,EQ
14-10-2010,124.9,126.25,120.1,123.2,123.5,128.8,45.0,361830,44519203.2,,123.04,EQ
15-10-2010,123.6,128.4,122.5,123.1,123.4,128.8,45.0,431634,54225819.8,,125.63,EQ
18-10-2010,123.5,123.75,118.5,121.85,121.65,128.8,45.0,225141,27327619.35,,121.38,EQ
19-10-2010,120.2,127.0,120.2,124.5,124.35,128.8,45.0,218057,27285742.0,,125.13,EQ
20-10-2010,124.5,125.7,120.9,121.55,121.55,128.8,45.0,139928,17175657.4,,122.75,EQ
21-10-2010,123.4,125.25,122.0,124.55,124.75,128.8,45.0,160875,19979592.1,,124.19,EQ
22-10-2010,125.05,126.25,111.4,115.0,114.55,128.8,45.0,1228846,142390345.75,,115.87,EQ
25-10-2010,115.0,118.0,112.4,113.4,113.2,128.8,45.0,488553,55876745.25,,114.37,EQ
26-10-2010,113.4,116.75,113.0,115.95,115.8,128.8,45.0,252835,29205315.2,,115.51,EQ
27-10-2010,115.65,119.0,115.5,115.95,116.45,128.8,45.0,323837,37975980.7,,117.27,EQ
28-10-2010,116.0,118.9,114.0,118.0,118.0,128.8,45.0,245082,28821176.55,,117.6,EQ
29-10-2010,118.0,119.9,115.05,116.25,116.0,128.8,45.0,181582,21261353.7,,117.09,EQ
01-11-2010,116.35,117.75,114.0,114.5,114.5,128.8,45.0,204925,23563124.3,,114.98,EQ
02-11-2010,114.8,115.2,111.05,111.75,112.0,128.8,45.0,160750,18209952.25,,113.28,EQ
03-11-2010,112.5,117.0,111.7,115.95,116.25,128.8,45.0,200108,23025657.45,,115.07,EQ
04-11-2010,115.0,118.5,115.0,117.05,117.15,128.8,45.0,151144,17698508.1,,117.1,EQ
05-11-2010,119.0,122.6,118.9,121.55,121.15,128.8,45.0,260843,31627473.1,,121.25,EQ
08-11-2010,122.0,122.75,117.65,120.0,119.4,128.8,47.1,190468,22855345.55,,120.0,EQ
09-11-2010,120.1,128.25,118.4,127.35,128.0,128.8,47.1,733011,91999084.7,,125.51,EQ
10-11-2010,127.0,128.0,123.25,124.2,124.0,128.8,47.1,228290,28563651.6,,125.12,EQ
11-11-2010,124.5,124.5,120.0,121.4,121.25,128.8,47.1,125239,15280681.9,,122.01,EQ
12-11-2010,123.35,123.35,115.25,117.0,116.25,128.8,47.1,161735,19343136.95,,119.6,EQ
15-11-2010,119.0,119.7,115.25,116.5,116.75,128.8,47.1,97600,11417831.1,,116.99,EQ
16-11-2010,116.8,118.7,112.4,114.85,114.85,128.8,47.1,171537,19754120.6,,115.16,EQ
18-11-2010,115.0,118.5,111.3,117.7,118.0,128.8,47.1,199940,23103072.9,,115.55,EQ
19-11-2010,117.3,117.65,111.5,113.6,111.5,128.8,47.1,367435,42363601.15,,115.3,EQ
22-11-2010,113.0,114.5,110.35,111.75,111.0,128.8,47.1,145410,16305095.8,,112.13,EQ
23-11-2010,111.0,111.4,100.6,105.95,105.1,128.8,47.1,446154,47176927.1,,105.74,EQ
24-11-2010,105.95,108.4,102.5,104.15,103.7,128.8,47.1,118319,12560244.1,,106.16,EQ
25-11-2010,105.0,105.85,101.4,102.2,103.0,128.8,47.1,61693,6357050.2,,103.04,EQ
26-11-2010,103.0,103.95,92.7,99.95,99.9,128.8,47.1,260777,26024078.8,,99.79,EQ
29-11-2010,100.45,101.45,95.3,100.05,99.0,128.8,48.25,90251,8865564.7,,98.23,EQ
30-11-2010,100.75,105.8,98.05,104.2,105.0,128.8,48.25,99082,10139845.05,,102.34,EQ
01-12-2010,105.0,109.0,105.0,106.85,106.9,128.8,48.25,126928,13607999.4,,107.21,EQ
02-12-2010,107.05,107.95,106.5,106.85,107.15,128.8,48.25,44220,4734262.3,,107.06,EQ
03-12-2010,107.2,109.5,104.05,104.25,104.7,128.8,48.25,74448,7955428.4,,106.86,EQ
06-12-2010,105.0,107.65,103.1,103.5,103.5,128.8,51.0,52336,5487203.95,,104.85,EQ
07-12-2010,103.5,103.95,100.25,101.6,102.0,128.8,51.0,47023,4777116.8,,101.59,EQ
08-12-2010,101.0,101.0,96.0,97.05,96.75,128.8,51.0,133189,13033442.35,,97.86,EQ
09-12-2010,99.95,99.95,93.6,94.8,94.9,128.8,51.0,148756,14170787.9,,95.26,EQ
10-12-2010,94.0,96.8,92.0,95.35,95.0,128.8,51.0,82718,7878314.5,,95.24,EQ
13-12-2010,95.25,97.85,93.75,95.1,94.9,128.8,51.0,102418,9722696.2,,94.93,EQ
14-12-2010,95.4,97.0,94.0,95.6,96.0,128.8,51.0,49482,4759828.9,,96.19,EQ
15-12-2010,95.05,97.2,93.2,94.05,94.4,128.8,51.0,59312,5639698.1,,95.09,EQ
16-12-2010,93.55,95.8,92.35,93.15,93.1,128.8,51.0,62237,5816834.3,,93.46,EQ
20-12-2010,94.9,98.0,93.25,93.85,94.5,128.8,51.8,112723,10748237.45,,95.35,EQ
21-12-2010,91.0,95.9,91.0,93.6,93.4,128.8,51.8,82521,7744978.85,,93.85,EQ
22-12-2010,94.6,97.0,93.1,93.55,93.3,128.8,51.8,66364,6298041.9,,94.9,EQ
23-12-2010,93.6,94.85,93.0,93.25,93.05,128.8,51.8,29789,2789944.3,,93.66,EQ
24-12-2010,94.35,94.35,92.0,93.75,93.1,128.8,51.8,25069,2343007.95,,93.46,EQ
27-12-2010,94.0,94.85,93.0,93.25,93.25,128.8,52.0,27776,2609264.9,,93.94,EQ
28-12-2010,93.1,94.45,93.1,93.7,93.8,128.8,52.0,15462,1449373.2,,93.74,EQ
29-12-2010,94.0,100.5,93.1,98.7,98.85,128.8,52.0,173563,17031820.5,,98.13,EQ
30-12-2010,102.0,102.0,96.55,97.4,97.9,128.8,52.0,59090,5778384.05,,97.79,EQ
31-12-2010,97.6,100.9,96.2,97.35,97.0,128.8,52.0,64702,6368301.6,,98.43,EQ
03-01-2011,98.65,102.8,97.8,101.9,101.95,128.8,52.0,145466,14702223.25,,101.07,EQ
04-01-2011,98.0,103.5,98.0,98.75,98.15,128.8,52.0,164139,16353117.75,,99.63,EQ
05-01-2011,97.0,105.7,97.0,101.95,102.0,128.8,52.0,429815,44027299.4,,102.43,EQ
06-01-2011,102.0,105.4,100.9,101.7,101.8,128.8,52.0,372307,38385020.95,,103.1,EQ
07-01-2011,102.0,102.5,93.8,94.65,95.0,128.8,52.0,139753,13574770.35,,97.13,EQ
10-01-2011,95.5,95.5,90.9,91.5,91.5,128.8,52.0,134520,12425139.25,,92.37,EQ
11-01-2011,91.1,95.0,91.1,92.0,93.0,128.8,52.0,148249,13682349.05,,92.29,EQ
12-01-2011,93.0,94.7,91.5,94.0,93.55,128.8,52.0,78176,7277660.6,,93.09,EQ
13-01-2011,93.8,94.9,91.0,91.45,91.75,128.8,52.0,28761,2673142.55,,92.94,EQ
14-01-2011,92.0,94.4,90.05,90.75,90.65,128.8,52.0,45391,4170436.2,,91.88,EQ
17-01-2011,90.2,92.0,87.15,87.85,87.2,128.8,52.0,61054,5445989.25,,89.2,EQ
18-01-2011,85.25,90.6,85.25,89.1,88.4,128.8,52.0,33113,2963848.25,,89.51,EQ
19-01-2011,88.3,93.2,88.3,92.4,92.9,128.8,52.0,60801,5583746.9,,91.84,EQ
20-01-2011,92.1,95.7,90.65,95.05,95.7,128.8,52.0,45215,4252120.1,,94.04,EQ
21-01-2011,95.55,95.7,93.15,93.75,93.6,128.8,52.0,19861,1876463.25,,94.48,EQ
24-01-2011,91.8,95.7,89.0,94.9,95.0,128.8,52.0,60223,5682677.85,,94.36,EQ
25-01-2011,92.0,95.9,91.55,92.0,92.2,128.8,52.0,30504,2845258.2,,93.27,EQ
27-01-2011,91.0,94.4,88.2,92.1,92.0,128.8,52.0,113242,10455683.8,,92.33,EQ
28-01-2011,90.8,94.0,86.1,87.6,87.5,128.8,52.0,139193,12279327.6,,88.22,EQ
31-01-2011,86.0,87.0,84.1,86.35,86.25,128.8,52.0,32896,2825783.2,,85.9,EQ
01-02-2011,86.0,87.8,84.5,84.9,84.6,128.8,52.0,26879,2311015.7,,85.98,EQ
02-02-2011,85.1,86.0,84.3,84.5,84.3,128.8,52.0,18245,1554803.95,,85.22,EQ
03-02-2011,84.65,86.4,84.0,85.4,85.0,128.8,52.0,37604,3210765.9,,85.38,EQ
04-02-2011,83.05,87.1,80.8,81.1,80.9,128.8,52.0,226545,19092317.85,,84.28,EQ
07-02-2011,82.1,82.5,81.0,81.85,82.4,128.8,52.0,31697,2596370.75,,81.91,EQ
08-02-2011,81.5,82.9,77.55,78.1,78.45,128.8,52.0,53502,4254341.5,,79.52,EQ
09-02-2011,76.0,79.5,75.3,75.8,76.0,128.8,52.0,79934,6187225.55,,77.4,EQ
10-02-2011,76.0,83.0,75.25,82.2,82.85,128.8,52.0,262674,21076000.15,,80.24,EQ
11-02-2011,82.1,82.1,78.1,80.6,80.35,128.8,52.0,135942,10918494.5,,80.32,EQ
14-02-2011,81.9,84.9,81.5,83.2,83.0,128.8,52.0,133928,11174477.85,,83.44,EQ
15-02-2011,84.8,85.35,82.05,84.9,85.0,128.8,52.0,47887,4040995.6,,84.39,EQ
16-02-2011,85.65,86.8,84.9,86.4,86.35,128.8,52.0,30446,2620298.5,,86.06,EQ
17-02-2011,87.1,90.85,86.0,88.1,88.0,128.8,52.0,86995,7713142.45,,88.66,EQ
18-02-2011,89.5,90.5,85.5,86.15,86.05,128.8,52.0,43099,3795997.1,,88.08,EQ
21-02-2011,86.5,88.4,85.15,86.3,86.1,128.8,52.0,49872,4317520.9,,86.57,EQ
22-02-2011,85.6,86.9,83.2,85.6,85.8,128.8,52.0,37137,3162850.15,,85.17,EQ
23-02-2011,84.1,85.75,84.1,85.05,85.5,128.8,52.0,25885,2201515.8,,85.05,EQ
24-02-2011,84.65,86.9,83.35,83.85,83.35,128.8,52.0,35006,2990361.25,,85.42,EQ
25-02-2011,84.0,85.45,82.0,82.4,82.5,128.8,52.0,33077,2752809.0,,83.22,EQ
28-02-2011,82.5,84.8,81.75,83.55,83.75,128.8,52.0,39986,3355027.2,,83.91,EQ
01-03-2011,83.25,90.0,81.1,87.35,87.5,128.8,52.0,133889,11550061.3,,86.27,EQ
03-03-2011,90.0,93.9,84.55,91.2,91.25,128.8,52.0,189936,17243342.55,,90.79,EQ
04-03-2011,92.5,92.95,89.2,89.85,89.85,128.8,52.0,43452,3964307.0,,91.23,EQ
07-03-2011,89.75,91.65,86.2,90.55,90.3,128.8,52.0,60507,5435225.7,,89.83,EQ
08-03-2011,92.0,92.0,88.55,88.95,88.65,128.8,52.0,19679,1776288.8,,90.26,EQ
09-03-2011,88.65,90.7,88.25,88.5,88.25,128.8,52.0,30279,2693512.7,,88.96,EQ
10-03-2011,88.0,91.8,87.4,88.85,88.0,128.8,52.0,77064,6921563.7,,89.82,EQ
11-03-2011,87.7,89.5,86.35,86.8,87.0,128.8,52.0,19130,1676316.65,,87.63,EQ
14-03-2011,85.2,88.0,85.05,86.55,86.5,128.8,52.0,12599,1095149.75,,86.92,EQ
15-03-2011,86.0,86.0,84.25,84.65,84.9,128.8,52.0,23446,1998375.5,,85.23,EQ
16-03-2011,85.0,87.4,83.9,84.4,84.3,128.8,52.0,41398,3547403.45,,85.69,EQ
17-03-2011,84.0,86.0,83.9,84.15,84.4,128.8,52.0,19268,1633146.55,,84.76,EQ
18-03-2011,84.3,85.0,82.0,83.4,83.1,128.8,52.0,23611,1981770.05,,83.93,EQ
21-03-2011,83.8,84.4,81.5,81.7,81.5,128.8,53.35,24492,2019056.7,,82.44,EQ
22-03-2011,82.45,84.0,81.35,82.5,82.4,128.8,53.35,20290,1690667.3,,83.33,EQ
23-03-2011,82.25,85.7,82.15,84.6,85.0,128.8,53.35,112470,9487751.4,,84.36,EQ
24-03-2011,85.0,89.9,85.0,85.95,86.0,128.8,53.35,108139,9463035.95,,87.51,EQ
25-03-2011,86.0,87.5,85.2,86.15,85.7,128.8,53.35,21493,1860466.75,,86.56,EQ
28-03-2011,86.1,87.0,85.1,85.5,85.85,128.8,58.0,24361,2098561.5,,86.14,EQ
29-03-2011,86.5,86.65,82.1,83.1,82.5,128.8,58.0,133957,11297009.2,,84.33,EQ
30-03-2011,84.7,87.0,83.75,86.25,86.5,128.8,58.0,62081,5313238.35,,85.59,EQ
31-03-2011,86.8,89.85,86.0,87.35,87.65,128.8,58.0,86217,7561574.1,,87.7,EQ
01-04-2011,87.6,89.85,86.6,89.3,89.3,128.8,58.0,119535,10582550.15,,88.53,EQ
04-04-2011,89.9,96.9,88.15,96.25,96.2,128.8,63.75,168564,15850228.95,,94.03,EQ
05-04-2011,96.2,97.2,93.65,94.95,95.3,128.8,63.75,177100,16807120.25,,94.9,EQ
06-04-2011,94.55,105.95,94.55,97.35,97.5,128.8,63.75,220977,22091214.4,,99.97,EQ
07-04-2011,97.35,99.2,96.0,97.1,97.05,128.8,63.75,77787,7599717.85,,97.7,EQ
08-04-2011,97.0,99.25,94.5,95.05,95.55,128.8,63.75,58032,5620075.95,,96.84,EQ
11-04-2011,95.7,96.4,92.7,93.35,93.0,128.8,64.1,25309,2389183.2,,94.4,EQ
13-04-2011,92.75,98.5,92.75,97.7,97.3,128.8,64.1,110473,10622267.7,,96.15,EQ
15-04-2011,98.9,106.8,97.05,105.6,105.0,128.8,64.1,575880,59915571.15,,104.04,EQ
18-04-2011,106.6,107.0,100.05,100.7,100.75,128.8,64.1,170373,17722244.15,,104.02,EQ
19-04-2011,100.1,101.95,99.25,100.55,101.3,128.8,64.1,47449,4775227.45,,100.64,EQ
20-04-2011,101.05,107.4,101.05,104.6,105.0,128.8,64.1,280294,29379370.2,,104.82,EQ
21-04-2011,105.4,105.95,100.95,101.4,101.6,128.8,64.1,68079,6992217.45,,102.71,EQ
25-04-2011,102.65,106.4,102.25,104.35,104.15,128.8,64.6,125772,13127596.1,,104.38,EQ
26-04-2011,104.35,106.2,102.55,105.05,105.35,128.8,64.6,90090,9405070.1,,104.4,EQ
27-04-2011,105.3,106.8,104.05,104.7,104.5,128.8,64.6,46483,4890718.3,,105.22,EQ
28-04-2011,104.5,106.35,103.55,104.0,103.8,128.8,64.6,38505,4024013.6,,104.51,EQ
29-04-2011,104.0,104.6,102.15,102.85,104.3,128.8,64.6,89952,9271080.5,,103.07,EQ
02-05-2011,100.95,102.0,91.0,91.95,91.75,128.8,64.6,270172,25301251.45,,93.65,EQ
03-05-2011,93.2,93.2,87.9,88.8,87.9,128.8,64.6,73524,6615235.55,,89.97,EQ
04-05-2011,87.7,89.4,86.25,86.95,87.0,128.8,64.6,68091,5950213.05,,87.39,EQ
05-05-2011,87.9,89.35,85.3,85.95,85.5,128.8,64.6,46013,3979415.8,,86.48,EQ
06-05-2011,87.9,88.9,86.2,86.8,86.85,128.8,64.6,28991,2521777.1,,86.98,EQ
09-05-2011,85.3,88.4,82.9,87.5,87.2,128.8,64.6,17128,1498399.3,,87.48,EQ
10-05-2011,88.05,91.7,86.8,87.9,87.8,128.8,64.6,49190,4377036.95,,88.98,EQ
11-05-2011,88.9,91.4,87.0,88.05,87.55,128.8,64.6,67554,6043929.15,,89.47,EQ
12-05-2011,87.9,90.0,85.6,86.6,86.85,128.8,64.6,35169,3068981.8,,87.26,EQ
13-05-2011,85.0,90.5,84.3,86.7,86.85,128.8,64.6,48063,4202048.05,,87.43,EQ
16-05-2011,86.9,86.95,85.25,85.75,85.25,128.8,64.6,15330,1319748.5,,86.09,EQ
17-05-2011,86.2,87.7,84.1,84.5,84.4,128.8,64.6,28054,2394502.35,,85.35,EQ
18-05-2011,84.9,86.0,84.0,84.25,84.15,128.8,64.6,25225,2135437.6,,84.66,EQ
19-05-2011,84.1,85.25,82.25,83.15,82.7,128.8,64.6,19794,1664072.25,,84.07,EQ
20-05-2011,83.0,84.0,83.0,83.6,83.5,128.8,64.6,16832,1407355.15,,83.61,EQ
23-05-2011,83.0,83.35,81.2,81.65,81.7,128.8,64.6,13541,1114734.1,,82.32,EQ
24-05-2011,82.0,83.45,81.5,83.05,83.0,128.8,64.6,18859,1560944.7,,82.77,EQ
25-05-2011,82.95,83.25,81.6,82.15,81.7,128.8,64.6,22599,1864060.45,,82.48,EQ
26-05-2011,82.95,83.4,82.15,82.75,82.15,128.8,64.6,19513,1615346.1,,82.78,EQ
27-05-2011,83.3,83.5,82.65,83.05,82.75,128.8,64.6,16564,1376981.0,,83.13,EQ
30-05-2011,82.5,85.0,82.0,82.85,83.15,128.8,66.7,17976,1497868.0,,83.33,EQ
31-05-2011,83.4,84.5,83.0,83.7,83.55,128.8,66.7,40392,3379304.25,,83.66,EQ
01-06-2011,84.2,86.85,83.75,85.35,84.8,128.8,73.05,77911,6646170.1,1902.0,85.3,EQ
02-06-2011,85.2,85.95,83.55,84.25,83.65,128.8,75.25,45077,3825449.9,972.0,84.86,EQ
03-06-2011,84.9,85.7,81.6,82.15,83.0,128.8,75.25,66899,5596703.05,4006.0,83.66,EQ
06-06-2011,84.4,84.4,82.0,82.5,82.35,128.8,75.25,13630,1126149.15,375.0,82.62,EQ
07-06-2011,82.9,84.2,82.6,83.0,82.8,128.8,75.25,23095,1922111.25,363.0,83.23,EQ
08-06-2011,83.85,83.85,82.05,82.25,82.2,128.8,75.25,16386,1355509.85,207.0,82.72,EQ
09-06-2011,83.0,84.35,82.0,82.25,82.2,128.8,75.25,28507,2364855.7,472.0,82.96,EQ
10-06-2011,83.0,83.65,80.35,80.75,80.5,128.8,75.25,38109,3084895.65,564.0,80.95,EQ
13-06-2011,81.5,81.5,80.0,80.65,80.3,128.8,75.25,13636,1097294.9,282.0,80.47,EQ
14-06-2011,82.7,82.7,80.2,81.55,81.0,128.8,75.25,40798,3316296.3,462.0,81.29,EQ
15-06-2011,81.95,82.2,79.7,80.0,80.0,128.8,75.25,23703,1908807.25,415.0,80.53,EQ
16-06-2011,79.95,81.0,77.75,78.1,78.0,128.8,75.25,49271,3893742.15,817.0,79.03,EQ
17-06-2011,78.9,79.75,76.9,77.9,78.0,128.8,75.25,62422,4881220.55,973.0,78.2,EQ
20-06-2011,78.25,78.9,75.1,75.55,75.4,128.8,75.1,66484,5091969.55,696.0,76.59,EQ
21-06-2011,76.25,76.9,73.0,73.55,73.85,128.8,73.0,65400,4924392.75,1292.0,75.3,EQ
22-06-2011,74.0,75.1,72.0,72.4,72.3,128.8,72.0,62144,4548756.05,816.0,73.2,EQ
23-06-2011,72.5,74.25,70.55,73.45,73.65,128.8,70.55,37313,2707690.5,675.0,72.57,EQ
24-06-2011,73.65,76.95,73.65,76.3,76.95,128.8,70.55,273200,20572157.95,1511.0,75.3,EQ
27-06-2011,77.0,78.7,76.65,77.4,77.25,128.25,70.55,54360,4225996.85,711.0,77.74,EQ
28-06-2011,78.5,78.5,76.6,77.1,77.35,128.25,70.55,79791,6150642.35,1023.0,77.08,EQ
29-06-2011,74.95,75.75,74.25,75.15,75.0,128.25,70.55,55497,4165909.8,668.0,75.07,EQ
30-06-2011,75.15,77.9,74.7,74.95,74.75,128.25,70.55,36413,2749890.15,591.0,75.52,EQ
01-07-2011,75.25,76.4,75.1,75.8,75.85,119.7,70.55,59914,4545371.75,378.0,75.86,EQ
04-07-2011,75.35,77.35,75.35,76.85,76.7,114.5,70.55,70201,5394256.1,356.0,76.84,EQ
05-07-2011,77.7,78.5,76.2,77.95,78.05,109.5,70.55,134379,10456218.25,561.0,77.81,EQ
06-07-2011,77.1,78.25,76.1,77.9,77.9,107.65,70.55,46309,3603304.45,389.0,77.81,EQ
07-07-2011,77.5,79.5,77.5,78.95,78.35,107.4,70.55,107043,8420384.3,964.0,78.66,EQ
08-07-2011,79.05,79.45,77.05,77.5,77.9,107.4,70.55,35626,2793546.3,408.0,78.41,EQ
11-07-2011,77.7,79.2,76.8,77.3,77.5,128.8,70.55,76601,5974010.5,773.0,77.99,EQ
12-07-2011,77.15,78.25,77.0,77.35,77.05,128.8,70.55,49399,3840183.7,363.0,77.74,EQ
13-07-2011,76.05,78.0,76.05,77.45,77.6,128.8,70.55,29505,2288363.45,206.0,77.56,EQ
14-07-2011,77.0,79.5,77.0,78.6,78.65,128.8,70.55,93926,7404073.6,552.0,78.83,EQ
15-07-2011,79.0,79.0,77.4,77.85,78.1,128.8,70.55,19839,1546918.2,239.0,77.97,EQ
18-07-2011,77.4,78.2,77.2,77.75,77.95,128.8,70.55,12216,950014.3,174.0,77.77,EQ
19-07-2011,77.45,78.45,77.1,77.35,77.4,128.8,70.55,20146,1564090.05,174.0,77.64,EQ
20-07-2011,77.95,78.45,77.15,77.4,77.5,128.8,70.55,53000,4132738.3,381.0,77.98,EQ
21-07-2011,77.25,78.65,76.9,77.35,77.7,128.8,70.55,21228,1645531.05,287.0,77.52,EQ
22-07-2011,77.25,78.5,76.6,77.4,77.5,128.8,70.55,45134,3502510.9,323.0,77.6,EQ
25-07-2011,76.3,79.3,76.3,78.1,78.0,128.8,70.55,39135,3059253.75,470.0,78.17,EQ
26-07-2011,77.05,78.3,76.5,76.8,76.75,128.8,70.55,35453,2735463.0,373.0,77.16,EQ
27-07-2011,76.25,77.7,76.25,77.0,76.8,128.8,70.55,14329,1103848.45,244.0,77.04,EQ
28-07-2011,76.0,79.4,75.3,76.75,76.5,128.8,70.55,44567,3462161.4,733.0,77.68,EQ
29-07-2011,76.55,78.4,72.35,73.0,72.5,128.8,70.55,84042,6337895.5,1149.0,75.41,EQ
01-08-2011,77.4,78.0,70.5,70.85,70.7,128.8,70.5,56587,4106174.15,1662.0,72.56,EQ
02-08-2011,71.45,71.45,68.5,68.9,68.6,128.8,68.5,34610,2397292.0,1926.0,69.27,EQ
03-08-2011,68.0,70.95,67.15,68.2,68.15,128.8,67.15,71335,4865245.25,2304.0,68.2,EQ
04-08-2011,70.0,70.2,67.25,68.3,68.15,128.8,67.15,117097,8004501.65,2844.0,68.36,EQ
05-08-2011,67.0,68.0,64.25,66.5,66.7,128.8,64.25,109142,7182894.65,3728.0,65.81,EQ
08-08-2011,66.5,66.5,63.5,65.3,65.05,128.8,63.5,62008,4032146.1,1896.0,65.03,EQ
09-08-2011,64.0,68.0,63.5,65.35,65.1,128.8,63.5,111930,7488089.95,595.0,66.9,EQ
10-08-2011,67.1,68.9,66.5,66.7,66.55,128.8,63.5,49286,3338261.4,581.0,67.73,EQ
11-08-2011,65.05,67.35,65.05,66.15,66.35,128.8,63.5,36809,2439055.7,420.0,66.26,EQ
12-08-2011,66.95,66.95,65.5,65.7,65.5,128.8,63.5,22129,1465301.4,294.0,66.22,EQ
16-08-2011,67.0,67.85,64.5,65.85,66.7,128.8,63.5,16197,1063817.7,418.0,65.68,EQ
17-08-2011,65.0,65.35,63.0,63.35,64.0,128.8,63.0,33212,2127374.2,449.0,64.05,EQ
18-08-2011,63.5,63.5,62.5,62.65,62.65,128.8,62.5,23930,1507230.65,325.0,62.98,EQ
19-08-2011,62.65,65.35,61.55,64.95,65.25,128.8,61.55,127918,8212371.1,739.0,64.2,EQ
22-08-2011,65.2,67.9,65.2,67.45,67.7,128.8,61.55,234266,15587045.35,483.0,66.54,EQ
23-08-2011,67.5,68.5,67.1,68.15,68.5,128.8,61.55,30841,2095228.1,291.0,67.94,EQ
24-08-2011,68.9,70.5,68.15,69.6,69.6,128.8,61.55,36500,2543030.55,555.0,69.67,EQ
25-08-2011,68.55,70.95,68.55,69.55,69.95,128.8,61.55,132249,9249581.0,379.0,69.94,EQ
26-08-2011,67.55,70.0,65.1,65.95,65.3,128.8,61.55,32117,2172640.8,690.0,67.65,EQ
29-08-2011,67.4,69.3,67.4,69.05,68.8,128.8,61.55,17096,1170090.35,339.0,68.44,EQ
30-08-2011,68.25,71.0,68.25,69.9,70.6,128.8,61.55,267818,18591733.0,308.0,69.42,EQ
02-09-2011,71.4,71.4,69.0,69.75,69.45,128.8,61.55,19838,1391509.75,521.0,70.14,EQ
05-09-2011,69.0,70.45,68.0,69.4,69.45,128.8,61.55,12351,855216.95,397.0,69.24,EQ
06-09-2011,69.3,70.85,68.7,69.35,69.25,128.8,61.55,33869,2351741.75,801.0,69.44,EQ
07-09-2011,70.0,71.0,68.8,70.1,70.15,128.8,61.55,119324,8389023.9,1471.0,70.3,EQ
08-09-2011,71.0,72.1,70.15,70.95,70.6,128.8,61.55,38359,2726704.5,706.0,71.08,EQ
09-09-2011,70.75,71.8,69.55,70.1,70.05,128.8,61.55,22036,1557310.4,730.0,70.67,EQ
12-09-2011,69.1,70.2,66.4,66.7,67.25,128.8,61.55,69578,4674065.25,1516.0,67.18,EQ
13-09-2011,68.95,69.0,64.5,65.55,64.65,128.8,61.55,46789,3114447.6,900.0,66.56,EQ
14-09-2011,66.0,66.85,65.2,65.8,66.25,128.8,61.55,43584,2874375.0,765.0,65.95,EQ
15-09-2011,67.85,68.0,66.15,66.45,66.2,128.8,61.55,23733,1585792.9,325.0,66.82,EQ
16-09-2011,68.4,68.85,66.5,66.55,66.5,128.8,61.55,17266,1156849.5,341.0,67.0,EQ
19-09-2011,67.95,67.95,66.5,66.8,66.5,128.8,61.55,12145,810954.35,209.0,66.77,EQ
20-09-2011,68.3,68.7,66.65,68.05,68.4,128.8,61.55,19047,1289082.05,364.0,67.68,EQ
21-09-2011,68.9,69.0,67.3,68.05,68.1,128.8,61.55,22931,1561140.4,350.0,68.08,EQ
22-09-2011,67.05,68.4,64.5,64.95,64.8,128.8,61.55,48350,3188924.7,699.0,65.96,EQ
23-09-2011,64.5,66.5,64.0,64.45,64.45,128.8,61.55,28706,1850662.65,331.0,64.47,EQ
26-09-2011,65.0,65.0,62.6,63.45,63.5,128.8,61.55,35697,2262282.4,439.0,63.37,EQ
27-09-2011,65.5,66.15,65.0,65.05,65.0,128.8,61.55,16778,1099142.4,433.0,65.51,EQ
28-09-2011,65.0,66.0,64.1,64.65,65.0,128.8,61.55,7812,507537.85,246.0,64.97,EQ
29-09-2011,64.2,65.25,63.05,64.7,64.75,128.8,61.55,16336,1049101.35,300.0,64.22,EQ
30-09-2011,64.7,65.5,63.2,63.45,63.9,128.8,61.55,23299,1497133.75,367.0,64.26,EQ
03-10-2011,63.0,64.0,62.85,63.1,63.9,128.8,61.55,13194,833919.85,428.0,63.2,EQ
04-10-2011,62.5,64.5,61.7,62.1,61.75,128.8,61.55,27733,1735491.5,636.0,62.58,EQ
05-10-2011,63.0,63.5,60.65,61.2,60.85,128.8,60.65,36793,2271579.8,797.0,61.74,EQ
07-10-2011,63.4,64.45,61.55,62.35,62.75,128.8,60.65,15591,974972.15,474.0,62.53,EQ
10-10-2011,62.1,63.95,61.6,63.55,63.95,128.8,60.65,14929,942910.8,553.0,63.16,EQ
11-10-2011,64.5,64.5,63.35,64.0,63.6,128.8,60.65,18470,1181195.8,519.0,63.95,EQ
12-10-2011,64.0,65.0,63.2,64.1,64.2,128.8,60.65,8428,538980.2,263.0,63.95,EQ
13-10-2011,64.8,65.0,63.75,64.2,64.1,128.8,60.65,16655,1074016.95,440.0,64.49,EQ
14-10-2011,64.45,64.6,63.7,64.05,64.0,128.8,60.65,11677,748641.6,364.0,64.11,EQ
17-10-2011,65.0,65.5,63.5,63.7,63.5,128.25,60.65,27544,1761471.7,562.0,63.95,EQ
18-10-2011,64.6,64.6,62.6,63.8,64.55,128.25,60.65,12744,809700.5,401.0,63.54,EQ
19-10-2011,63.15,65.75,63.15,65.35,65.0,128.25,60.65,34791,2260098.45,1402.0,64.96,EQ
20-10-2011,65.0,65.0,63.55,64.35,64.45,128.25,60.65,20320,1300807.5,617.0,64.02,EQ
21-10-2011,64.45,65.85,61.35,61.8,61.75,128.25,60.65,111837,7072269.2,1790.0,63.24,EQ
24-10-2011,62.25,63.7,60.7,61.15,61.2,128.25,60.65,22346,1385522.0,415.0,62.0,EQ
25-10-2011,61.3,62.0,60.75,61.25,61.45,128.25,60.65,9876,604608.7,216.0,61.22,EQ
26-10-2011,64.1,64.1,61.3,62.35,62.45,128.25,60.65,5831,362629.55,104.0,62.19,EQ
28-10-2011,63.0,64.4,62.5,64.0,64.05,128.25,60.65,24303,1546040.0,705.0,63.62,EQ
31-10-2011,63.0,64.8,62.65,64.5,64.7,128.25,60.65,17270,1107617.8,478.0,64.14,EQ
01-11-2011,64.0,64.55,62.8,63.95,64.0,128.25,60.65,39090,2493460.45,499.0,63.79,EQ
02-11-2011,63.3,64.2,62.55,63.15,62.85,128.25,60.65,14403,913671.1,479.0,63.44,EQ
03-11-2011,63.15,64.25,62.5,63.25,63.55,128.25,60.65,14435,912415.3,259.0,63.21,EQ
04-11-2011,64.0,64.5,63.25,63.4,63.5,128.25,60.65,14677,934237.05,245.0,63.65,EQ
08-11-2011,65.0,65.0,62.6,64.15,64.05,128.25,60.65,7719,490035.1,168.0,63.48,EQ
09-11-2011,63.5,64.55,62.65,63.0,63.5,128.25,60.65,22282,1409743.9,330.0,63.27,EQ
11-11-2011,62.5,63.9,62.1,63.4,63.5,128.25,60.65,42831,2713627.35,250.0,63.36,EQ
14-11-2011,63.0,63.9,61.7,62.05,61.8,119.7,60.65,9776,609738.4,241.0,62.37,EQ
15-11-2011,61.5,62.65,57.35,59.0,59.4,119.7,57.35,105998,6258571.7,1034.0,59.04,EQ
16-11-2011,59.0,60.35,57.6,59.95,60.0,119.7,57.35,45968,2730831.9,422.0,59.41,EQ
17-11-2011,60.2,60.75,58.0,58.3,58.1,119.7,57.35,13760,810085.75,303.0,58.87,EQ
18-11-2011,58.1,59.0,57.05,58.25,59.0,119.7,57.05,26688,1537505.7,346.0,57.61,EQ
21-11-2011,57.5,59.4,55.7,56.25,56.0,114.5,55.7,28846,1655753.25,511.0,57.4,EQ
22-11-2011,56.1,57.0,53.05,53.35,53.5,114.5,53.05,50383,2746797.85,948.0,54.52,EQ
23-11-2011,54.0,57.5,52.3,53.45,53.9,114.5,52.3,28849,1538400.65,612.0,53.33,EQ
24-11-2011,53.1,55.3,51.65,54.75,54.9,114.5,51.65,51959,2771781.6,620.0,53.35,EQ
25-11-2011,54.75,55.0,53.5,53.95,53.8,114.5,51.65,10959,594347.9,363.0,54.23,EQ
28-11-2011,56.0,56.95,53.5,53.8,53.8,109.5,51.65,17588,952001.2,315.0,54.13,EQ
29-11-2011,55.0,55.9,53.2,53.35,53.3,109.5,51.65,23870,1284495.4,432.0,53.81,EQ
30-11-2011,53.05,53.8,48.25,49.05,49.0,109.5,48.25,125839,6314974.2,4278.0,50.18,EQ
01-12-2011,49.4,51.45,48.8,49.0,49.05,109.5,48.25,174622,8625899.8,1382.0,49.4,EQ
02-12-2011,50.05,50.05,49.0,49.3,49.3,109.5,48.25,33998,1683875.6,514.0,49.53,EQ
05-12-2011,51.5,51.5,49.3,49.45,49.35,107.65,48.25,23741,1176403.95,436.0,49.55,EQ
07-12-2011,49.95,50.3,49.3,49.65,49.55,107.65,48.25,45316,2249904.5,609.0,49.65,EQ
08-12-2011,49.5,49.85,47.25,47.7,47.6,107.65,47.25,38419,1859965.4,746.0,48.41,EQ
09-12-2011,47.25,48.1,46.85,46.9,46.9,107.65,46.85,39958,1893596.6,616.0,47.39,EQ
12-12-2011,47.2,47.5,45.0,45.15,45.0,107.4,45.0,50927,2338417.55,731.0,45.92,EQ
13-12-2011,45.25,45.95,44.5,44.7,44.5,107.4,44.5,69068,3112259.3,1211.0,45.06,EQ
14-12-2011,44.8,45.2,44.35,44.85,44.65,107.4,44.35,42588,1906115.2,806.0,44.76,EQ
15-12-2011,44.1,44.95,43.55,44.45,44.95,107.4,43.55,108981,4796394.5,872.0,44.01,EQ
16-12-2011,43.8,45.8,43.1,44.05,44.0,107.4,43.1,44269,1980057.8,600.0,44.73,EQ
19-12-2011,44.0,45.35,43.35,43.9,43.55,107.4,43.1,15973,699887.7,306.0,43.82,EQ
20-12-2011,43.75,44.4,42.0,42.05,42.05,107.4,42.0,16465,703992.85,341.0,42.76,EQ
21-12-2011,42.7,43.45,42.6,43.05,42.9,107.4,42.0,77484,3329577.05,464.0,42.97,EQ
22-12-2011,43.8,44.9,42.9,44.45,44.15,107.4,42.0,34841,1531406.6,419.0,43.95,EQ
23-12-2011,44.4,48.0,43.9,46.5,46.1,107.4,42.0,48759,2277038.4,924.0,46.7,EQ
26-12-2011,46.75,48.4,46.05,47.85,47.35,107.4,42.0,28323,1347990.4,556.0,47.59,EQ
27-12-2011,47.1,48.0,47.0,47.35,47.7,107.4,42.0,14524,690431.5,245.0,47.54,EQ
28-12-2011,48.9,48.9,46.0,46.6,46.5,107.4,42.0,9275,433629.25,237.0,46.75,EQ
29-12-2011,46.45,47.2,46.0,46.25,46.1,107.4,42.0,13451,624401.65,268.0,46.42,EQ
30-12-2011,46.05,47.0,45.2,45.8,45.5,107.4,42.0,17264,791256.6,277.0,45.83,EQ
02-01-2012,45.5,46.35,45.0,45.55,45.55,107.4,42.0,11150,508806.2,145.0,45.63,EQ
03-01-2012,45.6,46.9,45.6,46.5,46.4,107.4,42.0,9581,445114.15,117.0,46.46,EQ
04-01-2012,46.55,48.2,46.55,47.8,47.9,107.4,42.0,22378,1067195.95,455.0,47.69,EQ
05-01-2012,47.0,49.4,47.0,48.15,48.2,107.4,42.0,28719,1397664.1,535.0,48.67,EQ
06-01-2012,47.6,48.2,47.05,47.85,47.7,107.4,42.0,4968,237530.2,123.0,47.81,EQ
07-01-2012,50.0,50.0,48.0,48.2,48.25,107.4,42.0,2271,109385.2,37.0,48.17,EQ
09-01-2012,49.0,50.45,48.0,48.95,49.0,107.4,42.0,45823,2256832.8,716.0,49.25,EQ
10-01-2012,49.5,51.5,49.35,50.55,50.4,107.4,42.0,83759,4216034.9,1309.0,50.34,EQ
11-01-2012,50.8,51.95,50.6,51.3,51.2,107.4,42.0,53644,2760714.75,574.0,51.46,EQ
12-01-2012,51.8,53.5,51.65,52.05,52.35,107.4,42.0,119131,6261057.1,1201.0,52.56,EQ
13-01-2012,52.95,53.4,52.25,52.5,52.35,107.4,42.0,70287,3709233.85,610.0,52.77,EQ
16-01-2012,52.0,53.3,51.65,52.0,52.0,107.4,42.0,34335,1793341.4,493.0,52.23,EQ
17-01-2012,52.5,53.4,52.1,52.75,52.5,107.4,42.0,39449,2086794.55,417.0,52.9,EQ
18-01-2012,52.85,53.25,50.3,51.2,51.3,107.4,42.0,32756,1700792.1,562.0,51.92,EQ
19-01-2012,51.25,52.7,51.05,51.9,51.95,107.4,42.0,36351,1880485.85,394.0,51.73,EQ
20-01-2012,51.7,55.3,51.5,52.95,52.7,107.4,42.0,103533,5522587.3,1107.0,53.34,EQ
23-01-2012,53.8,53.8,52.1,52.8,52.65,107.4,42.0,17832,942054.3,238.0,52.83,EQ
24-01-2012,53.6,53.6,52.35,52.55,52.35,107.4,42.0,54854,2897310.65,436.0,52.82,EQ
25-01-2012,53.45,53.9,52.65,52.75,52.85,107.4,42.0,54125,2867901.85,463.0,52.99,EQ
27-01-2012,53.0,54.0,52.1,53.35,53.4,107.4,42.0,90376,4816743.45,818.0,53.3,EQ
30-01-2012,53.0,54.0,52.35,52.6,52.5,107.4,42.0,34689,1837218.1,484.0,52.96,EQ
31-01-2012,53.3,53.5,52.65,53.35,53.1,107.4,42.0,17613,936563.55,318.0,53.17,EQ
01-02-2012,54.0,55.0,53.55,54.7,54.85,107.4,42.0,91209,4988007.75,820.0,54.69,EQ
02-02-2012,55.75,57.0,55.1,55.25,55.2,107.4,42.0,109397,6122962.35,1061.0,55.97,EQ
03-02-2012,55.8,57.35,55.8,56.95,56.7,107.4,42.0,96957,5496285.5,1266.0,56.69,EQ
06-02-2012,57.0,58.9,53.4,56.4,56.2,107.4,42.0,289220,16233065.35,2768.0,56.13,EQ
07-02-2012,57.9,57.9,55.55,55.9,56.0,107.4,42.0,50994,2860917.8,548.0,56.1,EQ
08-02-2012,55.95,57.5,55.95,56.55,56.9,107.4,42.0,35872,2040725.0,546.0,56.89,EQ
09-02-2012,56.5,58.5,56.3,57.95,58.05,107.4,42.0,54799,3168339.75,766.0,57.82,EQ
10-02-2012,58.0,58.8,57.05,57.75,57.7,107.4,42.0,42192,2441664.35,562.0,57.87,EQ
13-02-2012,57.15,59.9,57.15,58.95,58.4,107.4,42.0,59843,3526462.25,731.0,58.93,EQ
14-02-2012,59.4,59.4,58.2,58.55,58.25,107.4,42.0,30476,1790557.15,402.0,58.75,EQ
15-02-2012,58.55,60.0,58.55,59.2,59.1,107.4,42.0,61379,3639297.4,698.0,59.29,EQ
16-02-2012,58.3,59.65,58.3,58.9,59.0,107.4,42.0,27305,1610906.85,490.0,59.0,EQ
17-02-2012,59.8,60.7,58.55,59.05,58.75,107.4,42.0,85164,5100646.65,940.0,59.89,EQ
21-02-2012,58.65,59.7,58.65,59.35,59.5,107.4,42.0,40687,2406589.15,628.0,59.15,EQ
22-02-2012,59.5,61.8,56.35,57.25,56.4,107.4,42.0,80988,4811993.85,1261.0,59.42,EQ
23-02-2012,57.5,58.45,56.25,58.0,57.85,107.4,42.0,26822,1542706.95,599.0,57.52,EQ
24-02-2012,58.8,58.85,56.7,57.55,57.9,107.4,42.0,24989,1447438.55,471.0,57.92,EQ
27-02-2012,57.1,58.3,54.55,54.75,54.8,107.4,42.0,83722,4616127.55,725.0,55.14,EQ
28-02-2012,54.75,57.0,54.75,56.8,56.5,107.4,42.0,76883,4267934.65,721.0,55.51,EQ
29-02-2012,56.25,58.15,56.25,56.9,57.0,107.4,42.0,57696,3285470.15,493.0,56.94,EQ
01-03-2012,56.3,57.5,56.15,56.55,56.85,107.4,42.0,14841,838727.95,256.0,56.51,EQ
02-03-2012,56.0,57.0,54.9,55.1,55.4,107.4,42.0,69782,3889069.3,691.0,55.73,EQ
03-03-2012,55.15,55.9,55.1,55.35,55.7,107.4,42.0,1709,94639.9,32.0,55.38,EQ
05-03-2012,55.25,56.0,53.6,54.0,53.8,107.4,42.0,28417,1542088.15,441.0,54.27,EQ
06-03-2012,54.5,54.5,52.6,52.8,52.85,107.4,42.0,67197,3590015.45,667.0,53.43,EQ
07-03-2012,52.7,53.8,52.1,52.4,52.45,107.4,42.0,47465,2496273.25,388.0,52.59,EQ
09-03-2012,52.7,53.4,52.1,52.5,52.4,107.4,42.0,91809,4822594.55,573.0,52.53,EQ
12-03-2012,52.65,54.0,52.65,53.85,53.9,107.4,42.0,44050,2364982.7,497.0,53.69,EQ
13-03-2012,54.3,54.9,53.4,53.9,53.7,107.4,42.0,39404,2121616.7,417.0,53.84,EQ
14-03-2012,55.3,55.5,52.55,52.95,53.0,107.4,42.0,67770,3615903.45,570.0,53.36,EQ
15-03-2012,53.0,53.95,51.15,51.45,51.35,107.4,42.0,95711,4959809.15,633.0,51.82,EQ
16-03-2012,52.6,52.6,50.5,50.7,50.55,107.4,42.0,119898,6149473.8,863.0,51.29,EQ
19-03-2012,50.7,51.5,50.1,50.35,50.5,107.4,42.0,29706,1497397.2,328.0,50.41,EQ
20-03-2012,50.9,51.0,50.0,50.2,50.1,107.4,42.0,16891,850200.25,246.0,50.33,EQ
21-03-2012,51.0,51.7,50.2,51.0,51.0,107.4,42.0,46238,2342164.2,271.0,50.65,EQ
22-03-2012,50.1,51.8,48.8,49.05,48.85,107.4,42.0,105481,5278813.65,631.0,50.05,EQ
23-03-2012,49.25,49.75,46.3,49.05,49.5,107.4,42.0,132822,6371313.05,1594.0,47.97,EQ
26-03-2012,49.2,50.55,49.0,49.75,49.2,107.4,42.0,236451,11807944.8,497.0,49.94,EQ
27-03-2012,49.75,50.95,48.35,48.9,49.0,107.4,42.0,22704,1126178.65,415.0,49.6,EQ
28-03-2012,48.65,50.6,48.5,49.1,49.0,107.4,42.0,89372,4442481.95,997.0,49.71,EQ
29-03-2012,49.85,52.0,47.25,50.25,50.5,107.4,42.0,133293,6640913.7,1654.0,49.82,EQ
30-03-2012,50.1,50.75,49.6,50.25,49.8,107.4,42.0,22372,1120561.05,318.0,50.09,EQ
02-04-2012,50.25,51.9,49.95,51.5,51.45,107.4,42.0,40814,2082091.5,736.0,51.01,EQ
03-04-2012,51.5,52.5,51.5,51.65,51.8,107.4,42.0,15073,780816.1,339.0,51.8,EQ
04-04-2012,51.4,52.2,49.65,50.1,50.1,107.4,42.0,98420,4944280.7,991.0,50.24,EQ
09-04-2012,50.1,51.6,49.25,50.15,50.25,107.4,42.0,29750,1500963.75,468.0,50.45,EQ
10-04-2012,50.7,50.9,49.5,50.05,50.05,107.4,42.0,10798,542307.85,281.0,50.22,EQ
11-04-2012,50.0,50.6,49.55,50.2,50.3,107.4,42.0,12186,611944.8,199.0,50.22,EQ
12-04-2012,50.15,51.45,49.85,50.1,50.0,107.4,42.0,35705,1798644.1,465.0,50.38,EQ
13-04-2012,50.7,51.0,48.0,48.3,48.4,107.4,42.0,376840,18323196.65,3062.0,48.62,EQ
16-04-2012,48.3,49.85,48.1,49.25,49.0,107.4,42.0,57427,2821308.75,884.0,49.13,EQ
17-04-2012,49.15,49.9,49.05,49.55,49.25,107.4,42.0,23863,1178957.75,372.0,49.41,EQ
18-04-2012,50.0,50.9,49.65,49.95,49.65,107.4,42.0,90165,4525362.95,980.0,50.19,EQ
19-04-2012,50.25,51.65,49.9,50.0,50.0,107.4,42.0,97171,4910353.25,1142.0,50.53,EQ
20-04-2012,50.0,50.75,50.0,50.3,50.1,107.4,42.0,26639,1342686.55,350.0,50.4,EQ
23-04-2012,50.75,51.5,50.15,50.85,50.75,106.8,42.0,45712,2324364.25,529.0,50.85,EQ
24-04-2012,50.5,52.2,50.25,51.95,51.75,106.8,42.0,86496,4437436.5,808.0,51.3,EQ
25-04-2012,52.0,55.2,52.0,54.8,54.9,106.8,42.0,250874,13511825.9,2016.0,53.86,EQ
26-04-2012,55.9,56.65,55.2,55.85,56.1,106.8,42.0,382471,21443074.9,3068.0,56.06,EQ
27-04-2012,57.0,57.0,53.5,54.8,54.5,106.8,42.0,87142,4749326.1,1077.0,54.5,EQ
28-04-2012,54.2,54.75,53.5,53.95,53.8,106.8,42.0,7896,426476.25,83.0,54.01,EQ
30-04-2012,56.25,62.6,55.3,58.85,59.0,102.0,42.0,1759778,105204578.25,14911.0,59.78,EQ
02-05-2012,59.6,59.6,57.4,58.4,58.55,102.0,42.0,187845,10995473.2,2204.0,58.53,EQ
03-05-2012,58.0,58.5,56.85,57.2,57.4,102.0,42.0,62902,3613451.7,804.0,57.45,EQ
04-05-2012,57.9,58.1,56.5,56.85,56.6,102.0,42.0,109502,6288034.5,1233.0,57.42,EQ
07-05-2012,55.25,58.75,55.25,58.25,57.8,91.7,42.0,88818,5073804.05,1288.0,57.13,EQ
08-05-2012,58.3,59.9,57.55,57.9,57.6,91.7,42.0,136984,8045690.95,1449.0,58.73,EQ
09-05-2012,57.2,57.7,56.5,56.85,56.55,91.7,42.0,40954,2339619.85,620.0,57.13,EQ
10-05-2012,56.1,57.75,56.1,57.45,57.65,91.7,42.0,62486,3581741.9,1426.0,57.32,EQ
11-05-2012,57.3,57.85,56.3,56.75,56.35,91.7,42.0,74201,4236877.5,1638.0,57.1,EQ
14-05-2012,50.15,57.8,50.15,54.15,54.6,87.7,42.0,61489,3406713.45,1165.0,55.4,EQ
15-05-2012,52.0,55.45,52.0,54.9,55.15,87.7,42.0,132497,7282672.75,1490.0,54.96,EQ
16-05-2012,53.3,54.9,53.3,54.65,54.85,87.7,42.0,33408,1815633.0,1267.0,54.35,EQ
17-05-2012,53.5,56.55,53.5,55.75,55.8,87.7,42.0,38506,2131417.1,818.0,55.35,EQ
18-05-2012,54.0,56.4,53.8,56.05,56.3,87.7,42.0,61935,3419505.25,1048.0,55.21,EQ
21-05-2012,55.5,58.0,55.5,57.55,58.0,86.85,42.0,48457,2762599.75,762.0,57.01,EQ
22-05-2012,58.0,63.0,58.0,58.45,58.5,86.85,42.0,81437,4798016.35,1086.0,58.92,EQ
23-05-2012,50.05,58.4,50.05,57.55,57.4,86.85,42.0,33189,1915087.15,505.0,57.7,EQ
24-05-2012,53.5,59.0,53.5,58.0,58.0,86.85,42.0,28539,1643891.55,436.0,57.6,EQ
25-05-2012,56.5,58.65,56.5,57.85,57.95,86.85,42.0,14611,848585.65,263.0,58.08,EQ
28-05-2012,57.0,59.7,57.0,59.05,59.3,86.85,42.0,25491,1492245.6,478.0,58.54,EQ
29-05-2012,59.05,60.6,58.15,58.45,58.2,86.85,42.0,58785,3492424.8,710.0,59.41,EQ
30-05-2012,55.1,59.4,55.1,58.3,58.1,86.85,42.0,10340,602986.85,278.0,58.32,EQ
31-05-2012,56.4,58.55,56.4,58.35,58.0,86.85,42.0,12761,741820.7,266.0,58.13,EQ
01-06-2012,58.35,59.9,58.0,58.15,58.0,86.85,42.0,43151,2537736.65,720.0,58.81,EQ
04-06-2012,58.15,58.15,57.25,57.75,57.85,84.4,42.0,9264,533237.5,178.0,57.56,EQ
05-06-2012,57.0,58.3,57.0,57.35,57.5,84.4,42.0,6044,349503.75,142.0,57.83,EQ
06-06-2012,57.0,58.35,57.0,58.0,57.85,84.4,42.0,12341,714825.95,217.0,57.92,EQ
07-06-2012,54.4,60.0,54.4,58.25,58.65,84.4,42.0,23740,1393125.15,293.0,58.68,EQ
08-06-2012,58.0,58.6,57.75,58.05,58.15,84.4,42.0,11409,661818.95,156.0,58.01,EQ
11-06-2012,57.5,59.2,57.5,58.0,57.95,82.7,42.0,17942,1047030.35,287.0,58.36,EQ
12-06-2012,56.6,58.3,56.6,58.1,57.9,82.7,42.0,13636,790137.5,179.0,57.94,EQ
13-06-2012,58.1,58.75,57.65,57.8,57.7,82.7,42.0,18140,1054960.8,201.0,58.16,EQ
14-06-2012,55.05,58.2,55.05,57.1,57.45,82.7,42.0,17594,1011391.2,235.0,57.49,EQ
15-06-2012,56.0,58.7,56.0,58.1,58.7,82.7,42.0,19058,1102620.75,394.0,57.86,EQ
18-06-2012,60.5,60.65,57.3,57.75,58.0,79.5,42.0,106602,6285341.15,1130.0,58.96,EQ
19-06-2012,59.5,59.5,57.0,58.35,58.05,79.5,42.0,15351,890679.95,278.0,58.02,EQ
20-06-2012,55.1,59.15,55.1,57.9,57.9,79.5,42.0,25984,1509376.05,276.0,58.09,EQ
21-06-2012,56.1,58.0,56.1,57.65,57.4,79.5,42.0,28534,1647656.2,265.0,57.74,EQ
22-06-2012,55.1,58.5,55.1,58.2,58.1,79.5,42.0,20440,1185686.3,204.0,58.01,EQ
25-06-2012,58.2,59.5,58.2,59.0,59.15,79.5,42.0,35696,2108899.45,587.0,59.08,EQ
26-06-2012,57.55,59.2,57.55,59.0,59.1,79.5,42.0,13004,767097.55,157.0,58.99,EQ
27-06-2012,59.1,60.0,59.1,59.8,59.9,79.5,42.0,36454,2177737.75,454.0,59.74,EQ
28-06-2012,59.8,62.0,59.8,61.2,60.95,79.5,42.0,74602,4560777.9,5190.0,61.13,EQ
29-06-2012,61.4,62.15,61.1,61.4,61.1,79.5,42.0,59095,3631044.3,522.0,61.44,EQ
02-07-2012,60.35,62.95,60.35,62.5,62.75,79.5,42.0,56126,3491304.2,592.0,62.2,EQ
03-07-2012,59.6,64.45,59.6,63.7,63.8,79.5,42.0,54712,3491088.4,651.0,63.81,EQ
04-07-2012,58.15,64.05,58.15,63.45,63.5,79.5,42.0,34292,2173789.8,434.0,63.39,EQ
05-07-2012,59.6,68.55,59.6,67.4,67.6,79.5,42.0,277432,18481119.4,2097.0,66.61,EQ
06-07-2012,71.8,73.0,68.5,70.6,70.35,79.5,42.0,1035702,73948797.45,8471.0,71.4,EQ
09-07-2012,68.05,70.25,67.15,67.6,67.6,79.5,42.0,119399,8135474.6,1480.0,68.14,EQ
10-07-2012,66.15,69.0,66.15,68.65,68.8,79.5,42.0,67133,4599729.7,730.0,68.52,EQ
11-07-2012,67.05,69.95,67.05,68.8,69.0,79.5,42.0,89091,6130623.2,844.0,68.81,EQ
12-07-2012,64.1,66.8,64.1,64.8,64.75,79.5,42.0,82926,5420225.35,990.0,65.36,EQ
13-07-2012,65.0,65.5,63.1,63.25,63.35,79.5,42.0,46981,3008686.55,687.0,64.04,EQ
16-07-2012,63.25,63.8,60.4,61.2,60.55,79.4,42.0,40344,2502630.0,606.0,62.03,EQ
17-07-2012,60.5,62.5,60.1,60.45,60.7,79.4,42.0,38498,2353679.0,593.0,61.14,EQ
18-07-2012,60.0,62.45,60.0,62.15,62.1,79.4,42.0,31994,1966814.05,667.0,61.47,EQ
19-07-2012,61.55,63.5,61.55,62.8,62.9,79.4,42.0,29097,1825956.25,347.0,62.75,EQ
20-07-2012,62.9,63.2,61.6,62.85,62.7,79.4,42.0,22809,1426482.95,292.0,62.54,EQ
23-07-2012,60.75,61.9,60.0,60.35,60.6,79.4,42.0,21881,1328841.4,400.0,60.73,EQ
24-07-2012,59.1,60.7,59.1,59.8,59.65,79.4,42.0,20208,1209869.15,264.0,59.87,EQ
25-07-2012,58.0,59.9,58.0,58.75,58.55,79.4,42.0,34951,2051824.0,518.0,58.71,EQ
26-07-2012,57.3,60.4,57.1,57.25,57.5,79.4,42.0,20771,1199567.6,308.0,57.75,EQ
27-07-2012,56.5,58.7,55.15,56.05,57.0,79.4,42.0,36559,2099471.9,402.0,57.43,EQ
30-07-2012,54.1,57.7,54.1,57.45,57.7,78.0,42.0,11887,675177.0,223.0,56.8,EQ
31-07-2012,57.0,58.2,57.0,57.85,58.2,78.0,42.0,10053,578108.6,165.0,57.51,EQ
01-08-2012,56.9,59.8,56.9,59.6,59.35,78.0,42.0,16731,986603.1,213.0,58.97,EQ
02-08-2012,58.1,59.35,58.1,59.0,59.1,78.0,42.0,7933,467554.9,130.0,58.94,EQ
03-08-2012,57.3,59.9,57.3,58.8,59.25,78.0,42.0,16726,976149.45,295.0,58.36,EQ
06-08-2012,57.0,59.4,57.0,58.0,58.0,73.0,42.0,22811,1333296.55,367.0,58.45,EQ
07-08-2012,57.0,58.75,57.0,58.35,58.5,73.0,42.0,14721,860214.75,179.0,58.43,EQ
08-08-2012,57.1,58.85,57.1,58.45,58.55,73.0,42.0,17440,1016354.7,207.0,58.28,EQ
09-08-2012,61.0,61.55,59.3,59.95,59.75,73.0,42.0,109710,6607190.95,1483.0,60.22,EQ
10-08-2012,60.9,60.9,58.8,59.2,59.5,73.0,42.0,34445,2055703.05,458.0,59.68,EQ
13-08-2012,59.5,59.5,56.55,57.5,57.45,73.0,42.0,57783,3308552.75,656.0,57.26,EQ
14-08-2012,58.5,58.5,56.35,57.85,57.9,73.0,42.0,17078,988966.85,313.0,57.91,EQ
16-08-2012,57.0,58.4,57.0,57.65,58.0,73.0,42.0,21934,1265423.7,336.0,57.69,EQ
17-08-2012,59.9,59.9,57.7,57.85,57.7,73.0,42.0,21728,1267054.95,298.0,58.31,EQ
21-08-2012,56.55,58.5,55.6,55.8,55.9,73.0,42.0,56529,3190430.35,752.0,56.44,EQ
22-08-2012,56.0,56.4,55.55,56.0,56.1,73.0,42.0,27567,1543176.95,358.0,55.98,EQ
23-08-2012,56.65,63.5,56.25,62.65,62.6,73.0,42.0,317395,19438409.8,3871.0,61.24,EQ
24-08-2012,62.0,64.75,61.1,63.4,63.0,73.0,42.0,213424,13461519.8,2661.0,63.07,EQ
27-08-2012,63.0,63.4,60.7,60.95,60.95,73.0,42.0,30299,1862722.15,479.0,61.48,EQ
28-08-2012,60.75,62.5,59.05,59.45,59.55,73.0,42.0,118419,7253211.0,927.0,61.25,EQ
29-08-2012,59.75,59.75,57.55,58.9,58.5,73.0,42.0,28968,1705142.35,624.0,58.86,EQ
30-08-2012,59.0,59.0,57.5,58.15,57.9,73.0,42.0,20815,1208557.65,397.0,58.06,EQ
31-08-2012,57.95,58.95,57.5,57.85,58.05,73.0,42.0,14658,851117.85,250.0,58.07,EQ
03-09-2012,58.1,58.6,57.25,57.4,57.25,73.0,42.0,30815,1785598.7,366.0,57.95,EQ
04-09-2012,58.35,58.4,57.1,57.65,57.8,73.0,42.0,22155,1274169.9,387.0,57.51,EQ
05-09-2012,57.5,60.25,57.5,59.45,60.0,73.0,42.0,65703,3880521.55,926.0,59.06,EQ
06-09-2012,61.25,62.0,58.95,59.65,59.2,73.0,42.0,68459,4136629.05,1090.0,60.42,EQ
07-09-2012,59.7,60.5,57.5,59.25,59.2,73.0,42.0,24648,1466704.1,457.0,59.51,EQ
08-09-2012,59.0,59.7,58.7,59.45,59.15,73.0,42.0,3244,192575.9,52.0,59.36,EQ
10-09-2012,59.8,64.1,59.25,62.25,62.5,73.0,42.0,186568,11701447.15,2450.0,62.72,EQ
11-09-2012,61.65,63.0,60.55,61.0,61.2,73.0,42.0,29077,1793752.65,730.0,61.69,EQ
12-09-2012,61.4,61.95,60.7,61.3,61.5,73.0,42.0,24383,1493593.65,563.0,61.26,EQ
13-09-2012,61.05,61.95,60.7,61.1,61.0,73.0,42.0,22376,1370337.05,515.0,61.24,EQ
14-09-2012,62.85,63.5,60.15,60.7,60.15,73.0,42.0,162998,9941237.1,1006.0,60.99,EQ
17-09-2012,61.85,61.85,60.1,60.7,60.8,73.0,42.0,39342,2388383.35,513.0,60.71,EQ
18-09-2012,60.75,61.9,60.1,60.3,60.55,73.0,42.0,46869,2846482.85,551.0,60.73,EQ
20-09-2012,60.4,60.75,59.7,59.8,59.7,73.0,42.0,24007,1443249.9,379.0,60.12,EQ
21-09-2012,60.75,61.25,58.6,60.1,60.0,73.0,42.0,85790,5147661.9,913.0,60.0,EQ
24-09-2012,60.65,61.0,59.75,60.2,60.5,73.0,42.0,32992,1991324.35,532.0,60.36,EQ
25-09-2012,60.7,63.1,60.7,61.75,61.5,73.0,42.0,152928,9477540.45,1436.0,61.97,EQ
26-09-2012,61.6,65.4,61.05,63.9,64.15,73.0,42.0,303793,19475881.4,2919.0,64.11,EQ
27-09-2012,64.2,65.75,62.5,62.8,62.85,73.0,42.0,97484,6269395.15,1119.0,64.31,EQ
28-09-2012,63.0,64.0,62.75,63.05,62.75,73.0,42.0,31769,2013063.5,374.0,63.37,EQ
01-10-2012,62.95,65.6,62.8,64.7,64.1,73.0,42.0,121785,7818315.3,1632.0,64.2,EQ
03-10-2012,64.7,66.1,64.1,64.95,64.75,73.0,42.0,139713,9138063.35,1192.0,65.41,EQ
04-10-2012,65.2,70.05,65.0,68.9,69.1,73.0,42.0,799364,54570244.2,5675.0,68.27,EQ
05-10-2012,70.25,71.65,66.55,67.5,67.5,73.0,42.0,356039,24502736.75,3415.0,68.82,EQ
08-10-2012,68.1,68.7,65.15,65.7,65.8,73.0,42.0,118003,7846857.75,1136.0,66.5,EQ
09-10-2012,65.9,68.0,65.6,65.85,65.75,73.0,42.0,47626,3171803.15,612.0,66.6,EQ
10-10-2012,66.15,66.2,64.3,64.5,64.75,73.0,42.0,53506,3467993.8,601.0,64.82,EQ
11-10-2012,63.2,65.25,63.2,64.95,65.1,73.0,42.0,39200,2528367.95,463.0,64.5,EQ
12-10-2012,64.5,66.4,64.15,64.55,64.5,73.0,42.0,57206,3737041.9,789.0,65.33,EQ
15-10-2012,64.55,65.3,63.6,63.75,63.65,73.0,42.0,32767,2108217.55,474.0,64.34,EQ
16-10-2012,64.95,65.0,63.0,63.2,64.2,73.0,42.0,44862,2855441.15,553.0,63.65,EQ
17-10-2012,63.95,64.25,62.7,63.1,63.3,73.0,42.0,30429,1924288.45,291.0,63.24,EQ
18-10-2012,63.5,64.55,63.5,64.15,64.1,73.0,42.0,26339,1688042.85,325.0,64.09,EQ
19-10-2012,64.8,65.55,63.6,64.95,65.3,73.0,42.0,61273,3965302.4,677.0,64.72,EQ
22-10-2012,63.0,65.75,62.8,64.6,64.45,73.0,42.0,26799,1744379.35,324.0,65.09,EQ
23-10-2012,65.2,65.2,64.0,64.65,64.8,73.0,42.0,17190,1109526.1,320.0,64.54,EQ
25-10-2012,64.75,66.7,64.75,65.4,65.5,73.0,42.0,78378,5161024.3,895.0,65.85,EQ
26-10-2012,65.05,65.6,63.95,64.15,64.0,73.0,42.0,25376,1637023.5,278.0,64.51,EQ
29-10-2012,65.5,68.3,65.1,65.95,66.2,73.0,42.0,217997,14442620.8,2637.0,66.25,EQ
30-10-2012,66.2,67.5,64.1,64.8,64.55,73.0,42.0,58583,3848692.15,787.0,65.7,EQ
31-10-2012,64.6,65.8,63.7,64.8,64.8,73.0,42.0,52011,3360610.4,716.0,64.61,EQ
01-11-2012,64.5,64.75,64.0,64.25,64.3,73.0,42.0,34153,2199175.7,416.0,64.39,EQ
02-11-2012,64.55,65.35,64.05,64.2,64.25,73.0,42.0,28503,1844718.75,619.0,64.72,EQ
05-11-2012,64.55,64.6,64.05,64.3,64.6,73.0,42.0,16863,1084639.05,224.0,64.32,EQ
06-11-2012,64.0,66.0,63.7,65.15,65.0,73.0,42.0,54506,3527436.45,468.0,64.72,EQ
07-11-2012,65.25,66.0,64.6,65.55,66.0,73.0,42.0,66971,4372427.0,690.0,65.29,EQ
08-11-2012,66.4,67.35,64.6,66.35,66.0,73.0,42.0,349224,23098742.25,2442.0,66.14,EQ
09-11-2012,66.0,66.75,64.15,64.5,64.3,73.0,42.0,91500,5956222.15,763.0,65.1,EQ
12-11-2012,64.8,65.25,63.8,64.3,64.5,73.0,42.0,30368,1956032.8,391.0,64.41,EQ
13-11-2012,64.35,67.0,64.35,64.6,64.65,73.0,42.0,27547,1795084.0,207.0,65.16,EQ
15-11-2012,64.05,65.0,62.6,63.0,62.7,73.0,42.0,51358,3255515.25,419.0,63.39,EQ
16-11-2012,63.5,64.0,62.05,62.3,62.1,73.0,42.0,24838,1565164.05,303.0,63.01,EQ
19-11-2012,62.9,63.5,60.45,61.1,61.4,73.0,42.0,34118,2105050.65,435.0,61.7,EQ
20-11-2012,61.8,62.05,59.1,59.5,59.45,73.0,42.0,58011,3496844.15,587.0,60.28,EQ
21-11-2012,60.4,60.4,59.1,59.45,59.35,73.0,42.0,22964,1369107.3,345.0,59.62,EQ
22-11-2012,59.9,59.95,59.0,59.4,59.1,73.0,42.0,20129,1200999.65,298.0,59.67,EQ
23-11-2012,59.8,62.05,59.2,61.45,61.3,73.0,42.0,74355,4538418.55,895.0,61.04,EQ
26-11-2012,62.0,62.5,59.3,60.6,60.3,73.0,42.0,87286,5275059.1,857.0,60.43,EQ
27-11-2012,61.45,62.0,60.25,60.6,60.45,73.0,42.0,42822,2618620.1,507.0,61.15,EQ
29-11-2012,61.6,62.4,61.1,61.55,61.75,73.0,42.0,72277,4469622.95,827.0,61.84,EQ
30-11-2012,61.95,62.45,61.15,61.6,61.45,73.0,42.0,29665,1833956.75,448.0,61.82,EQ
03-12-2012,61.0,63.25,61.0,62.85,63.0,73.0,42.0,74791,4686763.6,1018.0,62.66,EQ
04-12-2012,63.05,65.7,62.85,64.15,64.25,73.0,42.0,132597,8549375.8,1721.0,64.48,EQ
05-12-2012,64.3,68.5,63.75,64.45,63.95,73.0,42.0,635914,42421685.4,5067.0,66.71,EQ
06-12-2012,65.0,65.0,63.15,63.45,63.5,73.0,42.0,101715,6487490.1,1438.0,63.78,EQ
07-12-2012,64.9,65.4,63.2,63.5,63.75,73.0,42.0,82641,5275480.45,705.0,63.84,EQ
10-12-2012,64.0,64.0,63.2,63.7,63.5,73.0,42.0,74778,4773470.05,622.0,63.84,EQ
11-12-2012,63.95,64.0,62.1,62.55,62.55,73.0,42.0,115290,7292161.85,1173.0,63.25,EQ
12-12-2012,63.0,63.5,62.0,62.1,62.0,73.0,42.0,34879,2172965.4,384.0,62.3,EQ
13-12-2012,62.95,64.6,62.1,63.85,63.25,73.0,42.0,239647,15266351.75,1792.0,63.7,EQ
14-12-2012,64.8,65.75,62.5,63.0,62.65,73.0,42.0,565366,36390360.55,5396.0,64.37,EQ
17-12-2012,62.95,63.9,62.65,63.1,63.3,73.0,42.0,44817,2837600.7,458.0,63.32,EQ
18-12-2012,62.9,63.75,62.6,63.05,63.3,73.0,42.0,37118,2341449.95,404.0,63.08,EQ
19-12-2012,63.15,63.7,62.6,62.85,62.8,73.0,42.0,71164,4493484.9,1224.0,63.14,EQ
20-12-2012,62.7,63.4,62.0,62.25,62.25,73.0,42.0,45715,2851362.4,469.0,62.37,EQ
21-12-2012,64.4,64.8,63.1,63.5,63.45,73.0,42.0,295863,18891523.9,3201.0,63.85,EQ
24-12-2012,63.45,64.4,62.6,62.85,62.75,73.0,45.0,82933,5223610.7,833.0,62.99,EQ
26-12-2012,63.1,63.25,62.4,62.7,62.95,73.0,45.0,52495,3297769.2,477.0,62.82,EQ
27-12-2012,62.7,62.9,61.7,61.95,61.75,73.0,45.0,41142,2560324.0,460.0,62.23,EQ
28-12-2012,61.25,62.6,60.3,61.6,61.65,73.0,45.0,63153,3913231.05,681.0,61.96,EQ
31-12-2012,61.25,62.5,61.05,61.45,61.5,73.0,45.0,46808,2894205.55,539.0,61.83,EQ
01-01-2013,62.45,62.45,61.5,61.95,62.25,73.0,45.0,103163,6386012.6,697.0,61.9,EQ
02-01-2013,62.6,63.65,62.3,62.45,62.3,73.0,45.0,120855,7589808.35,1036.0,62.8,EQ
03-01-2013,62.5,63.3,62.05,62.65,62.4,73.0,45.0,55773,3505271.9,576.0,62.85,EQ
04-01-2013,62.85,62.9,61.75,62.0,62.1,73.0,45.0,75905,4714286.85,727.0,62.11,EQ
07-01-2013,62.85,63.9,61.65,62.35,62.7,73.0,46.3,63188,3944267.2,534.0,62.42,EQ
08-01-2013,62.35,62.65,61.8,62.0,61.9,73.0,46.3,32626,2025984.6,339.0,62.1,EQ
09-01-2013,62.25,63.2,61.5,61.7,61.7,73.0,46.3,72545,4504713.6,676.0,62.1,EQ
10-01-2013,62.0,62.5,61.5,61.65,61.6,73.0,46.3,40062,2478402.85,464.0,61.86,EQ
11-01-2013,62.0,62.1,60.25,60.55,60.7,73.0,46.3,57878,3525785.2,614.0,60.92,EQ
14-01-2013,61.15,61.45,60.5,61.2,61.3,73.0,46.3,40921,2494268.55,494.0,60.95,EQ
15-01-2013,61.25,61.45,60.8,60.9,60.95,73.0,46.3,28430,1736424.6,388.0,61.08,EQ
16-01-2013,61.2,61.3,60.05,60.15,60.05,73.0,46.3,39910,2415275.7,389.0,60.52,EQ
17-01-2013,61.6,62.8,60.55,60.75,61.2,73.0,46.3,120147,7339119.3,1060.0,61.08,EQ
18-01-2013,61.4,61.5,60.6,60.85,60.85,73.0,46.3,63635,3882332.55,835.0,61.01,EQ
21-01-2013,61.95,72.7,61.75,71.45,71.0,73.0,46.3,2731702,186902880.8,21459.0,68.42,EQ
22-01-2013,71.9,75.15,68.15,73.3,73.2,75.15,46.3,3194198,232423287.65,28383.0,72.76,EQ
23-01-2013,72.9,74.8,70.65,73.85,73.9,75.15,46.3,891773,65201164.95,10930.0,73.11,EQ
24-01-2013,73.9,80.3,72.2,75.0,75.35,80.3,46.3,1339899,102863598.9,13216.0,76.77,EQ
25-01-2013,74.95,77.3,73.0,73.9,73.55,80.3,46.3,349034,26077365.15,4035.0,74.71,EQ
28-01-2013,73.3,76.7,73.1,73.7,73.15,80.3,46.3,261557,19622542.7,4098.0,75.02,EQ
29-01-2013,73.55,76.3,73.55,75.1,75.4,80.3,46.3,222845,16732179.55,2312.0,75.08,EQ
30-01-2013,75.45,79.7,75.15,78.75,78.95,80.3,46.3,560376,43850636.0,8654.0,78.25,EQ
31-01-2013,78.55,81.4,78.25,78.8,79.5,81.4,46.3,459126,36844643.65,5897.0,80.25,EQ
01-02-2013,78.6,79.45,76.35,76.75,76.65,81.4,46.3,163725,12729566.7,2074.0,77.75,EQ
04-02-2013,78.3,81.0,75.25,79.0,79.05,81.4,46.3,318415,25236238.7,3810.0,79.26,EQ
05-02-2013,79.0,80.0,77.75,78.85,78.7,81.4,46.3,161303,12723044.95,1834.0,78.88,EQ
06-02-2013,79.25,81.2,78.2,79.05,78.4,81.4,46.3,146011,11658783.0,2461.0,79.85,EQ
07-02-2013,78.5,80.65,78.05,79.85,79.9,81.4,46.3,307313,24408163.75,2966.0,79.42,EQ
08-02-2013,79.85,81.0,78.0,78.85,78.5,81.4,46.3,118493,9364575.2,1420.0,79.03,EQ
11-02-2013,78.8,79.55,77.55,78.25,78.0,81.4,46.3,103669,8173836.45,1149.0,78.85,EQ
12-02-2013,78.7,79.55,78.15,79.15,79.4,81.4,46.3,65683,5181796.05,720.0,78.89,EQ
13-02-2013,79.45,79.55,78.3,78.95,79.0,81.4,46.3,48500,3828888.9,535.0,78.95,EQ
14-02-2013,78.6,79.3,77.9,78.9,78.2,81.4,46.3,105427,8316817.9,1072.0,78.89,EQ
15-02-2013,78.9,80.0,77.05,78.15,77.7,81.4,46.3,107472,8464546.5,1335.0,78.76,EQ
18-02-2013,78.7,82.8,78.05,81.85,82.1,82.8,46.3,197396,15999720.55,2913.0,81.05,EQ
19-02-2013,82.0,87.25,82.0,86.7,86.65,87.25,46.3,703885,59872863.8,6928.0,85.06,EQ
20-02-2013,87.0,87.7,84.8,86.5,86.0,87.7,46.3,340698,29323126.8,3561.0,86.07,EQ
21-02-2013,85.15,90.0,84.25,88.2,88.4,90.0,46.3,659445,58188276.0,6950.0,88.24,EQ
22-02-2013,88.4,90.3,87.5,88.1,87.9,90.3,46.3,354379,31374649.8,3948.0,88.53,EQ
25-02-2013,88.0,91.95,87.0,90.3,90.75,91.95,46.3,454781,41054461.45,4756.0,90.27,EQ
26-02-2013,90.1,91.3,88.1,89.75,90.3,91.95,46.3,292433,26249598.6,2897.0,89.76,EQ
27-02-2013,90.0,91.0,83.5,87.3,87.0,91.95,46.3,196149,17044023.3,2536.0,86.89,EQ
28-02-2013,88.1,88.45,85.05,86.95,87.05,91.95,46.3,101733,8868486.85,1226.0,87.17,EQ
01-03-2013,87.9,89.7,85.7,87.9,87.15,91.95,46.3,147191,12934628.45,1867.0,87.88,EQ
04-03-2013,86.25,87.6,86.0,86.9,87.0,91.95,46.3,57500,4990145.2,621.0,86.79,EQ
05-03-2013,86.35,87.5,86.35,87.05,87.0,91.95,46.3,49938,4344351.75,618.0,86.99,EQ
06-03-2013,87.25,90.8,86.3,88.15,87.85,91.95,46.3,177109,15851570.45,2212.0,89.5,EQ
07-03-2013,88.15,93.6,87.3,92.25,93.05,93.6,46.3,195416,17819637.0,2551.0,91.19,EQ
08-03-2013,93.0,94.25,92.05,93.1,93.1,94.25,46.3,149936,13958432.15,1750.0,93.1,EQ
11-03-2013,91.4,97.45,91.4,96.75,97.0,97.45,46.3,288316,27676726.65,2349.0,95.99,EQ
12-03-2013,97.05,102.15,97.05,99.35,99.5,102.15,46.3,349717,34884809.4,3969.0,99.75,EQ
13-03-2013,99.35,101.6,98.5,100.1,100.0,102.15,46.3,198034,19849542.7,2638.0,100.23,EQ
14-03-2013,100.75,101.05,93.4,96.4,96.45,102.15,46.3,304237,29638766.75,2991.0,97.42,EQ
15-03-2013,96.4,99.0,94.8,96.05,96.05,102.15,46.3,334281,32203061.0,1845.0,96.34,EQ
18-03-2013,96.05,99.0,95.0,97.3,96.7,102.15,46.3,172080,16712561.55,2358.0,97.12,EQ
19-03-2013,97.0,97.35,95.0,95.15,95.4,102.15,46.3,59783,5697171.85,757.0,95.3,EQ
20-03-2013,95.05,96.5,94.0,94.25,94.4,102.15,46.3,74201,7046771.15,534.0,94.97,EQ
21-03-2013,94.05,95.8,93.3,94.0,94.0,102.15,46.3,80578,7600024.25,1033.0,94.32,EQ
22-03-2013,94.0,94.8,90.7,93.05,93.0,102.15,46.3,91109,8498623.65,782.0,93.28,EQ
25-03-2013,94.0,95.4,93.5,94.15,94.5,102.15,47.25,43416,4086228.15,529.0,94.12,EQ
26-03-2013,93.6,95.3,93.55,94.85,94.2,102.15,47.25,37275,3520715.15,531.0,94.45,EQ
28-03-2013,94.0,98.0,94.0,95.9,95.15,102.15,47.25,69879,6728625.3,1079.0,96.29,EQ
01-04-2013,95.95,98.8,95.05,98.15,97.7,102.15,48.0,61965,6023599.1,1069.0,97.21,EQ
02-04-2013,98.3,103.9,97.6,103.5,103.8,103.9,48.0,299070,30315878.5,2800.0,101.37,EQ
03-04-2013,105.0,106.5,102.1,102.6,102.1,106.5,48.0,199158,20803279.65,2689.0,104.46,EQ
04-04-2013,102.6,104.85,99.0,99.85,100.5,106.5,48.0,59728,6026613.0,1152.0,100.9,EQ
05-04-2013,99.0,102.4,96.25,97.05,97.15,106.5,48.0,50706,5031284.4,1103.0,99.22,EQ
08-04-2013,96.0,97.95,94.1,94.35,94.1,106.5,48.0,21188,2025493.15,407.0,95.6,EQ
09-04-2013,93.45,95.75,93.45,95.15,95.5,106.5,48.0,102689,9760384.1,584.0,95.05,EQ
10-04-2013,96.95,98.0,95.0,96.9,97.4,106.5,48.0,34818,3341377.85,489.0,95.97,EQ
11-04-2013,96.0,100.9,96.0,99.2,99.1,106.5,48.0,62799,6233221.85,1166.0,99.26,EQ
12-04-2013,98.0,98.35,96.5,96.95,96.6,106.5,48.0,22071,2146699.65,404.0,97.26,EQ
15-04-2013,96.0,97.7,96.0,96.4,96.4,106.5,48.1,16251,1571961.0,293.0,96.73,EQ
16-04-2013,96.0,98.45,96.0,97.25,97.5,106.5,48.1,30380,2958618.7,378.0,97.39,EQ
17-04-2013,97.9,99.05,96.7,97.1,97.2,106.5,48.1,39999,3909431.85,358.0,97.74,EQ
18-04-2013,96.75,102.35,96.7,99.9,100.0,106.5,48.1,142690,14252530.0,2308.0,99.88,EQ
22-04-2013,100.0,105.8,98.1,105.0,105.75,106.5,50.05,149326,15408309.3,2163.0,103.19,EQ
23-04-2013,107.5,108.75,102.8,104.05,103.5,108.75,50.05,493777,52738157.05,6633.0,106.81,EQ
25-04-2013,104.5,106.45,103.0,105.55,105.7,108.75,50.05,89676,9411450.5,1340.0,104.95,EQ
26-04-2013,106.0,107.4,104.05,106.1,107.4,108.75,50.05,111545,11762873.75,1087.0,105.45,EQ
29-04-2013,105.75,109.0,105.75,107.05,107.45,109.0,50.05,85317,9183437.55,1230.0,107.64,EQ
30-04-2013,106.75,108.0,103.55,104.95,105.0,109.0,50.05,70387,7408689.1,1042.0,105.26,EQ
02-05-2013,104.0,106.0,100.5,102.1,102.5,109.0,50.05,93197,9605874.85,1262.0,103.07,EQ
03-05-2013,101.0,103.0,98.5,99.3,98.95,109.0,50.05,69878,7026947.2,1219.0,100.56,EQ
06-05-2013,102.5,119.15,102.5,119.15,119.15,119.15,50.05,1008581,115531571.35,10017.0,114.55,EQ
07-05-2013,127.5,130.9,119.75,121.55,122.55,130.9,50.05,2084006,260034675.15,28507.0,124.78,EQ
08-05-2013,121.55,123.15,114.5,117.6,117.85,130.9,50.05,661544,78027409.8,8746.0,117.95,EQ
09-05-2013,117.0,123.95,117.0,123.05,123.05,130.9,50.05,545741,66270174.55,6502.0,121.43,EQ
10-05-2013,123.05,126.5,121.55,123.1,123.0,130.9,50.05,271909,33701639.95,3577.0,123.94,EQ
11-05-2013,121.75,123.45,121.75,122.1,122.05,130.9,50.05,25900,3163977.4,278.0,122.16,EQ
13-05-2013,120.25,122.9,118.1,118.85,118.85,130.9,50.05,94550,11357072.75,1290.0,120.12,EQ
14-05-2013,118.0,123.7,117.1,120.25,120.0,130.9,50.05,147096,17770887.25,2448.0,120.81,EQ
15-05-2013,119.05,126.1,119.05,123.3,122.65,130.9,50.05,360760,44645909.3,3801.0,123.76,EQ
16-05-2013,123.5,124.6,122.0,123.25,123.0,130.9,50.05,77761,9605381.25,1214.0,123.52,EQ
17-05-2013,122.5,123.25,120.7,121.0,121.0,130.9,50.05,62409,7579794.5,887.0,121.45,EQ
20-05-2013,121.0,123.0,120.6,122.15,121.55,130.9,50.05,60915,7402486.1,1028.0,121.52,EQ
21-05-2013,122.2,130.4,121.0,125.15,124.65,130.9,50.05,496537,63071830.3,6369.0,127.02,EQ
22-05-2013,124.4,128.1,124.4,125.65,125.25,130.9,50.05,166513,20987834.3,2932.0,126.04,EQ
23-05-2013,124.35,126.0,123.5,125.5,125.5,130.9,50.05,123172,15361348.9,2864.0,124.71,EQ
24-05-2013,125.5,132.85,125.0,130.35,131.0,132.85,50.05,454047,59053929.8,6876.0,130.06,EQ
27-05-2013,131.0,136.0,130.45,135.25,135.8,136.0,54.1,428645,57614230.4,6412.0,134.41,EQ
28-05-2013,136.05,139.1,132.85,134.8,135.0,139.1,54.1,298096,40654719.0,4483.0,136.38,EQ
29-05-2013,135.0,135.0,130.85,133.7,133.3,139.1,54.1,108868,14472552.2,2105.0,132.94,EQ
30-05-2013,134.95,134.95,130.5,132.8,132.5,139.1,54.1,99173,13104002.3,1502.0,132.13,EQ
31-05-2013,130.5,133.5,130.5,132.65,133.0,139.1,54.1,69622,9200050.55,700.0,132.14,EQ
03-06-2013,130.4,138.05,130.35,136.3,135.2,139.1,54.1,132997,17999011.35,1765.0,135.33,EQ
04-06-2013,136.35,140.95,135.9,138.25,138.25,140.95,54.1,261902,36360730.7,3795.0,138.83,EQ
05-06-2013,137.05,140.75,137.05,137.95,137.1,140.95,54.1,185393,25845926.85,2471.0,139.41,EQ
06-06-2013,137.0,140.9,135.3,138.6,138.0,140.95,54.1,161392,22483844.6,2989.0,139.31,EQ
07-06-2013,137.7,142.6,135.9,136.25,136.6,142.6,54.1,208032,29057668.7,3353.0,139.68,EQ
10-06-2013,137.9,138.5,134.0,134.9,134.25,142.6,54.1,58427,7930564.35,997.0,135.73,EQ
11-06-2013,132.5,133.85,126.1,129.2,129.05,142.6,54.1,111620,14430927.85,1874.0,129.29,EQ
12-06-2013,126.55,129.4,124.75,127.75,127.75,142.6,54.1,81003,10293511.6,1392.0,127.08,EQ
13-06-2013,125.6,130.0,125.0,128.65,128.05,142.6,54.1,47988,6150699.9,1140.0,128.17,EQ
14-06-2013,127.0,130.45,127.0,128.9,128.9,142.6,54.1,52422,6766124.15,2974.0,129.07,EQ
17-06-2013,128.0,133.45,128.0,132.25,132.1,142.6,54.1,72024,9464563.1,1313.0,131.41,EQ
18-06-2013,131.0,134.9,130.6,133.75,134.9,142.6,54.1,51031,6784176.2,1027.0,132.94,EQ
19-06-2013,133.0,135.95,131.75,134.45,134.0,142.6,54.1,46382,6228452.3,1067.0,134.29,EQ
20-06-2013,133.65,134.0,128.5,131.85,132.5,142.6,54.1,54883,7189685.65,1484.0,131.0,EQ
21-06-2013,130.0,132.5,129.95,131.05,131.15,142.6,54.1,37269,4885031.1,505.0,131.07,EQ
24-06-2013,131.0,131.0,124.45,125.5,125.0,142.6,54.1,47527,6066914.3,982.0,127.65,EQ
25-06-2013,125.0,126.95,120.2,121.05,120.5,142.6,54.1,41289,5096422.45,767.0,123.43,EQ
26-06-2013,118.85,123.3,110.85,121.65,122.0,142.6,54.1,57718,6993043.15,1054.0,121.16,EQ
27-06-2013,121.65,125.1,121.65,124.4,125.1,142.6,54.1,31923,3953301.55,575.0,123.84,EQ
28-06-2013,125.3,125.95,122.1,124.05,125.0,142.6,54.1,98176,12140451.65,1005.0,123.66,EQ
01-07-2013,123.7,129.3,123.1,128.55,128.8,142.6,54.1,44164,5623297.3,776.0,127.33,EQ
02-07-2013,127.8,132.9,126.1,131.2,130.65,142.6,54.1,68974,9072548.35,1427.0,131.54,EQ
03-07-2013,130.5,130.5,127.15,129.15,130.0,142.6,54.1,33349,4281919.8,1601.0,128.4,EQ
04-07-2013,134.0,134.0,127.55,131.05,130.2,142.6,54.1,15522,2021338.85,366.0,130.22,EQ
05-07-2013,131.0,132.8,127.25,127.85,127.4,142.6,54.1,33369,4333211.3,520.0,129.86,EQ
08-07-2013,128.0,131.5,127.05,129.05,129.0,142.6,54.1,28529,3682083.3,561.0,129.06,EQ
09-07-2013,129.95,132.4,128.1,129.3,128.8,142.6,54.1,48959,6409151.05,871.0,130.91,EQ
10-07-2013,130.0,131.25,127.35,127.95,128.05,142.6,54.1,24747,3192995.25,900.0,129.03,EQ
11-07-2013,130.45,131.8,127.0,127.45,127.3,142.6,54.1,21675,2786645.0,882.0,128.56,EQ
12-07-2013,128.95,128.95,123.45,125.15,125.8,142.6,54.1,28011,3507794.4,626.0,125.23,EQ
15-07-2013,121.45,128.5,121.45,127.8,127.0,142.6,54.1,27307,3454623.9,557.0,126.51,EQ
16-07-2013,126.8,127.5,124.45,127.0,127.15,142.6,54.1,20066,2535296.55,480.0,126.35,EQ
17-07-2013,127.5,129.5,126.1,126.55,126.25,142.6,54.1,46557,5930953.7,609.0,127.39,EQ
18-07-2013,126.5,137.4,126.5,132.9,134.0,142.6,54.1,119039,15695310.75,2559.0,131.85,EQ
19-07-2013,136.7,136.7,130.85,131.9,132.6,142.6,54.1,63559,8434242.9,1155.0,132.7,EQ
22-07-2013,128.8,133.95,128.8,131.0,131.0,142.6,54.1,31705,4162481.35,545.0,131.29,EQ
23-07-2013,133.0,133.1,130.5,132.3,133.1,142.6,54.1,26848,3530519.9,481.0,131.5,EQ
24-07-2013,133.0,133.0,129.55,130.1,130.0,142.6,54.1,53169,6936517.85,716.0,130.46,EQ
25-07-2013,129.9,131.0,122.65,130.2,130.0,142.6,54.1,47111,6113119.95,803.0,129.76,EQ
26-07-2013,131.0,131.95,129.15,130.2,130.1,142.6,54.1,48664,6336039.3,454.0,130.2,EQ
29-07-2013,130.4,131.9,129.15,130.15,130.5,142.6,54.1,26595,3459457.9,283.0,130.08,EQ
30-07-2013,130.0,130.6,126.95,128.15,129.6,142.6,54.1,188466,24492309.65,474.0,129.96,EQ
31-07-2013,125.4,126.95,121.0,123.6,124.0,142.6,54.1,23972,2954879.55,692.0,123.26,EQ
01-08-2013,122.5,127.9,116.0,119.1,119.0,142.6,54.1,36415,4378190.35,921.0,120.23,EQ
02-08-2013,119.1,120.75,114.7,115.75,116.7,142.6,54.1,36085,4273018.5,639.0,118.42,EQ
05-08-2013,130.0,130.0,105.15,115.2,115.8,142.6,55.55,64045,7210883.05,1322.0,112.59,EQ
06-08-2013,115.0,116.25,109.0,109.9,110.5,142.6,55.55,31262,3485058.0,706.0,111.48,EQ
07-08-2013,110.5,116.7,109.95,115.55,116.7,142.6,55.55,39426,4483689.95,813.0,113.72,EQ
08-08-2013,116.45,119.0,115.55,118.05,118.2,142.6,55.55,50978,5994223.15,1209.0,117.58,EQ
12-08-2013,118.0,118.0,112.0,115.05,115.1,142.6,55.55,43311,4974776.55,943.0,114.86,EQ
13-08-2013,112.5,118.85,112.5,116.6,116.7,142.6,55.55,26019,3051394.25,709.0,117.28,EQ
14-08-2013,117.0,118.45,115.6,117.05,116.5,142.6,55.55,18565,2172932.4,366.0,117.04,EQ
16-08-2013,114.3,118.2,112.05,113.5,113.75,142.6,55.55,20222,2320485.95,600.0,114.75,EQ
19-08-2013,113.0,116.45,110.95,115.4,116.0,142.6,55.55,36798,4164135.8,744.0,113.16,EQ
20-08-2013,112.95,116.0,112.0,115.3,115.0,142.6,55.55,23464,2685093.75,373.0,114.43,EQ
21-08-2013,115.8,119.85,112.2,113.6,113.05,142.6,55.55,14824,1699666.75,599.0,114.66,EQ
22-08-2013,110.55,114.9,110.55,114.4,114.0,142.6,55.55,9891,1126631.0,259.0,113.9,EQ
23-08-2013,114.3,117.95,113.0,116.2,116.7,142.6,55.55,14143,1644749.35,403.0,116.29,EQ
26-08-2013,117.7,118.65,116.15,117.25,117.1,142.6,57.1,14982,1759012.2,388.0,117.41,EQ
27-08-2013,117.0,117.95,115.0,115.65,115.75,142.6,57.1,18090,2098018.6,449.0,115.98,EQ
28-08-2013,113.0,114.0,111.0,113.2,113.05,142.6,57.1,32234,3631074.2,665.0,112.65,EQ
29-08-2013,109.95,109.95,106.0,107.15,106.1,142.6,57.1,34199,3695444.8,1107.0,108.06,EQ
30-08-2013,107.2,107.5,102.25,103.8,104.3,142.6,57.1,26166,2738013.5,736.0,104.64,EQ
02-09-2013,103.0,104.9,102.15,104.0,104.0,142.6,57.1,15842,1647634.3,383.0,104.0,EQ
03-09-2013,104.3,106.5,100.65,101.4,100.65,142.6,57.1,22651,2336824.25,520.0,103.17,EQ
04-09-2013,100.05,102.9,99.3,100.45,100.0,142.6,57.1,21294,2144017.8,502.0,100.69,EQ
05-09-2013,101.0,105.8,101.0,104.9,105.0,142.6,57.1,35845,3709153.15,688.0,103.48,EQ
06-09-2013,103.0,111.5,103.0,109.25,109.7,142.6,57.1,115727,12632335.5,1952.0,109.16,EQ
10-09-2013,110.0,112.5,108.05,109.85,110.0,142.6,58.6,21150,2336424.45,610.0,110.47,EQ
11-09-2013,108.0,113.5,108.0,112.2,112.75,142.6,58.6,26650,2965858.1,591.0,111.29,EQ
12-09-2013,116.0,116.0,110.0,110.95,110.0,142.6,58.6,50357,5678935.15,994.0,112.77,EQ
13-09-2013,109.0,126.0,109.0,123.25,122.5,142.6,58.6,304101,36389398.05,5139.0,119.66,EQ
16-09-2013,124.0,124.8,118.5,119.2,119.05,142.6,58.6,97021,11835589.35,1943.0,121.99,EQ
17-09-2013,122.0,124.85,120.2,121.05,122.2,142.6,58.6,102432,12575295.65,1657.0,122.77,EQ
18-09-2013,120.1,122.25,118.1,119.15,118.9,142.6,58.6,21065,2527645.8,527.0,119.99,EQ
19-09-2013,120.0,122.5,119.25,119.75,119.5,142.6,58.6,39554,4766632.0,721.0,120.51,EQ
20-09-2013,119.5,121.4,117.05,117.45,117.5,142.6,58.6,28528,3375564.95,720.0,118.32,EQ
23-09-2013,116.0,117.95,114.5,114.95,115.0,142.6,59.0,10736,1243095.3,418.0,115.79,EQ
24-09-2013,112.75,117.7,111.3,114.3,114.3,142.6,59.0,46667,5360162.6,772.0,114.86,EQ
25-09-2013,114.95,116.9,112.15,113.2,113.0,142.6,59.0,36748,4198959.15,759.0,114.26,EQ
26-09-2013,111.0,114.4,111.0,113.45,113.1,142.6,59.0,25302,2867074.8,602.0,113.31,EQ
27-09-2013,113.75,115.9,112.0,112.3,112.0,142.6,59.0,18064,2063063.15,375.0,114.21,EQ
30-09-2013,111.0,112.6,110.15,110.7,110.6,142.6,59.0,12835,1427064.65,349.0,111.19,EQ
01-10-2013,108.15,112.5,108.15,111.3,111.15,142.6,59.0,8704,968965.85,249.0,111.32,EQ
03-10-2013,111.5,115.85,111.5,114.05,113.75,142.6,59.0,60549,6911590.8,1031.0,114.15,EQ
04-10-2013,114.0,118.0,113.6,116.15,115.85,142.6,59.0,43267,5010739.95,936.0,115.81,EQ
07-10-2013,115.0,117.0,114.4,115.25,114.9,142.6,59.0,9873,1140818.55,326.0,115.55,EQ
08-10-2013,115.0,120.0,115.0,116.6,116.5,142.6,59.0,28833,3364819.5,489.0,116.7,EQ
09-10-2013,116.6,118.0,115.0,116.55,116.5,142.6,59.0,15322,1788263.45,387.0,116.71,EQ
10-10-2013,115.25,117.9,115.25,115.85,115.75,142.6,59.0,29627,3465232.8,445.0,116.96,EQ
11-10-2013,114.0,117.5,114.0,114.45,115.0,142.6,59.0,14835,1710859.45,349.0,115.33,EQ
14-10-2013,114.0,116.1,113.7,114.15,114.0,142.6,59.0,19285,2217809.5,424.0,115.0,EQ
15-10-2013,113.8,115.9,113.8,114.65,115.0,142.6,59.0,14181,1628323.8,412.0,114.82,EQ
17-10-2013,115.05,116.75,112.05,112.55,112.9,142.6,59.0,16444,1865434.0,370.0,113.44,EQ
18-10-2013,112.05,116.5,112.05,115.95,116.45,142.6,59.0,32235,3715376.25,494.0,115.26,EQ
21-10-2013,116.0,118.8,115.25,118.2,118.0,142.6,59.0,40997,4818380.8,710.0,117.53,EQ
22-10-2013,118.0,127.95,118.0,126.45,127.0,142.6,59.0,119523,14759265.15,2182.0,123.48,EQ
23-10-2013,127.15,129.05,122.4,125.15,125.0,142.6,59.0,82219,10396288.05,1659.0,126.45,EQ
24-10-2013,124.0,127.85,121.0,122.55,122.35,142.6,59.0,38532,4798566.75,1306.0,124.53,EQ
25-10-2013,121.1,126.0,120.5,125.2,125.3,142.6,59.0,39236,4871730.1,698.0,124.16,EQ
28-10-2013,125.3,127.8,124.8,126.2,125.0,142.6,59.0,37927,4770839.1,605.0,125.79,EQ
29-10-2013,124.5,126.9,124.5,126.3,125.5,142.6,59.0,32491,4075780.6,473.0,125.44,EQ
30-10-2013,125.05,127.8,120.1,121.7,122.0,142.6,59.0,89184,11009984.9,1679.0,123.45,EQ
31-10-2013,120.0,129.9,118.0,129.05,129.05,142.6,59.0,106725,13569978.65,2068.0,127.15,EQ
01-11-2013,125.4,129.5,124.6,127.35,128.5,142.6,59.0,47876,6124866.05,978.0,127.93,EQ
03-11-2013,126.6,135.05,126.6,132.85,133.5,142.6,59.0,82610,10818031.9,1063.0,130.95,EQ
05-11-2013,129.4,138.45,128.05,136.55,137.5,142.6,59.0,70507,9431046.5,1253.0,133.76,EQ
06-11-2013,136.15,148.25,136.15,145.55,145.3,148.25,59.0,318081,45590965.45,4962.0,143.33,EQ
07-11-2013,146.6,150.4,140.0,140.6,141.0,150.4,59.0,234154,34416934.05,3786.0,146.98,EQ
08-11-2013,141.0,142.9,137.0,137.5,137.3,150.4,59.0,99504,13813677.9,785.0,138.83,EQ
11-11-2013,135.4,141.8,133.25,135.0,135.0,150.4,59.0,68182,9316629.75,1161.0,136.64,EQ
12-11-2013,133.8,138.5,133.8,137.25,137.15,150.4,59.0,100757,13862525.3,709.0,137.58,EQ
13-11-2013,132.7,137.0,132.7,135.6,136.35,150.4,59.0,39094,5293832.85,536.0,135.41,EQ
14-11-2013,134.45,142.0,134.45,141.1,140.5,150.4,59.0,94336,13219565.1,1705.0,140.13,EQ
18-11-2013,142.0,147.4,142.0,146.3,146.25,150.4,59.0,149827,21814500.4,2194.0,145.6,EQ
19-11-2013,145.0,148.25,145.0,147.25,147.7,150.4,59.0,49393,7262614.1,725.0,147.04,EQ
20-11-2013,146.8,148.65,146.45,147.1,147.9,150.4,59.0,48884,7188641.05,498.0,147.06,EQ
21-11-2013,144.1,153.5,144.1,147.9,148.5,153.5,59.0,159106,23786688.95,2445.0,149.5,EQ
22-11-2013,149.7,153.25,148.0,149.1,149.0,153.5,59.0,122908,18633443.6,2144.0,151.6,EQ
25-11-2013,149.3,152.75,145.5,145.8,146.6,153.5,59.3,122588,18127204.1,1060.0,147.87,EQ
26-11-2013,144.0,146.5,143.65,145.15,145.5,153.5,59.3,42715,6203979.5,501.0,145.24,EQ
27-11-2013,143.3,153.7,143.3,152.35,153.2,153.7,59.3,80642,12134859.0,2329.0,150.48,EQ
28-11-2013,155.0,163.7,154.1,159.2,159.2,163.7,59.3,271757,43463871.2,5745.0,159.94,EQ
29-11-2013,157.0,164.8,157.0,162.7,164.15,164.8,59.3,104206,16822656.25,1951.0,161.44,EQ
02-12-2013,163.0,165.0,159.05,160.2,159.7,165.0,60.05,43187,6954457.95,944.0,161.03,EQ
03-12-2013,159.15,160.85,156.65,158.0,159.4,165.0,60.05,31395,4982716.65,604.0,158.71,EQ
04-12-2013,156.0,159.85,155.6,158.15,158.7,165.0,60.05,20574,3242596.95,558.0,157.61,EQ
05-12-2013,156.0,160.5,155.0,155.9,156.25,165.0,60.05,17732,2784752.65,381.0,157.05,EQ
06-12-2013,157.75,159.9,155.15,155.75,155.25,165.0,60.05,26027,4092612.25,642.0,157.24,EQ
09-12-2013,156.0,159.95,153.0,154.45,154.4,165.0,60.05,41276,6410542.15,1114.0,155.31,EQ
10-12-2013,152.0,154.35,150.3,154.05,154.0,165.0,60.05,33678,5152422.95,923.0,152.99,EQ
11-12-2013,151.6,164.8,151.6,163.4,163.9,165.0,60.05,223317,35898998.05,4050.0,160.75,EQ
12-12-2013,163.45,171.0,162.0,164.25,164.0,171.0,60.05,336144,56125946.2,6646.0,166.97,EQ
13-12-2013,163.5,163.9,160.0,160.15,160.05,171.0,60.05,62304,10061622.8,2077.0,161.49,EQ
16-12-2013,159.0,161.4,159.0,160.1,160.1,171.0,60.05,35454,5684806.2,631.0,160.34,EQ
17-12-2013,158.0,161.95,158.0,161.3,161.2,171.0,60.05,38639,6203359.5,684.0,160.55,EQ
18-12-2013,161.0,167.2,159.6,162.2,161.8,171.0,60.05,142867,23454795.8,3527.0,164.17,EQ
19-12-2013,162.8,164.5,160.0,160.7,160.25,171.0,60.05,50366,8142773.3,1626.0,161.67,EQ
20-12-2013,160.55,168.0,160.0,163.2,162.5,171.0,60.05,68708,11303163.3,1642.0,164.51,EQ
23-12-2013,162.0,166.95,160.05,165.4,165.2,171.0,60.05,74675,12264833.5,1101.0,164.24,EQ
24-12-2013,166.0,166.65,160.3,162.4,163.1,171.0,60.05,101036,16499973.4,1238.0,163.31,EQ
26-12-2013,162.55,166.4,162.5,163.4,163.25,171.0,60.05,41693,6826753.1,955.0,163.74,EQ
27-12-2013,162.05,169.25,162.05,166.4,166.5,171.0,60.05,159924,26661328.65,3018.0,166.71,EQ
30-12-2013,166.7,169.0,163.0,164.75,164.3,171.0,60.05,87599,14539212.05,2330.0,165.97,EQ
31-12-2013,164.0,168.5,164.0,167.5,167.6,171.0,60.05,56154,9369322.1,1014.0,166.85,EQ
01-01-2014,168.0,176.7,166.7,173.35,173.1,176.7,60.05,347339,60365754.35,6152.0,173.79,EQ
02-01-2014,173.7,179.5,168.0,169.4,168.95,179.5,60.05,153418,26924739.65,3401.0,175.5,EQ
03-01-2014,168.0,174.9,165.0,169.9,169.0,179.5,60.05,84274,14238957.5,2437.0,168.96,EQ
06-01-2014,167.6,173.5,165.35,166.05,166.55,179.5,60.05,34100,5741031.2,1293.0,168.36,EQ
07-01-2014,166.1,169.0,164.5,165.15,165.5,179.5,60.05,30596,5103460.05,1097.0,166.8,EQ
08-01-2014,165.3,166.4,163.0,163.8,163.65,179.5,60.05,19444,3201605.7,835.0,164.66,EQ
09-01-2014,164.0,165.9,158.85,160.45,158.85,179.5,60.05,40618,6595947.7,1285.0,162.39,EQ
10-01-2014,160.1,161.4,148.95,152.9,155.0,179.5,60.05,126746,19542983.1,2447.0,154.19,EQ
13-01-2014,151.0,154.9,150.05,150.45,150.9,179.5,60.05,28704,4367752.75,975.0,152.17,EQ
14-01-2014,149.0,155.0,149.0,151.15,149.3,179.5,60.05,28162,4259574.95,1201.0,151.25,EQ
15-01-2014,151.0,158.0,151.0,155.45,154.15,179.5,60.05,99412,15456427.8,1818.0,155.48,EQ
16-01-2014,155.9,156.45,150.05,152.5,152.15,179.5,60.05,42448,6468604.85,1887.0,152.39,EQ
17-01-2014,152.0,154.6,147.55,150.5,151.1,179.5,60.05,44814,6731583.0,1186.0,150.21,EQ
20-01-2014,149.1,155.4,147.65,154.1,155.0,179.5,61.75,25395,3872507.0,624.0,152.49,EQ
21-01-2014,154.0,159.75,152.8,156.45,155.6,179.5,61.75,29894,4667199.3,698.0,156.12,EQ
22-01-2014,156.0,156.0,151.5,152.45,151.8,179.5,61.75,33091,5072034.75,620.0,153.28,EQ
23-01-2014,153.2,156.9,151.2,151.7,151.5,179.5,61.75,60299,9275181.05,1214.0,153.82,EQ
24-01-2014,151.5,154.45,149.25,151.0,150.5,179.5,61.75,30535,4629213.85,869.0,151.6,EQ
27-01-2014,153.9,161.9,153.5,157.2,157.0,179.5,73.1,438357,69329312.55,7292.0,158.16,EQ
28-01-2014,158.2,163.25,155.3,156.8,155.3,179.5,73.1,282484,44797835.15,2912.0,158.59,EQ
29-01-2014,156.1,160.95,154.1,155.15,155.0,179.5,73.1,77200,12206478.9,2060.0,158.12,EQ
30-01-2014,153.0,154.55,150.5,152.8,152.25,179.5,73.1,45152,6873040.2,952.0,152.22,EQ
31-01-2014,152.0,156.4,152.0,155.05,154.1,179.5,73.1,39116,6045166.7,776.0,154.54,EQ
03-02-2014,155.7,156.25,150.0,150.9,150.5,179.5,75.25,101307,15559523.7,1676.0,153.59,EQ
04-02-2014,149.0,154.35,148.0,152.5,152.0,179.5,75.25,86317,13143859.6,1025.0,152.27,EQ
05-02-2014,152.0,158.3,152.0,156.9,156.05,179.5,75.25,51766,8074792.55,1060.0,155.99,EQ
06-02-2014,157.0,158.5,155.5,156.15,156.0,179.5,75.25,33311,5220179.05,1140.0,156.71,EQ
07-02-2014,156.0,159.95,155.0,155.5,155.4,179.5,75.25,275758,43194301.5,772.0,156.64,EQ
10-02-2014,154.1,156.85,153.0,155.05,155.0,179.5,77.05,24072,3735140.05,628.0,155.17,EQ
11-02-2014,155.0,159.1,154.2,157.0,156.8,179.5,77.05,34915,5494894.95,939.0,157.38,EQ
12-02-2014,157.1,168.5,157.05,167.35,168.5,179.5,77.05,346144,57257824.5,6904.0,165.42,EQ
13-02-2014,168.55,174.3,165.1,173.25,174.0,179.5,77.05,461881,78798908.6,10335.0,170.6,EQ
14-02-2014,174.1,177.5,169.15,175.0,176.0,179.5,77.05,219547,38285829.6,6962.0,174.39,EQ
17-02-2014,175.0,186.0,171.9,185.0,185.95,186.0,78.05,497904,90603270.75,15315.0,181.97,EQ
18-02-2014,185.0,188.8,182.25,187.85,187.5,188.8,78.05,305156,56827403.85,5813.0,186.22,EQ
19-02-2014,185.25,186.7,178.15,179.9,179.7,188.8,78.05,85356,15518859.5,3077.0,181.81,EQ
20-02-2014,179.0,183.0,174.7,181.3,182.2,188.8,78.05,91502,16540749.25,2410.0,180.77,EQ
21-02-2014,182.6,184.95,181.1,183.9,181.8,188.8,78.05,165681,30432406.15,2023.0,183.68,EQ
24-02-2014,183.2,187.5,180.5,185.7,185.3,188.8,83.5,139809,25800461.5,2400.0,184.54,EQ
25-02-2014,185.55,191.5,185.5,190.1,191.5,191.5,83.5,242488,45912670.0,6125.0,189.34,EQ
26-02-2014,191.15,196.0,191.15,194.6,195.5,196.0,83.5,233975,45404098.25,3874.0,194.06,EQ
28-02-2014,195.5,196.45,185.0,187.1,186.0,196.45,83.5,69149,13150714.5,2809.0,190.18,EQ
03-03-2014,185.05,189.6,176.4,182.6,182.0,196.45,86.0,112912,20816938.6,2564.0,184.36,EQ
04-03-2014,182.6,190.0,182.6,185.55,187.2,196.45,86.0,43140,7985398.6,1513.0,185.1,EQ
05-03-2014,186.8,187.6,183.3,185.2,185.0,196.45,86.0,49528,9176832.2,1399.0,185.29,EQ
06-03-2014,184.0,199.35,184.0,193.0,194.0,199.35,86.0,300866,58229031.2,5793.0,193.54,EQ
07-03-2014,192.5,195.4,188.55,191.6,190.6,199.35,86.0,128913,24755678.5,4934.0,192.03,EQ
10-03-2014,188.1,194.25,186.2,187.6,188.0,199.35,90.7,90309,16993137.6,3844.0,188.17,EQ
11-03-2014,187.0,195.0,185.95,193.65,193.05,199.35,90.7,470670,88426822.45,3345.0,187.87,EQ
12-03-2014,193.0,199.0,192.05,195.4,195.5,199.35,90.7,204709,40143283.0,5120.0,196.1,EQ
13-03-2014,196.1,199.5,195.0,196.35,196.0,199.5,90.7,151636,29982968.95,5765.0,197.73,EQ
14-03-2014,192.65,195.9,190.5,192.5,193.45,199.5,90.7,76756,14776194.7,1392.0,192.51,EQ
18-03-2014,193.75,194.65,192.0,194.1,194.05,199.5,90.7,48965,9474615.3,1470.0,193.5,EQ
19-03-2014,195.0,195.9,191.0,194.85,195.85,199.5,90.7,60105,11622154.8,1551.0,193.36,EQ
20-03-2014,192.15,199.45,192.15,195.05,195.3,199.5,90.7,101906,19946439.95,3732.0,195.73,EQ
21-03-2014,194.0,197.0,192.2,195.15,196.0,199.5,90.7,52447,10213774.5,1381.0,194.74,EQ
22-03-2014,195.05,197.7,195.0,195.25,195.0,199.5,90.7,5187,1015069.6,144.0,195.69,EQ
24-03-2014,194.0,197.0,188.75,190.65,191.65,199.5,93.45,94412,18284424.3,2742.0,193.67,EQ
25-03-2014,190.8,193.05,188.1,189.85,189.0,199.5,93.45,139132,26525970.55,3154.0,190.65,EQ
26-03-2014,189.2,196.0,189.0,194.2,194.0,199.5,93.45,109730,21159896.8,2743.0,192.84,EQ
27-03-2014,193.0,200.0,190.5,192.3,190.95,200.0,93.45,40728,7963794.95,1345.0,195.54,EQ
28-03-2014,192.0,193.95,188.5,189.9,190.9,200.0,93.45,45972,8754537.1,1207.0,190.43,EQ
31-03-2014,187.15,192.8,183.2,191.0,192.15,200.0,93.45,108466,20583295.15,2364.0,189.77,EQ
01-04-2014,191.05,196.7,186.5,194.9,193.5,200.0,93.45,94754,18377919.2,2130.0,193.95,EQ
02-04-2014,188.75,196.45,188.75,192.95,192.6,200.0,93.45,56602,10911958.45,2947.0,192.78,EQ
03-04-2014,192.75,194.0,187.15,190.25,190.1,200.0,93.45,49645,9428228.35,1395.0,189.91,EQ
04-04-2014,188.6,203.8,188.6,199.75,203.0,203.8,93.45,177839,35279044.4,2846.0,198.38,EQ
07-04-2014,203.15,206.4,200.5,202.65,202.5,206.4,93.45,255377,51684753.7,3548.0,202.39,EQ
09-04-2014,202.65,208.8,202.65,207.25,207.7,208.8,93.45,209672,43174471.35,2886.0,205.91,EQ
10-04-2014,208.0,208.0,200.35,201.9,201.0,208.8,93.45,90682,18413022.2,2411.0,203.05,EQ
11-04-2014,197.05,214.9,197.05,213.8,214.5,214.9,93.45,426226,89797926.5,9194.0,210.68,EQ
15-04-2014,219.8,219.8,207.65,210.3,210.5,219.8,96.0,97595,20594519.6,3007.0,211.02,EQ
16-04-2014,211.0,214.65,208.0,213.45,212.55,219.8,96.0,128816,27283922.55,5587.0,211.81,EQ
17-04-2014,214.0,217.3,209.8,211.2,210.55,219.8,96.0,117856,25178129.9,3381.0,213.63,EQ
21-04-2014,213.4,218.85,208.45,217.8,217.0,219.8,98.1,132882,28712195.1,3262.0,216.07,EQ
22-04-2014,218.0,221.8,215.65,220.45,220.0,221.8,98.1,184521,40551506.0,3565.0,219.77,EQ
23-04-2014,225.0,226.25,219.95,223.15,222.5,226.25,98.1,311816,69931072.7,9020.0,224.27,EQ
25-04-2014,223.1,227.5,220.1,221.55,225.5,227.5,98.1,247471,55117529.35,6353.0,222.72,EQ
28-04-2014,222.3,225.0,220.2,222.1,222.75,227.5,98.5,45597,10120984.8,1342.0,221.97,EQ
29-04-2014,223.5,225.5,219.0,221.85,222.0,227.5,98.5,117241,25956553.75,3171.0,221.39,EQ
30-04-2014,220.0,226.5,220.0,222.7,223.45,227.5,98.5,176146,39309676.6,2566.0,223.17,EQ
02-05-2014,223.8,229.4,223.8,228.2,228.2,229.4,98.5,108740,24715754.7,3134.0,227.29,EQ
05-05-2014,228.1,230.5,223.0,223.6,223.05,230.5,99.3,38426,8671593.7,1895.0,225.67,EQ
06-05-2014,222.05,227.5,221.15,225.05,225.0,230.5,99.3,62521,14057701.8,2453.0,224.85,EQ
07-05-2014,224.0,225.9,219.0,220.95,221.0,230.5,99.3,43486,9667516.9,1832.0,222.31,EQ
08-05-2014,222.4,223.7,212.8,220.6,220.0,230.5,99.3,110275,24100144.75,3086.0,218.55,EQ
09-05-2014,218.1,229.0,218.1,225.8,224.9,230.5,99.3,126094,28428627.8,3088.0,225.46,EQ
12-05-2014,228.55,233.4,226.4,231.4,232.0,233.4,99.3,232725,53772132.75,8809.0,231.05,EQ
13-05-2014,226.5,230.95,205.85,221.65,226.3,233.4,99.3,591382,128711486.9,10049.0,217.65,EQ
14-05-2014,223.5,230.0,223.5,226.85,227.4,233.4,99.3,99091,22372869.25,2406.0,225.78,EQ
15-05-2014,229.9,230.95,224.95,227.25,227.5,233.4,99.3,94341,21413410.8,1936.0,226.98,EQ
16-05-2014,225.55,230.1,221.0,224.65,225.2,233.4,99.3,88400,19828756.05,2178.0,224.31,EQ
19-05-2014,230.0,243.8,226.4,236.0,235.55,243.8,99.3,318761,75712600.5,3947.0,237.52,EQ
20-05-2014,240.5,244.0,235.25,236.75,236.5,244.0,99.3,135923,32576614.55,2891.0,239.67,EQ
21-05-2014,239.5,239.5,233.0,234.2,233.25,244.0,99.3,62069,14588328.45,2050.0,235.03,EQ
22-05-2014,238.8,251.0,235.0,246.25,247.0,251.0,99.3,494979,121828829.6,6924.0,246.13,EQ
23-05-2014,246.0,254.0,243.0,252.8,254.0,254.0,99.3,393819,98519856.35,4701.0,250.17,EQ
26-05-2014,253.0,258.05,245.4,250.35,251.95,258.05,99.3,400403,100611751.5,4157.0,251.28,EQ
27-05-2014,250.25,253.7,249.0,250.0,250.05,258.05,99.3,59146,14799896.3,1238.0,250.23,EQ
28-05-2014,250.0,258.5,247.5,254.95,255.0,258.5,99.3,52124,13292207.3,2694.0,255.01,EQ
29-05-2014,254.75,256.65,248.0,249.7,250.0,258.5,99.3,46771,11703206.1,1439.0,250.22,EQ
30-05-2014,250.5,260.0,249.75,254.05,254.25,260.0,99.3,43730,11101915.05,1446.0,253.87,EQ
02-06-2014,254.0,256.7,251.0,254.4,254.7,260.0,99.3,35240,8931591.25,1084.0,253.45,EQ
03-06-2014,255.75,261.2,254.5,257.55,256.0,261.2,99.3,61412,15845346.8,1786.0,258.02,EQ
04-06-2014,257.0,264.1,255.0,262.1,261.25,264.1,99.3,86313,22615677.4,2219.0,262.02,EQ
05-06-2014,262.0,263.7,258.2,262.75,263.4,264.1,99.3,51237,13398802.45,1777.0,261.51,EQ
06-06-2014,263.4,272.0,261.0,270.15,271.0,272.0,99.3,162713,43819618.1,2976.0,269.31,EQ
09-06-2014,274.85,274.85,264.8,270.7,269.5,274.85,99.3,53092,14338674.2,1725.0,270.07,EQ
10-06-2014,271.0,272.7,260.0,265.35,265.8,274.85,99.3,42394,11252864.1,2339.0,265.44,EQ
11-06-2014,265.35,271.0,265.15,268.3,266.6,274.85,99.3,104830,28102755.5,2737.0,268.08,EQ
12-06-2014,266.9,271.3,259.5,260.05,261.55,274.85,99.3,643634,168341317.3,2696.0,261.55,EQ
13-06-2014,260.1,262.7,256.0,260.7,262.0,274.85,99.3,182189,47295014.25,2911.0,259.59,EQ
16-06-2014,262.3,269.8,244.05,260.1,261.05,274.85,99.3,78959,20559056.6,3111.0,260.38,EQ
17-06-2014,259.0,267.5,256.1,262.5,263.0,274.85,99.3,36961,9724334.65,1422.0,263.1,EQ
18-06-2014,263.0,270.9,263.0,267.95,266.0,274.85,99.3,66960,17871041.25,1788.0,266.89,EQ
19-06-2014,264.0,272.6,264.0,264.95,265.1,274.85,99.3,57971,15575433.15,2035.0,268.68,EQ
20-06-2014,262.5,264.05,255.0,261.4,261.0,274.85,99.3,32187,8402804.05,1643.0,261.06,EQ
23-06-2014,260.3,265.0,259.85,262.25,261.0,274.85,99.3,23803,6225016.2,1750.0,261.52,EQ
24-06-2014,262.3,266.0,260.5,261.4,261.4,274.85,99.3,19581,5145621.75,1630.0,262.79,EQ
25-06-2014,261.3,265.0,260.0,263.4,263.9,274.85,99.3,330513,87506202.15,2018.0,264.76,EQ
26-06-2014,261.15,279.0,261.15,276.5,276.2,279.0,99.3,171888,46598351.8,5344.0,271.1,EQ
27-06-2014,277.0,284.0,272.1,280.85,283.0,284.0,99.3,102260,28584136.05,3135.0,279.52,EQ
30-06-2014,282.4,289.4,278.1,288.25,287.5,289.4,99.3,229111,66095790.65,2544.0,288.49,EQ
01-07-2014,289.8,296.45,288.4,292.5,292.0,296.45,99.3,61546,17990468.75,2533.0,292.31,EQ
02-07-2014,292.0,302.0,290.65,299.65,297.0,302.0,99.3,90210,26797035.95,2912.0,297.05,EQ
03-07-2014,297.1,302.6,286.0,288.4,286.0,302.6,99.3,62955,18451445.75,1661.0,293.09,EQ
04-07-2014,283.2,292.25,283.2,286.25,284.85,302.6,99.3,32702,9431461.9,1880.0,288.41,EQ
07-07-2014,281.45,292.25,277.2,281.65,277.2,302.6,99.3,62158,17732474.05,1968.0,285.28,EQ
08-07-2014,279.55,283.4,275.0,276.3,278.95,302.6,99.3,81919,22702441.15,1617.0,277.13,EQ
09-07-2014,277.0,284.7,272.65,280.4,278.2,302.6,99.3,55934,15613953.35,1592.0,279.15,EQ
10-07-2014,281.05,285.0,268.0,273.25,271.0,302.6,99.3,60308,16613882.1,2113.0,275.48,EQ
11-07-2014,272.9,273.85,262.5,264.3,267.0,302.6,99.3,26445,7090289.8,810.0,268.11,EQ
14-07-2014,260.0,276.0,256.65,274.2,275.1,302.6,99.3,41432,11000410.1,1866.0,265.51,EQ
15-07-2014,275.0,296.0,275.0,292.6,294.35,302.6,99.3,98135,28100315.7,4155.0,286.34,EQ
16-07-2014,293.65,298.05,286.5,292.9,293.0,302.6,99.3,76561,22357657.6,8796.0,292.02,EQ
17-07-2014,293.0,293.0,280.25,284.55,286.9,302.6,99.3,97907,27809657.1,2739.0,284.04,EQ
18-07-2014,280.1,289.75,280.1,283.55,284.0,302.6,99.3,71765,20389949.7,1757.0,284.12,EQ
21-07-2014,281.0,288.2,275.0,276.25,276.0,302.6,99.3,39459,11048784.4,2403.0,280.01,EQ
22-07-2014,278.1,279.3,273.95,278.4,278.0,302.6,99.3,48287,13399894.6,1276.0,277.51,EQ
23-07-2014,277.0,283.45,271.9,275.0,276.5,302.6,99.3,69486,19170785.35,1564.0,275.89,EQ
24-07-2014,276.0,288.0,274.5,286.65,287.0,302.6,99.3,190523,54129595.35,5046.0,284.11,EQ
25-07-2014,287.5,287.5,276.0,280.15,284.7,302.6,99.3,73555,20644326.35,2182.0,280.67,EQ
28-07-2014,286.05,290.0,278.5,279.8,279.0,302.6,99.3,152946,43110566.8,3397.0,281.87,EQ
30-07-2014,284.0,284.05,270.1,275.9,277.0,302.6,99.3,74439,20467898.6,2718.0,274.96,EQ
31-07-2014,274.0,279.9,274.0,279.1,279.05,302.6,99.3,70423,19546005.8,2375.0,277.55,EQ
01-08-2014,276.0,278.8,274.0,275.55,276.0,302.6,99.3,60457,16655078.4,3912.0,275.49,EQ
04-08-2014,273.5,274.5,270.0,272.5,271.0,302.6,99.3,55606,15135991.5,2292.0,272.2,EQ
05-08-2014,270.35,272.9,266.9,272.05,272.5,302.6,99.3,56715,15319713.25,3041.0,270.12,EQ
06-08-2014,270.0,274.4,267.0,267.65,267.5,302.6,99.3,23510,6357429.1,1301.0,270.41,EQ
07-08-2014,265.0,271.2,262.25,263.4,263.9,302.6,99.3,29504,7823772.15,1177.0,265.18,EQ
08-08-2014,263.0,274.0,256.0,269.8,272.0,302.6,99.3,116653,30922086.75,3066.0,265.08,EQ
11-08-2014,268.15,272.3,268.15,271.05,272.0,302.6,99.3,26942,7294878.45,629.0,270.76,EQ
12-08-2014,269.1,275.0,266.55,267.45,268.0,302.6,99.3,40362,10863422.1,1971.0,269.15,EQ
13-08-2014,265.2,271.8,265.2,270.15,267.15,302.6,99.3,45247,12151141.1,1692.0,268.55,EQ
14-08-2014,268.6,292.9,267.25,288.1,287.0,302.6,99.3,230701,66016297.5,5491.0,286.16,EQ
18-08-2014,290.0,301.6,289.0,296.75,296.25,302.6,99.3,159980,47636884.75,4046.0,297.77,EQ
19-08-2014,298.1,298.7,287.2,293.4,293.0,302.6,99.3,63312,18543307.3,2837.0,292.89,EQ
20-08-2014,293.5,294.0,284.25,287.15,287.55,302.6,99.3,26611,7681165.1,1021.0,288.65,EQ
21-08-2014,288.0,292.5,281.05,284.85,285.0,302.6,99.3,36103,10321183.35,1610.0,285.88,EQ
22-08-2014,285.1,308.0,285.1,302.35,302.8,308.0,99.3,330773,99763565.4,7222.0,301.61,EQ
25-08-2014,306.95,310.5,293.25,295.8,295.0,310.5,99.3,159020,48363543.15,3736.0,304.13,EQ
26-08-2014,292.4,302.0,291.0,292.7,291.0,310.5,99.3,64708,19176398.75,2922.0,296.35,EQ
27-08-2014,293.0,297.7,290.45,292.65,291.8,310.5,99.3,39036,11481692.35,1366.0,294.13,EQ
28-08-2014,291.0,298.8,286.1,288.1,287.5,310.5,99.3,44726,13058634.75,1724.0,291.97,EQ
01-09-2014,290.4,294.35,288.0,293.25,293.9,310.5,99.3,47805,13987900.6,1230.0,292.6,EQ
02-09-2014,294.0,305.0,294.0,303.55,303.0,310.5,99.3,188607,57084125.35,4269.0,302.66,EQ
03-09-2014,303.0,305.0,296.1,301.0,300.0,310.5,99.3,111513,33462205.5,3044.0,300.07,EQ
04-09-2014,301.0,302.35,295.1,298.65,297.3,310.5,99.3,63017,18742754.05,2119.0,297.42,EQ
05-09-2014,297.5,304.9,297.5,303.55,304.5,310.5,99.3,78121,23667511.4,2240.0,302.96,EQ
08-09-2014,299.5,313.9,297.0,308.35,308.4,313.9,108.0,267962,82632402.3,5912.0,308.37,EQ
09-09-2014,310.2,312.5,303.6,310.55,310.0,313.9,108.0,103769,32008665.35,2927.0,308.46,EQ
10-09-2014,309.0,321.5,305.7,316.45,316.05,321.5,108.0,409287,129874568.35,7414.0,317.32,EQ
11-09-2014,317.95,320.5,311.1,316.4,315.1,321.5,108.0,122849,39062227.65,2691.0,317.97,EQ
12-09-2014,315.5,324.4,315.5,321.5,321.0,324.4,108.0,167940,53984299.6,2945.0,321.45,EQ
15-09-2014,320.05,326.0,312.0,323.45,325.8,326.0,108.15,156540,50250430.45,4296.0,321.01,EQ
16-09-2014,320.55,327.0,310.0,312.5,313.6,327.0,108.15,79287,25250425.25,2930.0,318.47,EQ
17-09-2014,315.0,318.65,309.05,315.55,316.0,327.0,108.15,45831,14393309.35,1071.0,314.05,EQ
18-09-2014,312.4,325.7,312.0,323.8,323.5,327.0,108.15,74216,23955030.95,1933.0,322.77,EQ
19-09-2014,320.6,338.0,318.55,335.8,332.0,338.0,108.15,225021,74693596.05,4875.0,331.94,EQ
22-09-2014,337.55,342.9,336.0,341.75,342.0,342.9,108.15,145343,49538178.65,3018.0,340.84,EQ
23-09-2014,342.0,344.0,321.6,324.5,326.15,344.0,108.15,64441,21432471.3,2187.0,332.59,EQ
24-09-2014,325.0,325.5,315.1,318.4,317.55,344.0,108.15,47762,15240466.0,2132.0,319.09,EQ
25-09-2014,315.45,322.65,300.0,304.45,307.5,344.0,108.15,76493,23678261.75,1792.0,309.55,EQ
26-09-2014,302.0,315.85,293.95,311.05,309.4,344.0,108.15,51734,16004458.8,1663.0,309.36,EQ
29-09-2014,304.0,321.0,300.0,317.85,317.5,344.0,108.15,40271,12738952.95,1537.0,316.33,EQ
30-09-2014,315.0,328.0,315.0,326.35,326.45,344.0,108.15,56802,18394391.2,1703.0,323.83,EQ
01-10-2014,324.25,334.15,321.0,330.1,330.25,344.0,108.15,85699,28214297.2,2154.0,329.23,EQ
07-10-2014,332.5,335.95,317.0,320.1,319.3,344.0,112.05,89765,29263209.4,2338.0,326.0,EQ
08-10-2014,321.0,328.5,308.05,320.0,320.0,344.0,112.05,96450,30720155.2,2774.0,318.51,EQ
09-10-2014,317.0,329.95,316.0,326.9,327.0,344.0,112.05,36108,11730618.3,1902.0,324.88,EQ
10-10-2014,327.0,337.95,326.0,335.65,336.45,344.0,112.05,281543,93859749.1,5976.0,333.38,EQ
13-10-2014,339.0,340.85,330.2,336.8,337.05,344.0,112.05,608648,204461932.4,3233.0,335.93,EQ
14-10-2014,339.9,341.8,335.65,337.65,335.8,344.0,112.05,258058,87498420.15,2771.0,339.06,EQ
16-10-2014,333.2,333.2,315.55,316.95,317.0,344.0,112.05,57968,18886529.3,1724.0,325.81,EQ
17-10-2014,319.9,325.0,313.0,317.55,316.0,344.0,112.05,103615,33177730.35,1844.0,320.2,EQ
20-10-2014,317.6,324.5,315.2,318.45,317.45,344.0,115.25,138585,44216154.3,3302.0,319.05,EQ
21-10-2014,319.7,324.4,316.35,318.95,318.0,344.0,115.25,89214,28449112.35,1823.0,318.89,EQ
22-10-2014,318.9,322.9,316.45,319.9,321.6,344.0,115.25,27906,8928405.05,945.0,319.95,EQ
23-10-2014,322.0,329.0,322.0,326.9,327.0,344.0,115.25,28381,9266709.25,937.0,326.51,EQ
27-10-2014,329.7,330.0,321.5,323.9,323.5,344.0,118.0,24165,7839622.35,841.0,324.42,EQ
28-10-2014,323.9,325.4,316.1,319.85,319.85,344.0,118.0,29491,9446828.25,983.0,320.33,EQ
29-10-2014,319.0,328.1,319.0,326.1,327.8,344.0,118.0,43095,13982980.7,2154.0,324.47,EQ
30-10-2014,328.1,333.9,321.1,323.6,324.5,344.0,118.0,49013,16016553.9,1500.0,326.78,EQ
31-10-2014,323.6,328.0,318.7,320.9,320.0,344.0,118.0,63429,20388385.0,4039.0,321.44,EQ
03-11-2014,322.75,327.0,319.0,325.55,324.05,344.0,128.05,44228,14292760.15,1435.0,323.16,EQ
05-11-2014,325.0,341.0,320.3,337.05,336.0,344.0,128.05,221417,74527398.0,6219.0,336.59,EQ
07-11-2014,345.0,347.7,335.1,337.6,335.5,347.7,128.05,276254,94244150.95,8135.0,341.15,EQ
10-11-2014,339.4,341.0,331.1,335.85,335.0,347.7,132.7,83518,28182743.8,3861.0,337.45,EQ
11-11-2014,336.8,340.9,326.05,329.75,330.0,347.7,132.7,73938,24489842.7,3426.0,331.22,EQ
12-11-2014,329.0,334.9,321.1,323.9,324.6,347.7,132.7,108432,35537834.05,5173.0,327.74,EQ
13-11-2014,324.0,334.9,310.0,312.25,312.05,347.7,132.7,255455,81499362.1,7946.0,319.04,EQ
14-11-2014,294.95,299.95,265.4,285.3,285.95,347.7,132.7,815350,235314229.4,20010.0,288.61,EQ
17-11-2014,289.0,299.0,285.3,297.1,297.5,347.7,142.0,162910,47843061.25,4467.0,293.68,EQ
18-11-2014,297.0,307.9,295.0,305.45,304.0,347.7,142.0,277361,83590774.85,7486.0,301.38,EQ
19-11-2014,305.5,310.0,302.45,305.45,303.15,347.7,142.0,124097,37979131.9,3261.0,306.04,EQ
20-11-2014,304.0,307.35,289.85,291.95,291.0,347.7,142.0,98189,28973440.15,2884.0,295.08,EQ
21-11-2014,288.7,294.9,284.2,285.15,285.0,347.7,142.0,69362,20044751.25,2119.0,288.99,EQ
24-11-2014,283.0,296.0,282.3,284.0,285.0,347.7,143.3,101325,28903171.45,3571.0,285.25,EQ
25-11-2014,285.75,287.55,270.0,279.3,282.95,347.7,143.3,281984,78224342.75,6674.0,277.41,EQ
26-11-2014,279.75,287.0,279.05,284.15,282.1,347.7,143.3,48348,13726705.85,1866.0,283.91,EQ
27-11-2014,286.25,286.8,281.25,284.35,286.0,347.7,143.3,39888,11347824.1,1232.0,284.49,EQ
28-11-2014,285.0,289.95,278.0,280.7,283.0,347.7,143.3,64159,18279558.05,1885.0,284.91,EQ
01-12-2014,281.0,288.8,278.3,284.95,288.0,347.7,147.55,173896,49211912.1,3675.0,283.0,EQ
02-12-2014,284.95,295.5,284.0,291.05,287.5,347.7,147.55,153847,44714932.75,9012.0,290.65,EQ
03-12-2014,291.7,295.0,289.0,290.25,290.0,347.7,147.55,123233,35853927.25,2203.0,290.94,EQ
04-12-2014,292.5,294.0,285.0,286.9,288.65,347.7,147.55,108122,31319474.5,1466.0,289.67,EQ
05-12-2014,285.0,296.8,285.0,288.3,286.95,347.7,147.55,209154,61053446.45,2104.0,291.91,EQ
08-12-2014,290.8,293.8,286.0,290.2,288.0,347.7,147.55,56923,16471303.0,1211.0,289.36,EQ
09-12-2014,286.0,294.0,281.6,282.95,284.0,347.7,147.55,250566,73165272.0,2639.0,292.0,EQ
10-12-2014,282.95,291.75,281.75,290.95,291.75,347.7,147.55,46675,13452466.1,1148.0,288.22,EQ
11-12-2014,290.95,290.95,279.2,280.5,279.5,347.7,147.55,79724,22518027.25,2725.0,282.45,EQ
12-12-2014,288.5,288.5,275.0,276.4,277.85,347.7,147.55,75044,21189963.8,2317.0,282.37,EQ
15-12-2014,276.85,280.0,270.5,273.5,272.25,347.7,147.55,58915,16129864.0,1448.0,273.78,EQ
16-12-2014,272.1,274.95,256.0,260.7,259.0,347.7,147.55,136732,35859332.6,4109.0,262.26,EQ
17-12-2014,258.1,268.15,250.0,263.0,264.5,347.7,147.55,144572,36905358.4,3667.0,255.27,EQ
18-12-2014,266.0,278.9,262.6,265.3,263.0,347.7,147.55,116460,31539660.1,3055.0,270.82,EQ
19-12-2014,267.0,277.0,267.0,270.55,272.0,347.7,147.55,210347,57336408.6,2030.0,272.58,EQ
22-12-2014,270.1,273.15,264.55,265.35,265.0,347.7,147.55,27747,7418306.7,949.0,267.36,EQ
23-12-2014,266.0,268.65,257.0,261.75,259.1,347.7,147.55,38694,10155742.6,1532.0,262.46,EQ
24-12-2014,262.0,264.3,258.0,259.15,260.0,347.7,147.55,30018,7797040.75,727.0,259.75,EQ
26-12-2014,260.1,264.0,255.1,257.4,255.7,347.7,147.55,32110,8331425.75,976.0,259.47,EQ
29-12-2014,259.5,262.0,257.1,261.0,261.3,347.7,147.55,34224,8905159.05,898.0,260.2,EQ
30-12-2014,262.0,262.45,256.0,257.2,256.35,347.7,147.55,29416,7638703.2,673.0,259.68,EQ
31-12-2014,259.25,264.4,257.2,261.4,261.95,347.7,147.55,64354,16784891.6,1302.0,260.82,EQ
01-01-2015,261.0,263.8,258.0,260.75,261.0,347.7,147.55,69806,18154906.0,1051.0,260.08,EQ
02-01-2015,261.0,266.7,260.2,261.75,261.45,347.7,147.55,155899,41032305.4,1284.0,263.2,EQ
05-01-2015,261.0,265.0,259.0,260.75,260.0,347.7,147.55,84295,22192601.0,2469.0,263.27,EQ
06-01-2015,260.0,261.95,256.6,257.45,258.35,347.7,147.55,59788,15426937.5,1060.0,258.03,EQ
07-01-2015,258.0,261.85,257.55,258.1,258.0,347.7,147.55,63682,16448317.45,763.0,258.29,EQ
08-01-2015,257.25,260.9,250.0,253.3,251.6,347.7,147.55,82355,21089050.95,1540.0,256.07,EQ
09-01-2015,254.5,259.0,252.95,256.5,256.75,347.7,147.55,62749,16049884.5,1640.0,255.78,EQ
12-01-2015,257.7,264.9,256.55,263.4,264.1,347.7,147.55,284251,74663363.05,1803.0,262.67,EQ
13-01-2015,263.5,312.35,263.5,300.75,302.6,347.7,147.55,1419957,426027062.15,29795.0,300.03,EQ
14-01-2015,304.9,306.5,288.1,290.1,288.7,347.7,147.55,252342,74033362.25,5898.0,293.39,EQ
15-01-2015,292.75,292.75,281.25,282.8,281.5,347.7,147.55,115513,32960510.9,3315.0,285.34,EQ
16-01-2015,282.0,292.35,278.85,288.35,286.1,347.7,147.55,103408,29798559.0,2854.0,288.16,EQ
19-01-2015,291.2,306.8,291.2,300.75,299.6,347.7,147.65,352717,105871454.15,7794.0,300.16,EQ
20-01-2015,301.7,301.75,294.55,295.65,297.0,347.7,147.65,83603,24836027.75,1765.0,297.07,EQ
21-01-2015,296.0,298.4,282.1,287.75,292.0,347.7,147.65,92961,26772969.45,2594.0,288.0,EQ
22-01-2015,288.05,294.0,286.4,290.85,290.0,347.7,147.65,50415,14650625.95,1574.0,290.6,EQ
23-01-2015,292.0,311.75,290.05,307.4,305.1,347.7,147.65,322637,98200148.2,6146.0,304.37,EQ
27-01-2015,307.95,308.0,290.0,296.9,297.5,347.7,148.0,111727,33220588.2,3024.0,297.34,EQ
28-01-2015,297.0,297.0,291.4,293.5,293.0,347.7,148.0,36320,10646873.5,1254.0,293.14,EQ
29-01-2015,294.0,299.95,289.0,291.0,290.0,347.7,148.0,57044,16759207.9,2097.0,293.79,EQ
30-01-2015,294.25,298.0,288.0,290.55,288.0,347.7,148.0,34459,10081215.75,1033.0,292.56,EQ
02-02-2015,290.0,298.0,286.0,293.05,292.5,347.7,148.0,54507,15999373.75,2160.0,293.53,EQ
03-02-2015,290.1,299.0,290.1,291.15,290.1,347.7,148.0,29527,8642562.5,850.0,292.7,EQ
04-02-2015,292.2,297.9,290.0,293.1,292.55,347.7,148.0,44972,13187101.05,1049.0,293.23,EQ
05-02-2015,297.0,297.0,290.0,292.1,290.5,347.7,148.0,37534,10977362.55,921.0,292.46,EQ
06-02-2015,292.5,293.7,263.65,281.0,281.0,347.7,148.0,671762,189421031.85,10377.0,281.98,EQ
09-02-2015,267.0,284.95,247.2,279.9,280.0,347.7,153.0,335728,91231659.15,4853.0,271.74,EQ
10-02-2015,270.6,286.0,270.6,282.1,283.3,347.7,153.0,55673,15767287.05,1259.0,283.21,EQ
11-02-2015,285.0,285.0,277.0,279.8,280.0,347.7,153.0,57086,16018792.5,1226.0,280.61,EQ
12-02-2015,282.0,282.0,271.5,276.15,274.85,347.7,153.0,52548,14662870.5,1652.0,279.04,EQ
13-02-2015,277.0,281.0,275.85,278.7,279.45,347.7,153.0,33737,9406030.2,1057.0,278.8,EQ
16-02-2015,280.0,281.05,275.85,276.95,275.85,347.7,171.9,34044,9480019.85,1197.0,278.46,EQ
18-02-2015,279.7,282.0,276.0,279.9,280.0,347.7,171.9,102339,28641956.7,1331.0,279.87,EQ
19-02-2015,281.0,283.0,273.5,277.3,278.5,347.7,171.9,55270,15288594.35,1230.0,276.62,EQ
20-02-2015,279.45,281.4,276.4,278.3,278.65,347.7,171.9,113104,31648569.65,1855.0,279.82,EQ
23-02-2015,279.9,281.0,278.3,279.25,279.5,347.7,176.4,44298,12383163.75,643.0,279.54,EQ
24-02-2015,283.5,283.5,271.1,273.05,273.2,347.7,176.4,117201,32485529.35,1018.0,277.18,EQ
25-02-2015,275.0,281.2,274.0,280.4,280.5,347.7,176.4,523255,145983005.3,2119.0,278.99,EQ
26-02-2015,278.0,289.95,277.6,288.4,289.75,347.7,176.4,86479,24776441.2,2670.0,286.5,EQ
27-02-2015,292.8,293.35,286.0,292.25,292.25,347.7,176.4,97118,28208048.75,4818.0,290.45,EQ
28-02-2015,292.4,295.0,279.35,289.0,288.65,347.7,176.4,72392,20618211.9,1496.0,284.81,EQ
02-03-2015,291.0,292.95,280.0,282.0,280.8,347.7,176.4,53768,15277097.4,1779.0,284.13,EQ
03-03-2015,282.5,287.0,281.5,285.55,285.5,347.7,176.4,81885,23346330.9,997.0,285.11,EQ
04-03-2015,286.0,291.2,280.5,281.65,281.1,347.7,176.4,22872,6502054.6,672.0,284.28,EQ
05-03-2015,282.55,288.85,275.5,277.9,276.1,347.7,176.4,50601,14117587.0,1498.0,279.0,EQ
09-03-2015,278.0,282.0,274.25,277.55,279.2,347.7,183.2,29061,8042616.65,884.0,276.75,EQ
10-03-2015,280.45,280.45,275.5,276.1,275.95,347.7,183.2,25954,7177166.35,654.0,276.53,EQ
11-03-2015,276.1,279.55,275.85,276.05,277.0,347.7,183.2,29061,8028687.8,762.0,276.27,EQ
12-03-2015,275.2,278.85,275.2,277.15,277.0,347.7,183.2,134226,37232167.55,3135.0,277.38,EQ
13-03-2015,277.0,286.7,262.5,269.45,270.0,347.7,183.2,349522,97331238.6,4939.0,278.47,EQ
16-03-2015,271.0,274.95,266.0,266.9,266.0,347.7,183.2,43208,11675839.85,1227.0,270.22,EQ
17-03-2015,270.0,272.0,267.0,269.7,271.65,347.7,183.2,134076,36184851.2,647.0,269.88,EQ
18-03-2015,268.65,296.0,268.65,284.6,285.9,347.7,183.2,418449,120913180.95,8734.0,288.96,EQ
19-03-2015,285.0,289.0,271.0,275.6,279.05,347.7,183.2,90083,25259351.0,2230.0,280.4,EQ
20-03-2015,278.0,281.95,275.0,276.7,278.0,347.7,183.2,72017,20017065.75,1322.0,277.95,EQ
23-03-2015,279.9,282.0,275.2,277.95,277.85,347.7,183.2,99662,27743382.25,1605.0,278.37,EQ
24-03-2015,272.0,277.7,272.0,275.7,275.0,347.7,183.2,79415,21865968.65,2790.0,275.34,EQ
25-03-2015,278.7,281.85,275.25,279.7,279.6,347.7,183.2,39838,11074756.85,1463.0,277.99,EQ
26-03-2015,278.0,279.0,269.25,275.7,278.0,347.7,183.2,100723,27647252.75,2669.0,274.49,EQ
27-03-2015,279.0,282.9,275.0,278.5,280.0,347.7,183.2,45681,12704329.95,1260.0,278.11,EQ
30-03-2015,277.25,292.5,277.0,289.8,290.5,347.7,183.2,76645,21903683.0,3289.0,285.78,EQ
31-03-2015,288.0,293.05,281.95,283.7,283.3,347.7,183.2,35271,10163748.7,1838.0,288.16,EQ
01-04-2015,283.7,291.4,283.7,289.55,290.95,347.7,183.2,30533,8830427.95,1681.0,289.21,EQ
06-04-2015,289.0,292.0,287.1,288.45,288.0,347.7,197.05,19526,5647294.3,761.0,289.22,EQ
07-04-2015,283.0,290.4,282.2,287.95,286.15,347.7,197.05,29232,8386182.0,1445.0,286.88,EQ
08-04-2015,288.5,291.0,284.0,286.55,284.4,347.7,197.05,41578,11941926.3,1165.0,287.22,EQ
09-04-2015,288.05,290.8,288.0,288.95,289.0,347.7,197.05,12475,3600556.25,506.0,288.62,EQ
10-04-2015,289.0,290.0,285.1,286.0,285.1,347.7,197.05,26699,7681578.25,3530.0,287.71,EQ
13-04-2015,284.0,290.0,283.5,286.7,285.5,347.7,205.85,22879,6565536.8,1140.0,286.97,EQ
15-04-2015,289.95,312.2,288.0,303.65,305.0,347.7,205.85,177692,54193663.75,5938.0,304.99,EQ
16-04-2015,305.55,306.45,292.2,296.5,295.55,347.7,205.85,63700,18893976.45,1804.0,296.61,EQ
17-04-2015,296.5,311.5,296.5,305.9,306.05,347.7,205.85,152749,46941968.65,4511.0,307.31,EQ
20-04-2015,308.6,308.6,293.05,295.0,296.7,347.7,205.85,131118,39224919.05,1745.0,299.16,EQ
21-04-2015,295.0,299.0,288.05,293.4,293.4,347.7,205.85,28216,8282583.95,896.0,293.54,EQ
22-04-2015,295.2,297.0,282.45,286.65,288.2,347.7,205.85,30197,8688527.95,1324.0,287.73,EQ
23-04-2015,287.2,297.9,284.6,286.1,290.0,347.7,205.85,30551,8829822.15,811.0,289.02,EQ
24-04-2015,288.0,288.85,276.5,278.15,278.5,347.7,205.85,60454,16971392.4,3188.0,280.73,EQ
27-04-2015,285.0,285.0,270.05,272.9,273.65,347.7,205.85,82826,22651671.4,1992.0,273.49,EQ
28-04-2015,272.0,281.5,269.95,276.15,275.6,347.7,205.85,86831,23915636.85,2102.0,275.43,EQ
29-04-2015,292.95,292.95,276.0,278.3,277.15,347.7,205.85,15284,4264444.7,1314.0,279.01,EQ
30-04-2015,275.0,286.2,272.0,275.3,273.6,347.7,205.85,66173,18461469.45,3036.0,278.99,EQ
04-05-2015,272.0,282.8,272.0,275.75,276.8,347.7,205.85,18716,5199088.85,1191.0,277.79,EQ
05-05-2015,275.35,281.6,272.0,273.95,274.5,347.7,205.85,23642,6524245.65,1198.0,275.96,EQ
06-05-2015,272.2,275.7,264.0,265.3,264.0,347.7,205.85,38469,10358049.1,1555.0,269.26,EQ
07-05-2015,268.0,270.15,250.45,252.35,251.0,347.7,205.85,114494,29384839.5,2283.0,256.65,EQ
08-05-2015,255.0,260.65,248.0,248.8,248.5,347.7,205.85,107077,26931969.35,3274.0,251.52,EQ
11-05-2015,250.0,265.0,247.0,260.4,260.05,347.7,205.85,141564,36736545.85,2462.0,259.5,EQ
12-05-2015,265.0,265.0,254.05,256.8,254.3,347.7,205.85,185650,47749913.9,1443.0,257.2,EQ
14-05-2015,256.0,266.8,252.0,264.25,264.05,347.7,205.85,55909,14496976.9,1848.0,259.3,EQ
15-05-2015,266.8,269.9,264.25,265.4,267.5,347.7,205.85,20218,5375832.7,905.0,265.89,EQ
18-05-2015,266.5,276.0,263.1,273.9,275.0,347.7,226.4,45588,12401476.8,2050.0,272.03,EQ
19-05-2015,277.95,299.0,276.05,289.35,288.65,347.7,226.4,324953,93910332.2,8975.0,289.0,EQ
20-05-2015,290.0,290.9,282.25,287.8,286.0,347.7,226.4,47907,13727928.35,1496.0,286.55,EQ
21-05-2015,285.5,289.4,278.7,285.7,283.6,347.7,226.4,38215,10816140.05,1707.0,283.03,EQ
22-05-2015,284.4,290.0,280.25,285.35,283.3,347.7,226.4,26658,7594179.5,1614.0,284.87,EQ
25-05-2015,283.35,289.9,282.0,283.9,284.95,347.7,244.05,26084,7433048.6,1199.0,284.97,EQ
26-05-2015,284.4,285.3,277.55,278.95,279.0,347.7,244.05,37520,10544936.3,1170.0,281.05,EQ
27-05-2015,278.95,280.25,274.2,278.15,278.5,347.7,244.05,67634,18791450.9,2127.0,277.84,EQ
28-05-2015,280.35,280.65,260.1,272.35,273.7,347.7,244.05,441448,119100570.1,9514.0,269.8,EQ
29-05-2015,273.15,276.0,268.05,275.0,275.0,347.7,244.05,314576,86453186.95,3699.0,274.82,EQ
01-06-2015,279.9,293.2,270.0,288.35,287.5,347.7,244.05,304833,85476237.35,6067.0,280.4,EQ
02-06-2015,287.2,287.25,272.0,274.25,274.3,347.7,244.05,32357,8994890.1,1218.0,277.99,EQ
03-06-2015,275.65,276.35,261.6,266.05,264.25,347.7,244.05,19367,5164928.25,880.0,266.69,EQ
04-06-2015,264.9,274.8,264.0,269.6,270.15,347.7,244.05,22797,6170252.35,975.0,270.66,EQ
05-06-2015,269.4,275.4,266.55,268.55,266.6,347.7,244.05,12897,3486202.7,834.0,270.31,EQ
08-06-2015,269.0,274.0,267.4,271.25,270.1,347.7,244.05,21816,5900958.1,967.0,270.49,EQ
09-06-2015,273.9,273.9,267.0,268.45,267.5,347.7,244.05,42633,11513716.15,989.0,270.07,EQ
10-06-2015,271.45,272.5,268.0,269.35,269.3,347.7,244.05,22757,6141946.5,547.0,269.89,EQ
11-06-2015,272.7,275.0,270.0,272.55,270.5,347.7,244.05,16542,4509597.25,664.0,272.61,EQ
12-06-2015,273.0,273.0,266.05,269.1,268.2,347.7,244.05,11630,3128488.6,590.0,269.0,EQ
15-06-2015,266.4,273.4,266.05,270.4,270.0,347.7,244.05,14641,3956673.4,683.0,270.25,EQ
16-06-2015,272.4,274.3,265.8,271.1,272.1,347.7,244.05,16338,4426609.6,548.0,270.94,EQ
17-06-2015,274.65,275.0,272.0,273.75,273.95,347.7,244.05,12404,3384815.65,333.0,272.88,EQ
18-06-2015,274.35,274.35,270.0,271.4,271.0,347.7,244.05,6625,1802439.35,253.0,272.07,EQ
19-06-2015,270.0,273.55,264.05,264.5,264.3,347.7,244.05,40118,10682070.0,1168.0,266.27,EQ
22-06-2015,264.3,269.5,263.25,266.6,265.6,347.7,247.0,13528,3604565.2,448.0,266.45,EQ
23-06-2015,269.7,269.75,264.0,265.5,264.5,347.7,247.0,13996,3725484.4,525.0,266.18,EQ
24-06-2015,265.7,270.2,264.05,265.55,264.3,347.7,247.0,12820,3423776.5,544.0,267.07,EQ
25-06-2015,267.5,267.5,260.0,260.85,260.75,347.7,247.0,18040,4737820.15,688.0,262.63,EQ
26-06-2015,264.0,267.0,256.15,261.9,262.0,347.7,247.0,250375,65431249.4,921.0,261.33,EQ
29-06-2015,258.0,259.0,251.1,253.9,253.3,347.7,247.0,63563,16124545.55,1431.0,253.68,EQ
30-06-2015,258.0,258.2,253.05,256.4,256.75,347.7,247.0,40233,10263932.6,888.0,255.11,EQ
01-07-2015,260.0,266.35,256.6,262.55,261.85,347.7,247.0,31903,8374773.6,3679.0,262.51,EQ
02-07-2015,260.85,287.85,260.85,284.1,284.85,347.7,247.0,330377,92821804.3,8303.0,280.96,EQ
03-07-2015,284.0,292.9,275.15,284.8,286.2,347.7,247.0,196417,56280408.4,4840.0,286.54,EQ
06-07-2015,284.85,289.0,275.0,283.05,281.95,347.7,247.0,25401,7214097.0,1002.0,284.01,EQ
07-07-2015,283.0,288.0,278.0,278.9,279.1,347.7,247.0,22102,6213358.1,761.0,281.12,EQ
08-07-2015,278.9,282.5,253.8,275.3,275.5,347.7,247.0,48219,13271055.15,3578.0,275.22,EQ
09-07-2015,271.75,279.0,270.1,271.55,272.0,347.7,247.0,18027,4935147.5,739.0,273.76,EQ
10-07-2015,278.9,278.9,269.0,270.35,271.0,347.7,247.0,12843,3482295.95,597.0,271.14,EQ
13-07-2015,268.2,275.0,268.2,270.55,270.8,347.7,247.0,20615,5587831.05,612.0,271.06,EQ
14-07-2015,271.0,277.0,270.1,270.55,270.5,347.7,247.0,32486,8805302.5,644.0,271.05,EQ
15-07-2015,274.4,274.4,270.3,270.95,271.1,347.7,247.0,13005,3528454.6,481.0,271.32,EQ
16-07-2015,273.8,274.0,270.05,271.7,272.0,347.7,247.0,14729,4000354.8,461.0,271.6,EQ
17-07-2015,271.15,273.5,270.55,271.5,271.85,347.7,247.0,14114,3831856.25,1208.0,271.49,EQ
20-07-2015,271.0,271.5,267.3,270.55,269.0,347.7,247.0,108526,29158735.35,589.0,268.68,EQ
21-07-2015,271.9,274.4,269.9,270.2,272.0,347.7,247.0,24145,6537793.0,508.0,270.77,EQ
22-07-2015,270.0,273.5,269.9,270.95,271.4,347.7,247.0,16618,4501864.7,402.0,270.9,EQ
23-07-2015,272.3,274.55,271.15,272.9,274.0,347.7,247.0,20220,5521836.3,696.0,273.09,EQ
24-07-2015,274.5,275.6,270.55,275.05,275.55,347.7,247.0,17018,4670093.35,494.0,274.42,EQ
27-07-2015,275.05,275.05,270.0,270.15,270.85,347.7,247.0,31462,8514009.4,1028.0,270.61,EQ
28-07-2015,270.15,273.0,270.15,271.05,272.0,347.7,247.0,7350,1993307.7,262.0,271.2,EQ
29-07-2015,270.15,272.0,267.0,270.0,270.0,347.7,247.0,42749,11551088.75,783.0,270.21,EQ
30-07-2015,270.1,274.4,270.1,271.3,270.3,347.7,247.0,8180,2227839.3,310.0,272.35,EQ
31-07-2015,272.05,287.5,272.0,275.7,276.0,347.7,247.0,41882,11702909.85,1292.0,279.43,EQ
03-08-2015,271.1,278.0,270.0,275.1,275.5,347.7,247.0,66406,18256185.1,2274.0,274.92,EQ
04-08-2015,274.5,282.0,274.5,275.65,275.2,347.7,247.0,16912,4693594.7,590.0,277.53,EQ
06-08-2015,282.6,288.0,277.65,284.95,285.0,347.7,247.0,38064,10801224.25,1276.0,283.76,EQ
07-08-2015,287.7,309.0,286.0,296.4,295.25,347.7,247.0,829502,249404250.05,16538.0,300.67,EQ
10-08-2015,296.4,302.9,283.05,287.5,284.7,347.7,247.0,117036,34499220.6,3482.0,294.77,EQ
11-08-2015,288.8,289.9,277.0,277.75,277.0,347.7,247.0,51412,14516903.5,1893.0,282.36,EQ
12-08-2015,275.65,280.0,265.4,267.65,267.4,347.7,247.0,30709,8353543.9,1218.0,272.02,EQ
13-08-2015,267.65,274.9,261.2,262.5,262.0,347.7,247.0,33299,8878259.7,819.0,266.62,EQ
14-08-2015,265.95,267.2,258.0,264.8,266.0,347.7,247.0,36227,9557135.7,1242.0,263.81,EQ
17-08-2015,266.0,271.7,260.0,269.25,268.2,347.7,247.0,25141,6719352.7,955.0,267.27,EQ
18-08-2015,277.0,277.0,270.0,272.25,270.2,347.7,247.0,23163,6329182.9,1436.0,273.25,EQ
19-08-2015,273.05,277.9,268.5,273.9,274.0,347.7,247.0,23478,6447471.95,765.0,274.62,EQ
20-08-2015,273.5,278.0,270.0,274.0,275.5,347.7,247.0,38205,10488915.5,1187.0,274.54,EQ
21-08-2015,271.0,275.0,265.5,271.95,274.95,347.7,247.0,33021,8925040.45,924.0,270.28,EQ
24-08-2015,270.0,270.0,255.0,258.35,255.15,347.7,247.0,56306,14852296.3,2070.0,263.78,EQ
25-08-2015,256.1,263.55,250.0,257.15,256.0,347.7,247.0,25799,6631543.55,895.0,257.05,EQ
26-08-2015,260.05,263.8,253.1,254.5,256.0,347.7,247.0,18489,4748725.1,755.0,256.84,EQ
27-08-2015,257.65,264.0,253.75,254.8,254.7,347.7,247.0,27610,7088268.2,792.0,256.73,EQ
28-08-2015,256.35,267.5,255.3,256.45,255.35,347.7,247.0,14118,3660404.0,553.0,259.27,EQ
31-08-2015,259.95,259.95,255.0,257.0,257.0,347.7,247.0,30774,7902964.7,1467.0,256.81,EQ
01-09-2015,256.95,259.7,256.2,257.55,258.05,347.7,247.0,30156,7773060.3,926.0,257.76,EQ
02-09-2015,260.0,262.0,256.0,258.4,260.0,347.7,247.0,17310,4469016.4,804.0,258.18,EQ
03-09-2015,261.05,264.9,259.1,262.0,263.0,347.7,247.0,7373,1931999.0,454.0,262.04,EQ
04-09-2015,264.95,264.95,258.95,260.25,260.0,347.7,247.0,17449,4544005.9,581.0,260.42,EQ
07-09-2015,257.15,260.5,256.0,257.5,258.5,347.7,247.0,16260,4192300.6,638.0,257.83,EQ
08-09-2015,258.5,258.65,253.9,254.65,254.55,347.7,247.0,116200,29575106.15,886.0,254.52,EQ
09-09-2015,256.0,260.0,252.85,254.35,254.1,347.7,247.0,21356,5444345.75,540.0,254.93,EQ
10-09-2015,254.05,255.4,251.05,254.1,254.0,347.7,247.0,5392,1370241.6,246.0,254.12,EQ
11-09-2015,254.0,260.95,248.0,258.65,260.0,347.7,247.0,22425,5761200.85,852.0,256.91,EQ
14-09-2015,262.65,263.0,259.55,261.15,262.1,347.7,247.0,8678,2266675.3,387.0,261.2,EQ
15-09-2015,259.15,264.4,259.15,260.45,261.0,347.7,247.0,48092,12571101.4,316.0,261.4,EQ
16-09-2015,261.05,261.85,258.0,259.25,260.0,347.7,247.0,9583,2487579.1,292.0,259.58,EQ
18-09-2015,260.3,262.75,251.05,254.1,260.0,347.7,247.0,123380,31741771.35,1127.0,257.27,EQ
21-09-2015,254.5,269.95,254.5,265.75,265.0,347.7,247.0,23588,6249026.45,1188.0,264.92,EQ
22-09-2015,265.75,267.9,260.0,260.8,260.5,347.7,247.0,8145,2135516.0,393.0,262.19,EQ
23-09-2015,260.05,262.0,252.9,258.6,258.9,347.7,247.0,6837,1772192.6,435.0,259.21,EQ
24-09-2015,260.7,262.5,255.5,258.2,258.8,347.7,247.0,9293,2406429.65,402.0,258.95,EQ
28-09-2015,252.35,262.5,252.35,257.8,258.0,347.7,247.0,8045,2077653.55,428.0,258.25,EQ
29-09-2015,257.05,260.9,252.35,259.95,257.9,347.7,247.0,11656,2990813.7,433.0,256.59,EQ
30-09-2015,259.8,261.9,258.0,260.1,260.0,347.7,247.0,10185,2650936.55,1368.0,260.28,EQ
01-10-2015,261.05,263.0,260.7,261.7,261.0,347.7,247.0,6454,1688107.95,148.0,261.56,EQ
05-10-2015,265.0,265.0,258.25,263.0,261.3,347.7,247.0,7619,1994966.85,425.0,261.84,EQ
06-10-2015,262.5,270.4,262.0,264.05,264.0,347.7,247.0,25357,6762130.7,1428.0,266.68,EQ
07-10-2015,264.0,269.4,245.6,265.5,265.0,347.7,245.6,16587,4376911.7,501.0,263.88,EQ
08-10-2015,262.3,268.65,262.3,265.0,265.0,347.7,245.6,15355,4068452.45,1292.0,264.96,EQ
09-10-2015,267.0,269.0,264.0,265.1,265.0,347.7,245.6,20232,5365401.85,295.0,265.19,EQ
12-10-2015,265.0,266.95,261.85,263.5,263.25,347.7,245.6,14544,3830823.2,324.0,263.4,EQ
13-10-2015,262.0,284.0,262.0,275.7,284.0,347.7,245.6,52618,14352443.25,850.0,272.77,EQ
14-10-2015,281.0,296.8,280.0,292.35,292.5,347.7,245.6,158201,45812565.1,3351.0,289.58,EQ
15-10-2015,296.35,297.0,286.6,291.1,291.05,347.7,245.6,39478,11474259.65,956.0,290.65,EQ
16-10-2015,290.05,293.0,281.1,283.0,283.85,347.7,245.6,24188,6889416.15,1371.0,284.83,EQ
19-10-2015,285.2,292.4,278.65,288.95,292.0,347.7,245.6,28958,8277775.0,999.0,285.85,EQ
20-10-2015,289.95,313.5,289.95,304.5,304.95,347.7,245.6,265043,81056746.6,7107.0,305.82,EQ
21-10-2015,305.1,308.7,296.3,300.75,301.0,347.7,245.6,50794,15397180.1,1634.0,303.13,EQ
23-10-2015,296.35,302.0,292.0,295.35,293.5,347.7,245.6,45248,13374655.65,1836.0,295.59,EQ
26-10-2015,295.65,304.35,295.0,301.45,300.0,347.7,245.6,44671,13363868.4,1902.0,299.16,EQ
27-10-2015,295.8,334.1,293.0,320.6,320.0,347.7,245.6,535094,172740632.55,12024.0,322.82,EQ
28-10-2015,323.6,323.8,310.0,319.5,319.7,347.7,245.6,171336,54593080.9,3084.0,318.63,EQ
29-10-2015,316.0,325.95,313.75,317.7,315.55,347.7,245.6,70181,22504340.25,1702.0,320.66,EQ
30-10-2015,320.0,325.1,311.35,313.35,312.0,347.7,245.6,61062,19421184.85,1525.0,318.06,EQ
02-11-2015,310.05,330.0,310.05,326.85,326.9,347.7,245.6,88641,28619466.8,3064.0,322.87,EQ
03-11-2015,327.0,334.0,320.9,331.85,330.1,347.7,245.6,180993,59491170.95,2669.0,328.69,EQ
04-11-2015,332.0,333.9,318.15,322.8,320.8,347.7,245.6,54797,17782166.7,1170.0,324.51,EQ
05-11-2015,322.0,322.75,313.0,314.85,313.95,347.7,245.6,17160,5428878.65,692.0,316.37,EQ
06-11-2015,314.0,326.4,288.4,292.45,292.9,347.7,245.6,239033,73389581.15,6099.0,307.03,EQ
09-11-2015,292.65,312.0,277.0,309.55,309.2,341.0,245.6,76056,23083180.05,1871.0,303.5,EQ
10-11-2015,309.65,314.45,298.2,304.4,303.0,341.0,245.6,55133,16842070.15,2334.0,305.48,EQ
11-11-2015,306.0,314.0,303.0,310.6,314.0,341.0,245.6,12310,3806936.2,434.0,309.26,EQ
13-11-2015,305.15,310.0,300.5,301.85,301.3,341.0,245.6,14634,4446716.05,640.0,303.86,EQ
16-11-2015,305.0,308.65,301.0,304.65,302.6,334.1,245.6,24347,7452055.7,1108.0,306.08,EQ
17-11-2015,307.45,308.0,300.0,303.3,302.0,334.1,245.6,18955,5747078.75,762.0,303.2,EQ
18-11-2015,305.5,305.5,293.85,294.9,295.0,334.1,245.6,23192,6908130.6,712.0,297.87,EQ
19-11-2015,293.0,302.75,293.0,294.4,295.0,334.1,245.6,17312,5147975.75,768.0,297.36,EQ
20-11-2015,293.6,302.8,293.6,296.45,296.9,334.1,245.6,25597,7626479.7,1039.0,297.94,EQ
23-11-2015,297.05,299.95,292.0,294.1,293.7,334.1,245.6,18935,5601801.0,802.0,295.84,EQ
24-11-2015,293.05,301.85,293.0,299.95,298.2,334.1,245.6,17154,5114709.7,627.0,298.16,EQ
26-11-2015,295.0,304.85,295.0,302.1,301.15,334.1,245.6,23812,7193948.65,956.0,302.11,EQ
27-11-2015,302.0,305.0,298.2,299.3,298.2,334.1,245.6,9545,2883453.35,409.0,302.09,EQ
30-11-2015,296.0,305.0,295.15,303.8,302.0,334.1,245.6,21121,6375595.55,996.0,301.86,EQ
01-12-2015,303.65,303.95,298.0,299.0,299.0,334.1,245.6,6928,2083513.4,440.0,300.74,EQ
02-12-2015,302.0,302.0,296.0,296.95,296.0,334.1,245.6,10888,3244809.1,529.0,298.02,EQ
03-12-2015,299.75,299.95,294.4,295.65,295.0,334.1,245.6,12070,3586554.45,565.0,297.15,EQ
04-12-2015,295.15,298.0,293.3,293.85,294.0,334.1,245.6,7397,2180155.0,223.0,294.74,EQ
07-12-2015,293.15,297.45,288.0,290.45,290.3,334.1,245.6,18126,5268609.6,744.0,290.67,EQ
08-12-2015,292.0,294.65,288.25,290.55,290.0,334.1,245.6,22059,6407166.25,926.0,290.46,EQ
09-12-2015,286.0,291.0,285.0,286.4,286.0,334.1,245.6,30123,8695821.8,620.0,288.68,EQ
10-12-2015,286.45,289.1,284.5,286.3,286.0,334.1,245.6,6866,1968999.9,648.0,286.78,EQ
11-12-2015,294.0,294.0,284.05,286.35,286.05,334.1,245.6,12826,3675093.9,957.0,286.53,EQ
14-12-2015,284.95,296.5,284.0,294.9,296.4,334.1,245.6,18498,5426322.25,797.0,293.35,EQ
15-12-2015,296.0,300.0,292.35,294.65,294.3,334.1,245.6,26411,7835445.05,1505.0,296.67,EQ
16-12-2015,289.2,298.5,289.2,294.4,296.0,334.1,245.6,45476,13367347.2,805.0,293.94,EQ
17-12-2015,292.15,298.45,291.1,292.75,293.0,334.1,245.6,8919,2610089.65,352.0,292.64,EQ
18-12-2015,295.7,295.7,291.9,292.0,292.0,334.1,245.6,13956,4080114.15,591.0,292.36,EQ
21-12-2015,294.9,295.95,290.5,291.05,291.0,334.1,245.6,23519,6866941.35,631.0,291.97,EQ
22-12-2015,294.5,294.5,290.0,291.0,291.05,334.1,245.6,17410,5061981.65,650.0,290.75,EQ
23-12-2015,290.95,294.3,290.55,292.35,293.6,334.1,245.6,21303,6241691.45,375.0,293.0,EQ
24-12-2015,292.25,300.0,292.25,298.4,298.0,334.1,245.6,36104,10705722.1,1062.0,296.52,EQ
28-12-2015,302.0,302.1,297.5,298.35,297.85,334.1,245.6,9290,2777653.75,290.0,298.99,EQ
29-12-2015,301.35,303.4,298.1,301.5,303.0,334.1,245.6,23476,7062043.0,593.0,300.82,EQ
30-12-2015,297.0,306.85,297.0,304.65,306.0,334.1,245.6,32864,9973574.55,752.0,303.48,EQ
31-12-2015,304.9,309.9,299.8,300.65,301.5,334.1,245.6,30191,9242615.7,630.0,306.14,EQ
01-01-2016,302.15,303.9,299.0,299.4,299.2,334.1,245.6,6170,1853364.2,321.0,300.38,EQ
04-01-2016,300.0,307.35,300.0,301.65,302.0,334.1,245.6,15516,4695696.75,678.0,302.64,EQ
05-01-2016,297.3,305.0,297.3,303.35,303.5,334.1,245.6,13982,4239774.95,656.0,303.23,EQ
06-01-2016,307.0,307.9,293.75,302.5,303.65,334.1,245.6,17324,5239941.25,733.0,302.47,EQ
07-01-2016,294.5,301.0,294.5,299.1,298.75,334.1,245.6,19684,5882111.95,560.0,298.83,EQ
08-01-2016,299.15,302.85,299.15,301.35,301.1,334.1,245.6,6611,1991028.95,184.0,301.17,EQ
11-01-2016,297.0,306.95,292.65,299.95,298.85,334.1,245.6,127511,38016895.3,1667.0,298.15,EQ
12-01-2016,302.8,307.0,300.55,305.6,305.35,334.1,245.6,25065,7658314.3,1450.0,305.54,EQ
13-01-2016,305.6,308.1,290.6,296.05,297.0,334.1,245.6,24954,7495608.5,728.0,300.38,EQ
14-01-2016,298.0,298.0,287.5,289.75,288.0,334.1,245.6,26504,7707444.85,1319.0,290.8,EQ
15-01-2016,296.5,296.5,284.95,287.0,285.25,334.1,245.6,19415,5594674.6,432.0,288.16,EQ
18-01-2016,289.05,289.35,266.9,276.05,275.0,334.1,245.6,18520,5168303.8,1174.0,279.07,EQ
19-01-2016,279.95,279.95,268.1,273.1,272.5,334.1,245.6,12587,3450302.15,853.0,274.12,EQ
20-01-2016,270.0,277.65,260.4,264.75,263.85,334.1,245.6,18369,4858161.25,2000.0,264.48,EQ
21-01-2016,265.0,279.95,265.0,274.95,275.05,334.1,245.6,457127,125674431.55,1440.0,274.92,EQ
22-01-2016,275.0,287.9,271.05,282.8,284.0,334.1,245.6,21380,5919898.4,654.0,276.89,EQ
25-01-2016,284.05,308.25,284.05,305.55,307.0,334.1,245.6,82668,24940597.6,3442.0,301.7,EQ
27-01-2016,307.65,309.0,297.0,307.0,307.95,334.1,245.6,92706,28262064.8,3984.0,304.86,EQ
28-01-2016,307.75,308.0,300.4,306.6,307.7,334.1,245.6,29085,8864996.6,1639.0,304.8,EQ
29-01-2016,303.0,319.5,303.0,317.9,319.5,334.1,245.6,56428,17705597.95,2224.0,313.77,EQ
01-02-2016,318.0,323.9,314.0,319.65,323.9,334.1,245.6,35523,11324896.4,1496.0,318.8,EQ
02-02-2016,322.9,324.0,309.1,311.1,310.0,334.1,245.6,34209,10836110.8,1285.0,316.76,EQ
03-02-2016,307.0,308.0,298.1,301.1,303.0,334.1,245.6,14920,4491918.9,652.0,301.07,EQ
04-02-2016,300.1,306.9,298.15,303.8,303.55,334.1,245.6,59327,17978556.85,832.0,303.04,EQ
05-02-2016,303.65,309.0,303.65,306.15,305.7,334.1,245.6,8072,2467749.6,381.0,305.72,EQ
08-02-2016,305.0,317.0,305.0,308.95,308.85,334.1,245.6,14495,4520102.0,1130.0,311.84,EQ
09-02-2016,309.95,313.7,305.0,310.95,309.0,334.1,245.6,16633,5149484.1,997.0,309.59,EQ
10-02-2016,308.0,312.5,301.5,309.2,309.5,334.1,245.6,22819,7040504.6,1389.0,308.54,EQ
11-02-2016,305.05,306.8,293.0,295.2,297.9,334.1,245.6,29948,8940652.7,703.0,298.54,EQ
12-02-2016,294.85,294.9,272.5,284.3,286.5,334.1,245.6,44308,12476862.6,1543.0,281.59,EQ
15-02-2016,292.0,306.0,292.0,304.65,303.55,334.1,245.6,46524,14022502.1,2542.0,301.4,EQ
16-02-2016,304.55,305.65,298.0,298.7,299.0,334.1,245.6,15665,4723188.35,656.0,301.51,EQ
17-02-2016,297.05,300.0,292.2,295.85,296.7,334.1,245.6,17276,5101169.8,864.0,295.27,EQ
18-02-2016,301.95,303.15,299.5,301.7,301.0,334.1,245.6,15391,4627403.45,613.0,300.66,EQ
19-02-2016,305.0,305.85,300.05,303.55,303.4,334.1,245.6,10415,3161259.5,837.0,303.53,EQ
22-02-2016,308.95,310.45,300.4,306.75,306.0,334.1,245.6,17171,5269029.85,523.0,306.86,EQ
23-02-2016,307.95,308.0,304.0,305.05,305.1,334.1,245.6,215756,66009856.7,591.0,305.95,EQ
24-02-2016,303.05,307.0,298.0,305.2,306.8,334.1,245.6,81233,24778685.4,881.0,305.03,EQ
25-02-2016,313.0,313.0,304.95,305.95,306.0,334.1,245.6,112106,34314132.45,532.0,306.09,EQ
26-02-2016,308.95,310.7,301.5,306.7,306.5,334.1,245.6,18002,5498480.4,628.0,305.44,EQ
29-02-2016,308.95,311.0,302.05,307.1,306.15,334.1,245.6,23509,7224852.5,984.0,307.32,EQ
01-03-2016,309.25,318.0,308.0,315.35,315.05,334.1,245.6,23617,7380410.65,1033.0,312.5,EQ
02-03-2016,325.0,339.4,317.1,334.75,334.0,339.4,245.6,202002,66984759.65,5159.0,331.6,EQ
03-03-2016,339.0,341.9,322.0,339.3,339.25,341.9,245.6,328571,110602399.5,5987.0,336.62,EQ
04-03-2016,343.4,343.9,336.6,339.7,339.85,343.9,245.6,55200,18729121.75,3666.0,339.3,EQ
08-03-2016,340.0,360.9,340.0,359.05,360.0,360.9,245.6,245002,86903203.4,4384.0,354.7,EQ
09-03-2016,360.1,364.0,355.0,360.35,361.4,364.0,245.6,87175,31322599.5,2001.0,359.31,EQ
10-03-2016,360.05,365.0,352.9,360.15,360.0,365.0,245.6,69041,24772625.05,3605.0,358.81,EQ
11-03-2016,362.5,375.7,360.0,374.65,374.1,375.7,245.6,248012,92051120.15,9309.0,371.16,EQ
14-03-2016,377.7,377.7,368.3,370.2,370.0,377.7,245.6,84249,31302599.75,3149.0,371.55,EQ
15-03-2016,370.2,375.0,365.25,369.45,366.1,377.7,245.6,71327,26533024.2,2961.0,371.99,EQ
16-03-2016,367.0,368.4,355.15,356.7,355.8,377.7,245.6,54611,19677637.35,3276.0,360.32,EQ
17-03-2016,359.8,368.35,354.3,365.05,365.0,377.7,245.6,41634,15022704.35,2007.0,360.83,EQ
18-03-2016,372.0,384.0,362.5,380.7,380.95,384.0,245.6,176229,66665013.4,4679.0,378.29,EQ
21-03-2016,380.95,381.0,370.0,374.85,373.9,384.0,245.6,60329,22572150.2,2375.0,374.15,EQ
22-03-2016,375.0,380.0,364.0,366.0,364.0,384.0,245.6,62295,22979300.0,2391.0,368.88,EQ
23-03-2016,366.0,371.0,349.05,353.95,352.0,384.0,245.6,86151,30684921.85,1961.0,356.18,EQ
28-03-2016,358.95,360.0,350.1,354.85,355.5,384.0,245.6,28616,10172483.0,1205.0,355.48,EQ
29-03-2016,357.0,370.0,353.2,369.4,370.0,384.0,245.6,93801,34242140.15,2157.0,365.05,EQ
30-03-2016,372.0,376.0,366.0,367.25,366.0,384.0,245.6,118292,43951236.7,5430.0,371.55,EQ
31-03-2016,368.0,372.2,361.7,364.15,365.0,384.0,245.6,28993,10647949.3,1054.0,367.26,EQ
01-04-2016,366.9,373.9,365.0,367.0,366.0,384.0,245.6,67926,25067116.25,2015.0,369.04,EQ
04-04-2016,370.0,371.0,365.0,368.7,369.55,384.0,245.6,24013,8843161.0,1002.0,368.27,EQ
05-04-2016,370.0,372.0,356.25,359.85,358.5,384.0,245.6,36568,13302141.05,1177.0,363.76,EQ
06-04-2016,360.0,372.0,352.1,364.55,362.25,384.0,245.6,41146,15087856.9,1668.0,366.69,EQ
07-04-2016,363.65,369.0,360.0,366.2,366.75,384.0,245.6,17525,6391436.05,667.0,364.7,EQ
08-04-2016,373.4,373.4,358.0,359.35,359.95,384.0,245.6,59476,21564683.3,1995.0,362.58,EQ
11-04-2016,363.0,363.0,351.0,355.6,357.0,384.0,245.6,25800,9195184.8,1914.0,356.4,EQ
12-04-2016,360.0,363.9,352.05,362.25,363.85,384.0,245.6,39441,14261796.55,3576.0,361.6,EQ
13-04-2016,365.0,372.0,364.75,368.8,368.8,384.0,245.6,210945,77750086.15,5678.0,368.58,EQ
18-04-2016,368.8,384.95,364.75,379.5,379.0,384.95,245.6,184217,70005816.5,6015.0,380.02,EQ
20-04-2016,381.0,386.5,372.2,374.6,374.05,386.5,245.6,58247,22141510.35,2472.0,380.13,EQ
21-04-2016,374.6,378.5,361.6,365.8,364.5,386.5,245.6,120656,44512271.5,5172.0,368.92,EQ
22-04-2016,365.85,372.15,362.0,365.6,366.4,386.5,245.6,41116,15087656.45,2110.0,366.95,EQ
25-04-2016,370.0,370.0,359.5,360.9,359.8,386.5,245.6,85342,30942532.6,2652.0,362.57,EQ
26-04-2016,363.45,364.45,355.25,362.1,363.5,386.5,245.6,89027,32039143.9,2127.0,359.88,EQ
27-04-2016,364.95,367.25,360.0,361.25,362.9,386.5,245.6,33097,11978257.0,797.0,361.91,EQ
28-04-2016,366.9,366.9,354.85,357.3,358.5,386.5,245.6,34475,12330643.75,829.0,357.67,EQ
29-04-2016,355.05,364.4,355.05,361.8,364.0,386.5,245.6,43679,15746966.45,646.0,360.52,EQ
02-05-2016,367.9,367.9,355.25,359.25,359.95,386.5,245.6,34360,12378047.65,1029.0,360.25,EQ
03-05-2016,364.8,364.8,360.0,360.2,360.0,386.5,245.6,47345,17115402.1,681.0,361.5,EQ
04-05-2016,360.05,367.0,360.0,363.35,364.7,386.5,245.6,25854,9384978.9,930.0,363.0,EQ
05-05-2016,364.5,366.35,360.0,362.65,361.3,386.5,245.6,18097,6574525.85,877.0,363.29,EQ
06-05-2016,363.55,369.0,360.0,367.0,368.9,386.5,245.6,34245,12536542.05,1442.0,366.08,EQ
09-05-2016,361.0,376.6,361.0,366.45,367.0,386.5,245.6,104329,38623021.2,6819.0,370.2,EQ
10-05-2016,370.0,374.0,366.5,371.95,372.0,386.5,245.6,51095,18980529.25,2416.0,371.48,EQ
11-05-2016,370.0,378.7,366.5,376.7,376.8,386.5,245.6,81297,30457369.85,2992.0,374.64,EQ
12-05-2016,377.0,382.0,377.0,379.95,380.3,386.5,245.6,137953,52430483.0,1532.0,380.06,EQ
13-05-2016,380.0,392.0,377.0,390.0,391.6,392.0,245.6,111914,43147719.5,2730.0,385.54,EQ
16-05-2016,393.5,402.8,391.0,398.5,398.0,402.8,245.6,155875,62069168.05,4522.0,398.2,EQ
17-05-2016,400.45,404.0,393.0,396.05,395.0,404.0,245.6,64037,25523533.8,1786.0,398.57,EQ
18-05-2016,398.0,399.6,384.4,396.2,395.75,404.0,245.6,195587,76804088.6,2032.0,392.69,EQ
19-05-2016,396.2,396.9,390.0,395.0,395.0,404.0,245.6,39415,15561148.15,1651.0,394.8,EQ
20-05-2016,393.0,399.0,391.6,395.0,395.1,404.0,245.6,116211,45898511.9,1969.0,394.96,EQ
23-05-2016,420.35,422.0,396.1,400.05,398.15,422.0,245.6,418946,168576666.25,15647.0,402.38,EQ
24-05-2016,402.75,405.0,389.3,392.05,393.0,422.0,245.6,307176,122284361.05,18115.0,398.09,EQ
25-05-2016,396.0,398.4,382.2,385.15,385.0,422.0,245.6,68788,26555185.7,4112.0,386.04,EQ
26-05-2016,392.45,392.45,382.3,387.35,390.9,422.0,245.6,45896,17753466.9,1358.0,386.82,EQ
27-05-2016,392.05,394.05,384.85,385.15,385.5,422.0,245.6,61821,23909426.0,3893.0,386.75,EQ
30-05-2016,391.2,403.0,385.15,399.3,400.5,422.0,245.6,200348,78885387.65,5825.0,393.74,EQ
31-05-2016,405.7,407.0,385.4,387.95,385.5,422.0,245.6,146156,57334690.65,10497.0,392.28,EQ
01-06-2016,388.9,399.5,387.0,391.6,390.2,422.0,245.6,125354,49076435.45,3188.0,391.5,EQ
02-06-2016,391.6,395.0,387.0,387.75,388.35,422.0,245.6,60474,23650653.55,3001.0,391.09,EQ
03-06-2016,390.0,405.0,389.25,397.8,396.55,422.0,245.6,186875,74212034.95,6909.0,397.12,EQ
06-06-2016,400.65,404.85,394.05,395.4,395.05,422.0,245.6,79032,31498189.15,4734.0,398.55,EQ
07-06-2016,399.65,415.0,395.05,412.9,412.6,422.0,245.6,256729,104590189.7,9514.0,407.4,EQ
08-06-2016,415.5,416.85,410.1,413.45,413.5,422.0,245.6,103765,42870421.4,6525.0,413.15,EQ
09-06-2016,415.0,415.15,403.5,409.8,410.0,422.0,245.6,144005,58911369.15,5933.0,409.09,EQ
10-06-2016,405.0,426.0,402.5,416.0,414.0,426.0,245.6,166425,69861919.1,6589.0,419.78,EQ
13-06-2016,414.0,414.9,407.8,410.45,410.65,426.0,245.6,23155,9510696.0,1525.0,410.74,EQ
14-06-2016,410.0,414.8,405.0,410.85,410.5,426.0,245.6,21996,9029126.15,954.0,410.49,EQ
15-06-2016,411.0,413.95,407.0,407.7,410.0,426.0,245.6,19636,8050140.7,1094.0,409.97,EQ
16-06-2016,411.95,413.0,406.2,410.3,410.6,426.0,245.6,30582,12509489.8,1592.0,409.05,EQ
17-06-2016,417.5,427.0,412.05,425.3,424.0,427.0,245.6,93537,39505292.35,3693.0,422.35,EQ
20-06-2016,422.0,424.5,416.2,417.05,417.95,427.0,245.6,35369,14845995.5,1468.0,419.75,EQ
21-06-2016,421.9,421.9,410.25,413.4,413.0,427.0,245.6,23380,9750816.9,1255.0,417.06,EQ
22-06-2016,413.2,419.0,411.0,417.3,418.1,427.0,245.6,26151,10842827.5,2700.0,414.62,EQ
23-06-2016,414.05,419.4,412.2,413.3,413.0,427.0,245.6,10842,4490116.4,674.0,414.14,EQ
24-06-2016,409.0,412.65,401.4,411.0,410.0,427.0,245.6,39353,15977950.3,1942.0,406.02,EQ
27-06-2016,407.0,415.0,407.0,410.05,409.95,427.0,245.6,42607,17491109.0,1902.0,410.52,EQ
28-06-2016,418.0,419.65,411.6,416.2,416.0,427.0,245.6,95958,39809412.55,2722.0,414.86,EQ
29-06-2016,415.0,429.0,415.0,425.35,428.0,429.0,245.6,85613,36151828.95,2467.0,422.27,EQ
30-06-2016,427.0,432.8,425.0,427.4,426.9,432.8,245.6,48015,20586975.2,2670.0,428.76,EQ
01-07-2016,427.4,434.2,427.4,432.85,433.85,434.2,245.6,54290,23475734.85,1605.0,432.41,EQ
04-07-2016,435.0,445.95,434.0,444.95,445.0,445.95,245.6,106693,46994124.9,3449.0,440.46,EQ
05-07-2016,443.3,451.4,438.5,444.95,446.7,451.4,245.6,74010,32927034.75,9227.0,444.9,EQ
07-07-2016,446.0,464.4,434.5,436.55,435.0,464.4,245.6,89335,40384704.0,4169.0,452.06,EQ
08-07-2016,437.9,446.05,427.15,440.15,440.0,464.4,245.6,57611,25200937.55,3356.0,437.43,EQ
11-07-2016,445.9,454.8,440.15,450.95,452.0,464.4,245.6,85660,38547966.55,4792.0,450.01,EQ
12-07-2016,453.7,459.9,445.05,454.9,455.05,464.4,245.6,125489,56968160.05,2715.0,453.97,EQ
13-07-2016,450.0,459.9,445.15,454.6,457.0,464.4,245.6,34414,15561897.3,1698.0,452.2,EQ
14-07-2016,459.0,462.0,452.5,455.5,455.3,464.4,245.6,22533,10276855.1,821.0,456.08,EQ
15-07-2016,455.0,459.0,450.1,457.3,456.0,464.4,245.6,19982,9095150.65,915.0,455.17,EQ
18-07-2016,460.0,460.0,447.0,448.65,448.05,464.4,245.6,67354,30499149.35,981.0,452.82,EQ
19-07-2016,450.0,454.0,445.1,450.1,449.8,464.4,245.6,17327,7794536.7,767.0,449.85,EQ
20-07-2016,450.1,456.5,450.1,454.25,454.25,464.4,245.6,22176,10055708.0,1418.0,453.45,EQ
21-07-2016,454.0,459.95,447.5,451.85,449.75,464.4,245.6,49282,22465423.45,1400.0,455.85,EQ
22-07-2016,450.0,459.45,450.0,453.0,453.0,464.4,245.6,51068,23156994.2,5717.0,453.45,EQ
25-07-2016,450.0,464.95,450.0,457.1,461.8,464.95,245.6,45208,20742975.45,3448.0,458.83,EQ
26-07-2016,460.95,462.9,451.5,456.7,461.0,464.95,245.6,104028,47465591.25,2835.0,456.28,EQ
27-07-2016,462.0,478.0,459.0,475.9,477.0,478.0,245.6,128929,60476852.3,6157.0,469.07,EQ
28-07-2016,469.8,483.55,468.0,469.95,469.5,483.55,245.6,76285,36377266.35,3716.0,476.86,EQ
29-07-2016,471.0,484.0,468.0,471.35,469.3,484.0,245.6,127489,60561257.0,3938.0,475.03,EQ
01-08-2016,463.0,480.45,463.0,470.3,472.7,484.0,245.6,22142,10450274.9,2678.0,471.97,EQ
02-08-2016,478.0,478.0,458.3,461.3,461.2,484.0,245.6,63329,29356372.85,2795.0,463.55,EQ
03-08-2016,468.0,469.9,454.0,455.4,461.0,484.0,245.6,177241,81169056.05,3108.0,457.96,EQ
04-08-2016,469.0,469.0,454.8,457.5,459.45,484.0,245.6,44005,20240537.05,6965.0,459.96,EQ
05-08-2016,463.0,463.0,454.6,456.95,455.2,484.0,245.6,18415,8433483.85,1517.0,457.97,EQ
08-08-2016,460.45,461.95,455.0,456.75,458.0,484.0,245.6,16219,7418314.3,988.0,457.38,EQ
09-08-2016,459.9,460.7,454.0,455.1,456.0,484.0,245.6,16432,7496148.2,1384.0,456.19,EQ
10-08-2016,455.05,460.0,452.7,455.3,455.05,484.0,245.6,72239,32876339.4,2160.0,455.11,EQ
11-08-2016,460.0,460.0,450.7,455.2,455.5,484.0,245.6,17026,7718927.4,1619.0,453.36,EQ
12-08-2016,450.05,457.95,450.05,455.05,455.5,484.0,245.6,28108,12778397.3,1554.0,454.62,EQ
16-08-2016,458.75,458.75,452.05,455.15,455.0,484.0,245.6,15345,6985226.15,1284.0,455.21,EQ
17-08-2016,451.35,468.15,451.35,459.4,459.0,484.0,245.6,45127,20860685.2,2505.0,462.27,EQ
18-08-2016,455.05,465.0,455.05,458.15,458.6,484.0,245.6,18610,8540567.25,2245.0,458.92,EQ
19-08-2016,458.0,460.0,457.35,458.9,459.0,484.0,245.6,28496,13076008.45,936.0,458.87,EQ
22-08-2016,466.0,466.0,441.2,459.85,460.0,484.0,245.6,38595,17594876.5,1080.0,455.88,EQ
23-08-2016,457.2,462.0,457.2,460.1,462.0,484.0,245.6,33157,15257055.45,910.0,460.15,EQ
24-08-2016,465.0,484.9,460.0,482.3,481.2,484.9,245.6,65086,30942256.35,4564.0,475.41,EQ
25-08-2016,486.95,493.9,471.3,473.9,472.0,493.9,245.6,84782,40900423.5,5250.0,482.42,EQ
26-08-2016,470.15,497.5,450.1,460.5,463.0,497.5,245.6,680084,324121328.55,21182.0,476.59,EQ
29-08-2016,479.85,479.85,466.25,473.4,474.55,497.5,245.6,107291,50706709.3,3963.0,472.61,EQ
30-08-2016,476.0,485.0,473.5,477.9,477.5,497.5,245.6,84982,40829745.75,3736.0,480.45,EQ
31-08-2016,485.25,486.6,479.3,485.9,486.25,497.5,245.6,47973,23241300.35,2412.0,484.47,EQ
01-09-2016,487.0,487.0,477.15,482.0,481.35,497.5,245.6,29410,14183132.45,1928.0,482.26,EQ
02-09-2016,482.4,482.55,459.9,465.45,474.2,497.5,245.6,37891,17816606.0,2146.0,470.21,EQ
06-09-2016,468.9,473.45,465.2,471.5,471.75,497.5,245.6,31981,15051285.55,1051.0,470.63,EQ
07-09-2016,475.0,477.8,468.75,470.95,470.5,497.5,245.6,52731,24845707.95,1404.0,471.18,EQ
08-09-2016,470.5,474.75,468.0,472.1,474.0,497.5,245.6,63469,29899926.7,833.0,471.09,EQ
09-09-2016,473.8,476.7,467.0,470.55,471.4,497.5,245.6,49209,23060862.5,1212.0,468.63,EQ
12-09-2016,469.0,469.95,462.0,468.8,467.0,497.5,245.6,31444,14708122.3,1679.0,467.76,EQ
14-09-2016,473.5,475.45,466.05,469.5,471.0,497.5,245.6,186632,87372246.15,1083.0,468.15,EQ
15-09-2016,466.2,484.9,466.2,480.25,483.0,497.5,245.6,44347,21102294.6,2490.0,475.84,EQ
16-09-2016,483.0,485.85,473.15,476.75,477.05,497.5,245.6,38708,18635650.95,3047.0,481.44,EQ
19-09-2016,476.75,479.35,468.8,470.75,471.0,497.5,245.6,200574,94321045.95,1397.0,470.26,EQ
20-09-2016,476.5,476.5,470.0,472.5,472.8,497.5,245.6,12721,6003270.3,941.0,471.92,EQ
21-09-2016,476.0,484.3,469.0,476.25,476.8,497.5,245.6,32096,15333788.35,2085.0,477.75,EQ
22-09-2016,480.05,480.05,465.0,467.4,465.4,497.5,245.6,24343,11457009.8,1340.0,470.65,EQ
23-09-2016,471.8,474.3,463.35,465.8,468.85,497.5,245.6,89685,41885028.7,2477.0,467.02,EQ
26-09-2016,466.0,472.0,455.65,460.0,464.85,497.5,245.6,56053,25912814.5,1897.0,462.29,EQ
27-09-2016,462.45,465.9,458.75,461.0,465.0,497.5,245.6,22915,10574538.6,1616.0,461.47,EQ
28-09-2016,468.0,468.0,455.0,455.95,455.3,497.5,245.6,29598,13556327.85,1773.0,458.01,EQ
29-09-2016,456.0,468.45,444.0,455.05,455.0,497.5,245.6,92602,42108993.6,3445.0,454.73,EQ
30-09-2016,450.0,453.65,448.5,451.05,451.65,497.5,245.6,46087,20751552.9,3181.0,450.27,EQ
03-10-2016,451.75,465.0,450.0,454.95,456.0,497.5,245.6,65205,29590164.35,6985.0,453.8,EQ
04-10-2016,454.95,459.0,451.0,457.15,456.0,497.5,245.6,14969,6823387.05,1494.0,455.83,EQ
05-10-2016,460.0,462.0,451.0,459.45,462.0,497.5,245.6,25142,11497775.55,1520.0,457.31,EQ
06-10-2016,455.0,461.0,453.2,457.95,458.05,497.5,245.6,22730,10411857.95,2166.0,458.07,EQ
07-10-2016,458.0,470.0,458.0,468.55,469.9,497.5,245.6,41268,19141477.05,2336.0,463.83,EQ
10-10-2016,468.0,472.0,459.65,460.35,460.05,497.5,260.4,44353,20484820.55,1420.0,461.86,EQ
13-10-2016,456.65,466.0,455.1,464.75,463.25,497.5,260.4,45306,20992554.1,1836.0,463.35,EQ
14-10-2016,460.2,466.75,455.75,459.2,458.0,497.5,260.4,9651,4432024.5,981.0,459.23,EQ
17-10-2016,462.0,464.0,452.5,456.9,457.0,497.5,260.4,63458,29025092.95,2441.0,457.39,EQ
18-10-2016,456.0,465.0,451.3,460.8,462.0,497.5,260.4,151058,69358467.95,3092.0,459.15,EQ
19-10-2016,455.1,464.6,449.3,455.25,456.75,497.5,260.4,86596,39248053.85,9926.0,453.23,EQ
20-10-2016,461.0,463.0,453.0,455.1,458.0,497.5,260.4,33673,15379757.65,1845.0,456.74,EQ
21-10-2016,454.9,464.85,446.05,456.3,456.0,497.5,260.4,33564,15318722.95,2396.0,456.4,EQ
24-10-2016,452.5,463.0,452.0,460.4,463.0,497.5,260.4,25217,11524098.7,3238.0,457.0,EQ
25-10-2016,452.5,463.0,452.5,456.0,455.0,497.5,260.4,14744,6745556.9,1791.0,457.51,EQ
26-10-2016,456.05,458.3,452.1,453.35,453.0,497.5,260.4,12710,5772768.15,778.0,454.19,EQ
27-10-2016,455.05,458.3,451.1,453.95,453.0,497.5,260.4,14160,6432331.75,2744.0,454.26,EQ
28-10-2016,443.25,455.05,443.25,450.4,449.1,497.5,260.4,14419,6513129.7,1572.0,451.7,EQ
30-10-2016,456.0,465.0,456.0,463.15,464.6,497.5,260.4,13182,6088130.7,678.0,461.85,EQ
01-11-2016,456.5,460.0,452.05,457.3,457.0,497.5,260.4,18441,8422613.55,2311.0,456.73,EQ
02-11-2016,452.1,455.0,450.0,450.95,451.3,497.5,260.4,39927,18012871.35,2969.0,451.15,EQ
03-11-2016,450.05,454.9,450.05,452.0,452.0,497.5,260.4,22926,10372970.5,1783.0,452.45,EQ
04-11-2016,450.15,452.65,438.25,443.9,444.5,497.5,260.4,20266,9023709.05,1871.0,445.26,EQ
07-11-2016,460.0,460.0,445.0,445.85,446.0,497.5,260.4,9011,4018911.6,939.0,446.0,EQ
08-11-2016,455.0,455.0,441.0,444.25,444.55,497.5,260.4,12390,5514003.9,1319.0,445.04,EQ
09-11-2016,425.0,450.55,406.25,446.15,444.2,497.5,260.4,31675,13748872.9,2456.0,434.06,EQ
10-11-2016,448.5,465.0,442.7,453.35,452.0,497.5,260.4,14943,6787085.8,1255.0,454.2,EQ
11-11-2016,451.0,455.0,422.6,433.65,432.5,497.5,260.4,36514,15860586.7,2881.0,434.37,EQ
15-11-2016,448.0,487.1,407.0,415.3,415.05,497.5,260.4,61168,25414350.25,4581.0,415.48,EQ
16-11-2016,410.55,429.5,410.55,413.3,411.05,497.5,260.4,23723,9879992.4,2545.0,416.47,EQ
17-11-2016,415.0,421.8,396.5,399.9,398.05,497.5,260.4,150469,60270256.1,2807.0,400.55,EQ
18-11-2016,404.0,410.0,396.0,408.3,409.0,497.5,260.4,71921,28856776.35,1455.0,401.23,EQ
21-11-2016,410.0,415.1,381.0,388.05,388.0,497.5,260.4,152050,59390932.6,9885.0,390.6,EQ
22-11-2016,390.0,424.4,390.0,416.85,415.0,497.5,260.4,58205,23805775.9,1940.0,409.0,EQ
23-11-2016,419.8,420.0,400.0,405.45,406.0,497.5,260.4,19559,7964808.65,1787.0,407.22,EQ
24-11-2016,403.0,408.0,401.45,405.6,405.0,497.5,260.4,183997,75027703.05,982.0,407.77,EQ
25-11-2016,410.0,424.95,404.05,422.05,424.95,497.5,260.4,64698,26883870.7,1031.0,415.53,EQ
28-11-2016,408.05,427.0,408.05,422.8,424.85,497.5,260.4,49233,20671930.5,2695.0,419.88,EQ
29-11-2016,416.05,429.0,416.05,426.4,426.0,497.5,260.4,25016,10596479.25,4259.0,423.59,EQ
30-11-2016,420.0,445.3,420.0,441.6,441.0,497.5,260.4,68954,29708142.15,3495.0,430.84,EQ
01-12-2016,439.0,446.0,430.3,437.45,436.45,497.5,260.4,16339,7132352.05,1000.0,436.52,EQ
02-12-2016,430.0,435.0,425.0,428.5,425.0,497.5,260.4,18811,8053856.4,1194.0,428.15,EQ
05-12-2016,420.35,434.1,411.0,420.1,418.5,497.5,260.4,80321,33775011.35,3771.0,420.5,EQ
06-12-2016,421.0,431.0,415.1,417.8,418.05,497.5,260.4,22925,9642283.35,1677.0,420.6,EQ
07-12-2016,417.35,420.5,413.5,414.35,415.0,497.5,260.4,19310,8013020.35,1822.0,414.97,EQ
08-12-2016,420.95,425.0,412.55,422.05,424.9,497.5,260.4,56253,23636644.5,4115.0,420.18,EQ
09-12-2016,434.0,434.8,416.3,418.25,418.5,497.5,260.4,110657,46770349.4,4874.0,422.66,EQ
12-12-2016,419.0,425.0,413.55,421.8,425.0,497.5,260.4,28457,11910143.2,2597.0,418.53,EQ
13-12-2016,421.8,429.65,418.0,424.85,427.95,497.5,260.4,19385,8205698.0,2840.0,423.3,EQ
14-12-2016,429.9,429.9,420.0,426.9,428.0,497.5,260.4,23892,10192047.1,2340.0,426.59,EQ
15-12-2016,420.0,435.0,420.0,430.9,431.8,497.5,260.4,24016,10348916.3,2043.0,430.92,EQ
16-12-2016,427.05,433.4,427.05,431.55,432.0,497.5,260.4,14611,6303234.25,1109.0,431.4,EQ
19-12-2016,433.2,434.9,422.95,433.2,434.9,497.5,260.4,18618,8006385.0,1451.0,430.03,EQ
20-12-2016,425.3,437.2,425.3,430.35,430.2,497.5,260.4,56844,24526178.35,3152.0,431.46,EQ
21-12-2016,425.0,434.95,425.0,430.85,431.0,497.5,260.4,12703,5467001.3,2336.0,430.37,EQ
22-12-2016,429.95,431.9,428.55,429.8,429.7,497.5,260.4,18828,8090910.25,600.0,429.73,EQ
23-12-2016,426.05,438.65,426.05,436.2,434.0,497.5,260.4,13006,5627059.85,1355.0,432.65,EQ
26-12-2016,436.0,437.1,429.1,430.85,433.0,497.5,260.4,70654,30396021.75,1048.0,430.21,EQ
27-12-2016,434.0,434.0,429.95,432.45,431.05,497.5,260.4,7257,3127318.9,350.0,430.94,EQ
28-12-2016,430.4,437.0,430.0,431.05,431.25,497.5,260.4,12462,5398560.8,975.0,433.2,EQ
29-12-2016,434.9,454.0,430.25,449.9,447.4,497.5,260.4,37952,16738105.3,2471.0,441.03,EQ
30-12-2016,451.0,457.0,433.0,435.0,438.0,497.5,260.4,68676,30142499.95,2314.0,438.91,EQ
02-01-2017,439.95,441.4,430.1,438.75,436.25,497.5,260.4,7224,3148998.7,584.0,435.91,EQ
03-01-2017,438.8,447.9,430.35,445.0,443.75,497.5,260.4,23810,10532583.4,1592.0,442.36,EQ
04-01-2017,440.8,451.0,439.65,440.3,440.0,497.5,260.4,19551,8647749.05,2306.0,442.32,EQ
05-01-2017,443.95,446.5,438.1,441.1,441.0,497.5,260.4,39144,17294872.35,2814.0,441.83,EQ
06-01-2017,446.45,450.0,439.95,446.75,448.0,497.5,260.4,29032,12928086.25,2186.0,445.3,EQ
09-01-2017,440.15,445.8,440.1,442.2,442.25,497.5,260.4,10324,4565046.5,2262.0,442.18,EQ
10-01-2017,442.15,447.0,438.2,445.15,446.0,497.5,260.4,12339,5462214.9,1895.0,442.68,EQ
11-01-2017,448.0,448.9,435.0,445.8,445.5,497.5,260.4,19123,8486298.95,1812.0,443.77,EQ
12-01-2017,444.4,445.1,438.05,443.65,445.0,497.5,260.4,15384,6804534.55,1080.0,442.31,EQ
13-01-2017,443.65,446.0,442.0,444.4,444.1,497.5,260.4,12915,5724255.6,1042.0,443.23,EQ
16-01-2017,440.25,452.0,440.25,449.75,450.0,497.5,260.4,61527,27648036.05,1433.0,449.36,EQ
17-01-2017,450.1,454.0,446.0,449.8,448.0,497.5,260.4,17925,8056660.75,1205.0,449.47,EQ
18-01-2017,452.95,452.95,446.0,450.0,450.0,497.5,260.4,125340,56401405.2,1330.0,449.99,EQ
19-01-2017,450.05,456.05,447.1,454.8,455.0,497.5,260.4,27621,12444409.05,1946.0,450.54,EQ
20-01-2017,455.0,458.6,449.9,452.15,453.0,497.5,260.4,121429,54893675.55,3920.0,452.06,EQ
23-01-2017,452.2,457.0,451.75,452.55,453.75,497.5,272.5,14324,6484581.5,811.0,452.71,EQ
24-01-2017,457.7,457.7,449.95,454.95,455.0,497.5,272.5,22166,10035693.25,2558.0,452.75,EQ
25-01-2017,454.6,456.9,452.25,455.1,455.95,497.5,272.5,81872,37187550.8,1111.0,454.22,EQ
27-01-2017,455.75,464.6,453.8,463.1,462.05,497.5,272.5,28926,13322536.7,837.0,460.57,EQ
30-01-2017,463.1,491.5,458.05,485.6,485.5,497.5,272.5,214658,101941119.55,2981.0,474.9,EQ
31-01-2017,485.0,503.9,480.0,495.15,495.0,503.9,272.5,127988,63201676.9,7508.0,493.81,EQ
01-02-2017,491.0,501.0,489.95,492.15,492.5,503.9,272.5,100750,49935788.7,3706.0,495.64,EQ
02-02-2017,492.5,497.0,485.0,489.45,490.6,503.9,272.5,22771,11134088.1,2015.0,488.96,EQ
03-02-2017,489.5,493.95,485.0,491.45,488.0,503.9,272.5,20137,9876109.2,1131.0,490.45,EQ
06-02-2017,507.0,515.0,500.0,502.3,501.1,515.0,272.5,271543,138986816.4,5009.0,511.84,EQ
07-02-2017,505.0,511.75,490.0,493.95,494.8,515.0,272.5,107686,53957841.85,5767.0,501.07,EQ
08-02-2017,495.0,499.75,483.0,487.6,490.0,515.0,272.5,66770,32580351.5,3285.0,487.95,EQ
09-02-2017,495.0,504.0,490.15,501.8,504.0,515.0,272.5,199040,99670413.65,2933.0,500.76,EQ
10-02-2017,507.8,508.9,499.6,502.95,505.3,515.0,272.5,25570,12881686.1,1569.0,503.78,EQ
13-02-2017,514.8,514.8,499.25,501.9,500.2,515.0,292.0,20471,10292714.8,562.0,502.79,EQ
14-02-2017,498.1,505.4,497.05,500.15,502.0,515.0,292.0,15028,7515474.15,524.0,500.1,EQ
15-02-2017,504.9,509.0,499.0,501.95,505.95,515.0,292.0,55761,27917297.9,1409.0,500.66,EQ
16-02-2017,501.95,510.0,499.7,507.95,509.8,515.0,292.0,28734,14534842.65,1209.0,505.84,EQ
17-02-2017,507.1,517.7,506.2,515.3,515.0,517.7,292.0,56071,28765388.8,2217.0,513.02,EQ
20-02-2017,512.0,519.0,510.0,516.85,516.1,519.0,298.0,22439,11542896.5,1605.0,514.41,EQ
21-02-2017,515.0,523.7,515.0,521.45,522.5,523.7,298.0,33090,17239588.35,2312.0,520.99,EQ
22-02-2017,521.0,545.0,521.0,531.2,530.1,545.0,298.0,310765,163854133.25,5014.0,527.26,EQ
23-02-2017,523.5,535.0,523.5,528.3,531.0,545.0,298.0,94326,49895409.75,1383.0,528.97,EQ
27-02-2017,534.95,542.95,528.25,535.65,538.5,545.0,302.05,47506,25417267.3,2150.0,535.03,EQ
28-02-2017,536.65,539.45,530.0,537.7,539.45,545.0,302.05,20783,11137874.2,1014.0,535.91,EQ
01-03-2017,539.5,543.4,535.0,540.95,543.4,545.0,302.05,17814,9612817.5,1027.0,539.62,EQ
02-03-2017,544.0,546.95,537.55,544.75,545.0,546.95,302.05,44767,24336507.95,1432.0,543.63,EQ
03-03-2017,540.15,558.0,540.1,553.85,551.5,558.0,302.05,60933,33571034.15,2779.0,550.95,EQ
06-03-2017,553.85,557.9,531.0,543.45,546.0,558.0,340.0,46592,25244052.25,4160.0,541.81,EQ
07-03-2017,548.0,548.0,534.0,535.45,535.0,558.0,340.0,17208,9251145.55,1670.0,537.61,EQ
08-03-2017,544.0,552.1,527.65,530.15,530.0,558.0,340.0,27327,14633887.3,3512.0,535.51,EQ
09-03-2017,534.9,549.95,530.2,537.9,539.0,558.0,340.0,60088,32257598.35,2167.0,536.84,EQ
10-03-2017,540.05,546.0,531.0,532.8,531.0,558.0,340.0,11850,6365045.9,852.0,537.13,EQ
14-03-2017,538.0,549.9,535.1,545.55,542.2,558.0,349.05,27638,15000068.55,1961.0,542.73,EQ
15-03-2017,545.55,549.85,538.1,541.15,542.15,558.0,349.05,17561,9500543.1,951.0,541.0,EQ
16-03-2017,541.9,551.0,534.05,548.45,548.2,558.0,349.05,431562,233432313.95,3342.0,540.9,EQ
17-03-2017,555.0,555.0,541.0,544.95,542.0,558.0,349.05,32095,17563325.8,1748.0,547.23,EQ
20-03-2017,545.0,547.6,538.3,544.4,540.0,558.0,349.05,36183,19696878.4,1377.0,544.37,EQ
21-03-2017,543.85,546.45,540.3,544.25,545.9,558.0,349.05,14310,7780150.75,662.0,543.69,EQ
22-03-2017,544.25,544.25,530.8,533.05,533.0,558.0,349.05,70493,37615561.65,1905.0,533.61,EQ
23-03-2017,544.85,544.85,531.05,535.15,534.15,558.0,349.05,9198,4933374.8,718.0,536.35,EQ
24-03-2017,535.15,548.5,535.15,545.25,545.0,558.0,349.05,34514,18804160.95,2460.0,544.83,EQ
27-03-2017,546.95,546.95,540.15,545.3,545.0,558.0,350.1,28229,15378530.55,1760.0,544.78,EQ
28-03-2017,545.3,553.0,544.45,550.05,551.05,558.0,350.1,35233,19258256.05,2578.0,546.6,EQ
29-03-2017,553.95,554.0,546.05,550.3,550.5,558.0,350.1,28546,15717415.45,6055.0,550.6,EQ
30-03-2017,553.15,571.95,552.95,569.3,571.95,571.95,350.1,64880,36596138.15,4164.0,564.06,EQ
31-03-2017,572.5,582.4,566.95,578.95,580.0,582.4,350.1,157275,90972236.5,4042.0,578.43,EQ
03-04-2017,584.95,599.0,570.15,590.2,585.0,599.0,351.0,78505,45761116.85,5679.0,582.91,EQ
05-04-2017,591.0,598.4,585.1,590.1,595.0,599.0,351.0,72246,42651789.55,5545.0,590.37,EQ
06-04-2017,596.95,596.95,570.0,576.05,573.5,599.0,351.0,84289,48561608.55,2717.0,576.13,EQ
07-04-2017,573.4,582.3,565.0,570.05,570.2,599.0,351.0,76467,44047145.1,3023.0,576.03,EQ
10-04-2017,570.2,579.95,570.0,571.7,572.0,599.0,351.0,26661,15316054.7,1483.0,574.47,EQ
11-04-2017,570.15,575.0,556.0,568.1,572.0,599.0,351.0,49905,28250611.65,1919.0,566.09,EQ
12-04-2017,574.7,574.9,561.0,561.75,562.85,599.0,351.0,44664,25197108.4,1823.0,564.15,EQ
13-04-2017,555.0,573.9,553.0,559.8,559.0,599.0,351.0,44387,24767918.35,2134.0,558.0,EQ
17-04-2017,559.8,571.8,551.0,558.45,558.55,599.0,354.85,38720,21928782.05,1351.0,566.34,EQ
18-04-2017,564.95,568.45,557.0,560.6,558.6,599.0,354.85,24023,13519420.9,813.0,562.77,EQ
19-04-2017,556.6,568.7,551.0,561.85,564.0,599.0,354.85,55596,30895952.9,1213.0,555.72,EQ
20-04-2017,562.0,566.95,556.1,558.55,560.0,599.0,354.85,14741,8253569.6,963.0,559.91,EQ
21-04-2017,560.0,564.9,554.0,559.2,558.1,599.0,354.85,31674,17741778.1,2391.0,560.14,EQ
24-04-2017,565.0,565.55,555.15,561.8,560.0,599.0,354.85,32265,18132873.15,1990.0,562.0,EQ
25-04-2017,564.3,583.65,559.0,579.2,581.0,599.0,354.85,83472,47545773.85,6074.0,569.6,EQ
26-04-2017,586.1,590.1,562.4,576.25,574.95,599.0,354.85,45187,26372716.65,4170.0,583.64,EQ
27-04-2017,575.05,577.4,563.55,573.7,575.0,599.0,354.85,20911,11925812.65,1261.0,570.31,EQ
28-04-2017,574.95,582.0,564.0,578.05,580.8,599.0,354.85,38616,22197431.8,1643.0,574.82,EQ
02-05-2017,583.95,583.95,564.05,565.35,565.0,599.0,355.25,60736,34481008.7,1881.0,567.72,EQ
03-05-2017,570.75,570.75,554.0,557.1,554.2,599.0,355.25,105611,58970062.1,1564.0,558.37,EQ
04-05-2017,553.0,561.3,551.15,552.05,554.7,599.0,355.25,163246,90183364.55,1912.0,552.44,EQ
05-05-2017,557.0,585.0,551.2,576.7,575.0,599.0,355.25,76490,43860612.6,3221.0,573.42,EQ
08-05-2017,578.0,584.0,561.05,565.05,568.5,599.0,361.0,19581,11166157.15,967.0,570.25,EQ
09-05-2017,570.0,601.85,565.05,590.4,594.0,601.85,361.0,195981,115683532.55,10006.0,590.28,EQ
10-05-2017,593.5,606.8,589.0,592.9,590.0,606.8,361.0,98526,59130540.0,3287.0,600.15,EQ
11-05-2017,602.0,609.45,594.1,596.8,595.0,609.45,361.0,49128,29584512.65,2067.0,602.19,EQ
12-05-2017,608.0,608.0,585.0,589.25,590.0,609.45,361.0,38499,22820979.25,1496.0,592.77,EQ
15-05-2017,598.75,606.0,588.8,603.3,602.0,609.45,381.0,36963,22137542.5,2348.0,598.91,EQ
16-05-2017,607.35,615.9,600.1,612.7,612.9,615.9,381.0,83639,51086700.3,3105.0,610.8,EQ
17-05-2017,615.0,615.0,607.0,611.8,612.0,615.9,381.0,19865,12142117.35,941.0,611.23,EQ
18-05-2017,610.0,615.0,602.25,604.45,604.9,615.9,381.0,18020,10967400.35,953.0,608.62,EQ
19-05-2017,610.0,610.0,592.2,604.6,606.0,615.9,381.0,32492,19567886.25,1797.0,602.24,EQ
22-05-2017,601.1,605.65,591.0,592.9,593.0,615.9,381.0,23623,14059430.75,1132.0,595.16,EQ
23-05-2017,591.9,604.5,582.55,586.1,587.0,615.9,381.0,42716,25206288.7,1938.0,590.09,EQ
24-05-2017,585.0,590.85,582.55,585.15,587.0,615.9,381.0,31386,18395447.8,1330.0,586.1,EQ
25-05-2017,594.9,594.9,584.05,588.85,587.05,615.9,381.0,36764,21640462.65,1292.0,588.63,EQ
26-05-2017,595.0,597.0,582.55,587.6,585.5,615.9,381.0,72251,42699764.1,3016.0,590.99,EQ
29-05-2017,605.0,622.0,595.0,601.35,600.0,622.0,381.0,189138,114738774.85,4827.0,606.64,EQ
30-05-2017,604.95,605.0,591.55,598.8,600.0,622.0,381.0,54623,32760292.9,10573.0,599.75,EQ
31-05-2017,595.6,614.4,595.6,609.0,611.5,622.0,381.0,76500,46506910.65,5141.0,607.93,EQ
01-06-2017,614.95,633.8,605.55,628.1,626.0,633.8,381.0,70689,43905150.15,4363.0,621.1,EQ
02-06-2017,635.0,651.5,625.85,640.65,635.0,651.5,381.0,151282,97650226.8,4565.0,645.48,EQ
05-06-2017,643.4,665.0,642.0,660.6,657.0,665.0,381.0,167318,109772822.15,8457.0,656.07,EQ
06-06-2017,661.95,670.5,659.05,660.55,662.0,670.5,381.0,122474,81670630.85,9163.0,666.84,EQ
07-06-2017,667.0,669.0,663.0,667.85,668.0,670.5,381.0,60321,40265333.2,7355.0,667.52,EQ
08-06-2017,668.0,668.0,657.0,661.8,660.05,670.5,381.0,28571,18931817.4,2613.0,662.62,EQ
09-06-2017,660.45,663.0,632.05,638.95,637.2,670.5,381.0,86331,56339851.65,4298.0,652.6,EQ
12-06-2017,648.95,660.0,636.0,646.0,645.5,670.5,381.0,120786,78596528.45,7221.0,650.71,EQ
13-06-2017,645.15,648.3,631.0,632.6,632.0,670.5,381.0,28560,18253836.9,1387.0,639.14,EQ
14-06-2017,625.5,636.55,614.75,618.4,617.9,670.5,381.0,89678,56031131.15,4265.0,624.8,EQ
15-06-2017,620.0,625.0,604.0,608.55,610.95,670.5,381.0,150811,91991672.3,5293.0,609.98,EQ
16-06-2017,610.0,627.0,610.0,621.85,622.0,670.5,381.0,41504,25816961.35,1767.0,622.04,EQ
19-06-2017,624.9,632.95,619.1,621.6,620.5,670.5,381.0,41687,26134372.3,1549.0,626.92,EQ
20-06-2017,628.0,629.35,610.85,613.75,613.5,670.5,381.0,43138,26817688.1,3784.0,621.67,EQ
21-06-2017,620.0,620.0,605.45,608.45,611.0,670.5,381.0,35892,21904687.05,3153.0,610.29,EQ
22-06-2017,613.95,621.0,605.0,609.3,609.75,670.5,381.0,31936,19592401.25,1641.0,613.49,EQ
23-06-2017,612.0,616.7,603.1,612.7,608.5,670.5,381.0,112435,68888712.35,2274.0,612.7,EQ
27-06-2017,612.7,620.0,596.8,601.4,600.1,670.5,381.0,32991,19961295.95,2699.0,605.05,EQ
28-06-2017,603.7,609.0,601.05,601.95,601.7,670.5,381.0,32532,19638505.15,911.0,603.67,EQ
29-06-2017,609.65,610.25,605.0,608.2,608.55,670.5,381.0,36443,22204940.0,3157.0,609.31,EQ
30-06-2017,603.0,606.0,596.0,603.8,604.65,670.5,381.0,25895,15560599.9,1600.0,600.91,EQ
03-07-2017,614.0,629.7,604.7,616.85,619.95,670.5,381.0,64298,39859734.1,3883.0,619.92,EQ
04-07-2017,624.85,624.85,602.2,607.5,606.5,670.5,381.0,54408,33252729.3,3344.0,611.17,EQ
05-07-2017,615.9,624.9,612.0,615.1,615.3,670.5,381.0,66022,40781926.3,1763.0,617.7,EQ
06-07-2017,621.0,623.0,615.1,621.35,620.2,670.5,381.0,56254,34903444.6,2422.0,620.46,EQ
07-07-2017,624.0,624.0,619.05,620.7,621.5,670.5,381.0,22416,13909872.7,2063.0,620.53,EQ
10-07-2017,625.9,631.95,605.5,616.2,617.0,670.5,381.0,9102,5616218.3,444.0,617.03,EQ
11-07-2017,618.05,623.0,613.0,619.75,619.95,670.5,381.0,266712,165315440.3,1813.0,619.83,EQ
12-07-2017,624.9,627.1,616.85,624.95,625.0,670.5,381.0,116802,72485132.4,961.0,620.58,EQ
13-07-2017,621.0,670.9,621.0,660.4,657.0,670.9,381.0,194184,126942162.6,7045.0,653.72,EQ
14-07-2017,662.0,665.9,642.0,645.75,643.95,670.9,381.0,88092,57599548.65,8340.0,653.86,EQ
17-07-2017,649.25,654.2,637.0,641.7,642.9,670.9,381.0,34140,22002973.55,2605.0,644.49,EQ
18-07-2017,640.0,640.0,625.2,629.15,629.0,670.9,381.0,41378,26077860.25,2926.0,630.23,EQ
19-07-2017,634.8,635.85,625.25,633.15,632.0,670.9,381.0,24428,15401683.55,1699.0,630.49,EQ
20-07-2017,637.0,638.95,626.55,628.75,632.0,670.9,381.0,30039,18977858.65,2258.0,631.77,EQ
21-07-2017,634.0,635.75,618.6,619.95,622.0,670.9,381.0,39205,24529143.25,3722.0,625.66,EQ
24-07-2017,621.0,632.95,620.0,622.35,624.0,670.9,381.0,14707,9176478.3,1194.0,623.95,EQ
25-07-2017,633.8,633.8,617.0,625.35,625.55,670.9,381.0,89564,55559246.25,1073.0,620.33,EQ
26-07-2017,619.0,630.0,616.5,617.35,619.9,670.9,381.0,37245,23081524.9,1506.0,619.72,EQ
27-07-2017,610.5,616.0,603.0,604.7,603.0,670.9,381.0,49872,30339748.65,2675.0,608.35,EQ
28-07-2017,606.9,618.0,601.05,609.7,610.95,670.9,381.0,277572,168823963.2,3054.0,608.22,EQ
31-07-2017,611.0,611.25,601.15,607.15,608.0,670.9,381.0,141014,85326788.25,2342.0,605.09,EQ
01-08-2017,606.0,612.75,605.0,607.75,605.0,670.9,381.0,22322,13601534.55,1829.0,609.33,EQ
02-08-2017,608.0,617.6,600.0,603.75,602.0,670.9,381.0,45401,27530141.3,2882.0,606.38,EQ
03-08-2017,614.0,614.0,587.0,591.5,592.0,670.9,381.0,67712,40397853.25,3309.0,596.61,EQ
04-08-2017,595.0,595.05,579.0,585.85,585.0,670.9,381.0,44831,26137330.5,2081.0,583.02,EQ
07-08-2017,586.0,597.15,586.0,587.95,586.15,670.9,381.0,21566,12798129.85,1406.0,593.44,EQ
08-08-2017,590.0,594.5,575.0,588.25,589.5,670.9,381.0,31719,18627296.65,2200.0,587.26,EQ
09-08-2017,581.0,588.5,579.15,582.5,582.0,670.9,381.0,48963,28478324.3,5335.0,581.63,EQ
10-08-2017,596.0,596.0,578.05,580.95,584.5,670.9,381.0,39387,22920866.55,4092.0,581.94,EQ
11-08-2017,580.95,582.3,560.6,574.4,575.0,670.9,381.0,35544,20369919.35,3016.0,573.09,EQ
14-08-2017,575.0,588.25,562.25,585.9,585.0,670.9,381.0,55326,31941198.3,4163.0,577.33,EQ
16-08-2017,589.9,594.8,578.0,589.45,589.0,670.9,381.0,20102,11814965.1,1834.0,587.75,EQ
17-08-2017,590.0,605.9,586.05,599.0,602.8,670.9,381.0,45318,27218030.95,4734.0,600.6,EQ
18-08-2017,598.9,599.0,587.4,590.0,591.95,670.9,381.0,49685,29330194.1,9140.0,590.32,EQ
21-08-2017,590.0,596.0,567.0,590.35,590.0,670.9,381.0,59097,34689521.3,9555.0,586.99,EQ
22-08-2017,596.75,596.75,583.95,590.1,590.0,670.9,381.0,43059,25302290.35,3475.0,587.62,EQ
23-08-2017,591.25,603.2,587.65,600.55,597.5,670.9,381.0,23774,14131357.5,1516.0,594.4,EQ
24-08-2017,602.0,607.5,596.2,605.25,607.5,670.9,381.0,21296,12825440.0,1412.0,602.25,EQ
28-08-2017,600.0,613.25,600.0,612.6,613.0,670.9,381.0,46351,28183621.75,2969.0,608.05,EQ
29-08-2017,603.25,613.75,603.25,610.7,607.0,670.9,381.0,18705,11395687.1,2762.0,609.23,EQ
30-08-2017,612.5,614.9,603.6,606.8,606.0,670.9,381.0,41620,25235526.8,2589.0,606.33,EQ
31-08-2017,603.1,613.0,603.1,611.1,610.05,670.9,381.0,20642,12571765.25,1224.0,609.04,EQ
01-09-2017,609.0,611.95,604.55,607.0,607.0,670.9,381.0,16436,9987278.1,1152.0,607.65,EQ
04-09-2017,606.0,612.5,606.0,608.5,608.5,670.9,381.0,23124,14059438.0,1590.0,608.0,EQ
05-09-2017,605.0,612.15,605.0,607.2,609.0,670.9,381.0,33559,20407941.45,1069.0,608.12,EQ
06-09-2017,606.95,607.6,599.95,602.35,603.5,670.9,381.0,21448,12941096.2,2237.0,603.37,EQ
07-09-2017,605.0,610.15,602.0,607.0,607.0,670.9,381.0,21861,13238411.5,3399.0,605.57,EQ
08-09-2017,609.9,609.9,601.05,603.9,603.0,670.9,381.0,22069,13313096.8,3662.0,603.25,EQ
11-09-2017,604.0,610.0,604.0,608.7,608.0,670.9,381.0,24397,14820973.05,1229.0,607.49,EQ
12-09-2017,608.7,627.7,607.0,624.85,627.3,670.9,381.0,131487,81428076.95,5552.0,619.29,EQ
13-09-2017,635.0,637.9,622.0,623.45,624.0,670.9,381.0,62081,39014584.5,2997.0,628.45,EQ
14-09-2017,623.45,631.85,623.0,626.4,627.0,670.9,381.0,21096,13221367.3,1532.0,626.72,EQ
15-09-2017,626.0,665.0,620.1,650.75,662.0,670.9,381.0,139898,89791185.95,6145.0,641.83,EQ
18-09-2017,650.75,688.0,640.1,683.2,685.0,688.0,381.0,144166,96309346.2,5220.0,668.04,EQ
19-09-2017,689.0,692.8,656.15,662.9,661.0,692.8,381.0,94421,63476299.55,4202.0,672.27,EQ
20-09-2017,664.9,672.8,645.0,648.8,648.15,692.8,381.0,34574,22808474.55,2589.0,659.7,EQ
21-09-2017,656.0,656.0,630.5,635.9,633.5,692.8,381.0,38503,24591923.7,1955.0,638.7,EQ
22-09-2017,636.9,643.05,610.0,614.45,610.0,692.8,381.0,35472,22028887.2,2070.0,621.02,EQ
25-09-2017,625.0,630.0,608.5,621.1,620.0,692.8,381.0,35320,21827169.85,1728.0,617.98,EQ
26-09-2017,617.0,621.45,608.0,616.95,620.05,692.8,381.0,64647,39664167.95,3601.0,613.55,EQ
27-09-2017,620.0,620.95,609.0,610.65,609.3,692.8,381.0,41012,25116075.85,3476.0,612.41,EQ
28-09-2017,604.2,620.1,604.2,617.55,616.75,692.8,381.0,38552,23566294.1,1462.0,611.29,EQ
29-09-2017,619.2,639.0,610.3,634.8,631.05,692.8,381.0,34467,21632107.2,2500.0,627.62,EQ
03-10-2017,623.0,636.0,623.0,631.3,630.0,692.8,381.0,26916,17006657.95,1316.0,631.84,EQ
04-10-2017,638.8,649.0,631.3,646.05,648.0,692.8,381.0,56760,36464276.1,4392.0,642.43,EQ
05-10-2017,649.0,649.0,633.0,640.3,640.4,692.8,381.0,24326,15490579.55,1257.0,636.79,EQ
06-10-2017,646.95,649.0,632.6,640.6,640.4,692.8,381.0,29505,18839760.45,2084.0,638.53,EQ
09-10-2017,645.05,668.55,638.2,657.6,656.8,692.8,381.0,35781,23313282.95,1864.0,651.55,EQ
10-10-2017,645.0,671.95,645.0,669.55,670.0,692.8,381.0,36637,24327377.4,2173.0,664.01,EQ
11-10-2017,671.95,685.0,671.95,680.65,680.0,692.8,381.0,95515,64968057.6,4121.0,680.19,EQ
12-10-2017,680.05,684.85,680.0,680.6,682.45,692.8,381.0,45480,30956221.1,2025.0,680.66,EQ
13-10-2017,680.05,692.0,680.0,680.85,680.0,692.8,381.0,35701,24416519.75,2373.0,683.92,EQ
16-10-2017,680.0,688.9,680.0,680.2,680.0,692.8,381.0,31865,21731353.05,1765.0,681.98,EQ
17-10-2017,684.4,699.0,680.0,697.15,698.0,699.0,381.0,53839,37138944.45,2411.0,689.81,EQ
18-10-2017,700.0,726.0,696.6,716.05,726.0,726.0,381.0,89081,63090939.35,2566.0,708.24,EQ
19-10-2017,716.05,756.05,716.05,738.2,739.0,756.05,381.0,52854,38975855.6,1356.0,737.42,EQ
23-10-2017,739.95,754.0,720.4,722.55,720.4,756.05,381.0,121890,90124466.5,5618.0,739.39,EQ
24-10-2017,725.0,731.95,706.0,708.45,706.0,756.05,381.0,20601,14638047.2,1589.0,710.55,EQ
25-10-2017,709.0,729.0,709.0,720.95,728.9,756.05,381.0,39292,28110168.2,4663.0,715.42,EQ
26-10-2017,716.0,733.45,708.8,719.0,715.55,756.05,381.0,19822,14246717.8,1640.0,718.73,EQ
27-10-2017,719.0,719.0,702.0,708.45,705.0,756.05,381.0,14045,10001226.0,1369.0,712.08,EQ
30-10-2017,717.9,739.15,706.0,721.5,722.95,756.05,381.0,103366,74227807.2,4220.0,718.11,EQ
31-10-2017,715.8,722.0,708.0,716.25,715.4,756.05,381.0,18675,13330707.05,972.0,713.83,EQ
01-11-2017,725.95,725.95,709.65,713.95,713.0,756.05,381.0,50416,35955729.2,1515.0,713.18,EQ
02-11-2017,711.25,728.85,710.0,719.75,716.5,756.05,381.0,25384,18244836.1,1077.0,718.75,EQ
03-11-2017,729.8,730.0,712.0,715.7,712.6,756.05,381.0,15770,11331955.9,850.0,718.58,EQ
06-11-2017,711.1,720.0,705.05,718.15,713.9,756.05,381.0,34284,24376837.2,4786.0,711.03,EQ
07-11-2017,724.8,724.8,709.85,710.5,709.95,756.05,381.0,65136,46292677.0,1429.0,710.71,EQ
08-11-2017,710.5,720.0,710.0,711.2,710.0,756.05,381.0,23800,16984867.45,1459.0,713.65,EQ
09-11-2017,710.0,715.85,706.95,711.95,713.0,756.05,381.0,38665,27467749.15,519.0,710.4,EQ
10-11-2017,710.0,714.95,709.6,710.25,710.0,756.05,381.0,15868,11276325.3,740.0,710.63,EQ
13-11-2017,692.0,714.0,673.95,696.6,695.0,756.05,381.0,97820,69309461.85,3384.0,708.54,EQ
14-11-2017,691.0,696.0,655.55,659.4,662.0,756.05,381.0,97809,65775168.45,3706.0,672.49,EQ
15-11-2017,651.8,668.95,610.0,629.55,640.0,756.05,381.0,117494,74616334.8,3203.0,635.07,EQ
16-11-2017,640.0,640.0,615.15,619.2,617.85,756.05,381.0,146440,91309714.8,2503.0,623.53,EQ
17-11-2017,616.8,631.0,606.0,613.15,608.1,756.05,381.0,88613,54971944.25,3817.0,620.36,EQ
20-11-2017,615.1,628.95,609.8,621.55,617.0,756.05,381.0,458761,281071782.1,4055.0,612.68,EQ
21-11-2017,623.9,638.1,622.0,636.1,638.1,756.05,381.0,61030,38531806.35,2395.0,631.36,EQ
22-11-2017,639.95,640.95,626.0,631.35,630.0,756.05,381.0,29551,18618403.2,1694.0,630.04,EQ
23-11-2017,636.5,638.9,624.0,625.65,626.15,756.05,381.0,48830,30768338.6,2387.0,630.11,EQ
24-11-2017,626.15,632.05,618.0,622.35,622.0,756.05,381.0,25516,15921925.4,1327.0,624.0,EQ
27-11-2017,627.0,637.0,620.9,633.0,632.0,756.05,408.05,50811,31893899.6,1309.0,627.7,EQ
28-11-2017,625.0,663.7,625.0,651.6,651.0,756.05,408.05,107031,69534227.35,3430.0,649.66,EQ
29-11-2017,656.0,669.85,646.0,650.3,653.0,756.05,408.05,53430,35150862.9,2554.0,657.89,EQ
30-11-2017,654.9,658.0,631.2,649.6,654.0,756.05,408.05,54991,35333117.0,3705.0,642.53,EQ
01-12-2017,658.9,659.0,635.6,640.35,640.0,756.05,408.05,26112,16943784.3,1560.0,648.89,EQ
04-12-2017,636.2,649.6,630.0,639.25,639.0,756.05,411.0,34562,21982257.3,1550.0,636.02,EQ
05-12-2017,641.1,645.0,633.0,636.75,633.6,756.05,411.0,17719,11320028.35,1205.0,638.86,EQ
06-12-2017,637.5,642.0,628.0,633.5,628.25,756.05,411.0,15935,10124373.9,1684.0,635.35,EQ
07-12-2017,633.5,636.0,617.45,625.3,620.05,756.05,411.0,40031,25205079.8,2275.0,629.64,EQ
08-12-2017,625.3,629.8,619.0,621.5,619.9,756.05,411.0,73697,46009707.35,1384.0,624.31,EQ
11-12-2017,623.9,641.85,618.75,631.8,631.0,756.05,413.55,62263,39207064.7,2072.0,629.7,EQ
12-12-2017,645.0,659.0,629.45,648.7,649.9,756.05,413.55,60205,39048978.8,2891.0,648.6,EQ
13-12-2017,649.5,650.0,641.8,646.0,650.0,756.05,413.55,17507,11323692.65,1100.0,646.81,EQ
14-12-2017,644.6,650.05,626.55,631.3,627.0,756.05,413.55,16874,10743022.5,1369.0,636.66,EQ
15-12-2017,636.0,643.0,631.55,637.85,641.5,756.05,413.55,20073,12802699.05,1364.0,637.81,EQ
18-12-2017,641.95,648.9,628.25,643.2,648.9,756.05,422.95,15357,9798787.2,879.0,638.07,EQ
19-12-2017,648.9,650.35,631.1,633.05,633.0,756.05,422.95,35026,22302924.9,1563.0,636.75,EQ
20-12-2017,645.0,648.0,633.0,640.15,639.95,756.05,422.95,40932,26347781.2,2308.0,643.7,EQ
21-12-2017,644.0,648.0,639.05,643.1,641.05,756.05,422.95,21585,13893949.0,1160.0,643.69,EQ
22-12-2017,645.1,654.9,640.0,642.9,640.5,756.05,422.95,32515,21035009.7,1745.0,646.93,EQ
26-12-2017,642.0,670.95,642.0,666.3,668.0,756.05,429.1,52911,34904424.5,1978.0,659.68,EQ
27-12-2017,670.0,695.0,658.05,666.25,666.0,756.05,429.1,79491,53972920.65,3804.0,678.98,EQ
28-12-2017,669.0,675.0,654.05,660.85,658.0,756.05,429.1,22520,15002307.65,1305.0,666.18,EQ
29-12-2017,658.05,668.3,644.2,659.7,659.0,756.05,429.1,213059,139639927.95,1261.0,655.4,EQ
01-01-2018,667.0,672.55,660.0,662.25,661.6,756.05,430.1,43367,28845043.55,1278.0,665.14,EQ
02-01-2018,662.35,668.55,651.2,655.35,652.5,756.05,430.1,15885,10430441.4,1107.0,656.62,EQ
03-01-2018,656.9,663.0,649.5,659.95,663.0,756.05,430.1,16503,10822997.5,1034.0,655.82,EQ
04-01-2018,659.95,669.5,653.45,663.15,662.0,756.05,430.1,26902,17726379.05,1521.0,658.92,EQ
05-01-2018,668.9,669.9,658.75,664.15,662.65,756.05,430.1,45997,30534125.5,2626.0,663.83,EQ
08-01-2018,664.0,678.9,656.1,660.15,659.1,756.05,435.0,47446,31645128.55,1821.0,666.97,EQ
09-01-2018,660.9,667.0,659.25,660.5,659.3,756.05,435.0,19561,12945920.95,1067.0,661.82,EQ
10-01-2018,660.5,674.0,645.15,668.0,674.0,756.05,435.0,79801,52651019.2,2309.0,659.78,EQ
11-01-2018,670.9,670.9,657.0,664.25,665.0,756.05,435.0,22495,14933209.8,1471.0,663.85,EQ
12-01-2018,668.0,675.0,660.85,671.8,672.0,756.05,435.0,61204,40892928.35,3440.0,668.14,EQ
15-01-2018,670.0,670.0,662.0,664.75,664.0,756.05,440.25,147092,97846043.35,1981.0,665.2,EQ
16-01-2018,664.5,667.15,650.3,654.4,653.05,756.05,440.25,41028,26862925.1,2539.0,654.75,EQ
17-01-2018,650.0,655.35,643.0,645.3,648.0,756.05,440.25,51433,33370731.9,1598.0,648.82,EQ
18-01-2018,642.0,653.9,637.8,645.4,647.3,756.05,440.25,52513,33753969.75,2569.0,642.77,EQ
19-01-2018,640.0,668.9,636.55,665.2,665.0,756.05,440.25,352156,230092074.55,6546.0,653.38,EQ
22-01-2018,665.25,669.5,649.3,655.75,656.0,756.05,449.95,20819,13674010.45,1702.0,656.8,EQ
23-01-2018,659.9,669.8,651.0,664.15,662.0,756.05,449.95,155906,102314577.85,3025.0,656.26,EQ
24-01-2018,665.0,665.0,649.3,653.8,651.1,756.05,449.95,45818,30093451.1,1227.0,656.8,EQ
25-01-2018,642.1,655.0,642.1,653.4,652.0,756.05,449.95,15729,10250091.1,1236.0,651.67,EQ
29-01-2018,658.0,658.8,641.4,644.5,647.8,756.05,458.05,39151,25266057.6,2270.0,645.35,EQ
30-01-2018,641.0,646.9,635.0,640.4,637.35,756.05,458.05,32077,20451271.15,1079.0,637.57,EQ
31-01-2018,649.85,649.85,634.2,646.6,645.0,756.05,458.05,28777,18488854.3,2894.0,642.49,EQ
01-02-2018,648.0,668.8,642.0,646.85,649.6,756.05,458.05,69989,45751313.4,3379.0,653.69,EQ
02-02-2018,641.25,664.9,630.5,653.2,652.0,756.05,458.05,151979,99801022.9,3039.0,656.68,EQ
05-02-2018,641.0,666.0,628.0,659.5,655.0,756.05,483.0,73706,48358368.5,2674.0,656.1,EQ
06-02-2018,640.0,653.95,630.0,647.45,648.0,756.05,483.0,69735,44708511.45,1981.0,641.12,EQ
07-02-2018,644.2,669.0,644.2,662.85,665.95,756.05,483.0,35313,23152362.95,2019.0,655.63,EQ
08-02-2018,662.0,710.0,660.0,702.35,710.0,756.05,483.0,148226,102776083.25,10745.0,693.37,EQ
09-02-2018,695.0,698.95,683.15,696.1,693.5,756.05,483.0,34893,24103583.55,3918.0,690.79,EQ
12-02-2018,690.0,700.0,688.0,692.75,695.2,756.05,497.05,33200,23032512.25,2322.0,693.75,EQ
14-02-2018,685.1,686.05,651.1,653.25,652.0,756.05,497.05,88927,58899204.0,6169.0,662.33,EQ
15-02-2018,653.25,675.0,630.55,641.4,643.4,756.05,497.05,446472,294981390.55,8798.0,660.69,EQ
16-02-2018,643.25,649.75,630.0,633.25,632.0,756.05,497.05,201780,129249081.65,6353.0,640.54,EQ
19-02-2018,635.0,645.0,631.0,633.25,632.0,756.05,510.0,26052,16619443.4,1738.0,637.93,EQ
20-02-2018,630.1,639.0,611.0,627.25,626.6,756.05,510.0,469389,297365823.6,8222.0,633.52,EQ
21-02-2018,628.0,637.5,624.0,627.25,626.0,756.05,510.0,21752,13719366.35,1114.0,630.72,EQ
22-02-2018,626.5,629.0,621.0,625.05,622.6,756.05,510.0,32212,20095568.8,1090.0,623.85,EQ
23-02-2018,624.5,651.0,621.2,640.35,650.0,756.05,510.0,66705,42694451.25,3685.0,640.05,EQ
26-02-2018,650.0,653.1,641.05,650.65,648.2,756.05,527.65,28415,18441718.1,1399.0,649.01,EQ
27-02-2018,647.0,653.0,645.0,647.25,645.55,756.05,527.65,16126,10447856.25,969.0,647.89,EQ
28-02-2018,647.25,655.0,645.5,653.1,651.5,756.05,527.65,21941,14244299.3,1290.0,649.21,EQ
01-03-2018,653.0,664.0,650.1,656.6,654.05,756.05,527.65,25262,16604103.9,1140.0,657.28,EQ
05-03-2018,654.0,656.0,650.0,654.65,655.95,756.05,527.65,13327,8708561.25,679.0,653.45,EQ
06-03-2018,656.1,666.0,646.95,651.1,650.55,756.05,527.65,30954,20318378.15,1522.0,656.41,EQ
07-03-2018,649.05,650.6,637.7,642.0,642.8,756.05,527.65,14265,9174365.85,837.0,643.14,EQ
08-03-2018,642.0,646.3,633.0,635.0,633.05,756.05,527.65,16942,10807044.35,1032.0,637.88,EQ
09-03-2018,638.95,639.0,629.0,632.45,632.85,756.05,527.65,16190,10266134.4,858.0,634.1,EQ
12-03-2018,633.5,649.85,627.1,644.4,644.5,756.05,530.8,31880,20368069.7,3953.0,638.9,EQ
13-03-2018,648.0,659.0,637.5,656.65,654.0,756.05,530.8,45823,29683534.8,2376.0,647.79,EQ
14-03-2018,657.7,663.35,654.0,661.25,655.0,756.05,530.8,20544,13539548.85,1155.0,659.05,EQ
15-03-2018,657.0,678.25,656.0,674.75,675.0,756.05,530.8,39746,26550339.55,3129.0,668.0,EQ
16-03-2018,678.9,678.9,665.0,667.75,666.0,756.05,530.8,23514,15807373.05,1249.0,672.25,EQ
19-03-2018,673.95,673.95,655.05,664.1,669.0,756.05,530.8,52986,35018506.45,1600.0,660.9,EQ
20-03-2018,666.45,673.6,660.05,668.2,669.95,756.05,530.8,21522,14371744.75,1416.0,667.77,EQ
21-03-2018,673.95,674.8,662.0,673.1,673.95,756.05,530.8,46424,31084755.05,1665.0,669.58,EQ
22-03-2018,676.0,676.0,665.2,672.05,665.2,756.05,530.8,276586,185853451.8,2450.0,671.96,EQ
23-03-2018,664.05,665.9,650.0,662.0,657.9,756.05,530.8,117290,77630897.8,1814.0,661.87,EQ
26-03-2018,654.0,663.25,654.0,660.2,659.55,756.05,540.15,34993,23050198.7,2556.0,658.71,EQ
27-03-2018,658.55,661.4,650.0,651.65,650.0,756.05,540.15,15583,10189846.2,964.0,653.91,EQ
28-03-2018,649.0,662.75,649.0,659.75,660.0,756.05,540.15,34678,22773000.9,1391.0,656.7,EQ
02-04-2018,659.75,660.0,650.55,654.85,652.0,756.05,551.0,62493,40940756.45,4207.0,655.13,EQ
03-04-2018,655.3,663.65,651.0,655.25,655.5,756.05,551.0,229509,150483679.6,2769.0,655.68,EQ
04-04-2018,655.25,668.4,654.0,655.3,657.0,756.05,551.0,131274,87058282.4,1704.0,663.18,EQ
05-04-2018,657.5,665.0,655.0,659.0,661.8,756.05,551.0,29953,19712573.8,764.0,658.12,EQ
06-04-2018,663.8,663.95,655.0,655.9,657.7,756.05,551.0,15567,10231114.35,754.0,657.23,EQ
09-04-2018,661.0,661.0,655.25,657.8,659.4,756.05,551.0,10721,7052561.2,669.0,657.83,EQ
10-04-2018,662.65,662.65,655.0,657.1,656.0,756.05,551.0,15336,10080821.5,983.0,657.33,EQ
11-04-2018,661.95,665.0,655.0,658.55,659.25,756.05,551.0,83801,55283855.1,1423.0,659.7,EQ
12-04-2018,658.6,662.1,655.6,657.45,658.35,756.05,551.0,29374,19386277.7,690.0,659.98,EQ
13-04-2018,656.05,665.0,655.9,659.55,661.0,756.05,551.0,11623,7682357.4,543.0,660.96,EQ
16-04-2018,660.95,665.6,656.25,663.45,657.1,756.05,551.0,31046,20593922.9,1082.0,663.34,EQ
17-04-2018,664.0,665.0,655.0,656.2,656.65,756.05,551.0,31418,20723219.5,818.0,659.6,EQ
18-04-2018,660.9,660.9,649.35,650.55,651.2,756.05,551.0,40477,26482040.15,2066.0,654.25,EQ
19-04-2018,650.0,656.0,649.35,651.15,650.15,756.05,551.0,9952,6488650.2,521.0,651.99,EQ
20-04-2018,654.45,661.0,650.0,657.85,658.0,756.05,551.0,110696,73008928.5,724.0,659.54,EQ
23-04-2018,658.7,665.0,657.9,659.3,659.0,756.05,551.15,14200,9388631.3,709.0,661.17,EQ
24-04-2018,663.5,664.0,653.05,656.05,655.0,756.05,551.15,9484,6234312.8,428.0,657.35,EQ
25-04-2018,655.0,662.0,654.05,655.5,658.95,756.05,551.15,20606,13535744.05,2381.0,656.88,EQ
26-04-2018,654.0,664.9,654.0,659.55,664.0,756.05,551.15,16809,11120208.9,837.0,661.56,EQ
27-04-2018,661.55,664.35,657.85,660.65,663.0,756.05,551.15,21345,14121881.25,637.0,661.6,EQ
30-04-2018,661.0,664.0,655.0,655.5,655.0,756.05,551.15,10288,6772162.4,540.0,658.26,EQ
02-05-2018,655.05,661.0,655.05,659.8,661.0,756.05,551.15,21735,14321110.8,663.0,658.9,EQ
03-05-2018,660.9,660.9,655.0,656.65,655.0,756.05,551.15,9300,6114901.8,457.0,657.52,EQ
04-05-2018,655.15,665.3,652.1,660.1,660.0,756.05,551.15,28766,18958339.15,1966.0,659.05,EQ
07-05-2018,661.0,664.7,655.5,656.25,655.6,756.05,560.6,10756,7096318.45,419.0,659.75,EQ
08-05-2018,656.25,657.0,651.0,654.75,653.05,756.05,560.6,18301,11965561.05,617.0,653.82,EQ
09-05-2018,654.75,656.9,646.0,648.6,647.0,756.05,560.6,10957,7139912.3,718.0,651.63,EQ
10-05-2018,648.65,654.0,646.0,646.85,648.0,756.05,560.6,6660,4333605.8,417.0,650.69,EQ
11-05-2018,646.8,654.0,646.0,650.1,650.9,756.05,560.6,13901,9035621.75,1285.0,650.0,EQ
14-05-2018,650.0,655.95,646.55,653.3,650.9,756.05,560.6,9873,6437975.1,785.0,652.08,EQ
15-05-2018,648.95,655.5,641.0,642.0,645.0,756.05,560.6,468264,300721963.8,805.0,642.21,EQ
16-05-2018,642.0,645.95,633.1,634.75,633.1,756.05,560.6,13934,8908990.8,686.0,639.37,EQ
17-05-2018,637.5,643.0,631.0,640.35,638.0,756.05,560.6,13063,8315257.95,609.0,636.55,EQ
18-05-2018,640.4,650.05,636.0,640.05,650.0,756.05,560.6,295852,189369663.55,440.0,640.08,EQ
21-05-2018,642.65,646.0,635.0,635.2,635.0,756.05,560.6,64075,40756498.3,2258.0,636.07,EQ
22-05-2018,636.7,640.45,630.0,630.15,634.8,756.05,560.6,31290,19742230.6,1013.0,630.94,EQ
23-05-2018,636.8,649.0,625.0,636.05,632.95,756.05,560.6,87538,55653444.95,2972.0,635.76,EQ
24-05-2018,636.5,640.0,625.0,627.5,625.95,756.05,560.6,34394,21614005.9,2172.0,628.42,EQ
25-05-2018,627.5,636.0,623.1,625.0,625.0,756.05,560.6,39294,24622784.6,2107.0,626.63,EQ
28-05-2018,627.0,629.65,620.0,620.1,620.0,756.05,560.6,57300,35628911.7,1963.0,621.8,EQ
29-05-2018,620.1,625.0,615.0,615.5,615.25,756.05,560.6,77503,48007303.0,2505.0,619.43,EQ
30-05-2018,619.95,620.0,613.6,616.65,615.5,756.05,560.6,10854,6696244.05,844.0,616.94,EQ
31-05-2018,613.65,633.1,612.2,617.9,614.0,756.05,560.6,35055,21824912.7,1678.0,622.59,EQ
01-06-2018,618.1,621.0,611.0,614.5,611.0,756.05,560.6,17727,10920208.5,1156.0,616.02,EQ
04-06-2018,614.5,614.5,606.0,607.0,608.6,756.05,560.6,9867,6007858.6,636.0,608.88,EQ
05-06-2018,609.95,609.95,600.0,601.1,602.1,756.05,560.6,21619,13008362.95,3068.0,601.71,EQ
06-06-2018,604.0,611.95,594.35,606.05,602.95,756.05,560.6,13621,8187151.1,1289.0,601.07,EQ
07-06-2018,605.95,615.15,600.1,612.8,613.45,756.05,560.6,13112,7981880.8,766.0,608.75,EQ
08-06-2018,613.4,613.4,602.8,607.5,606.15,756.05,560.6,10253,6232477.95,747.0,607.87,EQ
11-06-2018,607.5,641.0,604.25,620.7,618.3,756.05,560.6,79185,49836220.85,3743.0,629.36,EQ
12-06-2018,620.7,626.0,616.0,618.3,621.0,756.05,560.6,10157,6302041.35,730.0,620.46,EQ
13-06-2018,621.0,622.95,600.0,601.9,602.1,756.05,560.6,29201,17743758.1,1359.0,607.64,EQ
14-06-2018,605.95,605.95,597.0,599.15,599.0,756.05,560.6,18780,11263058.05,710.0,599.74,EQ
15-06-2018,599.4,604.45,596.75,597.8,596.75,756.05,560.6,10445,6261305.4,451.0,599.45,EQ
18-06-2018,597.8,602.15,590.55,593.75,591.7,756.05,560.6,16113,9629165.7,556.0,597.6,EQ
19-06-2018,593.75,596.0,588.0,591.6,590.0,756.05,560.6,10672,6318347.15,785.0,592.05,EQ
20-06-2018,599.9,599.9,580.0,580.5,580.0,756.05,560.6,241870,140449674.3,1674.0,580.68,EQ
21-06-2018,584.9,588.15,580.6,583.95,583.2,756.05,560.6,12461,7293352.45,727.0,585.29,EQ
22-06-2018,583.95,583.95,564.0,567.25,565.0,756.05,560.6,33402,19123420.25,2148.0,572.52,EQ
25-06-2018,567.0,574.95,560.1,563.65,560.1,756.05,560.1,16242,9215535.35,2113.0,567.39,EQ
26-06-2018,564.0,594.35,556.2,588.1,585.8,756.05,556.2,52629,30078771.1,1812.0,571.52,EQ
27-06-2018,590.05,593.6,570.55,574.5,575.0,756.05,556.2,38615,22231120.9,3459.0,575.71,EQ
28-06-2018,576.35,577.5,566.0,570.4,566.0,756.05,556.2,19478,11160594.75,743.0,572.98,EQ
29-06-2018,570.0,583.0,564.0,577.85,577.0,756.05,556.2,256743,145154713.25,739.0,565.37,EQ
02-07-2018,578.15,584.0,557.1,560.7,568.35,756.05,556.2,11950,6763157.15,1148.0,565.95,EQ
03-07-2018,564.95,564.95,549.0,551.2,550.0,756.05,549.0,30664,17000201.15,1410.0,554.4,EQ
04-07-2018,554.9,554.9,540.55,543.7,545.0,756.05,540.55,14733,8032855.1,1007.0,545.23,EQ
05-07-2018,540.55,559.45,540.0,541.6,541.8,756.05,540.0,10644,5822718.4,2992.0,547.04,EQ
06-07-2018,538.65,543.15,534.2,537.7,537.95,756.05,534.2,17693,9499056.25,713.0,536.88,EQ
09-07-2018,559.8,559.8,537.0,540.25,542.0,756.05,534.2,17032,9207428.05,929.0,540.6,EQ
10-07-2018,540.2,543.95,536.1,538.85,536.5,756.05,534.2,16488,8906755.75,601.0,540.2,EQ
11-07-2018,538.0,545.4,535.55,536.95,541.9,756.05,534.2,81072,43758443.9,1264.0,539.75,EQ
12-07-2018,542.0,554.95,542.0,551.6,554.95,756.05,534.2,29200,15967757.45,1423.0,546.84,EQ
13-07-2018,551.6,566.0,551.6,559.2,559.05,756.05,534.2,190499,105929953.0,1779.0,556.07,EQ
16-07-2018,559.2,566.0,548.65,551.4,550.0,756.05,534.2,13934,7761017.3,841.0,556.98,EQ
17-07-2018,560.3,572.0,540.75,558.35,556.7,756.05,534.2,145689,81134925.9,3608.0,556.9,EQ
18-07-2018,559.95,563.45,547.5,549.75,549.95,756.05,534.2,71346,39505438.75,855.0,553.72,EQ
19-07-2018,549.75,557.95,547.0,549.8,547.0,756.05,534.2,6837,3770183.7,659.0,551.44,EQ
20-07-2018,553.5,557.05,539.05,543.65,545.0,756.05,534.2,10897,5957271.7,855.0,546.69,EQ
23-07-2018,544.0,546.55,532.2,535.25,534.5,756.05,532.2,22064,11945076.45,947.0,541.38,EQ
24-07-2018,537.0,550.25,536.4,545.3,545.25,756.05,532.2,14947,8139857.1,851.0,544.58,EQ
25-07-2018,550.75,554.0,541.05,549.95,552.0,756.05,532.2,67080,36822907.5,2761.0,548.94,EQ
26-07-2018,553.9,555.05,542.4,553.25,551.3,756.05,532.2,15055,8309844.55,1085.0,551.97,EQ
27-07-2018,554.1,564.9,554.1,563.05,560.15,756.05,532.2,87350,49138186.8,1427.0,562.54,EQ
30-07-2018,559.2,571.95,559.2,567.2,568.0,756.05,532.2,15485,8786272.35,1060.0,567.41,EQ
31-07-2018,569.95,582.0,568.0,573.55,571.0,756.05,532.2,66166,38031156.85,1560.0,574.78,EQ
01-08-2018,575.0,578.0,571.0,576.5,576.8,756.05,532.2,37418,21551838.9,480.0,575.98,EQ
02-08-2018,578.0,582.0,572.0,579.35,579.0,756.05,532.2,16557,9554918.65,726.0,577.09,EQ
03-08-2018,583.95,590.0,578.25,586.35,585.0,756.05,532.2,9568,5591910.4,521.0,584.44,EQ
06-08-2018,587.8,595.4,585.0,592.6,591.0,756.05,532.2,514855,304273257.15,782.0,590.99,EQ
07-08-2018,596.0,614.95,592.7,608.15,607.0,756.05,532.2,63326,38498957.9,2377.0,607.95,EQ
08-08-2018,614.9,617.85,609.0,610.6,610.05,756.05,532.2,14343,8794099.8,1996.0,613.13,EQ
09-08-2018,610.15,617.0,592.7,596.65,596.3,756.05,532.2,20917,12668527.2,1251.0,605.66,EQ
10-08-2018,595.05,601.95,593.0,596.25,597.25,756.05,532.2,15783,9412203.95,1144.0,596.35,EQ
13-08-2018,599.0,645.35,590.55,608.8,601.95,756.05,532.2,308395,192435959.1,12123.0,623.99,EQ
14-08-2018,606.85,620.95,600.8,615.55,618.0,756.05,532.2,39990,24525734.5,2253.0,613.3,EQ
16-08-2018,614.95,618.0,609.0,614.35,617.0,756.05,532.2,20812,12752958.75,1097.0,612.77,EQ
17-08-2018,610.0,624.85,610.0,620.75,621.5,756.05,532.2,28446,17708115.75,1207.0,622.52,EQ
20-08-2018,621.0,629.95,616.0,617.9,617.0,756.05,532.2,18644,11602329.3,1068.0,622.31,EQ
21-08-2018,616.0,620.95,608.0,610.65,608.0,756.05,532.2,14764,9079944.75,747.0,615.01,EQ
23-08-2018,608.55,619.8,608.55,612.75,615.0,756.05,532.2,13893,8556789.85,1211.0,615.91,EQ
24-08-2018,615.0,618.15,608.0,612.05,614.0,756.05,532.2,14294,8768080.05,921.0,613.41,EQ
27-08-2018,614.8,616.85,602.0,605.35,608.95,756.05,532.2,15209,9300435.9,927.0,611.51,EQ
28-08-2018,605.35,616.0,593.55,607.55,605.5,756.05,532.2,20980,12720816.05,1485.0,606.33,EQ
29-08-2018,610.0,616.0,608.3,611.35,609.5,756.05,532.2,11040,6767536.05,920.0,613.0,EQ
30-08-2018,611.05,629.0,609.05,624.35,624.55,756.05,532.2,15347,9514956.25,786.0,619.99,EQ
31-08-2018,624.95,636.0,616.0,631.65,630.3,756.05,532.2,28558,17931565.25,1692.0,627.9,EQ
03-09-2018,637.0,638.8,626.6,630.3,630.0,756.05,532.2,15975,10124598.1,1096.0,633.78,EQ
04-09-2018,624.9,634.95,612.0,616.85,620.0,756.05,532.2,15537,9650398.8,663.0,621.12,EQ
05-09-2018,612.0,621.95,596.4,599.75,600.0,756.05,532.2,19628,11923462.9,1275.0,607.47,EQ
06-09-2018,606.0,614.95,601.0,604.95,604.0,756.05,532.2,16986,10305523.45,1365.0,606.71,EQ
07-09-2018,608.95,608.95,594.2,596.6,596.0,756.05,532.2,16169,9718130.6,732.0,601.03,EQ
10-09-2018,602.95,602.95,580.55,584.1,584.0,756.05,532.2,21909,12928102.0,1879.0,590.08,EQ
11-09-2018,584.1,590.45,584.0,586.8,584.1,756.05,532.2,28497,16767112.15,2599.0,588.38,EQ
12-09-2018,586.8,588.0,577.2,582.8,582.0,756.05,532.2,15685,9131491.05,2171.0,582.18,EQ
14-09-2018,585.0,589.8,583.4,586.6,587.0,756.05,532.2,14806,8692878.0,981.0,587.12,EQ
17-09-2018,587.0,587.95,574.5,575.45,576.2,756.05,532.2,12064,6992010.05,1076.0,579.58,EQ
18-09-2018,579.7,581.15,568.0,571.75,571.8,756.05,532.2,11349,6517103.5,921.0,574.24,EQ
19-09-2018,568.9,568.9,555.65,557.1,557.5,756.05,532.2,15591,8731162.65,1448.0,560.01,EQ
21-09-2018,564.8,564.8,523.0,530.1,529.0,756.05,523.0,128357,68622390.2,4455.0,534.62,EQ
24-09-2018,536.0,542.0,515.5,528.3,528.0,756.05,515.5,135046,72357937.35,2614.0,535.8,EQ
25-09-2018,521.05,532.75,521.05,526.95,528.5,756.05,515.5,63240,33281575.5,4974.0,526.27,EQ
26-09-2018,525.1,532.2,525.0,528.45,528.3,756.05,515.5,10762,5680072.35,1209.0,527.79,EQ
27-09-2018,528.9,536.0,525.0,525.85,525.0,756.05,515.5,10202,5383099.4,1168.0,527.65,EQ
28-09-2018,525.0,534.25,524.95,525.2,525.95,756.05,515.5,21942,11559457.6,2127.0,526.82,EQ
01-10-2018,525.55,529.0,523.85,525.8,525.5,756.05,515.5,14938,7853409.95,1567.0,525.73,EQ
03-10-2018,525.8,527.0,525.0,525.0,525.95,756.05,515.5,17083,8974805.65,432.0,525.36,EQ
04-10-2018,525.05,525.95,515.0,523.8,523.9,756.05,515.0,16196,8475487.6,761.0,523.31,EQ
05-10-2018,524.9,524.9,518.25,521.85,520.0,756.05,515.0,85700,44727181.75,1006.0,521.9,EQ
08-10-2018,527.0,527.0,509.5,510.4,514.9,756.05,509.5,152684,78211206.75,1194.0,512.24,EQ
09-10-2018,519.0,519.0,499.3,501.8,499.3,756.05,499.3,52775,26702921.65,1753.0,505.98,EQ
10-10-2018,509.8,512.0,500.2,507.55,505.0,756.05,499.3,117997,59827197.9,3699.0,507.02,EQ
11-10-2018,504.0,504.0,476.6,493.55,490.2,756.05,476.6,119300,59432809.6,2449.0,498.18,EQ
12-10-2018,499.7,507.0,489.05,493.95,490.0,756.05,476.6,317441,158917348.75,1294.0,500.62,EQ
15-10-2018,499.8,500.0,494.05,499.2,498.0,756.05,476.6,59917,29916615.0,611.0,499.3,EQ
16-10-2018,504.2,510.7,490.1,492.55,491.9,756.05,476.6,19124,9541471.25,1665.0,498.93,EQ
17-10-2018,497.5,499.95,480.0,481.4,480.0,756.05,476.6,45615,22089752.95,1334.0,484.27,EQ
19-10-2018,478.1,485.0,460.2,469.2,460.2,756.05,460.2,563614,267468203.35,3357.0,474.56,EQ
22-10-2018,473.0,478.35,462.1,475.1,477.0,754.0,460.2,101158,47684618.35,6391.0,471.39,EQ
23-10-2018,474.9,488.8,470.0,483.2,488.8,754.0,460.2,38518,18379899.2,4740.0,477.18,EQ
24-10-2018,499.95,512.0,485.05,509.15,508.3,754.0,460.2,216498,106698091.7,4936.0,492.84,EQ
25-10-2018,495.1,536.0,495.1,527.75,530.0,754.0,460.2,26764,13847809.0,3224.0,517.4,EQ
26-10-2018,527.15,535.0,510.8,525.05,525.0,754.0,460.2,19107,10041249.95,1094.0,525.53,EQ
29-10-2018,524.05,554.0,518.3,539.7,540.0,739.15,460.2,95934,52097961.4,3065.0,543.06,EQ
30-10-2018,550.0,579.8,550.0,556.0,552.2,739.15,460.2,218635,122886407.55,9755.0,562.06,EQ
31-10-2018,559.8,559.85,542.0,546.65,544.5,739.15,460.2,44301,24514612.9,2450.0,553.36,EQ
01-11-2018,547.9,549.0,535.0,536.3,536.0,739.15,460.2,15289,8260644.75,952.0,540.3,EQ
02-11-2018,541.55,548.9,538.95,540.4,540.55,739.15,460.2,33600,18322927.15,2244.0,545.33,EQ
05-11-2018,541.0,542.0,528.0,529.55,530.0,724.8,460.2,11276,6021207.2,844.0,533.98,EQ
06-11-2018,529.55,533.05,512.0,514.65,513.25,724.8,460.2,13192,6898433.75,913.0,522.93,EQ
07-11-2018,517.95,522.75,515.15,519.65,522.5,724.8,460.2,3800,1969429.85,393.0,518.27,EQ
09-11-2018,524.0,530.0,518.0,520.2,518.3,724.8,460.2,16413,8572694.05,1472.0,522.31,EQ
12-11-2018,524.0,525.0,512.05,514.85,513.2,714.0,460.2,10124,5251284.6,1136.0,518.7,EQ
13-11-2018,516.05,518.05,506.25,513.15,514.0,714.0,460.2,15812,8078218.0,2731.0,510.89,EQ
14-11-2018,518.0,518.0,504.05,509.1,512.9,714.0,460.2,39399,20051404.0,5015.0,508.93,EQ
15-11-2018,509.0,518.0,504.1,514.75,512.0,714.0,460.2,17824,9116894.8,1823.0,511.5,EQ
16-11-2018,514.75,517.85,510.55,514.7,515.55,714.0,460.2,10354,5323215.2,820.0,514.12,EQ
19-11-2018,514.9,520.2,513.6,516.35,517.0,710.0,460.2,90030,46460634.95,3787.0,516.06,EQ
20-11-2018,519.2,522.3,516.5,520.05,518.0,710.0,460.2,8569,4457731.0,594.0,520.22,EQ
21-11-2018,524.0,529.0,522.05,526.65,526.0,710.0,460.2,20371,10724018.75,1698.0,526.44,EQ
22-11-2018,528.35,528.35,522.15,525.15,525.0,710.0,460.2,23446,12317266.75,892.0,525.35,EQ
26-11-2018,535.85,541.05,528.6,539.35,539.0,710.0,460.2,60238,32398484.6,4624.0,537.84,EQ
27-11-2018,542.2,548.0,540.05,544.5,546.0,710.0,460.2,35875,19486406.55,3242.0,543.18,EQ
28-11-2018,547.95,552.9,535.1,535.7,535.3,710.0,460.2,27444,14950490.7,2056.0,544.76,EQ
29-11-2018,535.3,538.65,535.1,537.1,535.85,710.0,460.2,12065,6477428.85,725.0,536.88,EQ
30-11-2018,535.05,564.9,533.0,553.85,558.0,710.0,460.2,47835,26293577.1,5839.0,549.67,EQ
03-12-2018,553.7,553.75,541.3,546.65,549.0,710.0,460.2,277267,152201672.85,1784.0,548.94,EQ
04-12-2018,551.9,554.0,541.25,543.4,545.95,710.0,460.2,11334,6178134.95,999.0,545.1,EQ
05-12-2018,546.9,550.05,539.0,541.9,539.5,710.0,460.2,39042,21185338.15,1360.0,542.63,EQ
06-12-2018,541.15,541.15,513.3,516.35,515.0,710.0,460.2,23440,12274622.05,1303.0,523.66,EQ
07-12-2018,521.7,523.9,509.3,510.7,512.95,710.0,460.2,233172,121220544.1,1654.0,519.88,EQ
10-12-2018,506.0,508.0,501.05,503.65,504.0,710.0,460.2,9749,4909593.45,1084.0,503.6,EQ
11-12-2018,504.05,518.9,500.25,515.0,512.1,710.0,460.2,112382,57926375.8,1546.0,515.44,EQ
12-12-2018,517.7,518.0,512.05,517.4,518.0,710.0,460.2,17921,9260379.4,2220.0,516.73,EQ
13-12-2018,517.0,525.8,507.7,511.35,510.0,710.0,460.2,14137,7326570.4,1179.0,518.25,EQ
14-12-2018,516.45,521.0,507.0,519.1,520.0,710.0,460.2,7524,3871359.65,470.0,514.53,EQ
17-12-2018,521.0,530.0,515.25,526.05,524.6,710.0,460.2,7180,3752557.45,470.0,522.64,EQ
18-12-2018,528.95,533.8,518.0,530.05,529.0,710.0,460.2,12091,6366048.6,614.0,526.51,EQ
19-12-2018,530.05,536.0,525.0,534.9,534.0,710.0,460.2,12680,6743685.95,814.0,531.84,EQ
20-12-2018,534.9,540.0,530.0,538.05,537.15,710.0,460.2,17568,9415616.35,562.0,535.95,EQ
21-12-2018,537.15,539.95,531.1,536.05,538.0,710.0,460.2,17478,9363411.2,621.0,535.73,EQ
24-12-2018,541.95,546.0,536.05,542.7,541.0,710.0,460.2,12946,7006071.85,829.0,541.18,EQ
26-12-2018,538.4,545.45,535.0,539.35,540.6,710.0,460.2,14277,7683846.65,854.0,538.2,EQ
27-12-2018,540.15,563.0,536.0,552.05,550.0,710.0,460.2,37764,20931868.7,1670.0,554.28,EQ
28-12-2018,556.0,558.9,547.2,551.8,552.0,710.0,460.2,13547,7476138.25,733.0,551.87,EQ
31-12-2018,552.0,553.75,543.4,544.55,544.5,710.0,460.2,8309,4542412.9,499.0,546.69,EQ
01-01-2019,545.0,552.0,542.0,548.95,549.0,710.0,460.2,5814,3179557.4,560.0,546.88,EQ
02-01-2019,545.0,550.0,531.5,533.95,534.4,710.0,460.2,13277,7175137.1,940.0,540.42,EQ
03-01-2019,530.1,540.35,526.4,531.1,530.0,710.0,460.2,13124,6999583.85,983.0,533.34,EQ
04-01-2019,528.05,536.0,525.1,533.5,536.0,710.0,460.2,9977,5294740.55,512.0,530.69,EQ
07-01-2019,531.1,537.0,530.0,530.15,530.95,710.0,460.2,8782,4669601.8,452.0,531.72,EQ
08-01-2019,530.0,544.0,529.0,531.1,530.0,710.0,460.2,10559,5613877.3,487.0,531.67,EQ
09-01-2019,531.25,536.0,530.0,532.95,531.0,710.0,460.2,9282,4935912.45,534.0,531.77,EQ
10-01-2019,535.9,539.85,530.8,535.9,534.5,710.0,460.2,14539,7783532.95,1516.0,535.36,EQ
11-01-2019,537.45,538.15,531.45,536.1,538.0,710.0,460.2,15341,8201190.4,1043.0,534.59,EQ
14-01-2019,538.7,539.75,531.0,536.3,535.0,710.0,460.2,86277,46176501.1,926.0,535.21,EQ
15-01-2019,535.5,540.9,531.3,539.1,540.8,710.0,460.2,8106,4346998.45,479.0,536.27,EQ
16-01-2019,541.55,563.0,538.8,557.4,562.0,710.0,460.2,35660,19711634.25,2096.0,552.77,EQ
17-01-2019,562.0,569.9,555.05,559.4,558.0,710.0,460.2,33298,18772905.0,1571.0,563.78,EQ
18-01-2019,565.95,569.7,538.0,542.8,540.0,710.0,460.2,23913,13341219.55,1421.0,557.91,EQ
21-01-2019,542.8,544.05,535.9,540.35,540.95,710.0,460.2,7047,3807725.5,430.0,540.33,EQ
22-01-2019,540.05,542.0,530.55,533.25,531.95,710.0,460.2,5706,3054311.65,407.0,535.28,EQ
23-01-2019,536.85,542.0,530.0,530.35,530.0,710.0,460.2,29640,15798383.9,794.0,533.01,EQ
24-01-2019,530.35,536.0,530.0,530.5,530.0,710.0,460.2,8171,4342274.3,562.0,531.43,EQ
25-01-2019,530.05,535.15,530.0,530.05,530.0,710.0,460.2,124072,65826078.3,513.0,530.55,EQ
28-01-2019,530.05,534.4,529.75,530.35,531.25,710.0,460.2,9956,5278619.05,332.0,530.19,EQ
29-01-2019,524.1,535.7,524.1,528.95,530.0,710.0,460.2,28684,15176799.75,749.0,529.1,EQ
30-01-2019,524.05,534.45,523.6,525.3,528.7,710.0,460.2,30179,15900722.35,1559.0,526.88,EQ
31-01-2019,529.0,529.0,512.0,513.65,512.0,710.0,460.2,22098,11539979.9,1284.0,522.22,EQ
01-02-2019,518.0,518.0,507.25,512.45,511.2,710.0,460.2,12039,6176005.05,1050.0,513.0,EQ
04-02-2019,510.0,510.05,501.0,503.7,505.0,710.0,460.2,12770,6438065.8,1400.0,504.16,EQ
05-02-2019,505.05,507.8,500.0,502.4,505.95,710.0,460.2,6229,3136084.9,565.0,503.47,EQ
06-02-2019,511.85,511.85,491.75,496.25,493.15,710.0,460.2,12010,5969617.15,1044.0,497.05,EQ
07-02-2019,500.0,515.0,489.05,500.3,500.15,710.0,460.2,28938,14494788.45,2032.0,500.89,EQ
08-02-2019,504.85,504.85,499.9,501.15,501.1,710.0,460.2,10885,5453849.4,347.0,501.04,EQ
11-02-2019,501.15,504.95,498.05,501.4,500.05,700.0,460.2,14821,7438322.35,3989.0,501.88,EQ
12-02-2019,502.0,505.0,496.0,501.0,501.0,700.0,460.2,12044,6045411.65,932.0,501.94,EQ
13-02-2019,500.0,505.15,495.0,496.2,497.0,700.0,460.2,47478,23704699.3,849.0,499.28,EQ
14-02-2019,499.95,501.0,494.45,498.6,501.0,700.0,460.2,13201,6572543.4,714.0,497.88,EQ
15-02-2019,498.6,499.8,489.25,490.85,490.6,700.0,460.2,13619,6719926.35,1184.0,493.42,EQ
18-02-2019,496.5,496.5,446.9,455.1,455.9,678.9,446.9,102458,47074789.35,9925.0,459.45,EQ
19-02-2019,455.15,455.2,445.6,448.65,448.5,678.9,445.6,82752,37315586.35,5793.0,450.93,EQ
20-02-2019,451.0,452.9,437.0,447.0,450.0,678.9,437.0,326391,144826253.55,4141.0,443.72,EQ
21-02-2019,446.35,454.9,443.0,451.75,450.0,678.9,437.0,16685,7522140.15,1354.0,450.83,EQ
22-02-2019,451.0,459.0,451.0,455.55,455.0,678.9,437.0,13244,6053598.25,1141.0,457.08,EQ
25-02-2019,465.0,468.0,457.0,461.9,460.2,678.9,437.0,24619,11361642.1,2309.0,461.5,EQ
26-02-2019,461.9,469.85,458.45,462.75,462.05,678.9,437.0,19592,9055064.6,863.0,462.18,EQ
27-02-2019,469.95,474.25,463.25,470.5,470.0,678.9,437.0,27152,12762795.65,1408.0,470.05,EQ
28-02-2019,471.95,476.0,468.1,474.55,475.45,678.9,437.0,8994,4258961.05,444.0,473.53,EQ
01-03-2019,476.5,499.0,470.0,491.25,491.0,678.9,437.0,27335,13217667.55,1338.0,483.54,EQ
05-03-2019,493.0,529.0,480.1,523.85,522.45,678.9,437.0,42061,21604215.15,2360.0,513.64,EQ
06-03-2019,529.95,539.95,518.3,537.2,533.0,678.9,437.0,24301,12984614.05,1804.0,534.32,EQ
07-03-2019,539.9,541.0,525.65,532.7,535.0,678.9,437.0,13928,7422770.2,1114.0,532.94,EQ
08-03-2019,536.0,540.8,532.7,536.95,538.0,678.9,437.0,17451,9369117.9,913.0,536.88,EQ
11-03-2019,541.95,550.85,538.0,541.25,543.95,678.9,437.0,36160,19711013.8,1876.0,545.11,EQ
12-03-2019,542.6,545.05,537.0,540.1,544.9,678.9,437.0,108491,58603455.85,1922.0,540.17,EQ
13-03-2019,547.95,547.95,532.35,539.35,544.9,678.9,437.0,39268,21163896.25,3078.0,538.96,EQ
14-03-2019,541.95,541.95,532.9,535.45,536.0,678.9,437.0,8898,4779735.4,683.0,537.17,EQ
15-03-2019,536.75,539.05,533.9,535.15,535.1,678.9,437.0,16197,8669966.1,1540.0,535.28,EQ
18-03-2019,535.15,540.7,530.0,530.25,530.0,676.0,437.0,13452,7185891.65,1322.0,534.19,EQ
19-03-2019,532.0,534.25,512.0,514.4,515.0,676.0,437.0,26515,13818604.05,4015.0,521.16,EQ
20-03-2019,517.95,523.0,510.35,513.05,512.15,676.0,437.0,14341,7403966.1,984.0,516.28,EQ
22-03-2019,513.05,518.0,502.35,507.2,507.0,676.0,437.0,12666,6452922.8,1324.0,509.47,EQ
25-03-2019,507.0,508.45,489.1,492.7,499.0,668.4,437.0,27876,13902137.05,1969.0,498.71,EQ
26-03-2019,496.35,499.95,489.1,495.55,496.7,668.4,437.0,27362,13498056.7,1688.0,493.31,EQ
27-03-2019,499.85,500.0,490.45,491.45,492.0,668.4,437.0,13471,6648594.55,612.0,493.55,EQ
28-03-2019,496.4,500.0,488.0,498.15,499.5,668.4,437.0,11154,5541260.35,4067.0,496.8,EQ
29-03-2019,495.1,504.45,480.6,489.25,488.0,668.4,437.0,51191,25126457.95,1238.0,490.84,EQ
01-04-2019,493.95,509.4,493.45,504.4,504.9,668.4,437.0,20599,10382439.45,1754.0,504.03,EQ
02-04-2019,504.05,508.1,493.0,494.25,493.15,668.4,437.0,14187,7075558.85,847.0,498.74,EQ
03-04-2019,495.0,502.15,485.55,488.1,490.35,668.4,437.0,16680,8223304.8,1256.0,493.0,EQ
04-04-2019,493.9,494.95,474.0,476.1,475.0,668.4,437.0,90634,43296822.25,2302.0,477.71,EQ
05-04-2019,480.9,488.0,475.0,486.25,484.9,668.4,437.0,24346,11775088.6,3280.0,483.66,EQ
08-04-2019,482.0,494.0,480.85,489.15,489.45,665.6,437.0,16699,8150394.5,1579.0,488.08,EQ
09-04-2019,489.1,493.8,483.85,488.75,488.1,665.6,437.0,8391,4093209.25,730.0,487.81,EQ
10-04-2019,484.0,493.55,482.95,485.45,484.1,665.6,437.0,10325,5037469.2,787.0,487.89,EQ
11-04-2019,490.0,494.95,480.35,486.7,485.0,665.6,437.0,26581,12964330.25,3657.0,487.73,EQ
12-04-2019,485.0,489.9,482.0,484.95,482.0,665.6,437.0,9553,4637529.25,636.0,485.45,EQ
15-04-2019,484.95,488.0,482.35,484.35,488.0,665.6,437.0,12464,6037083.2,1906.0,484.36,EQ
16-04-2019,489.1,491.45,485.0,488.0,488.1,665.6,437.0,18198,8885152.75,968.0,488.25,EQ
18-04-2019,488.0,490.55,481.45,481.85,482.0,665.6,437.0,11973,5794759.05,691.0,483.99,EQ
22-04-2019,482.0,486.65,470.0,470.05,470.0,665.3,437.0,42267,19981167.7,5208.0,472.74,EQ
23-04-2019,472.0,474.7,464.0,466.15,464.0,665.3,437.0,26941,12589159.1,1173.0,467.29,EQ
24-04-2019,470.0,471.1,458.0,462.4,461.85,665.3,437.0,21106,9809254.5,1032.0,464.76,EQ
25-04-2019,465.0,472.5,456.0,458.3,457.2,665.3,437.0,249853,116183518.6,2356.0,465.01,EQ
26-04-2019,455.05,470.9,455.05,466.35,470.0,665.3,437.0,21624,10098747.5,1043.0,467.02,EQ
30-04-2019,470.0,470.05,460.6,463.8,463.85,665.3,437.0,13308,6186083.6,996.0,464.84,EQ
02-05-2019,464.0,468.0,460.0,462.1,460.1,665.3,437.0,14334,6660766.4,1394.0,464.68,EQ
03-05-2019,462.1,464.6,460.0,460.35,460.0,665.3,437.0,9995,4618248.05,499.0,462.06,EQ
06-05-2019,458.05,464.95,454.15,457.95,455.85,664.7,437.0,18817,8634406.4,4670.0,458.86,EQ
07-05-2019,462.5,463.75,455.25,459.35,458.5,664.7,437.0,11774,5396507.8,409.0,458.34,EQ
08-05-2019,459.4,460.2,455.35,458.4,460.0,664.7,437.0,9677,4432097.95,509.0,458.0,EQ
09-05-2019,458.0,459.35,445.0,450.05,451.0,664.7,437.0,16838,7580974.8,1174.0,450.23,EQ
10-05-2019,450.0,454.9,445.6,453.3,453.0,664.7,437.0,7843,3539201.6,842.0,451.26,EQ
13-05-2019,457.0,461.95,440.5,458.65,459.0,655.95,437.0,49361,22363768.7,1880.0,453.07,EQ
14-05-2019,452.05,452.05,441.05,443.05,444.0,655.95,437.0,34876,15485167.45,1843.0,444.01,EQ
15-05-2019,447.45,450.0,443.8,447.3,445.05,655.95,437.0,13136,5889195.8,2926.0,448.32,EQ
16-05-2019,448.85,448.85,441.2,442.6,441.25,655.95,437.0,8698,3858124.85,707.0,443.56,EQ
17-05-2019,448.9,450.0,442.05,447.8,447.0,655.95,437.0,9003,4014399.45,621.0,445.9,EQ
20-05-2019,452.35,469.0,447.1,460.35,459.0,649.0,437.0,46425,21104768.9,2678.0,454.6,EQ
21-05-2019,459.5,459.65,450.0,454.9,458.0,649.0,437.0,20281,9197870.2,834.0,453.52,EQ
22-05-2019,454.0,468.0,454.0,465.45,466.5,649.0,437.0,20109,9315552.0,3097.0,463.25,EQ
23-05-2019,469.95,470.0,452.0,454.8,455.0,649.0,437.0,24260,11136203.3,1480.0,459.04,EQ
24-05-2019,457.7,463.5,454.0,457.7,456.8,649.0,437.0,36910,16923361.05,2230.0,458.5,EQ
27-05-2019,463.5,499.75,461.0,493.65,493.95,645.35,437.0,195907,95408755.9,3268.0,487.01,EQ
28-05-2019,493.0,505.0,490.35,492.75,495.0,645.35,437.0,423554,210203333.6,4953.0,496.28,EQ
29-05-2019,494.0,499.4,491.0,492.8,495.0,645.35,437.0,12418,6132925.3,764.0,493.87,EQ
30-05-2019,494.95,500.0,494.0,496.85,496.95,645.35,437.0,22522,11213963.45,1348.0,497.91,EQ
31-05-2019,499.95,504.0,490.85,495.15,495.55,645.35,437.0,17189,8534873.65,838.0,496.53,EQ
03-06-2019,490.6,500.0,490.6,492.3,492.6,645.35,437.0,36599,18044219.3,961.0,493.02,EQ
04-06-2019,490.05,496.9,489.7,492.15,491.0,645.35,437.0,9744,4802632.65,812.0,492.88,EQ
06-06-2019,488.1,494.85,488.1,489.65,490.0,645.35,437.0,12463,6119522.65,774.0,491.02,EQ
07-06-2019,488.55,491.0,485.0,489.25,489.1,645.35,437.0,41655,20389205.35,824.0,489.48,EQ
10-06-2019,493.95,496.5,484.8,485.55,488.6,645.35,437.0,42075,20468969.05,1719.0,486.49,EQ
11-06-2019,489.3,520.0,484.05,514.55,519.0,645.35,437.0,174516,88379175.55,5109.0,506.42,EQ
12-06-2019,517.45,524.0,501.0,505.4,501.75,645.35,437.0,70047,35963609.05,2592.0,513.42,EQ
13-06-2019,510.5,510.5,500.0,509.7,510.5,645.35,437.0,25447,12915091.1,2314.0,507.53,EQ
14-06-2019,511.95,511.95,500.0,500.95,501.0,645.35,437.0,66484,33349294.75,2223.0,501.61,EQ
17-06-2019,502.0,513.0,502.0,509.25,503.5,645.35,437.0,62530,31755559.05,2205.0,507.85,EQ
18-06-2019,506.0,510.85,494.55,500.5,501.75,645.35,437.0,23068,11547476.9,1522.0,500.58,EQ
19-06-2019,504.95,504.95,499.9,500.1,500.0,645.35,437.0,34878,17451243.8,7250.0,500.35,EQ
20-06-2019,500.0,513.0,500.0,512.65,510.3,645.35,437.0,78448,39853250.35,2432.0,508.02,EQ
21-06-2019,518.0,518.0,502.85,508.35,506.0,645.35,437.0,40034,20466716.5,1362.0,511.23,EQ
24-06-2019,510.0,516.5,500.0,500.8,501.5,645.35,437.0,9749,4930302.3,612.0,505.72,EQ
25-06-2019,501.5,511.55,500.0,510.2,510.0,645.35,437.0,19228,9715273.85,851.0,505.27,EQ
26-06-2019,510.95,510.95,500.5,502.0,503.9,645.35,437.0,15175,7639525.8,2285.0,503.43,EQ
27-06-2019,511.95,511.95,500.05,501.25,500.6,645.35,437.0,16967,8516955.9,1993.0,501.97,EQ
28-06-2019,502.0,510.8,502.0,506.95,506.0,645.35,437.0,13396,6794853.35,1043.0,507.23,EQ
01-07-2019,506.25,536.0,503.45,528.75,529.0,645.35,437.0,106263,55944832.4,5573.0,526.48,EQ
02-07-2019,531.6,537.15,521.0,527.7,530.0,645.35,437.0,39277,20733177.75,2325.0,527.87,EQ
03-07-2019,529.9,534.5,520.2,525.85,529.6,645.35,437.0,29641,15622173.3,1860.0,527.05,EQ
04-07-2019,526.0,529.95,523.0,525.4,523.0,645.35,437.0,22809,12007786.7,830.0,526.45,EQ
05-07-2019,529.4,542.0,513.2,519.25,515.0,645.35,437.0,134978,71952285.35,5767.0,533.07,EQ
08-07-2019,520.0,520.0,502.0,510.2,510.05,645.35,437.0,28226,14382917.2,1751.0,509.56,EQ
09-07-2019,503.2,510.8,501.15,505.9,502.0,645.35,437.0,61064,30889444.25,2059.0,505.85,EQ
10-07-2019,505.6,509.5,498.95,499.65,501.0,645.35,437.0,23047,11563556.35,1054.0,501.74,EQ
11-07-2019,501.0,504.9,495.0,497.05,495.0,645.35,437.0,11205,5593854.2,1021.0,499.23,EQ
12-07-2019,496.6,506.45,496.6,502.65,502.0,645.35,437.0,15562,7791070.3,823.0,500.65,EQ
15-07-2019,503.0,508.45,499.05,505.2,505.0,645.35,437.0,18417,9290854.15,1009.0,504.47,EQ
16-07-2019,500.05,510.55,500.0,506.45,502.25,645.35,437.0,16713,8413207.4,859.0,503.39,EQ
17-07-2019,502.25,525.95,501.65,520.05,516.0,645.35,437.0,50443,26133995.85,2588.0,518.09,EQ
18-07-2019,520.05,520.05,511.45,516.1,515.15,645.35,437.0,14839,7653206.1,1045.0,515.75,EQ
19-07-2019,516.1,528.0,515.0,524.95,525.95,645.35,437.0,46906,24502710.85,2253.0,522.38,EQ
22-07-2019,526.0,527.0,508.0,513.95,513.9,645.35,437.0,214694,110338347.65,4163.0,513.93,EQ
23-07-2019,517.1,525.0,511.6,520.95,525.0,645.35,437.0,84169,43692746.45,1354.0,519.11,EQ
24-07-2019,518.0,523.95,499.25,501.8,500.0,645.35,437.0,19341,9854133.6,1306.0,509.49,EQ
25-07-2019,501.8,509.95,500.55,505.7,504.2,645.35,437.0,26087,13175096.55,1753.0,505.04,EQ
26-07-2019,500.6,519.0,500.6,514.7,515.8,645.35,437.0,25896,13268037.95,1835.0,512.36,EQ
29-07-2019,517.3,517.3,503.3,513.9,510.0,645.35,437.0,20867,10653499.55,1294.0,510.54,EQ
30-07-2019,512.1,515.0,503.15,511.45,510.0,645.35,437.0,21902,11174656.95,897.0,510.21,EQ
31-07-2019,507.0,535.0,505.55,526.7,530.25,645.35,437.0,51795,27019588.65,3551.0,521.66,EQ
01-08-2019,526.0,531.2,511.8,515.65,517.2,645.35,437.0,70032,36155830.6,2850.0,516.28,EQ
02-08-2019,512.0,527.65,512.0,521.05,518.0,645.35,437.0,32830,17110424.2,1032.0,521.18,EQ
05-08-2019,518.0,529.0,505.45,521.55,527.95,645.35,437.0,45067,23393971.7,1796.0,519.09,EQ
06-08-2019,523.95,533.95,518.45,529.1,530.0,645.35,437.0,193680,102462119.0,1909.0,529.03,EQ
07-08-2019,530.0,534.65,514.3,517.85,518.0,645.35,437.0,11769,6175265.05,754.0,524.71,EQ
08-08-2019,518.0,534.0,513.1,528.3,527.0,645.35,437.0,21560,11272859.6,1304.0,522.86,EQ
09-08-2019,526.2,535.8,525.1,534.0,533.0,645.35,437.0,19061,10133112.8,1131.0,531.61,EQ
13-08-2019,527.95,530.9,512.0,525.55,530.0,645.35,437.0,93424,49062147.6,6415.0,525.16,EQ
14-08-2019,530.0,532.75,519.05,524.4,524.0,645.35,437.0,18084,9500918.65,1419.0,525.38,EQ
16-08-2019,530.0,530.0,509.0,512.7,509.0,645.35,437.0,41497,21477126.2,1991.0,517.56,EQ
19-08-2019,510.0,522.7,508.05,517.4,515.1,638.8,437.0,17765,9125839.7,1526.0,513.7,EQ
20-08-2019,515.4,521.95,500.0,501.2,500.0,638.8,437.0,100872,51038383.3,1471.0,505.97,EQ
21-08-2019,504.95,506.95,499.1,500.15,500.0,638.8,437.0,23407,11732769.5,931.0,501.25,EQ
22-08-2019,501.0,503.4,497.7,500.1,501.0,638.8,437.0,23932,11971926.25,1099.0,500.25,EQ
23-08-2019,497.5,506.0,497.5,500.65,500.0,638.8,437.0,20538,10325174.8,1271.0,502.74,EQ
26-08-2019,505.95,505.95,500.0,500.6,500.0,638.8,437.0,11503,5768035.75,730.0,501.44,EQ
27-08-2019,502.05,524.6,501.4,516.9,512.05,638.8,437.0,51868,26761758.7,2919.0,515.96,EQ
28-08-2019,514.2,519.55,506.0,509.1,512.0,638.8,437.0,13032,6704560.4,895.0,514.47,EQ
29-08-2019,509.0,514.9,505.0,506.4,505.25,638.8,437.0,8964,4555770.65,807.0,508.23,EQ
30-08-2019,505.25,511.95,501.35,503.6,503.2,638.8,437.0,16795,8467359.45,1917.0,504.16,EQ
03-09-2019,503.05,507.9,497.0,500.25,500.0,638.8,437.0,16538,8282202.7,897.0,500.8,EQ
04-09-2019,500.05,503.6,500.0,501.55,500.1,638.8,437.0,15375,7703751.0,2129.0,501.06,EQ
05-09-2019,500.1,503.0,500.0,500.15,500.0,638.8,437.0,19921,9969513.75,936.0,500.45,EQ
06-09-2019,500.0,519.0,500.0,516.6,516.6,638.8,437.0,27309,13957748.6,4472.0,511.1,EQ
09-09-2019,515.1,518.6,508.0,510.95,509.5,602.95,437.0,9258,4764943.9,683.0,514.68,EQ
11-09-2019,510.0,515.95,510.0,514.0,515.0,602.95,437.0,12429,6385570.7,878.0,513.76,EQ
12-09-2019,512.0,518.0,506.45,513.7,517.85,602.95,437.0,18072,9255587.4,1603.0,512.15,EQ
13-09-2019,515.5,529.0,513.05,524.0,523.9,602.95,437.0,27382,14297403.45,2104.0,522.15,EQ
16-09-2019,518.0,529.0,516.0,525.95,524.0,587.95,437.0,18065,9445262.6,2103.0,522.85,EQ
17-09-2019,525.95,547.95,518.65,537.85,538.05,587.95,437.0,95351,51316406.1,4401.0,538.18,EQ
18-09-2019,539.75,549.0,539.65,545.35,546.1,587.95,437.0,68528,37335638.65,3072.0,544.82,EQ
19-09-2019,547.25,555.0,543.1,549.2,549.9,587.95,437.0,70690,39002680.95,2919.0,551.74,EQ
20-09-2019,542.0,593.0,542.0,584.4,580.0,593.0,437.0,113324,64505604.0,5189.0,569.21,EQ
23-09-2019,586.0,623.75,585.95,612.7,609.0,623.75,437.0,105736,64342896.65,5901.0,608.52,EQ
24-09-2019,620.0,622.0,593.0,601.1,600.0,623.75,437.0,234539,142473211.9,6142.0,607.46,EQ
25-09-2019,600.3,600.3,572.1,575.55,572.55,623.75,437.0,22489,13135404.9,2429.0,584.08,EQ
26-09-2019,575.75,582.85,567.1,570.55,567.2,623.75,437.0,12045,6923210.95,1096.0,574.78,EQ
27-09-2019,572.0,588.0,572.0,582.7,583.75,623.75,437.0,24768,14426516.1,1725.0,582.47,EQ
30-09-2019,583.85,601.0,576.05,595.95,595.6,623.75,437.0,119835,71350366.1,2874.0,595.41,EQ
01-10-2019,595.95,600.0,585.45,589.0,586.0,623.75,437.0,37884,22442422.25,1179.0,592.4,EQ
03-10-2019,593.9,596.6,584.0,589.75,589.9,623.75,437.0,110461,65155629.7,1293.0,589.85,EQ
04-10-2019,593.9,596.0,581.0,585.05,583.5,623.75,437.0,13493,7934709.25,1159.0,588.06,EQ
07-10-2019,584.1,595.9,569.1,572.0,571.45,623.75,437.0,18824,10995739.0,1775.0,584.13,EQ
09-10-2019,578.0,584.0,570.0,582.9,583.0,623.75,437.0,17950,10409880.55,1949.0,579.94,EQ
10-10-2019,584.0,587.85,578.0,582.95,579.5,623.75,437.0,15561,9070080.35,1404.0,582.87,EQ
11-10-2019,583.9,589.0,578.0,586.9,584.05,623.75,437.0,15070,8803628.45,1067.0,584.18,EQ
14-10-2019,589.0,599.95,584.9,587.2,588.0,623.75,437.0,135525,80673012.8,2397.0,595.26,EQ
15-10-2019,592.25,598.0,585.25,591.55,588.25,623.75,437.0,19192,11369919.8,1159.0,592.43,EQ
16-10-2019,595.0,603.75,588.5,600.05,597.4,623.75,437.0,67228,40267073.9,2009.0,598.96,EQ
17-10-2019,602.9,613.75,590.0,594.1,593.05,623.75,437.0,48074,29035407.95,2061.0,603.97,EQ
18-10-2019,595.1,625.0,592.25,612.05,618.0,625.0,437.0,104544,63586111.25,4438.0,608.22,EQ
22-10-2019,618.7,626.9,611.9,616.55,615.0,626.9,437.0,40912,25283575.6,3943.0,618.0,EQ
23-10-2019,619.0,625.0,605.0,611.65,609.0,626.9,437.0,42153,25879703.25,4629.0,613.95,EQ
24-10-2019,607.0,614.9,598.5,601.25,599.9,626.9,437.0,23081,14003369.55,2076.0,606.71,EQ
25-10-2019,601.0,610.0,597.15,607.3,608.0,626.9,437.0,16781,10152368.0,1404.0,604.99,EQ
27-10-2019,611.0,618.0,608.0,613.9,615.0,626.9,437.0,10485,6443993.95,665.0,614.59,EQ
29-10-2019,609.05,619.05,604.5,609.8,607.25,626.9,437.0,21655,13272902.1,1355.0,612.93,EQ
30-10-2019,605.05,612.1,602.0,605.75,602.1,626.9,437.0,70682,43003421.75,1630.0,608.41,EQ
31-10-2019,605.0,613.0,602.15,605.25,608.0,626.9,437.0,122391,74394190.45,1609.0,607.84,EQ
01-11-2019,605.25,614.0,600.0,601.15,601.9,626.9,437.0,60101,36568419.55,1941.0,608.45,EQ
04-11-2019,597.15,603.8,590.0,591.0,591.5,626.9,437.0,22296,13287878.7,1899.0,595.98,EQ
05-11-2019,590.05,595.45,580.6,585.6,585.7,626.9,437.0,13660,8021816.0,1208.0,587.25,EQ
06-11-2019,590.0,590.0,579.0,580.6,581.0,626.9,437.0,19342,11293859.4,1298.0,583.9,EQ
07-11-2019,589.8,617.8,583.0,608.15,608.5,626.9,437.0,64180,39002901.3,3023.0,607.71,EQ
08-11-2019,611.35,616.75,590.05,592.15,591.25,626.9,437.0,28140,16934996.95,4152.0,601.81,EQ
11-11-2019,592.15,602.85,590.5,596.8,596.4,626.9,437.0,15743,9417576.0,1337.0,598.21,EQ
13-11-2019,590.0,590.0,580.5,585.5,589.0,626.9,437.0,26782,15674359.65,2334.0,585.26,EQ
14-11-2019,582.0,585.15,574.05,575.2,575.5,626.9,437.0,40373,23396840.2,2036.0,579.52,EQ
15-11-2019,575.0,578.45,570.0,570.25,570.0,626.9,437.0,19230,11000815.65,1246.0,572.07,EQ
18-11-2019,567.35,577.0,564.5,574.85,572.0,626.9,437.0,31110,17730545.95,1710.0,569.93,EQ
19-11-2019,577.95,577.95,564.3,566.1,566.0,626.9,437.0,17560,9947836.85,942.0,566.51,EQ
20-11-2019,571.0,572.0,563.0,568.25,567.5,626.9,437.0,25445,14439107.95,973.0,567.46,EQ
21-11-2019,565.25,578.0,565.25,566.25,565.5,626.9,437.0,17098,9766071.5,1232.0,571.18,EQ
22-11-2019,570.0,577.5,565.0,565.7,565.0,626.9,437.0,23889,13594060.95,1348.0,569.05,EQ
25-11-2019,564.0,579.8,564.0,575.05,579.0,626.9,437.0,23163,13216851.7,1708.0,570.6,EQ
26-11-2019,573.0,594.5,568.1,571.75,572.0,626.9,437.0,64745,37767344.2,4063.0,583.32,EQ
27-11-2019,571.95,579.9,571.95,577.0,577.5,626.9,437.0,20518,11830589.4,1560.0,576.6,EQ
28-11-2019,579.9,583.35,572.15,581.4,583.0,626.9,437.0,20659,11935133.0,1295.0,577.72,EQ
29-11-2019,583.8,584.0,576.05,580.65,580.0,626.9,437.0,19988,11598622.0,1580.0,580.28,EQ
02-12-2019,581.0,587.95,575.0,586.0,587.95,626.9,437.0,17256,10067018.9,1397.0,583.39,EQ
03-12-2019,583.0,589.45,580.25,586.2,585.0,626.9,437.0,21776,12740405.2,1656.0,585.07,EQ
04-12-2019,585.1,590.0,580.55,586.85,586.0,626.9,437.0,45511,26678300.45,4497.0,586.19,EQ
05-12-2019,583.1,587.9,575.1,579.8,577.6,626.9,437.0,56380,32859156.35,2368.0,582.82,EQ
06-12-2019,579.8,580.55,565.0,565.3,565.0,626.9,437.0,18254,10369448.65,1235.0,568.06,EQ
09-12-2019,565.0,571.9,558.5,559.9,560.0,626.9,437.0,45937,25751488.15,1582.0,560.58,EQ
10-12-2019,559.9,562.45,545.1,549.85,549.0,626.9,437.0,13546,7488650.05,1332.0,552.83,EQ
11-12-2019,550.0,559.5,540.3,555.15,555.0,626.9,437.0,18902,10425957.55,1344.0,551.58,EQ
12-12-2019,560.0,560.0,548.0,552.1,548.0,626.9,437.0,61537,33858771.05,1092.0,550.22,EQ
13-12-2019,553.15,556.35,543.7,551.0,551.5,626.9,437.0,18691,10290046.2,1090.0,550.53,EQ
16-12-2019,551.0,560.0,542.0,556.0,560.0,626.9,437.0,22152,12260056.25,2063.0,553.45,EQ
17-12-2019,554.0,559.25,549.25,550.3,550.0,626.9,437.0,10467,5779656.0,781.0,552.18,EQ
18-12-2019,550.0,553.4,540.6,543.15,542.0,626.9,437.0,98168,53581229.7,1889.0,545.81,EQ
19-12-2019,540.1,554.0,540.1,550.35,551.0,626.9,437.0,20486,11196208.45,1428.0,546.53,EQ
20-12-2019,553.85,559.6,543.0,545.35,546.9,626.9,437.0,12853,7076853.6,1146.0,550.6,EQ
23-12-2019,542.05,547.5,536.0,539.95,539.95,626.9,437.0,23752,12832602.2,1376.0,540.27,EQ
24-12-2019,539.95,547.95,537.0,542.2,542.0,626.9,437.0,13149,7136390.2,1059.0,542.73,EQ
26-12-2019,543.2,545.25,540.2,543.4,543.0,626.9,437.0,9311,5051158.35,662.0,542.49,EQ
27-12-2019,544.35,547.65,538.0,545.0,545.1,626.9,437.0,12501,6793257.35,1138.0,543.42,EQ
30-12-2019,545.0,546.0,541.2,543.85,545.0,626.9,437.0,31896,17345453.3,2174.0,543.81,EQ
31-12-2019,544.15,550.5,540.0,546.2,550.5,626.9,437.0,24839,13535348.55,1575.0,544.92,EQ
01-01-2020,542.0,551.95,535.25,539.7,537.0,626.9,437.0,20971,11326782.55,2128.0,540.12,EQ
02-01-2020,541.95,551.0,535.5,547.9,551.0,626.9,437.0,23021,12518017.2,1972.0,543.77,EQ
03-01-2020,550.15,554.0,544.15,548.75,548.45,626.9,437.0,14625,8018980.75,1648.0,548.31,EQ
06-01-2020,545.0,547.0,540.05,542.6,543.45,626.9,437.0,16739,9082649.0,1967.0,542.6,EQ
07-01-2020,541.0,547.45,540.05,541.65,540.2,626.9,437.0,18523,10062843.3,1433.0,543.26,EQ
08-01-2020,541.0,546.0,536.2,543.25,544.75,626.9,437.0,9337,5052836.2,705.0,541.16,EQ
09-01-2020,550.0,576.9,550.0,560.25,560.0,626.9,437.0,75418,42686056.6,4464.0,565.99,EQ
10-01-2020,564.95,578.0,562.0,574.15,576.9,626.9,437.0,38110,21817422.4,2103.0,572.49,EQ
13-01-2020,578.0,590.0,577.0,586.45,586.0,626.9,437.0,72765,42585111.3,2758.0,585.24,EQ
14-01-2020,589.85,591.9,584.55,587.85,587.65,626.9,437.0,19962,11744980.15,1361.0,588.37,EQ
15-01-2020,582.1,589.0,580.5,583.3,585.0,626.9,437.0,46569,27248972.15,1626.0,585.13,EQ
16-01-2020,583.5,588.0,572.05,573.85,574.9,626.9,437.0,20252,11702079.15,1906.0,577.82,EQ
17-01-2020,574.05,578.8,568.0,571.7,570.85,626.9,437.0,14090,8091463.25,1187.0,574.27,EQ
20-01-2020,577.85,582.9,567.5,568.65,567.5,626.9,437.0,19486,11197239.25,1526.0,574.63,EQ
21-01-2020,566.05,574.9,558.35,560.4,560.0,626.9,437.0,12920,7278470.65,964.0,563.35,EQ
22-01-2020,564.9,570.0,555.35,558.45,560.0,626.9,437.0,18368,10318526.65,2052.0,561.77,EQ
23-01-2020,563.8,565.75,551.0,552.2,551.5,626.9,437.0,13260,7371790.45,1127.0,555.94,EQ
24-01-2020,559.0,567.0,543.45,562.1,558.6,626.9,437.0,50803,28201516.25,2454.0,555.12,EQ
27-01-2020,554.0,560.0,554.0,555.35,554.15,626.9,437.0,14051,7818966.1,1300.0,556.47,EQ
28-01-2020,559.95,564.9,555.0,561.6,560.0,626.9,437.0,32136,18036407.5,1452.0,561.25,EQ
29-01-2020,565.9,581.0,557.1,562.65,566.0,626.9,437.0,157648,88995968.6,3450.0,564.52,EQ
30-01-2020,566.0,566.95,559.0,564.25,566.0,626.9,437.0,14543,8184478.85,841.0,562.78,EQ
31-01-2020,569.9,570.0,557.75,560.55,566.0,626.9,437.0,16431,9240886.1,1257.0,562.41,EQ
01-02-2020,565.8,585.0,550.1,558.05,552.8,626.9,437.0,110199,63305626.8,5534.0,574.47,EQ
03-02-2020,550.0,571.75,538.0,546.25,545.7,626.9,437.0,35390,19706745.2,3067.0,556.85,EQ
04-02-2020,550.0,560.0,550.0,553.7,553.35,626.9,437.0,15593,8662111.75,1470.0,555.51,EQ
05-02-2020,559.8,560.0,550.8,556.1,554.1,626.9,437.0,20388,11338739.4,2059.0,556.15,EQ
06-02-2020,559.8,559.8,553.0,554.4,555.7,626.9,437.0,8631,4797034.75,822.0,555.79,EQ
07-02-2020,560.0,563.9,550.1,554.35,553.0,626.9,437.0,22060,12301594.5,1662.0,557.64,EQ
10-02-2020,551.0,560.0,547.0,550.35,547.65,626.9,437.0,21103,11680037.25,2103.0,553.48,EQ
11-02-2020,550.0,553.85,542.5,545.45,545.0,626.9,437.0,18773,10277408.9,1423.0,547.46,EQ
12-02-2020,545.5,551.0,541.95,544.75,544.1,626.9,437.0,19445,10588140.4,1160.0,544.52,EQ
13-02-2020,544.5,553.95,541.65,545.9,544.35,626.9,437.0,24831,13598824.15,1724.0,547.66,EQ
14-02-2020,548.0,548.0,539.0,539.95,539.0,626.9,437.0,18661,10107323.8,2066.0,541.63,EQ
17-02-2020,538.15,562.0,538.0,555.95,555.0,626.9,437.0,65738,36312294.5,4529.0,552.38,EQ
18-02-2020,554.0,560.0,445.8,549.05,551.0,626.9,437.0,43533,23885784.9,2146.0,548.68,EQ
19-02-2020,545.2,554.0,545.2,550.6,551.0,626.9,437.0,20746,11425531.85,1108.0,550.73,EQ
20-02-2020,553.95,569.0,550.1,567.0,565.5,626.9,437.0,50315,28295116.45,2541.0,562.36,EQ
24-02-2020,565.9,577.8,548.0,564.25,570.0,626.9,440.5,52028,29264546.4,2469.0,562.48,EQ
25-02-2020,574.95,574.95,550.0,556.2,554.0,626.9,440.5,48421,26877191.85,2090.0,555.07,EQ
26-02-2020,548.1,556.2,548.1,553.4,553.45,626.9,440.5,12385,6852570.8,1262.0,553.3,EQ
27-02-2020,554.0,556.7,549.65,555.4,554.3,626.9,440.5,16416,9070684.75,1266.0,552.55,EQ
28-02-2020,543.95,553.95,535.0,543.1,543.8,626.9,440.5,36804,19992376.9,2398.0,543.21,EQ
02-03-2020,538.0,550.0,532.1,545.8,545.2,626.9,440.5,28137,15373878.0,2238.0,546.39,EQ
03-03-2020,542.5,555.0,542.5,550.55,550.8,626.9,440.5,24311,13396731.8,2268.0,551.06,EQ
04-03-2020,549.95,554.0,545.4,550.15,551.05,626.9,440.5,26512,14590068.6,1552.0,550.32,EQ
05-03-2020,546.1,553.8,546.1,550.15,550.0,626.9,440.5,14160,7799759.55,1222.0,550.83,EQ
06-03-2020,532.0,555.0,532.0,552.25,553.95,626.9,440.5,16702,9183693.4,1871.0,549.86,EQ
09-03-2020,543.0,570.95,536.35,563.65,562.3,626.9,440.5,74365,41062399.2,4132.0,552.17,EQ
11-03-2020,564.0,566.0,554.0,562.8,563.0,626.9,440.5,132407,74145933.25,3769.0,559.98,EQ
12-03-2020,557.5,557.5,500.4,511.2,511.9,626.9,440.5,56959,29121728.1,2803.0,511.28,EQ
13-03-2020,480.0,532.0,411.7,503.5,525.0,626.9,411.7,133521,65192523.75,4026.0,488.26,EQ
16-03-2020,497.0,519.7,485.35,494.15,495.0,626.9,411.7,331720,164186165.05,6667.0,494.95,EQ
17-03-2020,480.15,495.0,480.15,490.7,491.0,626.9,411.7,105578,51602334.45,4360.0,488.76,EQ
18-03-2020,488.0,489.7,429.85,455.25,461.0,626.9,411.7,79380,35957130.6,3829.0,452.97,EQ
19-03-2020,448.7,448.7,372.0,378.25,377.0,626.9,372.0,147714,57256335.2,6867.0,387.62,EQ
20-03-2020,378.0,389.9,343.0,377.6,378.0,626.9,343.0,61236,22282284.45,4196.0,363.88,EQ
23-03-2020,350.0,350.0,302.1,303.45,302.15,626.9,302.1,65186,20219433.75,3046.0,310.18,EQ
24-03-2020,305.0,333.0,289.95,302.8,302.0,626.9,289.95,29553,8941135.1,1865.0,302.55,EQ
25-03-2020,304.0,324.9,302.8,314.3,314.55,626.9,289.95,15206,4731225.35,831.0,311.14,EQ
26-03-2020,310.4,345.7,310.4,345.7,345.7,626.9,289.95,14825,5069648.05,911.0,341.97,EQ
27-03-2020,372.0,380.25,355.0,377.2,380.0,626.9,289.95,26850,10113308.4,1172.0,376.66,EQ
30-03-2020,355.5,376.8,355.5,361.15,358.0,626.9,289.95,38722,14282805.2,3302.0,368.86,EQ
31-03-2020,364.0,397.25,364.0,392.75,397.25,626.9,289.95,44415,16938744.45,2275.0,381.37,EQ
01-04-2020,405.0,405.0,375.0,380.75,379.95,626.9,289.95,13103,5025483.35,2362.0,383.54,EQ
03-04-2020,380.75,387.65,367.05,371.5,370.0,626.9,289.95,23517,8756916.45,915.0,372.37,EQ
07-04-2020,386.7,386.7,366.1,370.65,372.0,626.9,289.95,73596,27470034.5,4125.0,373.25,EQ
08-04-2020,374.0,384.0,368.35,371.45,374.9,626.9,289.95,18670,7031325.45,1299.0,376.61,EQ
09-04-2020,380.0,384.25,371.0,374.0,376.75,626.9,289.95,29482,11118433.65,2501.0,377.13,EQ
13-04-2020,375.0,429.0,372.0,422.85,411.05,626.9,289.95,188071,77993916.9,6979.0,414.7,EQ
15-04-2020,425.0,429.0,411.05,424.6,422.0,626.9,289.95,67191,28439931.7,3536.0,423.27,EQ
16-04-2020,419.55,424.9,413.7,418.35,418.0,626.9,289.95,19945,8376359.05,1766.0,419.97,EQ
17-04-2020,424.0,432.0,424.0,428.0,427.8,626.9,289.95,23328,9948209.75,1501.0,426.45,EQ
20-04-2020,432.0,440.9,425.0,430.65,432.0,626.9,289.95,25491,10994866.4,1731.0,431.32,EQ
21-04-2020,429.95,429.95,403.25,407.85,406.05,626.9,289.95,28334,11626800.95,2192.0,410.35,EQ
22-04-2020,402.3,416.9,400.05,414.15,415.6,626.9,289.95,18054,7415406.0,1645.0,410.73,EQ
23-04-2020,410.05,421.9,396.6,399.9,400.0,626.9,289.95,24517,10027274.5,1890.0,408.99,EQ
24-04-2020,404.0,404.0,382.0,383.0,383.0,626.9,289.95,44404,17170443.6,3345.0,386.69,EQ
27-04-2020,386.0,399.8,370.0,379.55,382.0,626.9,289.95,73513,28173555.75,5174.0,383.25,EQ
28-04-2020,388.0,390.8,378.0,381.0,379.4,626.9,289.95,41433,15794467.25,5070.0,381.21,EQ
29-04-2020,383.8,390.4,377.2,385.0,384.7,626.9,289.95,20330,7858757.95,1447.0,386.56,EQ
30-04-2020,394.0,415.0,387.55,401.65,402.0,626.9,289.95,49526,19565944.95,2912.0,395.06,EQ
04-05-2020,397.05,399.2,375.1,382.0,393.0,626.9,289.95,51171,19647487.8,3469.0,383.96,EQ
05-05-2020,389.0,389.0,375.0,375.95,379.7,626.9,289.95,17302,6565926.8,1513.0,379.49,EQ
06-05-2020,381.0,381.0,360.0,362.4,362.85,626.9,289.95,34841,12782270.15,2978.0,366.87,EQ
07-05-2020,363.9,378.7,356.8,376.3,376.8,626.9,289.95,32916,12013131.7,2440.0,364.96,EQ
08-05-2020,380.0,382.95,367.75,372.2,373.5,626.9,289.95,28487,10623862.0,3562.0,372.94,EQ
11-05-2020,383.0,387.9,357.0,359.85,359.0,626.9,289.95,72325,26626037.15,4864.0,368.14,EQ
12-05-2020,359.85,367.5,359.5,364.05,364.7,626.9,289.95,19720,7175290.55,2199.0,363.86,EQ
13-05-2020,378.0,388.75,371.4,384.9,388.75,626.9,289.95,32589,12374031.15,2918.0,379.7,EQ
14-05-2020,386.7,399.5,385.35,389.15,391.85,626.9,289.95,68048,26815312.4,4798.0,394.06,EQ
15-05-2020,391.0,394.0,383.05,388.75,388.0,626.9,289.95,11780,4567899.55,970.0,387.77,EQ
18-05-2020,394.0,394.0,380.55,385.5,386.9,626.9,289.95,19673,7586024.4,2017.0,385.61,EQ
19-05-2020,387.45,391.9,383.2,385.95,388.35,626.9,289.95,15765,6114533.05,2058.0,387.85,EQ
20-05-2020,387.0,395.0,382.1,390.25,390.05,626.9,289.95,30009,11643265.8,4983.0,387.99,EQ
21-05-2020,392.95,402.0,391.0,395.85,398.0,626.9,289.95,38378,15216347.55,3021.0,396.49,EQ
22-05-2020,394.95,409.5,393.05,400.7,401.0,626.9,289.95,41732,16757685.1,2201.0,401.55,EQ
26-05-2020,405.0,409.0,403.6,408.25,408.0,626.9,289.95,25717,10468558.75,1588.0,407.07,EQ
27-05-2020,410.0,414.5,404.8,407.75,407.0,626.9,289.95,29687,12170027.35,2099.0,409.94,EQ
28-05-2020,410.0,421.0,406.55,410.5,409.85,626.9,289.95,21168,8685642.1,1571.0,410.32,EQ
29-05-2020,415.0,429.95,411.05,425.0,427.95,626.9,289.95,38979,16372854.7,3580.0,420.04,EQ
01-06-2020,440.0,487.95,440.0,473.9,474.9,626.9,289.95,215490,102434982.35,11139.0,475.36,EQ
02-06-2020,481.7,482.75,467.15,472.5,467.15,626.9,289.95,64974,31002007.25,4130.0,477.14,EQ
03-06-2020,473.9,476.95,468.0,471.2,468.0,626.9,289.95,62645,29555383.3,4368.0,471.79,EQ
04-06-2020,469.9,469.9,455.45,459.2,459.85,626.9,289.95,26050,12006415.25,1707.0,460.9,EQ
05-06-2020,458.0,479.6,458.0,472.5,473.65,626.9,289.95,35342,16620772.3,3372.0,470.28,EQ
08-06-2020,492.0,492.0,475.0,475.6,476.7,626.9,289.95,36755,17587556.35,2248.0,478.51,EQ
09-06-2020,480.0,480.0,470.1,475.15,476.0,626.9,289.95,65264,30999631.35,1485.0,474.99,EQ
10-06-2020,478.5,478.75,467.1,469.75,469.35,626.9,289.95,35429,16732782.3,1607.0,472.29,EQ
11-06-2020,467.0,474.55,458.15,464.6,468.0,626.9,289.95,29587,13778541.15,1908.0,465.7,EQ
12-06-2020,458.0,465.95,442.0,464.05,465.95,626.9,289.95,32796,14913971.85,4479.0,454.75,EQ
15-06-2020,455.0,465.35,450.15,452.15,453.0,626.9,289.95,16287,7433833.55,1425.0,456.43,EQ
16-06-2020,460.0,461.9,445.0,446.6,446.0,626.9,289.95,21279,9607984.8,1684.0,451.52,EQ
17-06-2020,450.0,454.25,438.0,447.85,446.1,626.9,289.95,36644,16334947.95,1600.0,445.77,EQ
18-06-2020,454.0,463.6,447.4,456.05,454.9,626.9,289.95,21573,9851531.35,2068.0,456.66,EQ
19-06-2020,458.35,484.0,456.2,479.35,475.0,626.9,289.95,85838,40642694.8,4839.0,473.48,EQ
22-06-2020,482.9,501.75,478.6,479.8,479.0,626.9,289.95,73999,36181240.8,3723.0,488.94,EQ
23-06-2020,484.0,488.75,471.0,481.35,482.0,626.9,289.95,30183,14495912.15,2299.0,480.27,EQ
24-06-2020,488.95,518.0,488.95,498.0,496.85,626.9,289.95,339769,171887734.85,13302.0,505.9,EQ
25-06-2020,494.9,494.9,477.65,483.25,485.1,626.9,289.95,81331,39529907.45,6143.0,486.04,EQ
26-06-2020,490.0,530.5,487.7,520.4,530.0,626.9,289.95,219710,112530909.6,8399.0,512.18,EQ
29-06-2020,526.0,526.9,500.25,512.65,511.0,626.9,289.95,54485,27790370.25,3977.0,510.06,EQ
30-06-2020,511.0,517.85,497.0,498.05,498.25,626.9,289.95,38395,19354540.4,2345.0,504.09,EQ
01-07-2020,497.8,504.35,494.0,498.45,499.0,626.9,289.95,31966,15915551.0,2346.0,497.89,EQ
02-07-2020,499.0,505.0,495.0,496.7,499.0,626.9,289.95,14460,7208177.75,1331.0,498.49,EQ
03-07-2020,498.1,504.0,491.0,494.65,494.4,626.9,289.95,14952,7437122.0,1633.0,497.4,EQ
06-07-2020,497.15,499.15,486.05,487.9,486.9,626.9,289.95,29504,14469756.85,3320.0,490.43,EQ
07-07-2020,487.0,496.0,485.0,488.65,489.0,626.9,289.95,24970,12185531.3,1864.0,488.01,EQ
08-07-2020,491.1,498.5,485.6,490.0,490.0,626.9,289.95,53227,26125438.5,2326.0,490.83,EQ
09-07-2020,490.0,498.0,485.1,490.65,490.0,626.9,289.95,81565,40017643.4,2030.0,490.62,EQ
10-07-2020,490.0,493.1,480.0,481.55,480.85,626.9,289.95,39513,19253828.25,2454.0,487.28,EQ
13-07-2020,484.0,484.0,466.6,469.7,473.0,626.9,289.95,50520,23878727.1,4034.0,472.66,EQ
14-07-2020,470.0,474.0,466.0,469.0,471.55,626.9,289.95,20417,9565732.75,3191.0,468.52,EQ
15-07-2020,471.35,474.95,462.3,464.5,463.2,626.9,289.95,24192,11294088.15,2527.0,466.85,EQ
16-07-2020,466.85,469.45,453.0,458.65,456.05,626.9,289.95,22830,10445944.85,2377.0,457.55,EQ
17-07-2020,460.95,466.8,457.5,459.65,459.5,626.9,289.95,22463,10361164.95,2061.0,461.25,EQ
20-07-2020,460.65,465.9,456.05,458.25,458.0,626.9,289.95,25978,11931772.9,1586.0,459.3,EQ
21-07-2020,464.8,464.8,454.0,460.0,461.15,626.9,289.95,25399,11659007.55,1978.0,459.03,EQ
22-07-2020,462.3,463.4,458.0,459.8,459.55,626.9,289.95,27127,12501299.45,2208.0,460.84,EQ
23-07-2020,465.85,476.8,463.0,465.05,464.0,626.9,289.95,61999,29034993.9,2875.0,468.31,EQ
24-07-2020,465.05,472.0,458.0,458.65,458.15,626.9,289.95,31942,14757060.45,1943.0,462.0,EQ
27-07-2020,460.0,463.15,453.6,454.65,454.0,626.9,289.95,18850,8598684.1,2422.0,456.16,EQ
28-07-2020,452.45,458.25,447.0,449.15,447.75,626.9,289.95,40173,18100699.7,3315.0,450.57,EQ
29-07-2020,450.9,465.9,450.0,460.8,462.0,626.9,289.95,24789,11352636.35,2627.0,457.97,EQ
30-07-2020,460.0,468.8,460.0,465.45,468.0,626.9,289.95,33072,15377690.65,2253.0,464.98,EQ
31-07-2020,465.0,467.8,458.0,460.45,462.0,626.9,289.95,129776,59901354.6,2370.0,461.57,EQ
03-08-2020,460.0,466.0,456.0,462.05,463.0,626.9,289.95,24675,11376617.55,2077.0,461.06,EQ
04-08-2020,464.4,466.0,460.0,461.6,461.9,626.9,289.95,14919,6900668.85,1286.0,462.54,EQ
05-08-2020,463.95,466.0,455.0,462.25,462.0,626.9,289.95,28639,13226569.75,1873.0,461.84,EQ
06-08-2020,462.0,466.0,438.0,444.55,445.4,626.9,289.95,119976,53575554.5,6865.0,446.55,EQ
07-08-2020,448.8,453.85,445.35,449.65,449.9,626.9,289.95,31111,13973500.7,1499.0,449.15,EQ
10-08-2020,455.0,460.85,450.05,453.4,451.0,626.9,289.95,36546,16656919.05,1647.0,455.78,EQ
11-08-2020,455.1,458.35,450.55,452.65,451.95,626.9,289.95,56398,25699580.15,4217.0,455.68,EQ
12-08-2020,456.0,456.0,451.0,452.55,451.0,626.9,289.95,16970,7703434.45,957.0,453.94,EQ
13-08-2020,452.65,456.0,447.2,450.05,452.75,626.9,289.95,21948,9929379.85,1301.0,452.4,EQ
14-08-2020,450.1,455.7,446.0,448.45,451.0,626.9,289.95,31390,14181659.3,1879.0,451.79,EQ
17-08-2020,450.7,454.95,447.5,450.25,450.4,626.9,289.95,126450,56909744.45,1065.0,450.06,EQ
18-08-2020,448.5,456.0,448.0,449.65,450.1,626.9,289.95,61367,27722295.2,3332.0,451.75,EQ
19-08-2020,451.9,469.0,450.5,461.3,461.5,626.9,289.95,231963,106174361.25,4256.0,457.72,EQ
20-08-2020,461.9,464.9,456.4,462.95,461.1,626.9,289.95,100529,46325984.95,1948.0,460.82,EQ
21-08-2020,467.0,478.0,460.1,465.05,465.8,626.9,289.95,128578,60456367.35,4441.0,470.19,EQ
24-08-2020,473.8,474.0,463.0,465.35,466.9,626.9,289.95,40666,19038088.65,2452.0,468.16,EQ
25-08-2020,466.9,515.0,461.0,502.75,513.95,626.9,289.95,431258,210233003.65,12269.0,487.49,EQ
26-08-2020,519.45,519.45,503.25,510.0,510.0,626.9,289.95,181633,93078646.15,7611.0,512.45,EQ
27-08-2020,506.7,517.35,506.0,510.05,510.0,626.9,289.95,57187,29179554.0,2259.0,510.25,EQ
28-08-2020,510.05,524.0,510.0,517.95,516.55,626.9,289.95,101654,52774118.5,7591.0,519.15,EQ
31-08-2020,518.0,520.0,504.0,505.35,505.85,626.9,289.95,104940,53338287.4,3656.0,508.27,EQ
01-09-2020,506.0,507.85,495.35,504.65,506.6,626.9,289.95,20286,10145441.65,1832.0,500.12,EQ
02-09-2020,508.8,512.55,501.05,505.15,507.0,626.9,289.95,24414,12388192.6,2124.0,507.42,EQ
03-09-2020,507.7,543.25,507.7,523.95,524.0,626.9,289.95,229585,121916518.7,10839.0,531.03,EQ
04-09-2020,514.2,519.5,506.0,511.0,510.0,626.9,289.95,73259,37549519.85,3334.0,512.56,EQ
07-09-2020,510.2,524.65,506.0,510.6,510.1,626.9,289.95,78887,40408346.35,3254.0,512.23,EQ
08-09-2020,510.6,516.0,507.35,508.95,508.0,626.9,289.95,31759,16217080.0,1640.0,510.63,EQ
09-09-2020,506.0,508.0,499.3,501.0,501.4,626.9,289.95,34221,17201529.2,1635.0,502.66,EQ
10-09-2020,503.2,522.0,498.3,510.5,509.0,626.9,289.95,36478,18803528.9,1914.0,515.48,EQ
11-09-2020,509.0,512.9,504.9,505.75,507.0,626.9,289.95,20343,10304802.3,1039.0,506.55,EQ
14-09-2020,517.95,548.9,511.15,545.2,544.5,626.9,289.95,166948,89266384.3,7779.0,534.7,EQ
15-09-2020,548.0,549.5,530.85,536.45,536.35,626.9,289.95,27240,14603765.1,1964.0,536.11,EQ
16-09-2020,537.9,538.5,525.65,532.6,535.0,626.9,289.95,21316,11363611.3,1523.0,533.1,EQ
17-09-2020,534.75,544.75,527.05,535.1,537.95,626.9,289.95,41179,22070411.9,2891.0,535.96,EQ
18-09-2020,542.95,547.35,527.0,543.05,540.0,626.9,289.95,61052,32905086.3,4571.0,538.97,EQ
21-09-2020,540.0,549.75,511.0,516.65,515.35,626.9,289.95,35567,18776817.45,2690.0,527.93,EQ
22-09-2020,516.0,524.5,490.05,520.05,521.8,626.9,289.95,54140,27399217.4,3292.0,506.08,EQ
23-09-2020,522.65,527.0,506.3,511.4,511.95,626.9,289.95,23319,11994812.1,3894.0,514.38,EQ
24-09-2020,506.0,510.0,487.05,490.65,490.3,626.9,289.95,29608,14641314.65,3764.0,494.51,EQ
25-09-2020,490.5,502.2,490.0,496.7,500.0,626.9,289.95,25846,12775744.0,3183.0,494.3,EQ
28-09-2020,505.95,511.95,496.25,507.0,504.1,626.9,289.95,22345,11321722.65,1562.0,506.68,EQ
29-09-2020,513.8,514.0,501.0,502.95,504.45,626.9,289.95,15231,7763695.55,1233.0,509.73,EQ
30-09-2020,505.5,508.1,495.4,502.05,502.8,626.9,289.95,16456,8253332.8,1067.0,501.54,EQ
01-10-2020,504.6,522.0,504.6,517.1,517.1,626.9,289.95,25974,13347666.9,1712.0,513.89,EQ
05-10-2020,509.0,524.0,502.45,520.75,520.0,626.9,289.95,28972,14919329.3,2484.0,514.96,EQ
06-10-2020,518.5,530.0,512.55,514.1,513.5,626.9,289.95,22411,11628537.8,2147.0,518.88,EQ
07-10-2020,516.7,520.0,506.85,508.7,510.0,626.9,289.95,14534,7434088.65,1178.0,511.5,EQ
08-10-2020,510.0,516.1,503.8,510.45,511.55,626.9,289.95,14967,7620214.95,1249.0,509.13,EQ
09-10-2020,513.05,513.4,498.4,504.2,506.5,626.9,289.95,13806,6954185.1,1200.0,503.71,EQ
12-10-2020,501.5,509.9,501.2,508.4,508.3,626.9,289.95,10677,5405910.25,765.0,506.31,EQ
13-10-2020,510.95,512.0,499.05,502.1,503.0,626.9,289.95,13396,6731919.3,1029.0,502.53,EQ
14-10-2020,499.05,521.0,498.2,518.45,516.6,626.9,289.95,52740,27141117.75,3520.0,514.62,EQ
15-10-2020,520.0,521.0,510.85,512.15,514.0,626.9,289.95,17932,9224015.75,1931.0,514.39,EQ
16-10-2020,512.1,519.6,512.0,517.9,519.0,626.9,289.95,14863,7661023.55,1936.0,515.44,EQ
19-10-2020,517.9,524.5,502.55,506.35,507.9,626.9,289.95,39778,20309115.95,4228.0,510.56,EQ
20-10-2020,508.9,512.05,497.75,504.9,505.0,626.9,289.95,41188,20712768.2,2003.0,502.88,EQ
21-10-2020,504.9,508.95,498.0,500.05,501.0,626.9,289.95,20757,10421521.0,1260.0,502.07,EQ
22-10-2020,502.6,528.8,498.0,524.45,520.0,626.9,289.95,75172,38776436.15,4770.0,515.84,EQ
23-10-2020,524.45,535.95,524.45,529.5,529.5,626.9,289.95,34534,18301446.95,1934.0,529.95,EQ
26-10-2020,535.0,541.0,529.5,532.45,532.0,619.05,289.95,35043,18767306.4,3064.0,535.55,EQ
27-10-2020,548.45,568.0,542.0,553.7,551.5,619.05,289.95,357875,198668853.7,14595.0,555.13,EQ
28-10-2020,555.0,557.0,543.45,546.2,545.5,619.05,289.95,260949,142561986.5,2721.0,546.32,EQ
29-10-2020,545.5,545.5,525.05,537.95,537.0,619.05,289.95,28432,15246375.35,2777.0,536.24,EQ
30-10-2020,538.0,539.9,520.0,522.45,521.0,619.05,289.95,22465,11856942.15,2047.0,527.8,EQ
02-11-2020,525.1,554.6,513.95,544.45,542.0,617.8,289.95,99955,54261764.8,5458.0,542.86,EQ
03-11-2020,542.0,557.0,541.0,552.1,551.0,617.8,289.95,659257,363321578.15,4512.0,551.11,EQ
04-11-2020,550.2,556.15,546.0,548.85,549.35,617.8,289.95,17620,9716125.3,1126.0,551.43,EQ
05-11-2020,551.6,571.95,549.0,567.9,566.05,617.8,289.95,105233,59527015.1,4055.0,565.67,EQ
06-11-2020,572.0,578.0,561.5,568.4,569.0,617.8,289.95,70500,40147642.2,2983.0,569.47,EQ
09-11-2020,570.0,584.9,568.55,578.65,578.0,602.85,289.95,61975,35833448.4,2872.0,578.19,EQ
10-11-2020,578.65,592.05,565.2,568.6,565.4,602.85,289.95,45792,26600053.25,2589.0,580.89,EQ
11-11-2020,565.55,593.9,565.55,587.95,593.6,602.85,289.95,63786,36972729.75,3913.0,579.64,EQ
12-11-2020,593.9,601.95,588.4,598.65,600.6,602.85,289.95,85703,51290147.6,5621.0,598.46,EQ
13-11-2020,601.95,615.85,599.05,610.95,611.5,615.85,289.95,135340,82628102.3,9747.0,610.52,EQ
14-11-2020,619.9,620.25,610.0,614.7,614.0,620.25,289.95,30961,19095051.6,2017.0,616.75,EQ
17-11-2020,613.0,623.0,598.0,610.75,612.85,623.0,289.95,125981,76594502.65,6508.0,607.98,EQ
18-11-2020,610.7,639.7,604.0,611.75,610.0,639.7,289.95,324702,203531900.65,8668.0,626.83,EQ
19-11-2020,609.9,625.5,609.0,616.55,617.8,639.7,289.95,76322,47139937.0,5027.0,617.65,EQ
20-11-2020,620.7,620.85,605.35,610.0,610.0,639.7,289.95,36102,22092340.35,3774.0,611.94,EQ
23-11-2020,606.5,626.0,606.5,621.6,621.5,639.7,289.95,217811,133812008.95,6413.0,614.35,EQ
24-11-2020,624.0,627.1,615.5,623.0,624.1,639.7,289.95,50457,31350672.7,3476.0,621.33,EQ
25-11-2020,626.15,628.3,602.5,606.05,609.9,639.7,289.95,48235,29819221.05,3263.0,618.21,EQ
26-11-2020,610.05,617.0,609.05,612.7,615.0,639.7,289.95,22219,13617458.1,1779.0,612.87,EQ
27-11-2020,613.0,635.0,606.55,630.85,619.5,639.7,289.95,257687,161858760.45,7520.0,628.12,EQ
01-12-2020,632.1,635.0,618.5,622.35,620.55,639.7,289.95,110920,69455291.05,4144.0,626.17,EQ
02-12-2020,622.15,625.75,614.35,622.7,622.5,639.7,289.95,55650,34538262.45,4190.0,620.63,EQ
03-12-2020,622.7,628.85,615.1,627.5,628.0,639.7,289.95,50155,31250955.75,3190.0,623.09,EQ
04-12-2020,625.0,655.0,620.0,651.9,645.0,655.0,289.95,258332,166808501.1,8402.0,645.71,EQ
07-12-2020,657.0,668.9,650.0,662.15,659.1,668.9,289.95,219025,144062046.8,6749.0,657.74,EQ
08-12-2020,663.75,671.65,646.0,655.35,656.5,671.65,289.95,58824,38580985.2,3752.0,655.87,EQ
09-12-2020,655.05,665.0,647.2,652.7,653.0,671.65,289.95,41752,27382503.15,3129.0,655.84,EQ
10-12-2020,652.7,652.7,637.25,640.95,643.5,671.65,289.95,23352,15020790.6,1750.0,643.23,EQ
11-12-2020,644.2,655.0,636.0,641.0,645.0,671.65,289.95,33304,21461712.35,2649.0,644.42,EQ
14-12-2020,636.0,649.9,635.1,640.25,637.0,671.65,289.95,46961,30159089.3,5009.0,642.22,EQ
15-12-2020,640.3,643.4,622.3,626.0,625.75,671.65,289.95,92288,57925748.3,5353.0,627.66,EQ
16-12-2020,633.8,642.0,630.15,634.9,634.1,671.65,289.95,52135,33182705.5,4802.0,636.48,EQ
17-12-2020,638.1,645.5,621.0,626.6,624.7,671.65,289.95,76434,48547765.9,4022.0,635.16,EQ
18-12-2020,626.05,640.0,621.1,634.25,635.0,671.65,289.95,47217,29820340.1,3123.0,631.56,EQ
21-12-2020,630.0,638.0,616.0,624.05,631.1,671.65,289.95,83060,52033822.6,4296.0,626.46,EQ
22-12-2020,618.5,626.9,603.4,621.8,622.0,671.65,289.95,69364,43077104.55,4058.0,621.03,EQ
23-12-2020,624.8,628.0,618.1,621.8,627.8,671.65,289.95,22507,14030529.55,1749.0,623.39,EQ
24-12-2020,629.0,633.65,610.65,615.25,615.8,671.65,289.95,40405,25086461.9,3829.0,620.88,EQ
28-12-2020,616.0,647.0,613.65,643.0,640.6,671.65,289.95,758588,482598462.9,6540.0,636.18,EQ
29-12-2020,649.95,660.0,640.6,645.65,645.55,671.65,289.95,111065,72419214.35,4912.0,652.04,EQ
30-12-2020,650.0,654.45,637.7,646.65,645.0,671.65,289.95,53584,34644194.7,3198.0,646.54,EQ
31-12-2020,649.9,654.0,644.0,646.05,647.85,671.65,289.95,31180,20216215.55,1994.0,648.37,EQ
01-01-2021,647.0,662.0,640.25,653.55,659.0,671.65,289.95,35608,23114643.45,2356.0,649.14,EQ
04-01-2021,650.0,658.0,642.0,654.7,656.0,671.65,289.95,59277,38523364.3,4435.0,649.89,EQ
05-01-2021,654.0,656.0,643.05,653.55,655.0,671.65,289.95,33326,21741108.85,3081.0,652.38,EQ
06-01-2021,655.0,659.9,645.7,648.1,648.0,671.65,289.95,60160,39302781.85,2168.0,653.3,EQ
07-01-2021,651.35,657.5,647.7,651.1,649.9,671.65,289.95,47137,30735712.45,3734.0,652.05,EQ
08-01-2021,654.0,673.5,646.05,663.9,663.95,673.5,289.95,148244,98386031.4,6302.0,663.68,EQ
11-01-2021,666.0,671.95,642.7,652.7,650.6,673.5,289.95,82245,53643092.25,5295.0,652.24,EQ
12-01-2021,648.0,654.5,642.15,648.1,647.0,673.5,289.95,43332,28077633.75,3305.0,647.97,EQ
13-01-2021,651.3,658.0,642.0,647.15,646.25,673.5,289.95,41564,27016532.2,4929.0,650.0,EQ
14-01-2021,645.0,655.0,642.1,643.9,642.95,673.5,289.95,35240,22782571.5,2544.0,646.5,EQ
15-01-2021,642.6,649.9,627.55,630.9,627.8,673.5,289.95,64785,41243521.05,3766.0,636.62,EQ
18-01-2021,632.1,633.95,616.3,617.55,617.05,673.5,289.95,51757,32245844.4,5595.0,623.02,EQ
19-01-2021,620.6,628.85,611.8,622.75,625.0,673.5,289.95,269810,166277775.65,4141.0,616.28,EQ
20-01-2021,631.8,640.9,613.75,614.75,615.0,673.5,289.95,79595,49495385.15,3938.0,621.84,EQ
21-01-2021,617.85,624.7,615.0,616.85,620.9,673.5,289.95,36603,22655580.55,2694.0,618.95,EQ
22-01-2021,620.0,627.0,598.0,599.75,600.0,673.5,289.95,81471,49326491.2,5971.0,605.45,EQ
25-01-2021,604.0,610.65,580.1,582.9,585.0,673.5,289.95,72617,43113019.6,3859.0,593.7,EQ
27-01-2021,585.7,608.0,580.15,589.9,590.0,673.5,289.95,111323,66115101.25,8244.0,593.9,EQ
28-01-2021,588.0,588.95,577.0,580.4,581.5,673.5,289.95,43123,25046095.5,4125.0,580.81,EQ
29-01-2021,587.9,593.15,572.0,577.1,580.0,673.5,289.95,49318,28735147.45,2630.0,582.65,EQ
01-02-2021,587.0,605.0,579.4,592.8,591.0,673.5,289.95,68241,40422537.55,3958.0,592.35,EQ
02-02-2021,649.8,674.0,625.0,642.75,645.0,674.0,289.95,1306874,847927922.35,35366.0,648.82,EQ
03-02-2021,652.0,667.7,640.55,644.9,645.0,674.0,289.95,393158,256679612.2,21133.0,652.87,EQ
04-02-2021,645.05,695.0,645.05,672.85,684.0,695.0,289.95,769747,524905892.6,34101.0,681.92,EQ
05-02-2021,688.5,694.95,673.0,678.2,679.0,695.0,289.95,312313,213459563.95,12754.0,683.48,EQ
08-02-2021,682.0,690.0,649.0,650.8,652.05,695.0,289.95,280349,185266883.3,12815.0,660.84,EQ
09-02-2021,653.25,681.7,640.8,660.55,663.25,695.0,289.95,266971,176470915.65,10159.0,661.01,EQ
10-02-2021,666.9,685.0,660.0,679.6,679.8,695.0,289.95,240956,163476374.5,11476.0,678.45,EQ
11-02-2021,679.0,690.0,666.2,675.55,676.0,695.0,289.95,164176,111942590.85,7897.0,681.85,EQ
12-02-2021,678.0,690.0,672.0,675.8,675.0,695.0,289.95,150845,102843738.8,9481.0,681.78,EQ
15-02-2021,680.0,687.65,672.0,674.25,673.0,695.0,289.95,68811,46724115.6,3546.0,679.02,EQ
16-02-2021,674.0,678.1,660.1,664.25,666.3,695.0,289.95,98525,65679572.2,5832.0,666.63,EQ
17-02-2021,661.0,668.25,659.1,662.25,664.0,695.0,289.95,107798,71480371.5,7893.0,663.1,EQ
18-02-2021,662.25,675.0,661.0,665.65,664.55,695.0,289.95,135706,90549563.15,7314.0,667.25,EQ
19-02-2021,664.95,665.0,645.1,649.55,648.0,695.0,289.95,94955,62304341.4,4504.0,656.15,EQ
22-02-2021,646.0,657.0,625.25,629.1,628.6,695.0,289.95,197842,125927452.75,11052.0,636.51,EQ
23-02-2021,632.3,638.0,600.0,605.05,603.75,695.0,289.95,248912,152104761.65,12648.0,611.08,EQ
24-02-2021,606.5,614.0,602.0,604.65,604.9,695.0,289.95,156228,94712495.65,8667.0,606.25,EQ
25-02-2021,614.0,644.7,608.0,641.75,640.0,695.0,289.95,548855,343912128.35,43443.0,626.6,EQ
26-02-2021,631.0,637.8,608.0,613.1,617.0,695.0,289.95,274934,170526408.6,11794.0,620.24,EQ
01-03-2021,622.0,640.0,619.1,622.3,622.95,695.0,289.95,142869,89800885.0,10169.0,628.55,EQ
02-03-2021,623.05,640.0,623.05,634.95,637.0,695.0,289.95,122778,77908483.9,9400.0,634.55,EQ
03-03-2021,640.0,659.25,637.6,648.7,648.2,695.0,289.95,142386,92480070.85,7576.0,649.5,EQ
04-03-2021,647.0,688.0,638.0,674.55,673.1,695.0,289.95,475842,320120381.9,14766.0,672.75,EQ
05-03-2021,674.55,689.7,654.05,657.9,662.65,695.0,289.95,207387,139373114.2,10631.0,672.04,EQ
08-03-2021,664.7,677.0,648.35,653.2,652.0,695.0,289.95,107380,71512991.9,7802.0,665.98,EQ
09-03-2021,661.0,669.0,641.5,647.7,650.05,695.0,289.95,75572,49173831.0,7422.0,650.69,EQ
10-03-2021,653.9,663.0,643.0,650.6,651.35,695.0,289.95,166315,108807110.3,8364.0,654.22,EQ
12-03-2021,657.0,658.8,630.1,636.75,636.7,695.0,289.95,132312,85269856.4,10227.0,644.46,EQ
15-03-2021,639.95,645.9,627.05,632.25,633.4,695.0,289.95,150388,95177007.0,5026.0,632.88,EQ
16-03-2021,635.9,643.7,626.65,629.55,630.0,695.0,289.95,56167,35540835.95,4394.0,632.77,EQ
17-03-2021,630.0,635.0,618.0,620.95,618.0,695.0,289.95,68866,42995043.15,4597.0,624.33,EQ
18-03-2021,624.2,628.5,607.0,617.4,617.0,695.0,289.95,52621,32480479.7,4087.0,617.25,EQ
19-03-2021,610.0,622.0,601.5,618.2,618.05,695.0,289.95,65937,40452176.05,6010.0,613.5,EQ
22-03-2021,630.0,632.0,605.05,612.2,613.0,695.0,289.95,83620,51349002.9,5466.0,614.08,EQ
23-03-2021,615.0,621.75,610.0,613.95,612.0,695.0,289.95,59848,36753314.1,5295.0,614.11,EQ
24-03-2021,608.4,616.05,604.0,606.8,610.0,695.0,289.95,44994,27446196.95,2753.0,610.0,EQ
25-03-2021,610.0,623.9,601.5,612.0,611.0,695.0,289.95,114553,70187481.45,8743.0,612.71,EQ
26-03-2021,614.0,621.1,609.45,615.5,618.5,695.0,289.95,44567,27396539.55,2960.0,614.73,EQ
30-03-2021,620.9,622.0,606.45,613.05,612.05,695.0,355.5,84023,51517231.55,8110.0,613.13,EQ
31-03-2021,622.0,644.0,620.2,636.0,637.05,695.0,355.5,231699,147286478.8,11307.0,635.68,EQ
01-04-2021,648.25,659.0,648.0,654.7,655.6,695.0,355.5,274459,179651407.3,11682.0,654.57,EQ
05-04-2021,663.0,672.0,654.75,665.5,667.1,695.0,356.8,233298,154944183.3,11525.0,664.15,EQ
06-04-2021,670.0,677.9,663.7,674.35,674.9,695.0,356.8,164838,110762372.7,7349.0,671.95,EQ
07-04-2021,679.6,684.9,676.5,678.7,678.25,695.0,356.8,151164,102787851.0,6733.0,679.98,EQ
08-04-2021,679.9,686.0,677.05,678.8,679.4,695.0,356.8,122662,83630980.1,7216.0,681.8,EQ
09-04-2021,680.0,714.9,680.0,701.0,698.0,714.9,356.8,637342,448299555.0,30439.0,703.39,EQ
12-04-2021,696.0,699.0,670.15,676.1,677.9,714.9,356.8,269870,184139495.85,28403.0,682.33,EQ
13-04-2021,681.0,702.0,680.9,698.5,700.25,714.9,356.8,292092,203574022.1,21548.0,696.95,EQ
15-04-2021,141.0,149.9,135.65,143.65,144.8,714.9,135.65,2577555,370028672.1,61682.0,143.56,EQ
16-04-2021,145.4,146.8,144.05,145.0,145.0,714.9,135.65,1773020,257073688.3,22605.0,144.99,EQ
19-04-2021,141.9,147.4,138.85,144.65,144.8,714.9,135.65,2170773,312641934.9,32471.0,144.02,EQ
20-04-2021,143.1,146.45,142.0,142.8,142.45,714.9,135.65,1102697,158394616.9,13366.0,143.64,EQ
22-04-2021,141.0,144.85,140.4,143.05,143.15,714.9,135.65,665273,95064846.85,24748.0,142.9,EQ
23-04-2021,144.7,148.5,142.7,145.0,144.9,714.9,135.65,1516346,220937718.75,25421.0,145.7,EQ
26-04-2021,147.0,147.95,144.0,144.6,144.65,714.9,135.65,423130,61864312.85,15654.0,146.21,EQ
27-04-2021,145.1,153.25,145.1,150.15,150.2,714.9,135.65,1606075,241112538.7,24659.0,150.13,EQ
28-04-2021,152.1,154.25,149.4,150.55,150.85,714.9,135.65,1147499,174269438.15,25181.0,151.87,EQ
29-04-2021,153.8,154.25,148.0,149.6,149.5,714.9,135.65,572670,86558963.45,11918.0,151.15,EQ
30-04-2021,153.75,153.75,150.3,151.25,150.95,714.9,135.65,708590,107596793.4,15107.0,151.85,EQ
03-05-2021,150.0,158.0,149.4,157.15,158.0,714.9,135.65,1107577,172802082.45,17083.0,156.02,EQ
04-05-2021,160.0,161.45,152.2,152.95,153.35,714.9,135.65,1191353,187703216.15,15251.0,157.55,EQ
05-05-2021,154.8,159.7,154.2,158.9,159.7,714.9,135.65,694230,109665597.6,13186.0,157.97,EQ
06-05-2021,159.7,161.9,156.05,157.2,157.3,714.9,135.65,453562,71728532.75,10874.0,158.14,EQ
07-05-2021,158.9,159.5,155.3,156.15,156.2,714.9,135.65,340255,53556760.6,4527.0,157.4,EQ
10-05-2021,156.2,161.25,154.5,155.15,155.7,714.9,135.65,1625567,256393926.25,36708.0,157.73,EQ
11-05-2021,155.0,157.35,148.65,155.55,155.75,714.9,135.65,501868,78105294.35,10452.0,155.63,EQ
12-05-2021,157.45,158.5,154.85,155.3,155.65,714.9,135.65,291921,45625713.75,5506.0,156.29,EQ
14-05-2021,156.85,157.95,151.95,152.4,153.0,714.9,135.65,462924,71336437.85,10007.0,154.1,EQ
17-05-2021,155.0,156.0,151.0,152.95,153.0,714.9,135.65,418142,64230962.85,8807.0,153.61,EQ
18-05-2021,154.1,154.95,151.2,151.75,152.0,714.9,135.65,501580,76538069.55,10035.0,152.59,EQ
19-05-2021,152.5,155.5,152.5,154.75,155.1,714.9,135.65,474248,72910996.85,6529.0,153.74,EQ
20-05-2021,155.55,160.6,154.85,159.25,160.0,714.9,135.65,1054546,167299107.5,13959.0,158.65,EQ
21-05-2021,160.0,160.65,156.05,156.65,156.95,714.9,135.65,701613,110966320.05,10724.0,158.16,EQ
24-05-2021,157.85,164.3,156.6,162.6,162.9,714.9,135.65,1300517,210147448.1,15093.0,161.59,EQ
25-05-2021,164.0,168.4,160.6,165.3,165.8,714.9,135.65,1790497,295135846.6,25343.0,164.83,EQ
26-05-2021,167.0,173.15,166.5,171.05,171.05,714.9,135.65,2074074,354144880.4,27291.0,170.75,EQ
27-05-2021,171.5,175.8,168.3,173.5,173.55,714.9,135.65,1354733,233986304.6,16737.0,172.72,EQ
28-05-2021,174.4,176.3,170.3,171.25,172.4,714.9,135.65,644997,111535345.75,11310.0,172.92,EQ
31-05-2021,173.0,174.9,169.4,170.0,170.0,714.9,135.65,441158,75684346.0,7619.0,171.56,EQ
01-06-2021,171.0,173.7,165.2,167.75,167.65,714.9,135.65,545843,91737578.35,9198.0,168.07,EQ
02-06-2021,169.0,172.5,166.55,171.75,171.65,714.9,135.65,485803,82765880.4,9466.0,170.37,EQ
03-06-2021,173.5,173.5,169.0,169.7,170.4,714.9,135.65,629285,107524832.4,12618.0,170.87,EQ
04-06-2021,171.7,171.7,167.4,168.1,168.0,714.9,135.65,477641,80674427.85,10236.0,168.9,EQ
07-06-2021,169.2,174.4,169.2,172.9,172.9,714.9,135.65,817041,140850823.4,11254.0,172.39,EQ
08-06-2021,172.9,175.5,171.2,173.35,173.55,714.9,135.65,663724,115036123.35,21645.0,173.32,EQ
09-06-2021,177.0,177.0,169.9,170.65,171.3,714.9,135.65,737850,127908008.4,25490.0,173.35,EQ
10-06-2021,172.6,173.4,171.15,172.35,172.55,714.9,135.65,330647,56962009.95,8805.0,172.27,EQ
11-06-2021,173.8,173.8,170.1,171.85,171.85,714.9,135.65,298237,51340275.25,5360.0,172.15,EQ
14-06-2021,173.0,174.0,167.85,169.8,170.4,714.9,135.65,419725,71377201.05,7575.0,170.06,EQ
15-06-2021,171.0,172.8,166.2,167.05,168.0,714.9,135.65,529118,89435391.25,10881.0,169.03,EQ
16-06-2021,169.35,169.95,167.0,167.9,167.9,714.9,135.65,305145,51381803.65,6212.0,168.38,EQ
17-06-2021,167.9,172.0,166.8,169.2,169.5,714.9,135.65,474593,80582838.05,8797.0,169.79,EQ
18-06-2021,171.8,172.0,162.75,169.35,170.0,714.9,135.65,497463,83323936.05,11019.0,167.5,EQ
21-06-2021,168.0,169.45,165.45,168.6,168.5,714.9,135.65,316947,53269404.75,6409.0,168.07,EQ
22-06-2021,170.0,176.0,169.65,172.75,173.5,714.9,135.65,1240977,215572565.25,18395.0,173.71,EQ
23-06-2021,174.0,178.8,172.8,173.65,173.95,714.9,135.65,1273289,223718287.45,20386.0,175.7,EQ
24-06-2021,174.95,175.0,170.55,171.7,172.5,714.9,135.65,628175,107929082.35,15267.0,171.81,EQ
25-06-2021,172.9,177.9,172.3,173.95,175.0,714.9,135.65,1633287,285890856.95,21270.0,175.04,EQ
28-06-2021,187.0,197.85,180.55,182.3,183.65,714.9,135.65,10252947,1929402150.95,116375.0,188.18,EQ
29-06-2021,185.5,186.7,177.6,179.85,180.35,714.9,135.65,2291555,417084235.85,34239.0,182.01,EQ
30-06-2021,181.2,187.0,180.7,183.95,184.7,714.9,135.65,2165857,398273433.85,30486.0,183.89,EQ
01-07-2021,185.9,186.45,182.5,184.25,184.9,714.9,135.65,989350,182372920.35,15870.0,184.34,EQ
02-07-2021,185.2,187.35,183.0,183.8,183.8,714.9,135.65,1090055,201891345.5,18771.0,185.21,EQ
05-07-2021,185.4,185.6,178.75,179.75,179.9,714.9,135.65,1210858,220367755.5,19208.0,181.99,EQ
06-07-2021,180.55,181.4,178.25,179.05,179.5,714.9,135.65,1045527,188107564.65,30226.0,179.92,EQ
07-07-2021,178.9,179.45,177.3,178.5,178.5,714.9,135.65,812932,145166029.2,14804.0,178.57,EQ
08-07-2021,178.8,180.85,176.15,177.9,177.9,714.9,135.65,877034,156820284.05,14198.0,178.81,EQ
09-07-2021,178.85,180.4,177.25,180.05,180.0,714.9,135.65,585762,105104625.5,12574.0,179.43,EQ
12-07-2021,180.6,183.6,180.3,182.05,181.9,714.9,135.65,695444,126286807.95,26356.0,181.59,EQ
13-07-2021,183.4,183.5,179.0,179.45,179.5,714.9,135.65,1029092,185239527.7,30399.0,180.0,EQ
14-07-2021,179.95,180.35,177.5,179.2,179.0,714.9,135.65,974480,174465816.85,24030.0,179.03,EQ
15-07-2021,179.2,179.8,177.45,178.4,178.6,714.9,135.65,550238,98176458.2,19844.0,178.43,EQ
16-07-2021,179.0,179.0,176.7,177.25,177.5,714.9,135.65,465837,82667234.75,9598.0,177.46,EQ
19-07-2021,177.0,178.0,175.0,175.75,175.4,714.9,135.65,565255,99825055.85,10317.0,176.6,EQ
20-07-2021,175.0,176.8,171.0,175.1,175.05,714.9,135.65,530023,92368545.2,11109.0,174.27,EQ
22-07-2021,177.2,178.4,176.05,177.55,177.65,714.9,135.65,613016,108798610.3,20229.0,177.48,EQ
23-07-2021,178.0,178.85,174.4,176.2,176.75,714.9,135.65,1062643,187288087.95,18586.0,176.25,EQ
26-07-2021,177.25,177.9,175.3,176.15,176.0,714.9,135.65,573521,101163159.25,21589.0,176.39,EQ
27-07-2021,176.65,178.4,173.85,174.7,175.05,714.9,135.65,4542289,800099765.25,33246.0,176.14,EQ
28-07-2021,176.25,176.5,171.6,175.15,175.9,714.9,135.65,725067,126460318.65,17199.0,174.41,EQ
29-07-2021,176.5,180.9,175.7,176.7,176.9,714.9,135.65,1363478,243026992.3,46925.0,178.24,EQ
30-07-2021,177.7,179.0,176.4,177.0,177.2,714.9,135.65,590981,105142728.45,21424.0,177.91,EQ
02-08-2021,178.0,179.0,173.65,176.15,177.0,714.9,135.65,1404750,246961585.0,41309.0,175.8,EQ
03-08-2021,177.5,177.8,175.0,175.4,175.1,714.9,135.65,764143,134408353.55,34034.0,175.89,EQ
04-08-2021,176.45,176.8,167.95,169.5,169.0,714.9,135.65,1196841,205315394.45,27420.0,171.55,EQ
05-08-2021,170.0,174.8,165.9,173.85,173.5,714.9,135.65,990833,169436123.85,17274.0,171.0,EQ
06-08-2021,172.75,174.8,172.15,174.1,174.0,714.9,135.65,341664,59433348.4,8743.0,173.95,EQ
09-08-2021,174.9,174.9,170.0,170.65,171.1,714.9,135.65,327763,56381250.65,8555.0,172.02,EQ
10-08-2021,170.9,171.0,165.8,166.55,166.25,714.9,135.65,494305,83326513.85,13571.0,168.57,EQ
11-08-2021,166.6,168.4,160.7,167.3,167.4,714.9,135.65,587185,96765925.15,25120.0,164.8,EQ
12-08-2021,169.8,169.8,164.5,165.55,166.35,714.9,135.65,428452,71536965.0,12301.0,166.97,EQ
13-08-2021,165.2,169.5,165.2,166.9,167.0,714.9,135.65,629601,105428745.7,18426.0,167.45,EQ
16-08-2021,167.0,172.65,166.85,171.1,171.5,714.9,135.65,826621,141350012.15,22962.0,171.0,EQ
17-08-2021,171.75,174.4,169.0,169.8,169.0,714.9,135.65,694403,119213097.95,15219.0,171.68,EQ
18-08-2021,170.0,170.8,166.2,166.95,167.1,714.9,135.65,315855,52951742.25,10237.0,167.65,EQ
20-08-2021,163.2,166.9,160.65,165.35,165.0,714.9,135.65,366658,60416247.1,8925.0,164.78,EQ
23-08-2021,170.5,170.5,164.8,167.05,167.0,714.9,135.65,1024960,171492038.6,26456.0,167.32,EQ
24-08-2021,167.45,168.75,166.45,167.65,167.15,714.9,135.65,1023337,171599575.35,27192.0,167.69,EQ
25-08-2021,169.0,171.2,166.5,167.75,167.5,714.9,135.65,947247,159770997.75,20031.0,168.67,EQ
26-08-2021,168.95,170.15,167.8,169.15,168.7,714.9,135.65,575174,97384163.35,16090.0,169.31,EQ
27-08-2021,170.0,170.75,167.55,168.75,168.95,714.9,135.65,591550,100245239.2,21977.0,169.46,EQ
30-08-2021,170.95,170.95,168.55,169.1,169.0,714.9,135.65,630688,107014753.4,14933.0,169.68,EQ
31-08-2021,169.95,170.0,167.25,167.95,167.5,714.9,135.65,887073,149191359.5,14576.0,168.18,EQ
01-09-2021,169.0,169.65,167.0,168.1,167.1,714.9,135.65,573348,96705222.5,22249.0,168.67,EQ
02-09-2021,168.0,168.95,167.5,168.1,168.05,714.9,135.65,547583,92049238.2,12970.0,168.1,EQ
03-09-2021,168.95,172.75,168.4,171.15,171.6,714.9,135.65,886537,152092907.1,20902.0,171.56,EQ
06-09-2021,173.8,174.0,171.25,172.4,172.2,714.9,135.65,444430,76759721.4,10448.0,172.71,EQ
07-09-2021,173.05,173.15,169.05,170.45,170.55,714.9,135.65,519265,88654799.7,20031.0,170.73,EQ
08-09-2021,170.7,171.5,168.0,169.15,169.2,714.9,135.65,499984,84941607.05,20417.0,169.89,EQ
09-09-2021,169.15,172.65,168.1,171.2,171.75,714.9,135.65,737643,125889740.1,17756.0,170.66,EQ
13-09-2021,174.85,183.45,173.45,181.95,182.45,714.9,135.65,3239342,582381351.65,56989.0,179.78,EQ
14-09-2021,180.9,186.0,180.25,184.95,185.5,714.9,135.65,1628931,300250374.25,34897.0,184.32,EQ
15-09-2021,186.0,194.55,185.2,192.8,192.5,714.9,135.65,2199726,420539367.25,42627.0,191.18,EQ
16-09-2021,197.5,200.65,193.15,196.85,196.5,714.9,135.65,2189480,429584796.35,58102.0,196.2,EQ
17-09-2021,197.6,198.0,185.3,189.4,189.8,714.9,135.65,7485261,1418662415.1,38740.0,189.53,EQ
20-09-2021,187.9,192.5,185.3,187.05,186.65,714.9,135.65,715804,135105091.05,17123.0,188.75,EQ
21-09-2021,186.9,191.0,180.6,188.75,190.15,714.9,135.65,860099,158957937.85,18829.0,184.81,EQ
22-09-2021,189.7,196.0,187.35,194.7,194.9,714.9,135.65,987136,191275053.25,21710.0,193.77,EQ
23-09-2021,198.0,198.5,192.4,192.9,193.3,714.9,135.65,720916,140370506.05,17045.0,194.71,EQ
24-09-2021,194.65,194.65,190.05,191.8,191.3,714.9,135.65,365700,70372038.0,13449.0,192.43,EQ
27-09-2021,193.75,196.0,190.05,193.95,195.25,714.9,135.65,1159601,225016738.85,44980.0,194.05,EQ
28-09-2021,193.55,209.8,193.55,208.8,209.5,714.9,135.65,3708662,760283428.4,54174.0,205.0,EQ
29-09-2021,208.5,209.5,204.5,207.85,207.05,714.9,135.65,1907167,397422110.9,27665.0,208.38,EQ
30-09-2021,207.8,209.45,204.3,208.8,208.7,714.9,135.65,932331,193977243.9,16960.0,208.06,EQ
01-10-2021,207.8,220.0,206.35,216.0,219.0,714.9,135.65,3765508,804255279.55,41739.0,213.58,EQ
04-10-2021,222.0,229.35,222.0,225.15,225.0,714.9,135.65,4397408,993747788.55,51041.0,225.98,EQ
05-10-2021,226.0,226.85,222.0,224.65,224.6,714.9,135.65,1209776,272168154.9,20028.0,224.97,EQ
06-10-2021,226.85,243.45,225.4,227.05,228.05,714.9,135.65,3039422,710406671.2,66349.0,233.73,EQ
07-10-2021,231.1,235.9,228.5,234.45,234.7,714.9,135.65,1016184,236430271.75,27951.0,232.66,EQ
08-10-2021,235.0,235.05,228.0,229.2,228.95,714.9,135.65,884324,204367532.25,18310.0,231.1,EQ
11-10-2021,231.7,234.95,230.05,232.25,232.0,714.9,135.65,626325,145815943.95,22837.0,232.81,EQ
12-10-2021,232.25,233.75,229.15,230.45,230.6,714.9,135.65,500106,115468283.45,18816.0,230.89,EQ
13-10-2021,231.5,235.0,230.6,231.35,231.3,714.9,135.65,543994,126674451.95,13571.0,232.86,EQ
14-10-2021,235.0,235.0,227.2,228.3,229.0,714.9,135.65,517164,119509946.55,13162.0,231.09,EQ
18-10-2021,230.0,232.0,228.4,229.35,229.95,714.9,135.65,544973,125282239.3,11649.0,229.89,EQ
19-10-2021,229.95,230.9,218.0,221.85,222.5,714.9,135.65,715849,162200934.1,17755.0,226.59,EQ
20-10-2021,220.4,229.35,211.0,217.75,219.95,714.9,135.65,935515,208126427.4,28497.0,222.47,EQ
21-10-2021,220.0,235.0,220.0,229.45,231.5,714.9,135.65,1891197,435166729.2,28538.0,230.1,EQ
22-10-2021,232.0,232.8,220.5,224.4,224.0,714.9,135.65,534385,120349774.55,18945.0,225.21,EQ
25-10-2021,244.4,244.5,225.0,225.95,227.0,714.9,135.65,1702136,391082148.7,44097.0,229.76,EQ
26-10-2021,227.1,228.3,224.0,226.35,226.9,714.9,135.65,647092,146308436.6,20184.0,226.1,EQ
27-10-2021,231.4,231.4,224.8,226.5,226.5,714.9,135.65,428405,97463765.2,13852.0,227.5,EQ
28-10-2021,226.3,226.35,218.0,219.1,219.5,714.9,135.65,366964,81072279.3,10943.0,220.93,EQ
29-10-2021,217.0,226.25,214.0,220.1,220.0,714.9,135.65,431085,95292564.8,17743.0,221.05,EQ
01-11-2021,230.5,230.5,221.9,222.85,222.4,714.9,135.65,942453,211333574.9,31402.0,224.24,EQ
02-11-2021,222.85,231.0,222.55,227.9,227.9,714.9,135.65,549752,125498662.7,15755.0,228.28,EQ
03-11-2021,228.65,231.25,227.0,227.7,228.0,714.9,135.65,361859,82558962.4,18299.0,228.15,EQ
04-11-2021,228.9,233.95,228.6,232.25,231.0,714.9,135.65,244928,56726730.2,7857.0,231.61,EQ
08-11-2021,234.0,234.0,224.95,225.65,226.0,714.9,135.65,1693553,384153553.85,26784.0,226.83,EQ
09-11-2021,226.0,229.45,226.0,227.85,227.95,714.9,135.65,575089,131149302.25,30470.0,228.05,EQ
10-11-2021,227.0,229.1,221.25,225.95,226.0,714.9,135.65,417187,94625311.2,19553.0,226.82,EQ
11-11-2021,226.6,226.6,221.15,223.9,224.7,714.9,135.65,315984,70947883.8,14075.0,224.53,EQ
12-11-2021,225.45,228.8,224.7,226.8,226.45,714.9,135.65,884881,200653215.4,42941.0,226.76,EQ
15-11-2021,226.7,228.4,219.9,221.6,222.0,714.9,135.65,407034,90299126.65,15756.0,221.85,EQ
16-11-2021,221.95,224.2,218.75,221.25,220.5,714.9,135.65,371770,82456513.2,15628.0,221.79,EQ
17-11-2021,219.6,222.6,219.6,220.35,220.5,714.9,135.65,387945,85866005.1,9416.0,221.34,EQ
18-11-2021,221.5,222.4,217.2,219.8,219.45,714.9,135.65,250529,54948040.9,7908.0,219.33,EQ
22-11-2021,216.1,219.0,206.0,207.85,207.0,714.9,135.65,922366,193577753.0,28490.0,209.87,EQ
23-11-2021,206.0,214.0,203.2,211.4,211.0,714.9,135.65,461335,96717036.0,16377.0,209.65,EQ
24-11-2021,214.8,216.65,208.5,210.7,210.9,714.9,135.65,512861,108532683.25,16176.0,211.62,EQ
25-11-2021,213.4,213.4,207.5,208.25,208.5,714.9,135.65,272900,56982594.4,9625.0,208.8,EQ
26-11-2021,207.25,210.55,200.4,202.05,203.5,714.9,135.65,539345,110447140.7,21287.0,204.78,EQ
29-11-2021,202.0,204.35,185.0,196.3,195.8,714.9,135.65,620218,122754000.7,26291.0,197.92,EQ
30-11-2021,194.6,214.5,194.5,211.85,212.9,714.9,135.65,3474538,727118634.15,43185.0,209.27,EQ
01-12-2021,213.7,213.7,203.1,204.45,204.35,714.9,135.65,488210,100261076.45,21647.0,205.36,EQ
02-12-2021,206.3,206.3,201.5,204.55,204.25,714.9,135.65,308386,62784450.0,13867.0,203.59,EQ
03-12-2021,204.5,205.85,200.0,200.9,200.5,714.9,135.65,527899,106635401.05,14201.0,202.0,EQ
06-12-2021,200.0,201.45,197.05,197.45,197.5,714.9,135.65,257472,51017294.55,8916.0,198.15,EQ
07-12-2021,199.0,204.55,198.55,201.85,202.0,714.9,135.65,447218,90413027.35,14782.0,202.17,EQ
08-12-2021,202.9,206.95,201.15,203.4,203.5,714.9,135.65,593909,121062188.5,22554.0,203.84,EQ
09-12-2021,204.2,206.0,202.05,204.9,205.0,714.9,135.65,249841,50993937.8,7624.0,204.11,EQ
10-12-2021,204.0,206.15,204.0,205.0,205.0,714.9,135.65,650650,133461109.7,13035.0,205.12,EQ
13-12-2021,208.9,209.95,206.25,208.1,208.65,714.9,135.65,400932,83513581.0,9181.0,208.3,EQ
14-12-2021,207.0,209.9,206.4,208.95,208.0,714.9,135.65,438759,91536746.75,7177.0,208.63,EQ
15-12-2021,209.5,213.6,206.9,209.85,210.0,714.9,135.65,421791,88739959.05,10575.0,210.39,EQ
16-12-2021,210.0,212.4,207.2,208.35,209.5,714.9,135.65,460581,96794607.2,19913.0,210.16,EQ
17-12-2021,208.85,209.5,199.15,201.65,202.0,714.9,135.65,562928,115177068.35,19415.0,204.6,EQ
20-12-2021,202.9,202.9,195.6,199.3,199.3,714.9,135.65,565670,112730401.15,22949.0,199.29,EQ
21-12-2021,200.6,209.75,199.4,208.6,209.25,714.9,135.65,445202,92093687.7,13624.0,206.86,EQ
22-12-2021,213.15,214.1,205.25,207.05,207.2,714.9,135.65,373300,78118430.2,11479.0,209.26,EQ
23-12-2021,208.7,210.0,205.05,206.0,205.3,714.9,135.65,194063,40280179.0,7455.0,207.56,EQ
24-12-2021,205.6,206.75,203.0,204.7,205.0,714.9,135.65,138832,28355660.2,4861.0,204.24,EQ
27-12-2021,203.1,204.9,201.25,203.15,203.7,714.9,135.65,198648,40356241.5,6394.0,203.15,EQ
28-12-2021,204.05,207.8,203.2,204.35,204.7,714.9,135.65,211978,43425879.0,6922.0,204.86,EQ
29-12-2021,203.9,207.3,202.0,203.6,203.9,714.9,135.65,178578,36582679.35,5421.0,204.86,EQ
30-12-2021,205.0,208.9,203.6,206.6,207.55,714.9,135.65,207126,42817440.55,6176.0,206.72,EQ
31-12-2021,207.0,208.0,205.55,207.0,206.85,714.9,135.65,141039,29147543.6,4624.0,206.66,EQ
03-01-2022,208.0,210.0,206.95,207.4,207.4,714.9,135.65,365024,76048248.3,10308.0,208.34,EQ
04-01-2022,207.75,209.0,206.0,207.45,207.4,714.9,135.65,298534,62007417.25,6981.0,207.71,EQ
05-01-2022,208.2,209.75,203.1,203.85,203.85,714.9,135.65,566224,116504966.75,28994.0,205.76,EQ
06-01-2022,204.25,205.0,202.6,203.25,203.45,714.9,135.65,180962,36859308.05,5317.0,203.69,EQ
07-01-2022,203.95,204.0,200.45,201.15,201.0,714.9,135.65,556636,112073277.45,22094.0,201.34,EQ
10-01-2022,201.15,202.75,200.5,200.9,201.1,714.9,135.65,586555,118024967.25,19220.0,201.22,EQ
11-01-2022,198.5,201.1,198.1,198.6,198.55,714.9,135.65,364901,72805820.95,16116.0,199.52,EQ
12-01-2022,199.55,200.7,197.0,198.4,198.4,714.9,135.65,467246,92718613.65,18281.0,198.44,EQ
13-01-2022,199.4,200.45,196.0,198.7,198.95,714.9,135.65,348553,69467796.25,7142.0,199.3,EQ
14-01-2022,202.3,202.9,199.4,199.8,199.75,714.9,135.65,795994,159610882.8,23076.0,200.52,EQ
17-01-2022,202.4,202.5,198.2,199.1,199.35,714.9,135.65,506488,101416336.45,18245.0,200.23,EQ
18-01-2022,200.5,201.0,194.0,195.5,195.5,714.9,135.65,448181,88365372.35,19545.0,197.16,EQ
19-01-2022,195.5,196.45,192.55,193.55,194.25,714.9,135.65,374393,72560607.4,22688.0,193.81,EQ
20-01-2022,195.0,196.85,189.15,195.1,195.0,714.9,135.65,660248,128039954.1,14895.0,193.93,EQ
21-01-2022,194.9,195.0,191.5,193.7,193.05,714.9,135.65,249506,48314426.45,15223.0,193.64,EQ
24-01-2022,195.0,195.0,185.55,187.85,190.0,714.9,135.65,471765,89159865.5,21856.0,188.99,EQ
25-01-2022,187.0,194.5,183.1,193.4,193.0,714.9,135.65,411263,78368728.1,16848.0,190.56,EQ
27-01-2022,177.0,182.25,173.0,179.8,180.35,714.9,135.65,1298957,232993040.6,32876.0,179.37,EQ
28-01-2022,174.0,176.45,169.5,170.05,170.2,714.9,135.65,2348295,402712732.9,41481.0,171.49,EQ
31-01-2022,170.0,173.75,166.2,167.45,167.7,714.9,135.65,914968,154317447.3,23575.0,168.66,EQ
01-02-2022,169.95,183.0,169.25,178.2,179.95,714.9,135.65,1287571,225010759.7,26932.0,174.76,EQ
02-02-2022,183.0,184.9,179.1,180.05,180.4,714.9,135.65,1089635,197721734.05,22585.0,181.46,EQ
03-02-2022,181.25,184.55,179.8,182.75,183.0,714.9,135.65,640588,117103657.8,10356.0,182.81,EQ
04-02-2022,183.7,184.15,179.55,180.2,180.15,714.9,135.65,376867,68052307.25,9159.0,180.57,EQ
07-02-2022,181.5,184.5,180.55,183.4,181.75,714.9,135.65,480489,87926410.05,11492.0,182.99,EQ
08-02-2022,184.9,186.8,181.15,184.95,185.0,714.9,135.65,485250,89583848.05,13390.0,184.61,EQ
09-02-2022,185.85,186.45,176.8,177.5,177.9,714.9,135.65,495944,89803941.05,14007.0,181.08,EQ
10-02-2022,179.25,179.5,171.9,173.2,173.5,714.9,135.65,679306,118034267.8,14580.0,173.76,EQ
11-02-2022,173.0,175.65,169.0,169.75,170.8,714.9,135.65,524890,89854544.05,14671.0,171.19,EQ
14-02-2022,166.65,167.85,160.9,162.25,162.5,714.9,135.65,633542,104214306.0,23885.0,164.49,EQ
15-02-2022,165.5,169.15,162.4,168.1,168.1,714.9,135.65,390293,64685842.6,13597.0,165.74,EQ
16-02-2022,169.8,172.35,165.0,167.4,165.5,714.9,135.65,510536,86522542.8,11673.0,169.47,EQ
17-02-2022,168.2,168.7,163.05,164.2,165.0,714.9,135.65,340210,56096161.15,9646.0,164.89,EQ
18-02-2022,164.0,164.85,159.95,160.55,160.5,714.9,135.65,411864,66725691.4,10210.0,162.01,EQ
21-02-2022,159.9,160.55,155.45,156.1,155.9,714.9,135.65,508058,79773784.95,11940.0,157.02,EQ
22-02-2022,153.8,153.95,150.5,151.8,152.5,714.9,135.65,523417,79555352.9,12379.0,151.99,EQ
23-02-2022,152.0,161.0,152.0,152.9,153.5,714.9,135.65,552907,86298593.4,15430.0,156.08,EQ
24-02-2022,147.8,149.35,140.1,141.7,144.5,714.9,135.65,1066878,155327403.75,25809.0,145.59,EQ
25-02-2022,144.6,155.65,144.25,153.35,154.2,714.9,135.65,1169659,176852708.5,25120.0,151.2,EQ
28-02-2022,154.15,154.5,147.0,152.9,153.0,714.9,135.65,500569,75546332.1,12038.0,150.92,EQ
02-03-2022,151.0,153.45,149.2,151.4,151.5,714.9,135.65,631393,95634541.95,18286.0,151.47,EQ
03-03-2022,152.45,155.0,151.2,153.55,152.95,714.9,135.65,345702,52944494.25,8817.0,153.15,EQ
04-03-2022,150.1,154.25,147.0,148.3,148.9,714.9,135.65,491149,73985673.85,15498.0,150.64,EQ
07-03-2022,147.3,148.9,144.65,146.6,147.05,714.9,135.65,432085,63378768.25,15404.0,146.68,EQ
08-03-2022,146.5,150.95,144.15,147.35,147.35,714.9,135.65,514070,75528585.1,13492.0,146.92,EQ
09-03-2022,148.35,154.45,146.55,153.2,153.7,714.9,135.65,532324,80331363.35,12420.0,150.91,EQ
10-03-2022,156.7,159.55,154.6,156.85,157.9,714.9,135.65,408314,64415812.05,10472.0,157.76,EQ
11-03-2022,157.8,159.0,155.0,156.2,156.25,714.9,135.65,387338,60638142.75,10023.0,156.55,EQ
14-03-2022,157.0,159.5,153.5,155.3,155.4,714.9,135.65,363721,56440286.15,11223.0,155.17,EQ
15-03-2022,157.0,159.3,152.05,153.7,154.0,714.9,135.65,471539,73384118.25,16098.0,155.63,EQ
16-03-2022,155.1,156.9,151.8,153.4,153.8,714.9,135.65,579909,89127517.1,21252.0,153.69,EQ
17-03-2022,156.5,162.05,154.5,155.95,155.65,714.9,135.65,1347456,213229406.2,21697.0,158.25,EQ
21-03-2022,158.25,159.05,155.2,156.35,156.2,714.9,135.65,472085,74118838.0,11208.0,157.0,EQ
22-03-2022,156.8,157.2,153.35,154.75,156.0,714.9,135.65,416424,64452999.8,11097.0,154.78,EQ
23-03-2022,156.0,156.75,151.5,152.35,152.2,714.9,135.65,411437,63358375.95,12728.0,153.99,EQ
24-03-2022,152.35,154.95,151.85,152.25,152.7,714.9,135.65,382337,58666734.6,11645.0,153.44,EQ
25-03-2022,152.7,154.15,151.0,151.65,151.8,714.9,135.65,334368,50921113.55,9604.0,152.29,EQ
28-03-2022,151.65,152.35,148.0,148.5,148.0,714.9,135.65,423437,63339259.95,11732.0,149.58,EQ
29-03-2022,150.0,152.0,148.0,149.2,148.5,714.9,135.65,497611,74586720.25,13980.0,149.89,EQ
30-03-2022,150.0,158.0,150.0,154.7,154.2,714.9,135.65,776610,120307176.9,13558.0,154.91,EQ
31-03-2022,155.45,157.35,152.5,154.65,153.1,714.9,135.65,505348,78510918.1,11591.0,155.36,EQ
01-04-2022,154.45,157.55,153.1,153.85,154.8,714.9,135.65,568081,87956852.65,15345.0,154.83,EQ
04-04-2022,156.0,159.65,155.45,159.05,159.35,714.9,135.65,627766,99529243.5,12158.0,158.55,EQ
05-04-2022,162.0,168.8,160.0,167.55,168.7,714.9,135.65,1120354,184552703.85,18626.0,164.73,EQ
06-04-2022,166.75,169.8,164.1,166.4,166.55,714.9,135.65,753306,125711042.0,12641.0,166.88,EQ
07-04-2022,167.25,169.7,163.0,163.4,164.0,714.9,135.65,611474,100792184.35,19384.0,164.83,EQ
08-04-2022,164.3,167.5,163.75,165.6,164.55,714.9,135.65,1432360,235716737.15,9568.0,164.57,EQ
11-04-2022,166.1,171.4,166.1,170.2,169.9,702.0,135.65,725890,123030132.3,12496.0,169.49,EQ
12-04-2022,170.2,170.8,163.0,163.9,164.0,702.0,135.65,889752,147711822.55,18804.0,166.01,EQ
13-04-2022,164.9,166.7,163.15,164.0,164.2,702.0,135.65,388433,64023142.1,7869.0,164.82,EQ
18-04-2022,164.8,164.8,159.65,161.05,161.5,244.5,138.85,382995,61619214.95,7959.0,160.89,EQ
19-04-2022,162.3,165.9,157.9,161.0,159.2,244.5,138.85,372118,60837260.05,8177.0,163.49,EQ
20-04-2022,161.85,165.0,160.55,163.1,163.5,244.5,138.85,333893,54559521.8,8194.0,163.4,EQ
21-04-2022,163.5,164.45,161.0,162.4,162.75,244.5,138.85,307613,49938389.6,7398.0,162.34,EQ
22-04-2022,162.4,165.4,160.7,161.95,162.9,244.5,138.85,778153,127571153.1,8199.0,163.94,EQ
25-04-2022,161.0,161.85,159.0,159.2,159.0,244.5,140.1,272662,43618245.0,7748.0,159.97,EQ
26-04-2022,161.9,161.9,157.2,157.95,157.9,244.5,140.1,259922,41296511.75,7959.0,158.88,EQ
27-04-2022,156.9,157.95,153.3,156.1,155.35,244.5,140.1,275693,42767699.6,6941.0,155.13,EQ
28-04-2022,156.9,160.9,154.6,158.8,159.0,244.5,140.1,256987,40274578.55,6147.0,156.72,EQ
29-04-2022,159.3,160.6,155.55,156.2,156.0,244.5,140.1,279383,44092413.4,6319.0,157.82,EQ
02-05-2022,154.8,156.2,152.4,155.15,156.0,244.5,140.1,234987,36238416.85,7609.0,154.21,EQ
04-05-2022,156.0,156.2,147.1,148.75,148.15,244.5,140.1,622571,93519182.05,16827.0,150.21,EQ
05-05-2022,151.0,152.6,144.95,145.5,146.35,244.5,140.1,624305,92314637.6,21055.0,147.87,EQ
06-05-2022,144.95,147.9,142.2,145.85,147.4,244.5,140.1,437604,63646885.95,10348.0,145.44,EQ
09-05-2022,146.3,147.4,141.6,143.75,143.7,244.5,140.1,246244,35385712.5,7034.0,143.7,EQ
10-05-2022,144.2,147.0,125.0,145.25,144.5,244.5,125.0,337049,48863894.8,9588.0,144.98,EQ
11-05-2022,145.95,147.2,139.0,140.2,140.0,244.5,125.0,359476,50717092.7,9410.0,141.09,EQ
12-05-2022,140.9,142.0,127.5,139.7,141.0,244.5,125.0,410667,56992232.8,14245.0,138.78,EQ
13-05-2022,142.15,144.25,139.0,139.8,139.8,244.5,125.0,269046,38087689.25,11228.0,141.57,EQ
16-05-2022,140.5,142.0,136.0,137.25,138.5,244.5,125.0,314102,43525983.6,10110.0,138.57,EQ
17-05-2022,138.4,144.0,138.4,142.35,143.9,244.5,125.0,259217,36690263.15,9130.0,141.54,EQ
18-05-2022,144.0,149.85,144.0,147.75,148.6,244.5,125.0,460639,67787214.95,9368.0,147.16,EQ
19-05-2022,146.4,152.9,144.25,149.75,149.2,244.5,125.0,901942,134747010.0,17058.0,149.4,EQ
20-05-2022,153.4,153.4,149.45,150.7,150.45,244.5,125.0,353809,53448687.7,6644.0,151.07,EQ
23-05-2022,151.45,152.2,148.45,149.4,149.8,244.5,125.0,277775,41717013.1,6573.0,150.18,EQ
24-05-2022,148.5,150.85,145.15,145.95,146.5,244.5,125.0,128446,18910706.05,4213.0,147.23,EQ
25-05-2022,146.5,147.0,139.2,140.25,140.2,244.5,125.0,308237,43665895.8,8597.0,141.66,EQ
26-05-2022,140.0,143.5,138.0,139.3,139.55,244.5,125.0,463573,64793839.1,18569.0,139.77,EQ
27-05-2022,141.9,145.5,141.6,144.4,145.5,244.5,125.0,217096,31127405.25,8309.0,143.38,EQ
30-05-2022,146.0,154.5,144.4,153.1,154.5,244.5,125.0,469778,70922222.65,10256.0,150.97,EQ
31-05-2022,153.1,158.25,151.7,157.0,157.0,244.5,125.0,593822,92892951.1,13604.0,156.43,EQ
01-06-2022,157.8,159.45,152.65,156.1,157.15,244.5,125.0,478311,74092426.75,12183.0,154.9,EQ
02-06-2022,155.5,159.35,155.1,156.9,157.3,244.5,125.0,319377,50183810.95,7332.0,157.13,EQ
03-06-2022,157.8,162.0,157.3,160.95,161.0,244.5,125.0,740785,118746790.1,13335.0,160.3,EQ
06-06-2022,160.4,164.0,156.35,163.45,163.7,244.5,125.0,578685,93580514.8,11251.0,161.71,EQ
07-06-2022,163.7,163.7,158.0,158.75,159.0,244.5,125.0,249412,39850579.2,5322.0,159.78,EQ
08-06-2022,160.4,160.5,153.05,153.55,153.65,244.5,125.0,301896,46949259.1,7440.0,155.51,EQ
09-06-2022,153.0,154.8,152.25,154.05,154.35,244.5,125.0,197857,30411810.55,5666.0,153.71,EQ
10-06-2022,152.75,156.2,152.1,154.85,156.2,244.5,125.0,138293,21267153.1,3003.0,153.78,EQ
13-06-2022,153.0,153.0,147.2,147.85,147.85,244.5,125.0,337119,50346627.15,7727.0,149.34,EQ
14-06-2022,147.0,150.65,140.1,144.15,145.0,244.5,125.0,282446,41196173.55,8706.0,145.86,EQ
15-06-2022,145.85,150.2,142.5,143.15,143.0,244.5,125.0,370900,54255485.85,10281.0,146.28,EQ
16-06-2022,146.0,168.9,137.0,138.2,138.45,244.5,125.0,703771,99211216.3,26243.0,140.97,EQ
17-06-2022,137.5,141.0,133.1,133.95,134.45,244.5,125.0,474136,64259382.15,17095.0,135.53,EQ
20-06-2022,134.7,136.0,129.2,130.65,131.0,244.5,125.0,348513,45892522.45,9029.0,131.68,EQ
21-06-2022,131.3,138.5,131.0,137.35,137.35,244.5,125.0,325798,44136946.45,9919.0,135.47,EQ
22-06-2022,137.05,138.0,135.0,136.25,136.0,244.5,125.0,251449,34234744.7,9444.0,136.15,EQ
23-06-2022,136.5,140.65,135.95,139.0,139.7,244.5,125.0,257930,35761958.95,11217.0,138.65,EQ
24-06-2022,139.7,141.45,137.85,138.6,139.25,244.5,125.0,235513,32888920.45,11637.0,139.65,EQ
27-06-2022,141.35,141.45,138.25,139.25,138.6,244.5,125.0,166702,23263125.45,6365.0,139.55,EQ
28-06-2022,139.0,139.95,136.3,137.2,136.5,244.5,125.0,272480,37507205.2,5876.0,137.65,EQ
29-06-2022,136.0,137.15,134.7,135.0,135.25,244.5,125.0,249305,33831737.85,4983.0,135.7,EQ
30-06-2022,135.5,137.25,135.45,136.2,135.85,244.5,125.0,174105,23721499.05,3461.0,136.25,EQ
01-07-2022,135.8,137.5,134.1,136.7,137.2,244.5,125.0,118082,16022873.5,3347.0,135.69,EQ
04-07-2022,137.1,138.5,136.0,137.05,137.2,244.5,125.0,168200,23009692.85,4373.0,136.8,EQ
05-07-2022,137.75,139.8,137.0,137.75,138.4,244.5,125.0,432963,59949462.75,4349.0,138.46,EQ
06-07-2022,138.4,140.05,137.75,139.45,139.75,244.5,125.0,291539,40588674.05,6171.0,139.22,EQ
07-07-2022,140.25,141.25,137.8,138.95,139.2,244.5,125.0,281330,39246359.35,11331.0,139.5,EQ
08-07-2022,140.6,140.7,138.5,139.0,139.5,244.5,125.0,327363,45560842.15,12398.0,139.18,EQ
11-07-2022,139.5,141.45,136.35,136.8,136.75,244.5,125.0,393825,54280104.35,14617.0,137.83,EQ
12-07-2022,136.9,137.3,134.7,135.45,135.1,244.5,125.0,324132,44052692.2,12937.0,135.91,EQ
13-07-2022,136.1,136.55,134.75,135.45,135.5,244.5,125.0,202959,27541352.0,9165.0,135.7,EQ
14-07-2022,136.0,136.4,132.05,132.4,133.05,244.5,125.0,319251,42599024.45,8758.0,133.43,EQ
15-07-2022,133.1,134.2,132.1,133.6,133.75,244.5,125.0,233079,31033831.9,5786.0,133.15,EQ
18-07-2022,134.85,136.8,134.35,135.95,136.5,244.5,125.0,220502,29812245.5,8135.0,135.2,EQ
19-07-2022,136.3,137.55,135.0,136.9,137.2,244.5,125.0,345290,47166543.1,10582.0,136.6,EQ
20-07-2022,138.8,139.0,136.5,137.1,137.0,244.5,125.0,395722,54504319.5,12549.0,137.73,EQ
21-07-2022,139.6,141.2,137.8,139.4,139.8,244.5,125.0,456617,63714275.8,12129.0,139.54,EQ
22-07-2022,140.85,141.3,139.1,140.05,139.9,244.5,125.0,437759,61433921.2,10957.0,140.34,EQ
25-07-2022,136.0,136.0,131.5,131.9,131.75,244.5,125.0,1379484,183097767.25,20606.0,132.73,EQ
26-07-2022,130.5,132.0,129.7,131.35,131.05,244.5,125.0,551585,72158545.15,10142.0,130.82,EQ
27-07-2022,131.6,133.6,131.25,132.15,132.0,244.5,125.0,246374,32670586.15,7171.0,132.61,EQ
28-07-2022,133.2,134.35,131.25,133.3,132.5,244.5,125.0,374356,49615610.9,7587.0,132.54,EQ
29-07-2022,134.0,134.15,131.5,132.75,133.0,244.5,125.0,656198,87243798.65,11882.0,132.95,EQ
01-08-2022,134.35,137.55,134.0,136.1,136.3,244.5,125.0,723073,98248374.45,13878.0,135.88,EQ
02-08-2022,136.1,140.75,135.0,139.0,138.75,244.5,125.0,885668,122616497.9,16979.0,138.45,EQ
03-08-2022,139.65,139.8,136.6,137.5,137.35,244.5,125.0,406652,55941031.95,7504.0,137.56,EQ
04-08-2022,137.65,138.3,134.5,136.1,136.2,244.5,125.0,421503,57436095.8,6568.0,136.26,EQ
05-08-2022,138.0,138.0,132.0,134.6,135.3,244.5,125.0,521864,70755830.55,7214.0,135.58,EQ
08-08-2022,135.5,139.2,135.3,138.25,138.45,244.5,125.0,512972,70676448.35,8902.0,137.78,EQ
10-08-2022,138.25,138.95,137.2,138.15,138.3,244.5,125.0,326088,45074121.4,6491.0,138.23,EQ
11-08-2022,139.0,139.25,137.65,138.25,138.45,244.5,125.0,727605,100469248.75,6053.0,138.08,EQ
12-08-2022,139.0,144.4,138.45,143.15,143.2,244.5,125.0,1021533,145614920.75,14464.0,142.55,EQ
16-08-2022,144.9,147.8,143.05,144.0,144.0,244.5,125.0,1222673,178021548.4,15920.0,145.6,EQ
17-08-2022,144.75,145.9,141.1,141.6,141.3,244.5,125.0,907353,129465786.6,11770.0,142.69,EQ
18-08-2022,142.15,147.45,142.15,146.35,146.5,244.5,125.0,1021333,148877670.6,11677.0,145.77,EQ
19-08-2022,147.0,148.0,144.3,145.9,146.0,244.5,125.0,585259,85671403.05,7996.0,146.38,EQ
22-08-2022,142.15,143.9,140.3,141.75,142.35,244.5,125.0,3075026,435506798.7,10704.0,141.63,EQ
23-08-2022,141.9,144.9,141.25,143.85,144.1,244.5,125.0,547988,78455476.85,7014.0,143.17,EQ
24-08-2022,144.5,145.9,143.5,144.05,143.6,244.5,125.0,277888,40180733.95,4101.0,144.59,EQ
25-08-2022,144.0,146.0,143.0,145.25,145.5,244.5,125.0,422591,61345230.15,5197.0,145.16,EQ
26-08-2022,145.9,147.8,144.8,145.35,145.6,244.5,125.0,315903,46064464.8,4717.0,145.82,EQ
29-08-2022,144.8,149.5,142.0,148.1,148.0,244.5,125.0,872204,127805613.95,11550.0,146.53,EQ
30-08-2022,149.5,152.5,148.0,152.05,152.25,244.5,125.0,892210,134463242.7,12751.0,150.71,EQ
01-09-2022,150.0,151.9,147.4,148.0,147.65,244.5,125.0,504295,75148248.95,10439.0,149.02,EQ
02-09-2022,148.7,151.7,146.5,147.2,146.85,244.5,125.0,2321163,343882437.15,11219.0,148.15,EQ
05-09-2022,148.0,152.8,147.6,151.95,152.0,244.5,125.0,849807,128390169.3,10869.0,151.08,EQ
06-09-2022,153.45,154.55,150.25,153.3,152.55,244.5,125.0,488577,74637074.9,8690.0,152.76,EQ
07-09-2022,151.9,152.8,150.15,151.65,152.0,244.5,125.0,300251,45464938.35,6490.0,151.42,EQ
08-09-2022,152.4,155.1,152.0,154.2,153.75,244.5,125.0,430120,66179436.45,7797.0,153.86,EQ
09-09-2022,154.85,154.85,150.0,150.95,151.1,244.5,125.0,525895,79783251.85,7957.0,151.71,EQ
12-09-2022,151.9,152.6,148.5,149.35,149.65,244.5,125.0,370489,55597845.4,5896.0,150.07,EQ
13-09-2022,150.8,151.4,148.05,148.35,148.45,244.5,125.0,499288,74423831.15,7723.0,149.06,EQ
14-09-2022,147.3,148.6,146.4,146.65,146.65,244.5,125.0,430280,63384329.75,9128.0,147.31,EQ
15-09-2022,147.4,148.4,144.5,145.35,145.7,244.5,125.0,497540,72397145.1,9837.0,145.51,EQ
16-09-2022,145.5,146.8,141.0,142.9,142.2,244.5,125.0,911485,130316054.9,15676.0,142.97,EQ
19-09-2022,142.9,143.4,139.2,140.15,140.95,244.5,125.0,506374,71200921.9,10170.0,140.61,EQ
20-09-2022,141.05,148.5,140.85,146.95,148.0,244.5,125.0,828380,119487090.75,11284.0,144.24,EQ
21-09-2022,147.0,148.9,143.95,148.2,148.25,244.5,125.0,879650,129450421.75,13592.0,147.16,EQ
22-09-2022,148.0,154.5,121.5,144.75,144.8,244.5,121.5,925830,133800099.9,9867.0,144.52,EQ
23-09-2022,144.75,145.8,142.0,143.8,144.0,244.5,121.5,310543,44588190.4,5802.0,143.58,EQ
26-09-2022,143.0,143.0,135.85,137.55,138.2,244.5,121.5,439055,60799906.3,11873.0,138.48,EQ
27-09-2022,138.3,139.85,138.05,138.85,139.2,244.5,121.5,157680,21885124.5,4538.0,138.79,EQ
28-09-2022,138.85,139.95,137.35,138.05,138.1,244.5,121.5,160173,22180132.7,3720.0,138.48,EQ
29-09-2022,139.5,141.15,136.8,138.1,138.0,244.5,121.5,477356,65946575.45,7388.0,138.15,EQ
30-09-2022,138.25,138.7,135.45,136.6,136.8,244.5,121.5,516145,70443935.3,8048.0,136.48,EQ
03-10-2022,137.0,142.45,137.0,137.8,141.8,244.5,121.5,2563353,353400563.1,6775.0,137.87,EQ
04-10-2022,142.8,143.8,141.3,143.35,143.7,244.5,121.5,409669,58447207.15,5394.0,142.67,EQ
06-10-2022,144.1,146.75,144.0,145.65,146.2,244.5,121.5,721426,105122897.3,8154.0,145.72,EQ
07-10-2022,145.0,146.15,142.1,142.6,143.0,244.5,121.5,497922,71879755.05,6967.0,144.36,EQ
10-10-2022,142.45,143.5,139.5,139.85,140.5,244.5,121.5,374454,52840197.8,5693.0,141.11,EQ
11-10-2022,140.5,141.45,136.05,136.9,137.4,244.5,121.5,475123,65563922.5,9517.0,137.99,EQ
12-10-2022,137.3,138.45,135.25,135.9,135.9,244.5,121.5,437748,59681228.35,8180.0,136.34,EQ
13-10-2022,136.5,136.9,134.0,135.85,136.6,244.5,121.5,295748,40023090.15,7838.0,135.33,EQ
14-10-2022,136.75,138.75,136.75,138.1,138.25,244.5,121.5,648458,89511545.9,6670.0,138.04,EQ
17-10-2022,139.0,139.25,136.05,137.35,137.35,244.5,121.5,332388,45932614.65,5877.0,138.19,EQ
18-10-2022,138.05,138.5,136.5,137.65,137.9,244.5,121.5,242622,33344399.0,4797.0,137.43,EQ
19-10-2022,138.25,139.15,136.9,137.65,137.55,244.5,121.5,223427,30853143.45,4711.0,138.09,EQ
20-10-2022,137.5,139.7,136.7,138.95,138.1,244.5,121.5,258654,35802815.6,5449.0,138.42,EQ
21-10-2022,139.6,139.6,137.05,138.4,138.5,244.5,121.5,216998,30006914.45,5462.0,138.28,EQ
24-10-2022,135.95,136.75,130.0,135.6,136.7,244.5,121.5,471624,63517239.75,10419.0,134.68,EQ
25-10-2022,135.0,136.0,133.4,134.0,133.8,244.5,121.5,304469,40981605.0,6643.0,134.6,EQ
27-10-2022,134.7,134.7,131.9,132.95,133.05,244.5,121.5,545229,72380067.6,16136.0,132.75,EQ
28-10-2022,133.6,133.7,132.15,132.95,133.05,244.5,121.5,291591,38720947.75,10271.0,132.79,EQ
31-10-2022,133.5,134.4,132.55,133.95,134.1,234.0,121.5,250231,33408045.95,6242.0,133.51,EQ
01-11-2022,134.0,134.6,133.2,133.75,134.05,234.0,121.5,254691,34044734.2,8894.0,133.67,EQ
02-11-2022,133.15,140.8,133.15,138.05,138.55,234.0,121.5,1073081,148114804.35,16076.0,138.03,EQ
03-11-2022,138.1,140.2,137.45,139.45,139.95,234.0,121.5,1057293,147119262.1,20679.0,139.15,EQ
04-11-2022,140.0,146.7,139.5,145.55,145.0,234.0,121.5,985276,141650871.55,20703.0,143.77,EQ
07-11-2022,146.3,157.95,145.0,156.9,156.95,234.0,121.5,4393395,676036054.55,46844.0,153.88,EQ
09-11-2022,157.5,160.3,155.1,158.05,157.7,234.0,121.5,1969835,310823372.55,27019.0,157.79,EQ
10-11-2022,157.9,157.9,152.4,155.05,154.8,234.0,121.5,755968,116953218.6,12756.0,154.71,EQ
11-11-2022,155.2,157.0,149.95,151.5,150.3,234.0,121.5,828345,126322610.15,14288.0,152.5,EQ
14-11-2022,152.3,154.1,150.6,152.2,152.05,228.4,121.5,611667,93154735.85,14985.0,152.3,EQ
15-11-2022,150.8,152.65,148.25,149.65,148.25,228.4,121.5,385958,58112322.75,9902.0,150.57,EQ
16-11-2022,150.4,163.0,149.4,161.85,162.55,228.4,121.5,4322347,689970188.85,41043.0,159.63,EQ
17-11-2022,162.2,164.35,156.4,157.85,158.0,228.4,121.5,1164449,186273924.35,17440.0,159.97,EQ
18-11-2022,158.05,159.2,154.85,155.5,156.25,228.4,121.5,679526,106036089.8,7798.0,156.04,EQ
21-11-2022,156.3,158.3,153.6,155.5,155.8,219.0,121.5,340789,53054111.15,6962.0,155.68,EQ
22-11-2022,155.7,158.9,152.75,158.05,157.5,219.0,121.5,555275,86615415.1,10372.0,155.99,EQ
23-11-2022,158.1,159.95,155.0,155.7,155.55,219.0,121.5,457663,72062978.95,7371.0,157.46,EQ
24-11-2022,156.35,159.0,155.55,156.2,156.55,219.0,121.5,450272,70713555.25,6784.0,157.05,EQ
25-11-2022,156.6,165.0,156.6,161.75,161.5,219.0,121.5,2058261,334768892.7,21482.0,162.65,EQ
28-11-2022,161.6,162.6,157.8,158.85,158.9,214.5,121.5,580266,92896999.6,7919.0,160.09,EQ
29-11-2022,159.65,160.45,155.45,156.4,156.6,214.5,121.5,527078,82809537.55,8419.0,157.11,EQ
30-11-2022,156.6,158.65,153.1,157.55,157.0,214.5,121.5,605759,94438916.6,13430.0,155.9,EQ
01-12-2022,158.5,163.5,156.75,158.0,158.0,214.5,121.5,1169338,187283951.15,19312.0,160.16,EQ
02-12-2022,158.75,163.8,157.35,163.4,162.8,214.5,121.5,1409833,227973455.0,14561.0,161.7,EQ
05-12-2022,164.1,175.75,163.55,174.35,175.15,214.1,121.5,5308683,916659582.0,47631.0,172.67,EQ
06-12-2022,175.45,177.3,170.3,172.0,172.0,214.1,121.5,1252014,216934002.2,16849.0,173.27,EQ
07-12-2022,172.95,173.2,166.85,170.2,169.05,214.1,121.5,590030,99948970.2,9017.0,169.4,EQ
08-12-2022,170.5,181.5,167.5,178.65,178.1,214.1,121.5,2312799,409843448.7,28858.0,177.21,EQ
09-12-2022,180.0,181.25,171.0,171.95,172.05,214.1,121.5,1327419,232514287.25,21617.0,175.16,EQ
12-12-2022,172.5,172.5,166.05,168.9,170.0,214.1,121.5,971675,163849411.95,15161.0,168.63,EQ
13-12-2022,170.0,171.8,167.3,168.35,167.5,214.1,121.5,506440,85588758.65,10274.0,169.0,EQ
14-12-2022,169.0,181.95,166.0,180.2,180.6,214.1,121.5,3259432,576070346.55,35975.0,176.74,EQ
15-12-2022,180.6,187.9,177.75,182.85,182.1,214.1,121.5,3250590,597358349.55,36000.0,183.77,EQ
16-12-2022,183.2,186.8,177.35,182.5,182.05,214.1,121.5,1267717,230372012.55,22190.0,181.72,EQ
19-12-2022,182.5,184.3,177.35,178.8,178.05,214.1,121.5,598410,107520564.6,12532.0,179.68,EQ
20-12-2022,178.8,178.95,173.45,176.25,177.0,214.1,121.5,380252,67018623.0,13784.0,176.25,EQ
21-12-2022,177.15,191.0,176.9,185.8,183.65,214.1,121.5,6145022,1153863578.05,58573.0,187.77,EQ
22-12-2022,185.75,185.8,171.6,180.05,180.5,214.1,121.5,1854773,330695648.7,27246.0,178.29,EQ
23-12-2022,175.15,178.45,164.0,166.85,170.25,214.1,121.5,1357629,232101746.25,24695.0,170.96,EQ
26-12-2022,167.7,182.45,167.05,180.7,181.3,210.0,121.5,1470299,260047252.9,21184.0,176.87,EQ
27-12-2022,181.3,187.35,178.2,185.85,186.0,210.0,121.5,1332518,245517939.6,24724.0,184.25,EQ
28-12-2022,185.95,186.7,181.5,183.6,184.2,210.0,121.5,777184,143483168.95,15818.0,184.62,EQ
29-12-2022,183.6,195.0,176.65,189.0,189.5,210.0,121.5,3746848,710292241.35,39818.0,189.57,EQ
30-12-2022,190.0,194.55,184.0,187.3,186.05,210.0,121.5,905002,171030292.45,12399.0,188.98,EQ
02-01-2023,185.6,189.8,182.95,188.35,188.0,210.0,121.5,1700058,318449148.35,13553.0,187.32,EQ
03-01-2023,188.0,192.0,187.05,188.85,188.0,210.0,121.5,817048,154457300.7,8391.0,189.04,EQ
04-01-2023,188.5,190.9,184.7,187.25,187.5,210.0,121.5,558877,104700662.5,13542.0,187.34,EQ
05-01-2023,188.2,191.0,182.1,184.05,183.95,210.0,121.5,793700,148576745.35,15994.0,187.2,EQ
06-01-2023,184.05,185.5,176.7,178.6,179.7,210.0,121.5,869003,157760761.45,15661.0,181.54,EQ
09-01-2023,180.0,182.95,177.5,178.8,178.6,202.9,121.5,482532,86516830.0,9901.0,179.3,EQ
10-01-2023,179.7,180.7,173.55,174.95,175.5,202.9,121.5,415086,73520881.95,8110.0,177.12,EQ
11-01-2023,174.95,176.95,172.5,173.2,172.9,202.9,121.5,337180,58835586.1,7660.0,174.49,EQ
12-01-2023,174.0,174.8,170.3,171.1,171.9,202.9,121.5,281435,48564907.5,7069.0,172.56,EQ
13-01-2023,171.45,176.2,171.45,172.15,172.5,202.9,121.5,548791,95499502.75,9414.0,174.02,EQ
16-01-2023,173.45,176.0,171.6,175.35,175.05,202.5,121.5,526212,91791139.3,6858.0,174.44,EQ
17-01-2023,176.4,177.7,171.4,172.2,172.35,202.5,121.5,293780,51101036.5,5654.0,173.94,EQ
18-01-2023,172.2,175.0,172.2,172.95,173.15,202.5,121.5,444167,77058521.95,6047.0,173.49,EQ
19-01-2023,172.0,174.4,171.55,172.9,172.6,202.5,121.5,316747,54838724.0,7556.0,173.13,EQ
20-01-2023,172.65,176.7,172.0,174.1,174.2,202.5,121.5,298004,51948953.95,4869.0,174.32,EQ
23-01-2023,174.8,176.25,172.0,172.65,172.7,195.0,121.5,316379,55044080.5,5263.0,173.98,EQ
24-01-2023,172.65,174.05,167.0,167.55,167.6,195.0,121.5,262172,44432120.45,5706.0,169.48,EQ
25-01-2023,167.55,168.35,162.5,166.8,167.45,195.0,121.5,459835,76219362.35,12129.0,165.75,EQ
27-01-2023,167.6,168.65,164.1,165.05,165.0,195.0,121.5,431388,71704082.5,13825.0,166.22,EQ
30-01-2023,165.0,170.3,165.0,167.35,166.5,195.0,121.5,420813,70818188.45,15101.0,168.29,EQ
31-01-2023,168.0,173.8,168.0,172.45,171.8,195.0,121.5,435257,74980071.85,9124.0,172.27,EQ
01-02-2023,173.5,175.95,165.95,168.7,168.7,195.0,121.5,380031,65255693.25,11704.0,171.71,EQ
02-02-2023,168.0,176.95,167.7,176.25,176.5,195.0,121.5,971038,169791164.05,18894.0,174.86,EQ
03-02-2023,177.2,183.9,173.15,177.3,175.0,195.0,121.5,1401127,251566629.1,24141.0,179.55,EQ
06-02-2023,175.1,180.7,172.0,173.45,174.5,195.0,121.5,1129004,197370295.95,23170.0,174.82,EQ
07-02-2023,173.95,177.75,173.05,174.15,174.5,195.0,121.5,317014,55467443.2,12021.0,174.97,EQ
08-02-2023,173.6,178.65,173.5,176.1,175.0,195.0,121.5,399050,70374082.25,11746.0,176.35,EQ
09-02-2023,176.0,178.6,174.55,175.7,176.4,195.0,121.5,325937,57426744.55,8877.0,176.19,EQ
10-02-2023,175.25,180.9,174.95,177.9,177.8,195.0,121.5,719427,129026483.1,20138.0,179.35,EQ
13-02-2023,178.75,182.0,177.45,178.9,179.3,195.0,121.5,382541,68592713.45,12666.0,179.31,EQ
14-02-2023,179.65,181.0,176.5,178.45,179.0,195.0,121.5,387661,69576677.0,14120.0,179.48,EQ
15-02-2023,177.95,183.5,177.6,179.0,179.05,195.0,121.5,780689,141211048.1,15195.0,180.88,EQ
16-02-2023,179.8,180.85,177.6,178.25,179.0,195.0,121.5,407289,72900842.95,17741.0,178.99,EQ
17-02-2023,178.9,182.0,178.05,179.05,179.0,195.0,121.5,440966,79477756.75,13712.0,180.24,EQ
20-02-2023,179.2,181.0,175.95,179.05,179.5,195.0,121.5,397271,71184407.5,8992.0,179.18,EQ
21-02-2023,178.55,180.0,174.15,174.8,175.4,195.0,121.5,341435,59957575.0,7514.0,175.6,EQ
22-02-2023,170.2,173.7,167.1,169.75,170.0,195.0,121.5,352309,60034166.8,7147.0,170.4,EQ
23-02-2023,169.0,170.9,165.15,169.45,170.1,195.0,121.5,621387,104353630.95,9967.0,167.94,EQ
24-02-2023,169.5,173.25,169.25,170.25,169.25,195.0,121.5,230587,39487128.4,6229.0,171.25,EQ
27-02-2023,170.0,170.8,166.0,167.1,167.25,195.0,121.5,165739,27767030.45,4945.0,167.53,EQ
28-02-2023,167.55,172.4,165.4,169.05,168.5,195.0,121.5,462984,78513315.6,9008.0,169.58,EQ
01-03-2023,169.05,170.95,166.7,167.8,168.2,195.0,121.5,238589,40328560.15,10162.0,169.03,EQ
02-03-2023,167.8,170.0,166.1,166.65,166.4,195.0,121.5,164382,27621422.35,6199.0,168.03,EQ
03-03-2023,166.8,171.9,166.8,170.05,170.0,195.0,121.5,344105,58304148.85,8701.0,169.44,EQ
06-03-2023,170.5,174.5,169.0,170.1,170.5,195.0,121.5,502412,86407170.65,11977.0,171.98,EQ
08-03-2023,170.0,174.25,169.5,171.8,172.25,195.0,121.5,333187,57488982.75,7914.0,172.54,EQ
09-03-2023,173.15,174.85,169.45,170.85,171.5,195.0,121.5,377134,64965058.0,9135.0,172.26,EQ
10-03-2023,170.7,170.7,167.45,168.5,168.95,195.0,121.5,425305,71821074.7,10110.0,168.87,EQ
13-03-2023,169.4,171.2,163.35,165.3,165.0,195.0,121.5,740671,123413362.65,16616.0,166.62,EQ
14-03-2023,165.75,167.5,161.3,162.2,163.0,195.0,121.5,521616,85103749.55,12647.0,163.15,EQ
15-03-2023,163.0,165.8,162.1,163.85,164.9,195.0,121.5,224851,36807306.4,8708.0,163.7,EQ
16-03-2023,164.7,164.7,160.0,160.3,160.15,195.0,121.5,292621,47127110.85,9618.0,161.05,EQ
17-03-2023,161.15,163.75,160.25,162.5,162.5,195.0,121.5,260772,42283072.05,7369.0,162.15,EQ
20-03-2023,158.2,163.0,158.0,160.0,160.1,195.0,121.5,281790,44948668.7,8501.0,159.51,EQ
21-03-2023,162.3,168.15,160.6,165.7,166.7,195.0,121.5,1137527,189043894.95,28442.0,166.19,EQ
22-03-2023,165.7,174.0,165.15,171.8,173.9,195.0,121.5,669089,113531657.15,15936.0,169.68,EQ
23-03-2023,171.0,171.9,167.5,168.1,167.5,195.0,121.5,358745,60885091.55,8557.0,169.72,EQ
24-03-2023,168.1,169.3,160.65,163.45,165.0,195.0,121.5,236543,39141349.35,5504.0,165.47,EQ
27-03-2023,163.35,166.95,163.0,164.6,165.45,195.0,121.5,301634,49840287.0,10067.0,165.23,EQ
28-03-2023,165.5,167.2,162.0,165.25,164.0,195.0,121.5,444868,72861540.2,10715.0,163.78,EQ
29-03-2023,166.1,175.0,164.6,173.75,174.25,195.0,121.5,619081,106100824.4,10981.0,171.38,EQ
31-03-2023,175.0,176.95,169.05,170.6,170.0,195.0,121.5,336971,58183710.45,8160.0,172.67,EQ
03-04-2023,175.0,175.0,170.1,172.2,172.0,195.0,121.5,225428,38728807.85,6176.0,171.8,EQ
05-04-2023,172.5,176.75,170.65,171.8,172.6,195.0,121.5,297248,51640502.85,6699.0,173.73,EQ
06-04-2023,172.0,174.0,169.0,170.2,170.0,195.0,121.5,308035,52639140.85,6044.0,170.89,EQ
10-04-2023,171.05,172.55,164.0,165.25,165.8,195.0,121.5,379473,63647199.6,8785.0,167.73,EQ
11-04-2023,166.1,170.9,166.1,167.45,167.4,195.0,121.5,340217,57343863.8,7314.0,168.55,EQ
12-04-2023,168.5,169.9,166.1,167.45,167.5,195.0,121.5,255540,43002237.05,5090.0,168.28,EQ
13-04-2023,168.3,173.65,167.65,170.5,170.7,195.0,121.5,592883,101117028.75,12353.0,170.55,EQ
17-04-2023,170.95,171.35,167.7,168.55,169.2,195.0,121.5,182254,30829813.65,4632.0,169.16,EQ
18-04-2023,169.0,170.5,167.25,168.45,168.5,195.0,121.5,140570,23680230.85,3505.0,168.46,EQ
19-04-2023,169.3,169.6,165.5,166.3,166.75,195.0,121.5,226193,37874320.45,5294.0,167.44,EQ
20-04-2023,167.1,167.9,164.0,164.3,164.55,195.0,121.5,241681,39936611.5,5678.0,165.25,EQ
21-04-2023,164.8,169.9,164.3,166.05,166.6,195.0,121.5,236425,39225761.75,4751.0,165.91,EQ
24-04-2023,166.9,166.9,161.5,161.75,162.3,195.0,121.5,500810,81634951.7,11428.0,163.01,EQ
25-04-2023,162.25,167.3,162.25,164.2,164.7,195.0,121.5,308892,50847674.2,6316.0,164.61,EQ
26-04-2023,164.9,166.2,163.0,163.8,163.9,195.0,121.5,184302,30267751.95,5562.0,164.23,EQ
27-04-2023,164.6,165.85,163.65,164.25,164.05,195.0,121.5,191958,31632341.95,3650.0,164.79,EQ
28-04-2023,164.45,168.6,164.45,167.5,167.5,195.0,121.5,838708,140255360.0,12876.0,167.23,EQ
02-05-2023,168.4,171.6,168.0,170.1,170.15,195.0,121.5,439377,74754184.7,8789.0,170.14,EQ
03-05-2023,171.0,176.45,169.55,174.55,175.0,195.0,121.5,1438685,250610172.8,16864.0,174.19,EQ
04-05-2023,175.5,182.0,174.65,178.8,179.25,195.0,121.5,1146972,205432366.0,15131.0,179.11,EQ
05-05-2023,179.6,181.3,175.4,177.05,178.0,195.0,121.5,540517,96244211.65,10239.0,178.06,EQ
08-05-2023,177.9,179.55,171.45,173.8,173.0,195.0,121.5,633842,111076642.2,10604.0,175.24,EQ
09-05-2023,173.8,175.55,170.55,171.05,171.8,195.0,121.5,752323,130593862.4,8144.0,173.59,EQ
10-05-2023,171.8,186.5,171.5,184.85,185.0,195.0,121.5,6296718,1151668919.15,56528.0,182.9,EQ
11-05-2023,186.0,187.75,184.0,184.65,184.75,195.0,121.5,956683,177482013.3,11704.0,185.52,EQ
12-05-2023,184.4,184.4,178.35,181.6,181.8,195.0,121.5,785854,142781010.45,14899.0,181.69,EQ
15-05-2023,182.45,184.7,179.3,181.25,182.0,195.0,121.5,533024,96895689.8,8543.0,181.78,EQ
16-05-2023,182.75,191.15,181.7,187.7,187.6,195.0,121.5,2099799,394722854.35,23514.0,187.98,EQ
17-05-2023,189.9,194.4,185.05,188.7,187.1,195.0,121.5,1427965,271273066.8,20132.0,189.97,EQ
18-05-2023,189.9,192.5,186.5,187.35,187.75,195.0,121.5,632111,119879215.15,10041.0,189.65,EQ
19-05-2023,188.85,192.0,186.75,190.5,190.0,195.0,121.5,773969,146920607.15,10777.0,189.83,EQ
22-05-2023,191.45,195.5,189.3,190.9,190.0,195.5,121.5,1547329,298332007.05,22060.0,192.8,EQ
23-05-2023,185.0,186.6,180.05,182.05,182.3,195.5,121.5,2433102,445160932.5,29409.0,182.96,EQ
24-05-2023,183.0,185.45,177.8,178.35,178.45,195.5,121.5,738528,133833786.0,13414.0,181.22,EQ
25-05-2023,179.0,180.2,176.25,177.65,177.2,195.5,121.5,497191,88555090.15,7155.0,178.11,EQ
26-05-2023,177.25,181.5,174.4,179.95,180.1,195.5,121.5,711889,126311863.15,10883.0,177.43,EQ
29-05-2023,180.1,181.7,177.0,178.85,178.1,195.5,121.5,576752,103094728.55,8329.0,178.75,EQ
30-05-2023,179.6,179.6,174.0,174.6,174.5,195.5,121.5,512605,90069992.5,8093.0,175.71,EQ
31-05-2023,174.45,178.95,171.4,177.95,177.6,195.5,121.5,990897,173533441.75,14722.0,175.13,EQ
01-06-2023,178.75,180.95,172.5,173.0,173.25,195.5,121.5,876829,153489005.3,27847.0,175.05,EQ
02-06-2023,174.45,175.4,171.0,171.85,171.7,195.5,121.5,596116,103052248.0,10296.0,172.87,EQ
05-06-2023,172.8,173.45,170.05,170.8,170.7,195.5,121.5,852730,146095165.55,8470.0,171.33,EQ
06-06-2023,171.0,172.35,166.6,167.0,167.0,195.5,121.5,1010759,170301549.35,19246.0,168.49,EQ
07-06-2023,168.0,169.45,166.25,166.95,167.0,195.5,121.5,991875,165833364.9,9356.0,167.19,EQ
08-06-2023,167.75,171.35,165.0,165.7,166.0,195.5,121.5,1386849,232221717.8,17409.0,167.45,EQ
09-06-2023,167.15,167.6,164.0,164.55,165.0,195.5,121.5,691362,114262007.2,9749.0,165.27,EQ
12-06-2023,164.9,167.75,163.05,165.3,165.45,195.5,121.5,3064440,504743405.75,41687.0,164.71,EQ
13-06-2023,166.2,172.5,163.7,171.15,172.2,195.5,121.5,4329243,729405374.85,39738.0,168.48,EQ
14-06-2023,174.0,176.7,173.4,174.75,175.0,195.5,121.5,2618266,458316362.55,36566.0,175.05,EQ
15-06-2023,175.0,179.7,173.15,174.4,174.3,195.5,121.5,2029872,358975853.95,22392.0,176.85,EQ
16-06-2023,176.0,177.05,174.0,174.65,174.9,195.5,121.5,616074,108106781.4,9020.0,175.48,EQ
19-06-2023,175.7,178.3,174.3,175.45,176.3,195.5,121.5,932086,164217233.45,16812.0,176.18,EQ
20-06-2023,175.9,178.7,175.1,177.25,177.5,195.5,121.5,912277,161600183.65,20147.0,177.14,EQ
21-06-2023,178.2,179.45,175.85,176.9,177.5,195.5,121.5,682623,121020240.05,16397.0,177.29,EQ
22-06-2023,177.8,180.5,174.6,176.55,176.0,195.5,121.5,1241539,219989926.95,34528.0,177.19,EQ
23-06-2023,177.5,177.5,173.6,175.3,175.4,195.5,121.5,819391,143547783.4,12845.0,175.19,EQ
26-06-2023,175.4,178.7,173.95,177.65,177.5,195.5,121.5,504429,89039141.25,8979.0,176.51,EQ
27-06-2023,178.95,179.1,175.45,175.75,175.85,195.5,121.5,361867,64028884.85,7774.0,176.94,EQ
28-06-2023,176.95,176.95,172.0,172.75,173.0,195.5,121.5,516792,89658172.8,13395.0,173.49,EQ
30-06-2023,173.0,176.8,173.0,175.8,175.0,195.5,121.5,609667,106840531.8,13265.0,175.24,EQ
03-07-2023,176.0,176.65,174.0,174.75,174.7,195.5,121.5,437086,76590597.25,8593.0,175.23,EQ
04-07-2023,175.0,175.8,172.65,174.85,175.0,195.5,121.5,374319,65246348.15,5779.0,174.31,EQ
05-07-2023,175.0,176.0,172.55,172.85,172.95,195.5,121.5,363984,63304632.55,5919.0,173.92,EQ
06-07-2023,172.75,175.65,172.4,174.75,174.55,195.5,121.5,595064,103670151.3,9481.0,174.22,EQ
07-07-2023,174.45,174.8,171.65,172.3,172.5,195.5,121.5,346337,59886892.45,5521.0,172.92,EQ
10-07-2023,172.3,172.95,170.05,172.05,172.3,195.5,121.5,315204,54022207.95,6108.0,171.39,EQ
11-07-2023,171.5,173.7,170.7,171.95,171.8,195.5,121.5,340380,58547294.3,5742.0,172.01,EQ
12-07-2023,171.05,173.15,170.55,172.45,172.4,195.5,121.5,301254,51791581.1,5057.0,171.92,EQ
13-07-2023,172.6,175.95,172.6,174.6,175.0,195.5,121.5,722714,126040626.7,8429.0,174.4,EQ
14-07-2023,175.0,177.6,175.0,176.35,176.55,195.5,121.5,588893,103960305.4,7837.0,176.54,EQ
17-07-2023,177.3,184.5,177.0,179.7,180.8,195.5,121.5,2175803,392654178.2,20277.0,180.46,EQ
18-07-2023,181.5,181.9,176.65,178.9,179.2,195.5,121.5,455513,81512231.25,6899.0,178.95,EQ
19-07-2023,180.0,183.95,179.05,180.85,181.5,195.5,121.5,761334,138396291.95,13580.0,181.78,EQ
20-07-2023,183.0,186.6,180.2,184.45,184.5,195.5,121.5,2454809,451772884.05,30450.0,184.04,EQ
21-07-2023,182.95,189.9,182.8,188.4,188.8,195.5,121.5,1643606,309259366.25,23563.0,188.16,EQ
24-07-2023,189.8,193.9,189.05,190.05,190.5,195.5,121.5,1235655,236077890.5,18624.0,191.05,EQ
25-07-2023,190.05,194.25,189.25,191.45,191.5,195.5,121.5,725476,139072350.5,16519.0,191.7,EQ
26-07-2023,190.35,194.7,190.35,192.95,193.1,195.5,121.5,762927,147190200.45,14937.0,192.93,EQ
27-07-2023,193.45,202.75,193.45,199.15,199.6,202.75,121.5,3924495,785751488.0,41804.0,200.22,EQ
28-07-2023,201.0,203.1,197.1,199.5,199.0,203.1,121.5,1071246,213459845.95,24799.0,199.26,EQ
31-07-2023,201.0,203.5,198.5,199.7,200.0,203.5,121.5,929859,187355301.95,14840.0,201.49,EQ
01-08-2023,200.75,201.3,196.8,197.2,197.45,203.5,121.5,520041,103444750.05,13041.0,198.92,EQ
02-08-2023,198.2,211.0,197.25,203.8,203.9,211.0,121.5,4802013,989395699.35,47312.0,206.04,EQ
03-08-2023,203.9,208.75,200.6,206.55,205.75,211.0,121.5,1510090,309247768.3,22555.0,204.79,EQ
04-08-2023,207.0,208.05,203.3,205.2,204.8,211.0,121.5,779232,160327313.9,14150.0,205.75,EQ
07-08-2023,208.0,208.0,200.1,201.1,201.1,211.0,121.5,657427,133469642.1,14372.0,203.02,EQ
08-08-2023,202.5,208.0,201.35,205.7,205.55,211.0,121.5,757396,155297575.1,18574.0,205.04,EQ
09-08-2023,207.0,209.0,204.35,206.75,206.15,211.0,121.5,607227,125471589.8,14242.0,206.63,EQ
10-08-2023,206.75,207.0,199.6,203.15,202.6,211.0,121.5,442163,90433476.85,10182.0,204.53,EQ
11-08-2023,203.95,204.7,202.75,203.55,203.85,211.0,121.5,322669,65623197.05,6967.0,203.38,EQ
14-08-2023,203.65,210.5,200.4,208.65,209.0,211.0,121.5,969514,200539199.2,22281.0,206.85,EQ
16-08-2023,210.0,213.3,206.25,207.1,206.9,213.3,121.5,814408,170953814.05,16222.0,209.91,EQ
17-08-2023,207.15,209.4,203.6,204.2,204.3,213.3,121.5,320622,66077696.65,7069.0,206.09,EQ
18-08-2023,204.95,210.65,204.0,209.1,208.2,213.3,121.5,907952,189109190.15,18439.0,208.28,EQ
21-08-2023,208.3,209.15,205.25,206.2,206.2,213.3,121.5,366097,75563501.25,8891.0,206.4,EQ
22-08-2023,207.7,211.5,206.75,210.6,211.25,213.3,121.5,663991,139393293.75,11250.0,209.93,EQ
23-08-2023,212.85,217.75,212.6,215.55,216.0,217.75,121.5,1534943,331096717.85,20914.0,215.71,EQ
24-08-2023,216.05,219.5,215.0,216.85,215.55,219.5,121.5,879423,191467120.75,32105.0,217.72,EQ
25-08-2023,214.0,217.65,209.4,211.3,210.0,219.5,121.5,654994,139331063.8,30025.0,212.72,EQ
28-08-2023,212.4,222.75,212.0,220.1,219.95,222.75,121.5,1274293,278682485.25,39272.0,218.7,EQ
29-08-2023,221.9,241.2,221.85,235.95,236.0,241.2,121.5,10796894,2557352239.6,117666.0,236.86,EQ
30-08-2023,237.2,237.8,228.5,230.1,230.3,241.2,121.5,3374490,782331769.65,30172.0,231.84,EQ
31-08-2023,233.9,241.35,229.45,239.55,240.45,241.35,121.5,1928800,457807688.65,31929.0,237.35,EQ
01-09-2023,240.9,250.0,240.85,248.05,248.0,250.0,121.5,2592493,640354673.9,29911.0,247.0,EQ
04-09-2023,251.0,259.95,250.3,253.25,253.3,259.95,121.5,1725383,440437709.15,23072.0,255.27,EQ
05-09-2023,253.25,253.25,243.1,247.25,247.9,259.95,121.5,1118491,275419143.85,18410.0,246.24,EQ
06-09-2023,248.5,252.9,245.5,250.0,250.0,259.95,121.5,1233054,307727201.25,14225.0,249.57,EQ
07-09-2023,250.0,250.15,245.0,249.8,247.95,259.95,121.5,653544,162105224.3,13716.0,248.04,EQ
08-09-2023,249.75,250.95,241.05,241.85,242.2,259.95,121.5,931500,227992620.05,20429.0,244.76,EQ
11-09-2023,246.2,246.2,238.05,241.55,243.0,259.95,121.5,711697,171714995.4,12017.0,241.28,EQ
12-09-2023,241.8,244.25,223.3,229.5,225.55,259.95,121.5,1109151,256896402.35,22597.0,231.62,EQ
13-09-2023,227.4,232.9,221.05,225.85,230.0,259.95,121.5,567237,127785772.85,16692.0,225.28,EQ
14-09-2023,226.9,234.8,226.85,232.8,232.85,259.95,121.5,733920,169612037.5,19129.0,231.1,EQ
15-09-2023,233.95,235.6,225.0,226.05,228.45,259.95,121.5,1036841,237216706.4,13997.0,228.79,EQ
18-09-2023,226.05,231.7,225.4,227.1,227.6,259.95,121.5,638257,145891629.6,12696.0,228.58,EQ
20-09-2023,227.1,229.4,224.5,226.9,227.5,259.95,121.5,350894,79553081.35,11921.0,226.72,EQ
21-09-2023,225.5,228.8,220.0,220.75,221.0,259.95,121.5,401735,89846399.55,9396.0,223.65,EQ
22-09-2023,220.1,222.0,214.55,221.3,222.0,259.95,121.5,669670,146482829.15,14949.0,218.74,EQ
25-09-2023,222.05,224.85,216.6,221.0,220.35,259.95,130.0,422322,93083454.95,12120.0,220.41,EQ
26-09-2023,220.3,233.7,220.3,228.25,229.0,259.95,130.0,1612511,368449236.35,37904.0,228.49,EQ
27-09-2023,229.0,229.2,224.25,226.3,226.0,259.95,130.0,436690,98955228.15,11139.0,226.6,EQ
28-09-2023,226.1,230.0,223.8,226.2,226.1,259.95,130.0,690489,157568540.9,12343.0,228.2,EQ
29-09-2023,225.0,225.95,222.2,224.0,224.25,259.95,130.0,359694,80652532.3,13698.0,224.23,EQ
03-10-2023,224.25,229.3,223.8,228.75,228.8,259.95,130.0,534978,122070065.85,9568.0,228.18,EQ
04-10-2023,227.55,230.95,222.3,224.35,224.0,259.95,130.0,512861,116099064.1,23243.0,226.38,EQ
05-10-2023,225.5,226.55,222.6,223.65,222.9,259.95,130.0,509159,114117383.75,11058.0,224.13,EQ
06-10-2023,223.5,232.95,222.9,226.8,226.45,259.95,130.0,1331998,302723847.5,28515.0,227.27,EQ
09-10-2023,222.0,224.45,218.75,221.55,221.0,259.95,130.0,370950,82280447.8,9708.0,221.81,EQ
10-10-2023,225.0,225.7,222.0,223.35,223.0,259.95,130.0,309387,69046523.0,12587.0,223.17,EQ
11-10-2023,224.4,225.05,222.4,223.0,222.75,259.95,130.0,284927,63638389.35,10040.0,223.35,EQ
12-10-2023,223.0,227.0,221.2,225.3,225.1,259.95,130.0,407216,91176897.5,14973.0,223.9,EQ
13-10-2023,224.0,225.7,220.25,221.75,221.8,259.95,130.0,312253,69601057.2,9293.0,222.9,EQ
16-10-2023,222.55,229.95,221.4,224.65,224.4,259.95,130.0,597520,134982843.2,11815.0,225.91,EQ
17-10-2023,225.9,229.2,224.6,226.45,227.1,259.95,130.0,529898,120134550.7,11630.0,226.71,EQ
18-10-2023,227.35,229.4,219.5,222.3,221.55,259.95,130.0,839605,188537162.35,21558.0,224.55,EQ
19-10-2023,221.0,224.45,220.95,222.9,222.0,259.95,130.0,269692,60056519.8,8118.0,222.69,EQ
20-10-2023,221.7,231.5,219.8,224.85,226.0,259.95,130.0,1323739,299169550.9,28764.0,226.0,EQ
23-10-2023,220.4,222.0,200.0,202.65,202.6,259.95,130.0,1800554,377252618.6,39335.0,209.52,EQ
25-10-2023,204.8,206.8,191.2,193.1,193.15,259.95,130.0,1136841,223309964.0,29692.0,196.43,EQ
26-10-2023,189.0,193.7,185.8,192.4,192.9,259.95,130.0,829693,156766782.75,20076.0,188.95,EQ
27-10-2023,194.05,197.1,193.05,194.35,194.45,259.95,130.0,622665,121128511.25,14450.0,194.53,EQ
30-10-2023,195.0,195.5,189.65,192.0,192.4,259.95,132.55,477428,91676760.75,11996.0,192.02,EQ
31-10-2023,192.95,196.8,190.5,192.05,190.85,259.95,132.55,391748,76054069.0,9163.0,194.14,EQ
01-11-2023,192.95,194.2,190.15,190.85,191.0,259.95,132.55,286357,54811946.75,8150.0,191.41,EQ
02-11-2023,192.5,194.1,191.2,192.6,192.0,259.95,132.55,325605,62688674.4,6819.0,192.53,EQ
03-11-2023,193.95,194.4,190.6,191.75,191.85,259.95,132.55,310166,59533475.2,10301.0,191.94,EQ
06-11-2023,192.8,193.05,187.45,189.6,190.7,259.95,145.0,1042965,198344708.85,16323.0,190.17,EQ
07-11-2023,190.55,192.95,187.6,190.85,190.7,259.95,145.0,655961,125078682.35,18267.0,190.68,EQ
08-11-2023,191.9,193.4,189.8,192.15,191.85,259.95,145.0,683283,131229925.1,15843.0,192.06,EQ
09-11-2023,193.1,193.1,190.1,191.05,191.0,259.95,145.0,418929,80050977.0,11150.0,191.08,EQ
10-11-2023,191.0,191.1,188.8,189.8,191.0,259.95,145.0,260087,49383556.25,8538.0,189.87,EQ
12-11-2023,192.5,195.3,192.3,194.6,194.95,259.95,145.0,275108,53400344.05,5254.0,194.11,EQ
13-11-2023,194.6,194.75,191.05,191.85,192.0,259.95,148.25,269470,51733893.4,9597.0,191.98,EQ
15-11-2023,193.05,193.2,190.0,192.25,192.15,259.95,148.25,502306,96390959.9,13336.0,191.9,EQ
16-11-2023,193.3,206.0,191.95,202.3,202.8,259.95,148.25,3332422,672821640.15,39164.0,201.9,EQ
17-11-2023,203.9,216.0,203.0,212.65,212.65,259.95,148.25,4398788,929789760.6,53170.0,211.37,EQ
20-11-2023,213.9,214.75,202.5,203.1,203.1,259.95,152.75,1762648,362397207.8,36251.0,205.6,EQ
21-11-2023,204.2,212.45,204.0,209.6,209.65,259.95,152.75,1424444,297977794.25,22115.0,209.19,EQ
22-11-2023,209.4,209.45,204.0,205.15,205.4,259.95,152.75,609446,125130412.95,17924.0,205.32,EQ
23-11-2023,206.0,207.5,198.0,199.2,199.0,259.95,152.75,1160234,233035295.55,21181.0,200.85,EQ
24-11-2023,200.2,204.0,199.1,199.9,200.0,259.95,152.75,647078,130088473.1,12617.0,201.04,EQ
28-11-2023,201.5,203.1,199.2,201.95,201.95,259.95,153.1,469748,94419735.9,10150.0,201.0,EQ
29-11-2023,203.7,207.0,201.6,204.45,204.95,259.95,153.1,1353559,276068217.25,19419.0,203.96,EQ
30-11-2023,205.5,207.5,203.2,206.5,206.0,259.95,153.1,837186,172362750.05,27655.0,205.88,EQ
01-12-2023,207.5,207.65,203.85,205.1,204.75,259.95,153.1,632648,129865453.6,23676.0,205.27,EQ
04-12-2023,207.0,208.0,204.25,207.15,207.0,259.95,158.0,622703,128478441.9,16110.0,206.32,EQ
05-12-2023,207.3,209.15,204.8,205.7,205.95,259.95,158.0,815341,168570627.7,22945.0,206.75,EQ
06-12-2023,206.65,210.85,205.0,206.1,207.4,259.95,158.0,729787,151682319.3,18019.0,207.84,EQ
07-12-2023,206.7,215.5,206.7,214.45,214.5,259.95,158.0,5575895,1179111500.95,36819.0,211.47,EQ
08-12-2023,216.55,219.9,210.75,212.5,212.0,259.95,158.0,1375884,296562234.4,27411.0,215.54,EQ
11-12-2023,213.6,218.5,211.5,212.15,212.35,259.95,158.0,952866,203301544.05,17729.0,213.36,EQ
12-12-2023,213.0,214.15,210.5,211.9,211.9,259.95,158.0,1539881,325218647.5,9930.0,211.2,EQ
13-12-2023,213.0,214.05,210.0,211.75,212.25,259.95,158.0,389951,82602920.3,9006.0,211.83,EQ
14-12-2023,213.0,216.1,210.15,213.5,213.05,259.95,158.0,804577,172503261.2,14209.0,214.4,EQ
15-12-2023,214.8,217.85,210.55,211.25,212.5,259.95,158.0,4006994,849931875.95,23409.0,212.11,EQ
18-12-2023,212.2,218.2,211.55,217.25,217.3,259.95,158.0,1040803,225535633.9,17041.0,216.69,EQ
19-12-2023,218.0,219.0,214.05,214.6,214.45,259.95,158.0,418824,90243922.0,12637.0,215.47,EQ
20-12-2023,215.7,216.3,204.55,207.3,211.0,259.95,158.0,1055169,221525043.7,20764.0,209.94,EQ
21-12-2023,206.0,211.85,203.0,210.8,210.9,259.95,158.0,566811,117986082.75,18579.0,208.16,EQ
22-12-2023,212.4,212.45,207.8,209.7,209.75,259.95,158.0,278728,58602814.1,11410.0,210.25,EQ
26-12-2023,211.2,212.7,208.8,211.6,211.45,259.95,158.0,307926,64877959.1,10714.0,210.69,EQ
27-12-2023,211.7,216.3,211.1,213.3,213.5,259.95,158.0,475476,101614425.8,12869.0,213.71,EQ
28-12-2023,215.0,215.0,207.3,207.85,208.5,259.95,158.0,789651,165667774.5,20093.0,209.8,EQ
29-12-2023,208.85,214.5,208.5,211.0,210.15,259.95,158.0,805467,170467106.25,13834.0,211.64,EQ
01-01-2024,211.5,212.45,210.25,210.85,211.0,259.95,158.0,259760,54917883.85,7119.0,211.42,EQ
02-01-2024,211.05,211.8,207.7,208.85,209.2,259.95,158.0,420254,87886425.45,11798.0,209.13,EQ
03-01-2024,207.3,213.6,207.3,212.85,213.6,259.95,158.0,544743,115514543.4,18069.0,212.05,EQ
04-01-2024,213.2,218.9,213.2,218.3,218.45,259.95,158.0,1658002,360528522.1,27054.0,217.45,EQ
05-01-2024,222.0,240.0,221.0,237.35,239.0,259.95,158.0,9688548,2252238598.7,114408.0,232.46,EQ
08-01-2024,241.9,243.95,234.8,236.7,234.95,259.95,158.0,2322801,552795110.65,53945.0,237.99,EQ
09-01-2024,238.9,240.0,234.4,238.4,236.2,259.95,158.0,1125826,267125241.65,25575.0,237.27,EQ
10-01-2024,236.75,239.4,232.0,236.95,235.05,259.95,158.0,611539,145180473.4,20671.0,237.4,EQ
11-01-2024,236.1,238.8,233.4,234.4,234.95,259.95,158.0,727664,171807029.05,20361.0,236.11,EQ
12-01-2024,234.8,246.0,234.8,241.3,241.95,259.95,158.0,2510469,609281720.5,38025.0,242.7,EQ
15-01-2024,242.85,248.1,239.0,240.45,241.0,259.95,158.0,1424734,347391421.3,34118.0,243.83,EQ
16-01-2024,240.7,242.35,233.0,235.85,235.95,259.95,158.0,484242,115115609.8,16120.0,237.72,EQ
17-01-2024,233.0,233.0,226.0,226.85,227.15,259.95,158.0,699480,159944216.3,19477.0,228.66,EQ
18-01-2024,226.7,234.85,219.55,232.3,233.9,259.95,158.0,1143647,260031963.25,28225.0,227.37,EQ
19-01-2024,234.0,240.65,230.2,231.4,230.45,259.95,158.0,1057388,247562380.05,24080.0,234.13,EQ
20-01-2024,232.95,242.7,232.15,234.05,233.05,259.95,158.0,1112533,263369106.5,28370.0,236.73,EQ
23-01-2024,235.15,235.65,221.35,223.85,224.9,259.95,158.0,427620,97089932.8,14525.0,227.05,EQ
24-01-2024,225.25,231.7,221.35,230.1,229.0,259.95,158.0,546612,124750674.7,16400.0,228.23,EQ
25-01-2024,230.75,230.75,224.35,225.05,225.0,259.95,158.0,288011,65362424.95,12334.0,226.94,EQ
29-01-2024,225.0,225.0,216.3,217.15,217.2,259.95,158.0,884924,193467085.55,30572.0,218.63,EQ
30-01-2024,218.0,218.2,214.15,215.15,215.7,259.95,158.0,621882,133992480.2,23022.0,215.46,EQ
31-01-2024,214.95,223.35,214.95,222.35,222.55,259.95,158.0,838489,185724439.25,26151.0,221.5,EQ
01-02-2024,223.9,224.4,218.3,220.4,220.0,259.95,158.0,392670,86516751.1,17362.0,220.33,EQ
02-02-2024,221.0,222.3,216.85,217.7,217.5,259.95,158.0,379773,82980252.3,18974.0,218.5,EQ
05-02-2024,217.25,220.95,215.0,216.95,217.75,259.95,158.0,574923,125463706.25,22524.0,218.23,EQ
06-02-2024,218.1,221.9,218.1,220.9,220.2,259.95,158.0,491554,108307727.85,20811.0,220.34,EQ
07-02-2024,220.0,221.5,216.55,217.15,217.0,259.95,158.0,1351987,297147210.75,35694.0,219.79,EQ
08-02-2024,218.3,220.0,213.6,214.55,213.6,259.95,158.0,486445,105174619.05,21621.0,216.21,EQ
09-02-2024,215.0,220.5,210.15,218.6,216.6,259.95,158.0,1383930,297416025.45,33828.0,214.91,EQ
12-02-2024,218.0,218.35,210.15,214.2,214.0,259.95,158.0,1734359,370204270.7,25721.0,213.45,EQ
13-02-2024,218.55,222.3,212.9,218.8,218.9,259.95,158.0,1008554,220807438.4,25256.0,218.93,EQ
14-02-2024,216.8,219.45,216.5,218.1,217.6,259.95,158.0,350553,76383734.5,10794.0,217.89,EQ
15-02-2024,219.05,223.25,217.05,218.35,218.5,259.95,158.0,698682,153699979.45,15326.0,219.99,EQ
16-02-2024,219.3,229.25,219.1,226.05,226.0,259.95,158.0,1072287,240409775.4,21190.0,224.2,EQ
19-02-2024,229.0,229.85,222.5,224.65,224.8,259.95,158.0,1071497,241315322.85,21498.0,225.21,EQ
20-02-2024,224.75,225.8,221.35,223.35,223.0,259.95,158.0,546971,122290208.95,14289.0,223.58,EQ
21-02-2024,224.65,224.65,215.15,219.25,219.85,259.95,158.0,475355,104924140.0,13201.0,220.73,EQ
22-02-2024,224.5,224.5,214.7,218.0,217.6,259.95,158.0,518416,113041454.8,18753.0,218.05,EQ
23-02-2024,218.3,219.1,214.65,215.1,215.0,259.95,158.0,742555,160309791.9,17168.0,215.89,EQ
26-02-2024,216.15,219.5,214.5,215.65,215.95,259.95,158.0,1153561,249992791.3,18014.0,216.71,EQ
27-02-2024,217.8,224.8,215.75,219.6,220.4,259.95,158.0,1431381,316282326.65,28192.0,220.96,EQ
28-02-2024,221.05,223.5,216.7,217.15,217.45,259.95,158.0,1032604,226957309.75,18502.0,219.79,EQ
29-02-2024,218.25,220.8,216.35,218.3,218.6,259.95,158.0,547387,119468100.4,13558.0,218.25,EQ
01-03-2024,219.4,227.0,219.3,223.15,223.45,259.95,158.0,969847,217242372.9,22939.0,224.0,EQ
02-03-2024,223.4,225.9,222.8,224.75,225.5,259.95,158.0,97514,21896989.0,1905.0,224.55,EQ
04-03-2024,226.0,226.35,220.65,222.05,221.3,259.95,158.0,495809,110404743.6,17997.0,222.68,EQ
05-03-2024,222.05,225.0,219.65,223.9,224.4,259.95,158.0,1152847,254567682.05,13522.0,220.82,EQ
06-03-2024,224.0,224.8,219.0,223.8,223.5,259.95,158.0,588768,130848231.35,19171.0,222.24,EQ
07-03-2024,222.3,235.0,222.3,231.3,230.55,259.95,158.0,3258704,756704546.95,58968.0,232.21,EQ
11-03-2024,232.85,235.0,224.5,225.2,225.3,259.95,158.0,1154509,264851889.3,23471.0,229.41,EQ
12-03-2024,225.2,226.2,208.05,214.75,215.5,259.95,158.0,2067763,447615398.05,27683.0,216.47,EQ
13-03-2024,215.75,215.9,204.05,207.3,206.5,259.95,158.0,1295072,271877303.65,26963.0,209.93,EQ
14-03-2024,207.25,216.5,203.4,211.0,211.0,259.95,158.0,653138,137995076.6,16069.0,211.28,EQ
15-03-2024,211.95,215.55,210.0,213.45,213.7,259.95,158.0,1092553,232353949.35,15603.0,212.67,EQ
18-03-2024,214.55,227.5,214.4,226.4,227.0,259.95,158.0,1638075,366336588.2,31662.0,223.64,EQ
19-03-2024,225.55,225.55,219.1,219.9,219.1,259.95,158.0,582761,129089260.55,15893.0,221.51,EQ
20-03-2024,221.0,221.7,215.2,216.9,216.6,259.95,158.0,638405,139074302.8,11706.0,217.85,EQ
21-03-2024,218.0,226.5,216.9,224.3,225.35,259.95,158.0,843182,188269946.9,15757.0,223.29,EQ
22-03-2024,225.05,241.4,222.3,235.6,233.55,259.95,158.0,3030302,708251539.7,43389.0,233.72,EQ
26-03-2024,235.6,249.95,231.8,244.75,243.9,259.95,161.5,4904677,1202789512.05,72199.0,245.23,EQ
27-03-2024,244.75,252.0,244.0,249.8,249.15,259.95,161.5,2686883,668152218.2,35872.0,248.67,EQ
28-03-2024,250.0,252.65,244.25,246.45,246.3,259.95,161.5,831154,205928416.1,18801.0,247.76,EQ
01-04-2024,246.45,254.6,245.5,249.05,247.0,259.95,161.5,1177240,295554614.7,27782.0,251.06,EQ
02-04-2024,249.05,253.5,245.5,248.3,248.9,259.95,161.5,730154,182021969.25,21566.0,249.29,EQ
03-04-2024,246.95,261.8,246.85,259.95,259.1,261.8,161.5,2689363,689286882.9,41041.0,256.3,EQ
04-04-2024,262.5,264.8,251.45,254.8,255.0,264.8,161.5,2508560,646246907.25,36494.0,257.62,EQ
05-04-2024,255.0,257.55,252.5,254.9,254.5,264.8,161.5,683205,174096238.6,15631.0,254.82,EQ
08-04-2024,256.0,261.25,252.4,255.25,254.8,264.8,161.5,1067711,273644374.5,23810.0,256.29,EQ
09-04-2024,256.0,257.0,251.65,253.1,252.0,264.8,161.5,513125,130494935.7,15737.0,254.31,EQ
10-04-2024,261.0,264.8,256.8,258.6,257.75,264.8,161.5,2567977,669906619.45,39276.0,260.87,EQ
12-04-2024,256.9,256.9,247.3,248.5,249.9,264.8,161.5,1034747,260257094.95,36709.0,251.52,EQ
15-04-2024,244.0,253.3,239.05,247.25,247.45,264.8,161.5,1093908,270250267.15,33986.0,247.05,EQ
16-04-2024,244.0,253.0,243.55,249.65,250.35,264.8,161.5,523185,131273752.15,17631.0,250.91,EQ
18-04-2024,250.5,257.7,246.2,253.9,255.0,264.8,161.5,867256,220681752.25,21153.0,254.46,EQ
19-04-2024,249.5,255.9,246.1,252.05,252.05,264.8,161.5,588646,148407660.45,18537.0,252.12,EQ
22-04-2024,254.1,256.15,249.5,250.5,251.7,264.8,161.5,393069,99083476.6,12101.0,252.08,EQ
23-04-2024,251.8,257.7,251.3,255.0,255.95,264.8,161.5,808884,205787291.9,11849.0,254.41,EQ
24-04-2024,256.3,275.0,256.0,274.1,274.0,275.0,161.5,6895970,1866237743.35,85772.0,270.63,EQ
25-04-2024,274.5,274.75,268.5,271.1,269.1,275.0,161.5,1125993,305408853.7,26797.0,271.24,EQ
26-04-2024,273.0,279.6,267.0,273.1,272.75,279.6,161.5,1974220,540894271.8,35118.0,273.98,EQ
29-04-2024,274.75,277.45,270.5,271.8,272.7,279.6,163.05,813386,222398154.1,20425.0,273.42,EQ
30-04-2024,272.75,273.2,265.2,266.45,267.0,279.6,163.05,511761,137613131.35,14764.0,268.9,EQ
02-05-2024,267.2,271.4,264.55,269.05,269.7,279.6,163.05,573573,154346897.85,18625.0,269.1,EQ
03-05-2024,271.0,277.25,267.05,270.75,272.0,279.6,163.05,1454104,396058782.75,25349.0,272.37,EQ
06-05-2024,271.5,274.65,268.3,272.4,272.75,279.6,163.05,909753,247415071.6,23730.0,271.96,EQ
07-05-2024,273.7,286.5,269.0,283.95,284.8,286.5,163.05,3544681,990927793.45,54951.0,279.55,EQ
08-05-2024,285.0,288.0,275.35,279.1,276.7,288.0,163.05,1811920,510705111.95,32046.0,281.86,EQ
09-05-2024,279.0,279.0,266.55,268.4,267.65,288.0,163.05,993116,270612555.4,20572.0,272.49,EQ
10-05-2024,269.0,277.5,267.25,273.5,272.9,288.0,163.05,678543,185480607.2,24315.0,273.35,EQ
13-05-2024,271.0,273.8,264.85,271.15,271.2,288.0,163.05,967097,261167446.95,26519.0,270.05,EQ
14-05-2024,272.45,303.8,272.45,301.3,299.5,303.8,163.05,9385461,2768912927.3,121945.0,295.02,EQ
15-05-2024,300.8,327.7,297.1,304.85,305.85,327.7,163.05,9922280,3127955220.1,129227.0,315.25,EQ
16-05-2024,305.85,307.15,292.65,295.45,295.15,327.7,163.05,1617842,482205157.35,32112.0,298.05,EQ
17-05-2024,295.45,301.4,292.3,295.5,295.3,327.7,163.05,1217749,361052191.0,22038.0,296.49,EQ
18-05-2024,295.0,298.8,294.45,297.05,297.3,327.7,163.05,108844,32312910.35,2613.0,296.87,EQ
21-05-2024,297.45,307.9,290.8,305.1,305.6,327.7,163.05,1628676,490301102.55,35266.0,301.04,EQ
22-05-2024,306.0,315.9,300.2,313.7,313.5,327.7,163.05,1768723,547286121.65,46678.0,309.42,EQ
23-05-2024,313.5,313.5,305.0,306.85,306.35,327.7,163.05,572039,175879140.5,15881.0,307.46,EQ
24-05-2024,308.0,327.7,305.05,321.0,320.75,327.7,163.05,2830422,904854823.3,47198.0,319.69,EQ
27-05-2024,321.0,321.05,310.0,311.6,313.0,327.7,163.05,704152,221188317.45,21610.0,314.12,EQ
28-05-2024,313.0,319.9,302.0,304.55,305.9,327.7,163.05,1027655,317845022.55,26633.0,309.29,EQ
29-05-2024,302.55,324.7,301.7,322.05,322.95,327.7,163.05,1821783,578583363.95,44643.0,317.59,EQ
30-05-2024,318.2,322.8,309.5,310.9,314.75,327.7,163.05,1900195,602817459.6,34244.0,317.24,EQ
31-05-2024,315.1,322.0,308.15,311.55,310.25,327.7,163.05,1276535,401536201.35,37246.0,314.55,EQ
03-06-2024,320.0,341.0,316.1,335.9,334.75,341.0,163.05,3142916,1041752765.4,72935.0,331.46,EQ
04-06-2024,325.9,346.4,307.1,322.65,326.95,346.4,163.05,4122053,1352733123.8,106829.0,328.17,EQ
05-06-2024,328.35,349.0,316.1,341.0,341.5,349.0,163.05,1828884,615143789.15,44615.0,336.35,EQ
06-06-2024,350.0,350.0,337.75,341.55,341.5,350.0,163.05,1079944,368531699.4,32137.0,341.25,EQ
07-06-2024,342.6,355.9,337.0,350.3,348.1,355.9,163.05,2755154,962547968.0,48592.0,349.36,EQ
10-06-2024,350.0,354.7,343.3,347.05,345.15,355.9,163.05,1020291,356365541.6,29380.0,349.28,EQ
11-06-2024,347.05,349.5,338.1,340.4,341.0,355.9,163.05,834171,286499812.2,22885.0,343.45,EQ
12-06-2024,344.45,344.45,337.0,339.25,339.55,355.9,163.05,662870,225628979.9,18841.0,340.38,EQ
13-06-2024,340.95,346.95,335.2,335.8,336.0,355.9,163.05,771974,262383871.15,22184.0,339.89,EQ
14-06-2024,338.0,338.0,331.0,332.45,332.0,355.9,163.05,501937,167853254.65,15338.0,334.41,EQ
18-06-2024,338.3,338.3,327.3,331.4,331.0,355.9,170.05,686488,227684400.45,25192.0,331.67,EQ
19-06-2024,333.0,333.0,325.2,329.15,329.5,355.9,170.05,514109,169479556.25,18423.0,329.66,EQ
20-06-2024,330.55,331.8,324.5,326.15,326.95,355.9,170.05,533499,175121771.6,14852.0,328.25,EQ
21-06-2024,326.15,338.0,322.8,332.8,331.5,355.9,170.05,2552207,850931378.5,47329.0,333.41,EQ
24-06-2024,333.75,335.7,327.2,332.9,333.0,355.9,170.05,906555,301340053.5,24596.0,332.4,EQ
25-06-2024,334.5,340.0,329.9,334.7,334.65,355.9,170.05,1359007,455283834.85,30387.0,335.01,EQ
26-06-2024,333.1,341.0,329.9,333.6,332.45,355.9,170.05,948681,318364111.6,23984.0,335.59,EQ
27-06-2024,334.8,334.8,323.05,327.7,328.5,355.9,170.05,520563,170997248.4,16999.0,328.49,EQ
28-06-2024,329.15,329.25,316.5,325.45,329.15,355.9,170.05,842750,272300157.9,23848.0,323.11,EQ
01-07-2024,327.0,334.2,321.2,332.6,328.3,355.9,170.05,814441,267989717.9,25848.0,329.05,EQ
02-07-2024,332.5,332.5,323.5,324.75,324.6,355.9,170.05,436236,142590909.5,17038.0,326.87,EQ
03-07-2024,325.05,334.15,324.3,331.25,331.0,355.9,170.05,774082,255891253.5,16496.0,330.57,EQ
04-07-2024,331.15,332.8,327.0,327.5,327.3,355.9,170.05,461731,151875919.25,13271.0,328.93,EQ
05-07-2024,325.7,330.4,322.1,323.15,323.4,355.9,170.05,759104,247633796.55,20291.0,326.22,EQ
08-07-2024,324.25,326.0,316.3,317.55,318.0,355.9,170.05,646990,207330077.75,23362.0,320.45,EQ
09-07-2024,320.0,323.0,312.05,316.45,317.05,355.9,170.05,501964,159145988.5,19494.0,317.05,EQ
10-07-2024,316.4,319.85,310.7,317.1,316.0,355.9,170.05,396062,124914914.3,16053.0,315.39,EQ
11-07-2024,317.3,321.75,314.1,320.5,321.3,355.9,170.05,433582,138081750.3,13785.0,318.47,EQ
12-07-2024,323.05,326.2,315.0,315.2,315.3,355.9,170.05,324252,103201547.95,11894.0,318.28,EQ
15-07-2024,315.25,325.0,307.5,322.35,322.15,355.9,176.65,1078418,343693914.1,33696.0,318.7,EQ
16-07-2024,322.35,331.45,318.0,323.4,322.7,355.9,176.65,1918860,625573455.15,41982.0,326.01,EQ
18-07-2024,325.0,334.0,317.1,331.7,331.5,355.9,176.65,2916691,960180808.85,56747.0,329.2,EQ
19-07-2024,333.2,334.2,316.15,318.1,318.0,355.9,176.65,1400767,455513333.1,35411.0,325.19,EQ
22-07-2024,316.0,323.3,312.65,317.45,320.0,355.9,185.8,707966,224962744.4,22559.0,317.76,EQ
23-07-2024,320.9,323.9,298.5,320.1,317.95,355.9,185.8,826058,259228550.85,29953.0,313.81,EQ
24-07-2024,319.05,327.55,317.2,321.4,320.7,355.9,185.8,600015,193686175.35,19998.0,322.8,EQ
25-07-2024,320.0,324.45,316.05,317.65,317.8,355.9,185.8,415007,132678152.15,13639.0,319.7,EQ
26-07-2024,319.7,321.0,315.5,317.9,318.15,355.9,185.8,391656,124730463.55,13901.0,318.47,EQ
29-07-2024,328.0,334.35,322.5,328.4,325.0,355.9,185.8,3712425,1217625922.5,63669.0,327.99,EQ
30-07-2024,324.5,326.5,321.5,322.25,322.0,355.9,185.8,610637,197387759.0,17753.0,323.25,EQ
31-07-2024,325.0,325.0,317.85,318.3,318.0,355.9,185.8,439755,140518628.45,12735.0,319.54,EQ
01-08-2024,320.0,320.0,312.25,314.2,314.6,355.9,185.8,346530,109275112.1,12336.0,315.34,EQ
02-08-2024,310.15,313.6,307.35,310.45,311.5,355.9,185.8,308812,95985929.3,12043.0,310.82,EQ
05-08-2024,290.0,303.7,286.65,288.65,290.0,355.9,185.8,967321,283944514.75,38504.0,293.54,EQ
06-08-2024,290.1,299.9,287.0,288.6,288.05,355.9,185.8,457062,134621510.85,23801.0,294.54,EQ
07-08-2024,291.2,293.6,281.05,289.9,289.4,355.9,185.8,914198,261737864.1,34632.0,286.3,EQ
08-08-2024,288.05,294.45,288.05,290.3,290.0,355.9,185.8,313492,91429238.4,14252.0,291.65,EQ
09-08-2024,292.5,296.7,290.1,290.65,290.35,355.9,185.8,355437,104068380.45,16019.0,292.79,EQ
12-08-2024,285.0,292.0,282.75,289.4,289.0,355.9,185.8,447327,128338746.2,20271.0,286.9,EQ
13-08-2024,290.9,291.6,282.25,283.1,283.5,355.9,185.8,381037,109224352.8,16112.0,286.65,EQ
14-08-2024,283.7,283.7,275.25,277.95,278.35,355.9,185.8,414245,115044427.0,17327.0,277.72,EQ
16-08-2024,279.2,291.55,277.2,286.0,284.0,355.9,185.8,1373440,392577523.0,35216.0,285.84,EQ
19-08-2024,287.2,296.5,287.2,295.1,294.9,355.9,185.8,700523,205037091.65,19522.0,292.69,EQ
20-08-2024,297.0,297.5,290.9,292.15,292.3,355.9,185.8,295017,86337084.65,10483.0,292.65,EQ
21-08-2024,293.5,297.0,289.1,295.3,294.0,355.9,185.8,409688,120175227.15,12241.0,293.33,EQ
22-08-2024,296.9,298.0,287.0,287.9,288.0,355.9,185.8,623632,181751207.15,14595.0,291.44,EQ
23-08-2024,289.05,291.5,287.05,287.95,287.3,355.9,185.8,352545,101836466.45,11714.0,288.86,EQ
26-08-2024,290.0,291.55,286.0,288.15,288.75,355.9,185.8,802959,231520544.1,11131.0,288.33,EQ
27-08-2024,289.15,294.5,287.8,290.3,290.2,355.9,185.8,465061,135325499.35,14367.0,290.98,EQ
28-08-2024,292.2,298.95,289.05,297.45,297.5,355.9,185.8,1080980,318786243.2,20072.0,294.9,EQ
29-08-2024,298.45,327.7,294.35,313.35,313.75,355.9,185.8,5353808,1679093777.9,99056.0,313.63,EQ
30-08-2024,315.0,320.0,310.0,311.85,312.0,355.9,185.8,1428799,447625158.2,25197.0,313.29,EQ
02-09-2024,312.25,313.35,305.95,310.65,310.65,355.9,185.8,757019,234422036.5,16928.0,309.66,EQ
03-09-2024,310.0,314.15,309.1,310.95,310.9,355.9,185.8,684938,213434208.5,16831.0,311.61,EQ
04-09-2024,308.85,315.25,305.6,307.2,308.0,355.9,185.8,772444,240207797.1,16203.0,310.97,EQ
05-09-2024,309.4,312.2,306.05,306.6,306.6,355.9,185.8,335094,103196724.55,14637.0,307.96,EQ
06-09-2024,307.75,316.2,306.75,309.05,308.8,355.9,185.8,962962,300128340.75,30346.0,311.67,EQ
09-09-2024,310.0,310.0,303.5,307.2,307.6,355.9,185.8,437143,133876916.1,14032.0,306.25,EQ
10-09-2024,308.1,315.0,307.1,311.65,314.85,355.9,185.8,659725,204430357.25,27336.0,309.87,EQ
11-09-2024,314.65,315.05,308.0,310.65,308.95,355.9,185.8,498502,155344741.15,23254.0,311.62,EQ
12-09-2024,312.15,312.4,307.05,307.75,307.85,355.9,185.8,279215,86033892.5,13087.0,308.13,EQ
13-09-2024,307.75,310.3,305.65,306.65,307.0,355.9,185.8,262214,80665312.0,10507.0,307.63,EQ
16-09-2024,308.6,310.95,304.25,305.3,306.05,355.9,185.8,302860,93160508.05,9777.0,307.6,EQ
17-09-2024,306.45,307.2,304.0,304.4,304.75,355.9,185.8,188063,57453525.1,6240.0,305.5,EQ
18-09-2024,304.7,305.65,300.0,301.6,302.0,355.9,185.8,291609,88213125.55,8872.0,302.5,EQ
19-09-2024,303.9,309.5,297.0,307.9,308.0,355.9,185.8,697133,212691455.5,27165.0,305.09,EQ
20-09-2024,309.0,311.95,295.05,296.1,296.8,355.9,185.8,987437,296578331.0,27674.0,300.35,EQ
23-09-2024,297.9,298.5,291.35,296.2,294.85,355.9,185.8,548227,161648433.25,19450.0,294.86,EQ
24-09-2024,296.0,296.0,290.1,291.5,292.0,355.9,185.8,539114,157335276.8,18429.0,291.84,EQ
25-09-2024,291.85,292.8,286.05,288.05,288.0,355.9,185.8,569057,163732842.85,17486.0,287.73,EQ
26-09-2024,288.85,289.05,281.55,282.8,283.15,355.9,185.8,516827,146314531.95,20620.0,283.1,EQ
27-09-2024,283.2,286.25,279.0,281.05,281.7,355.9,185.8,814211,229837871.45,28386.0,282.28,EQ
30-09-2024,283.55,283.55,274.05,278.65,279.6,355.9,185.8,842613,234010416.55,33920.0,277.72,EQ
01-10-2024,280.0,280.0,275.05,278.3,278.7,355.9,185.8,760605,210840992.55,28596.0,277.2,EQ
03-10-2024,277.8,277.8,270.0,271.1,271.5,355.9,185.8,870113,236341796.4,29158.0,271.62,EQ
04-10-2024,270.8,273.5,265.95,271.65,273.5,355.9,185.8,748626,202641099.5,25436.0,270.68,EQ
07-10-2024,274.95,297.8,273.5,294.4,290.0,355.9,185.8,11331824,3269241557.85,152603.0,288.5,EQ
08-10-2024,285.0,292.5,280.6,289.65,292.0,355.9,185.8,2294128,655621054.6,45115.0,285.78,EQ
09-10-2024,289.65,295.4,285.0,286.45,286.3,355.9,185.8,912744,264873854.85,22393.0,290.2,EQ
10-10-2024,288.0,294.0,286.35,293.0,293.0,355.9,185.8,719027,210090233.0,15789.0,292.19,EQ
11-10-2024,293.2,301.45,290.6,299.45,299.5,355.9,185.8,1416992,421666172.6,31995.0,297.58,EQ
14-10-2024,295.35,319.45,295.35,316.05,313.2,355.9,185.8,9638566,3011685783.4,156963.0,312.46,EQ
15-10-2024,312.0,319.25,310.9,315.2,314.25,355.9,185.8,2561254,806615071.7,51412.0,314.93,EQ
16-10-2024,315.0,324.2,313.15,322.65,321.8,355.9,185.8,2866878,917346428.0,55708.0,319.98,EQ
17-10-2024,324.0,324.2,311.1,312.4,311.9,355.9,185.8,1200541,378463980.8,43010.0,315.24,EQ
18-10-2024,312.0,332.7,301.15,326.05,330.0,355.9,185.8,5904539,1910657139.05,57597.0,323.59,EQ
21-10-2024,330.0,334.3,320.0,322.05,320.0,355.9,185.8,2126953,695451968.2,45194.0,326.97,EQ
22-10-2024,320.0,320.35,295.15,297.4,299.85,355.9,185.8,1768859,541126445.05,49530.0,305.92,EQ
23-10-2024,300.9,309.1,291.5,301.55,300.1,355.9,185.8,1470243,442683216.25,40594.0,301.1,EQ
24-10-2024,301.6,311.0,297.5,300.65,300.35,355.9,185.8,1525236,465796246.55,45512.0,305.39,EQ
25-10-2024,290.0,290.0,275.75,284.0,286.0,355.9,185.8,2997619,846066876.55,72027.0,282.25,EQ
28-10-2024,282.0,295.3,277.65,289.35,292.0,355.9,187.45,976759,280233456.95,29547.0,286.9,EQ
29-10-2024,290.9,292.7,285.4,288.75,289.0,355.9,187.45,327606,94653126.6,12944.0,288.92,EQ
30-10-2024,291.0,302.0,286.1,295.0,294.9,355.9,187.45,746469,221273872.65,22043.0,296.43,EQ
31-10-2024,295.0,305.9,292.35,303.35,304.95,355.9,187.45,824305,247665286.15,21001.0,300.45,EQ
01-11-2024,305.2,309.85,304.0,305.55,305.0,355.9,187.45,182799,56084594.55,5382.0,306.81,EQ
04-11-2024,304.95,311.35,299.0,302.3,300.0,355.9,187.45,794138,242181005.35,24056.0,304.96,EQ
05-11-2024,302.3,304.95,298.3,304.0,304.25,355.9,187.45,463668,140387023.85,15396.0,302.77,EQ
06-11-2024,305.55,308.55,301.6,302.7,302.85,355.9,187.45,508066,154963724.3,16133.0,305.01,EQ
07-11-2024,302.85,307.5,295.05,296.4,296.0,355.9,187.45,410701,123228916.8,12981.0,300.05,EQ
08-11-2024,295.0,296.25,286.7,287.85,288.6,355.9,187.45,344585,100388951.0,12976.0,291.33,EQ
11-11-2024,287.95,288.9,280.75,281.55,281.5,355.9,190.0,324269,92001132.85,15429.0,283.72,EQ
12-11-2024,282.95,284.9,273.1,275.25,275.7,355.9,190.0,373460,104246057.8,12026.0,279.14,EQ
13-11-2024,274.5,274.95,261.25,263.3,262.0,355.9,190.0,539420,143872286.75,21968.0,266.72,EQ
14-11-2024,261.0,272.95,261.0,264.55,265.0,355.9,190.0,484816,129716776.6,24205.0,267.56,EQ
18-11-2024,264.55,266.5,259.35,263.4,264.8,355.9,198.0,493178,129779691.45,18197.0,263.15,EQ
19-11-2024,264.8,267.65,261.1,262.6,262.0,355.9,198.0,674094,178458540.3,14943.0,264.74,EQ
21-11-2024,261.95,262.25,252.1,255.7,255.9,355.9,198.0,588801,150146115.3,28897.0,255.0,EQ
22-11-2024,255.25,261.0,254.15,258.3,259.25,355.9,198.0,370763,95743590.8,16751.0,258.23,EQ
25-11-2024,260.5,268.9,260.5,267.0,268.0,355.9,199.2,504639,133951322.8,19918.0,265.44,EQ
26-11-2024,267.0,268.35,263.0,263.5,263.1,355.9,199.2,250910,66513330.5,9625.0,265.09,EQ
27-11-2024,263.6,272.85,262.35,270.95,272.5,355.9,199.2,301892,80863416.2,21579.0,267.86,EQ
28-11-2024,272.4,274.6,267.4,268.45,269.05,355.9,199.2,238824,64759763.95,12805.0,271.16,EQ
29-11-2024,269.9,270.4,265.05,268.45,269.3,355.9,199.2,281235,75157871.3,9992.0,267.24,EQ
02-12-2024,269.8,271.7,266.05,267.9,268.15,355.9,203.0,296574,79623931.85,11541.0,268.48,EQ
03-12-2024,268.1,273.85,266.2,272.05,270.0,355.9,203.0,637392,172252237.3,18683.0,270.25,EQ
04-12-2024,271.8,278.0,270.35,272.7,273.45,355.9,203.0,522433,143432660.1,16199.0,274.55,EQ
05-12-2024,273.5,277.45,272.75,274.95,275.3,355.9,203.0,285045,78347002.35,13607.0,274.86,EQ
06-12-2024,275.9,277.5,272.25,273.55,273.9,355.9,203.0,280440,77140315.15,10285.0,275.07,EQ
09-12-2024,273.95,278.55,272.85,275.85,275.6,355.9,203.0,320392,88474581.35,12746.0,276.14,EQ
10-12-2024,275.85,276.45,271.55,274.05,275.3,355.9,203.0,338634,92660611.9,9165.0,273.63,EQ
11-12-2024,275.3,277.05,271.9,273.25,272.0,355.9,203.0,303233,83049404.3,10938.0,273.88,EQ
12-12-2024,273.2,273.9,268.0,269.25,269.0,355.9,203.0,197733,53559630.3,7203.0,270.87,EQ
13-12-2024,269.0,269.5,262.5,264.6,264.55,355.9,203.0,259932,68855716.75,13087.0,264.9,EQ
16-12-2024,265.45,265.9,260.8,261.8,262.6,355.9,203.0,286929,75434303.95,13015.0,262.9,EQ
17-12-2024,261.75,261.75,255.0,255.6,255.9,355.9,203.0,520206,133609160.1,22696.0,256.84,EQ
18-12-2024,255.55,256.05,245.5,246.5,246.6,355.9,203.0,574369,143015837.8,24743.0,249.0,EQ
19-12-2024,244.3,250.3,239.95,248.5,249.0,355.9,203.0,601942,146912284.5,25811.0,244.06,EQ
20-12-2024,249.55,252.45,235.25,238.5,239.9,355.9,203.0,527791,127960537.45,22071.0,242.45,EQ
23-12-2024,239.95,243.25,236.05,239.55,239.9,355.9,203.4,283558,67966285.05,15195.0,239.69,EQ
24-12-2024,239.55,244.9,235.8,241.35,240.4,355.9,203.4,393392,94995586.45,22073.0,241.48,EQ
26-12-2024,241.8,241.9,236.1,237.4,238.0,355.9,203.4,218470,52160928.9,9216.0,238.76,EQ
27-12-2024,238.3,266.4,238.05,256.05,253.55,355.9,203.4,43285136,11233560519.7,456401.0,259.52,EQ
