DATE,OPEN,HIGH,LOW,CLOSE,LTP,52WEEK_HIGH_PRICE,52WEEK_LOW_PRICE,TOT_TRADED_QTY,TOT_TRADED_VAL,TOTAL_TRADES,VWAP,SERIES
27-10-2006,250.0,250.0,170.05,187.5,187.8,250.0,170.05,2872269,538779762.45,,187.58,EQ
30-10-2006,188.0,217.4,185.25,207.45,205.75,250.0,170.05,2426756,501144554.0,,206.51,EQ
31-10-2006,207.45,209.7,191.2,192.6,191.2,250.0,170.05,733582,147012496.85,,200.4,EQ
01-11-2006,193.0,197.9,179.4,193.7,196.0,250.0,170.05,489945,94190018.35,,192.25,EQ
02-11-2006,193.9,211.0,191.9,204.7,204.75,250.0,170.05,989271,203452353.75,,205.66,EQ
03-11-2006,206.8,207.4,195.1,197.0,196.7,250.0,170.05,276555,55825949.75,,201.86,EQ
06-11-2006,197.2,198.7,190.0,191.05,191.0,250.0,170.05,184084,35670410.05,,193.77,EQ
07-11-2006,193.0,198.0,190.65,191.7,191.55,250.0,170.05,250322,48488702.35,,193.71,EQ
08-11-2006,193.0,197.4,183.0,187.8,187.5,250.0,170.05,174335,33329570.85,,191.18,EQ
09-11-2006,190.65,194.4,185.0,186.5,186.5,250.0,170.05,161932,30724353.6,,189.74,EQ
10-11-2006,188.45,190.0,182.05,182.6,182.05,250.0,170.05,67845,12608856.05,,185.85,EQ
13-11-2006,183.95,184.45,179.25,180.0,180.0,250.0,170.05,69593,12687755.75,,182.31,EQ
14-11-2006,170.0,188.0,170.0,176.45,176.3,250.0,170.0,89186,16159396.85,,181.19,EQ
15-11-2006,178.0,179.0,166.0,169.25,168.0,250.0,166.0,94966,16355708.3,,172.23,EQ
16-11-2006,169.7,175.0,169.1,172.15,175.0,250.0,166.0,50658,8668581.45,,171.12,EQ
17-11-2006,180.0,180.0,162.05,163.3,163.55,250.0,162.05,61693,10438503.4,,169.2,EQ
20-11-2006,163.0,165.0,154.15,161.1,165.0,250.0,154.15,41295,6541243.4,,158.4,EQ
21-11-2006,171.0,172.85,160.15,168.4,169.0,250.0,154.15,45220,7600078.4,,168.07,EQ
22-11-2006,162.0,179.0,162.0,173.85,173.3,250.0,154.15,62019,10794318.1,,174.05,EQ
23-11-2006,177.0,177.9,167.1,168.3,167.25,250.0,154.15,46305,7990612.25,,172.56,EQ
24-11-2006,172.05,172.05,163.0,164.5,163.0,250.0,154.15,30013,5059679.15,,168.58,EQ
27-11-2006,166.0,171.95,162.2,162.85,162.2,250.0,154.15,22560,3752057.95,,166.31,EQ
28-11-2006,160.0,163.0,157.9,158.65,158.25,250.0,154.15,16097,2582720.2,,160.45,EQ
29-11-2006,161.35,165.0,159.0,159.6,159.8,250.0,154.15,14117,2282160.9,,161.66,EQ
30-11-2006,164.9,165.0,158.3,160.35,159.0,250.0,154.15,16102,2609339.9,,162.05,EQ
01-12-2006,164.0,192.45,159.1,188.25,192.45,250.0,154.15,290822,53215233.6,,182.98,EQ
04-12-2006,197.0,216.9,192.5,204.0,203.0,250.0,154.15,1155532,239986032.95,,207.68,EQ
05-12-2006,209.0,223.7,198.0,200.05,199.05,250.0,154.15,402094,82723281.45,,205.73,EQ
06-12-2006,202.0,202.0,185.0,196.1,197.4,250.0,154.15,217641,42174083.9,,193.78,EQ
07-12-2006,192.1,232.0,192.1,218.2,217.0,250.0,154.15,2166239,474937475.2,,219.25,EQ
08-12-2006,217.8,223.9,206.15,208.4,207.3,250.0,154.15,659944,142774487.75,,216.34,EQ
11-12-2006,207.95,207.95,188.0,190.7,191.4,250.0,154.15,252102,49551453.85,,196.55,EQ
12-12-2006,191.0,209.4,185.0,193.65,192.0,250.0,154.15,535949,106517462.8,,198.75,EQ
13-12-2006,194.65,210.55,190.15,206.1,208.6,250.0,154.15,535241,107252769.3,,200.38,EQ
14-12-2006,208.95,225.9,206.4,217.1,217.25,250.0,154.15,462113,100520807.9,,217.52,EQ
15-12-2006,218.75,227.0,212.65,215.85,216.0,250.0,154.15,534726,118205886.5,,221.06,EQ
18-12-2006,218.35,253.7,217.1,236.95,237.95,253.7,154.15,1996115,478544063.55,,239.74,EQ
19-12-2006,239.6,246.4,227.5,231.2,229.3,253.7,154.15,1030242,245356724.95,,238.15,EQ
20-12-2006,230.0,242.0,228.35,230.85,232.2,253.7,154.15,568668,133850514.85,,235.38,EQ
21-12-2006,231.55,244.2,228.1,236.85,239.0,253.7,154.15,517204,122880774.3,,237.59,EQ
22-12-2006,239.9,243.9,233.2,235.8,235.95,253.7,154.15,161402,38556887.85,,238.89,EQ
26-12-2006,236.9,256.75,232.4,251.3,249.2,256.75,154.15,734244,182668165.65,,248.78,EQ
27-12-2006,253.8,268.8,252.5,257.95,257.5,268.8,154.15,907401,236401110.9,,260.53,EQ
28-12-2006,258.5,260.7,248.1,252.35,252.75,268.8,154.15,315620,80126922.05,,253.87,EQ
29-12-2006,253.95,257.8,245.05,247.45,247.2,268.8,154.15,271619,68544126.2,,252.35,EQ
02-01-2007,248.0,251.5,239.3,241.95,242.0,268.8,154.15,130080,31900754.45,,245.24,EQ
03-01-2007,244.0,254.0,242.55,249.45,249.15,268.8,154.15,256028,63429131.3,,247.74,EQ
04-01-2007,260.0,260.0,249.0,250.4,251.65,268.8,154.15,250456,63642796.25,,254.11,EQ
05-01-2007,252.0,270.4,248.2,264.0,265.0,270.4,154.15,701714,183412306.6,,261.38,EQ
08-01-2007,265.4,275.9,262.3,269.45,269.35,275.9,154.15,582677,157465645.6,,270.25,EQ
09-01-2007,271.8,272.5,254.5,258.95,260.6,275.9,154.15,178059,46988051.1,,263.89,EQ
10-01-2007,257.95,257.95,243.0,245.2,244.1,275.9,154.15,123093,30822853.9,,250.4,EQ
11-01-2007,246.0,261.6,242.0,259.65,261.5,275.9,154.15,291724,74504654.9,,255.39,EQ
12-01-2007,262.3,262.8,252.05,254.5,252.05,275.9,154.15,137661,35305885.25,,256.47,EQ
15-01-2007,253.0,260.8,251.1,253.8,251.5,275.9,154.15,100760,25758709.3,,255.64,EQ
16-01-2007,256.3,259.9,252.55,254.45,254.2,275.9,154.15,94367,24157675.1,,256.0,EQ
17-01-2007,255.6,266.0,254.1,256.7,255.25,275.9,154.15,170055,44293077.45,,260.46,EQ
18-01-2007,260.0,260.0,251.1,252.65,251.4,275.9,154.15,62967,16148669.9,,256.46,EQ
19-01-2007,253.8,263.05,250.5,255.65,255.55,275.9,154.15,230216,59484422.95,,258.39,EQ
22-01-2007,253.05,258.5,249.05,250.2,249.75,275.9,154.15,54473,13765829.4,,252.71,EQ
23-01-2007,251.7,251.7,240.4,241.85,241.05,275.9,154.15,40431,9929727.25,,245.6,EQ
24-01-2007,245.85,252.0,237.05,239.0,238.0,275.9,154.15,57334,14007931.2,,244.32,EQ
25-01-2007,241.6,248.8,240.2,243.0,242.3,275.9,154.15,62636,15309788.0,,244.42,EQ
29-01-2007,238.0,250.0,238.0,243.25,243.5,275.9,154.15,38601,9501690.8,,246.15,EQ
31-01-2007,246.7,247.0,237.1,239.7,238.4,275.9,154.15,33515,8144079.8,,243.0,EQ
01-02-2007,241.9,282.0,241.05,273.75,281.0,282.0,154.15,1149969,306157916.6,,266.23,EQ
02-02-2007,282.0,290.5,276.1,282.95,277.8,290.5,154.15,1202079,341080323.7,,283.74,EQ
05-02-2007,281.8,328.7,270.0,318.5,319.6,328.7,154.15,2097859,645993844.8,,307.93,EQ
06-02-2007,318.95,321.45,291.15,296.0,295.0,328.7,154.15,1006663,305366049.25,,303.34,EQ
07-02-2007,295.9,302.3,283.0,286.85,287.05,328.7,154.15,303805,89021789.45,,293.02,EQ
08-02-2007,288.3,294.3,275.0,279.3,280.0,328.7,154.15,210107,59066882.85,,281.13,EQ
09-02-2007,282.0,282.0,260.0,262.45,260.25,328.7,154.15,155657,42013146.1,,269.91,EQ
12-02-2007,262.45,262.45,239.9,250.55,248.0,328.7,154.15,167123,41660528.65,,249.28,EQ
13-02-2007,248.25,284.0,242.0,261.65,261.0,328.7,154.15,385353,103774838.2,,269.3,EQ
14-02-2007,260.0,261.0,248.0,257.75,261.0,328.7,154.15,122341,31239853.1,,255.35,EQ
15-02-2007,260.45,278.4,260.45,268.9,266.45,328.7,154.15,131246,35740160.25,,272.31,EQ
19-02-2007,270.0,278.0,264.1,266.2,265.1,328.7,154.15,92031,25015950.55,,271.82,EQ
20-02-2007,268.0,277.0,260.3,262.55,264.05,328.7,154.15,153213,41418173.05,,270.33,EQ
21-02-2007,265.0,271.0,261.15,262.15,261.25,328.7,154.15,65941,17458995.35,,264.77,EQ
22-02-2007,263.85,266.0,255.1,256.75,257.0,328.7,154.15,46952,12294414.2,,261.85,EQ
23-02-2007,258.55,258.55,245.0,252.0,252.8,328.7,154.15,94829,23701719.9,,249.94,EQ
26-02-2007,258.0,265.4,240.0,259.15,260.5,328.7,154.15,87976,22512646.85,,255.9,EQ
27-02-2007,262.45,270.0,254.0,256.85,256.0,328.7,154.15,90596,23795480.25,,262.65,EQ
28-02-2007,243.95,265.0,215.0,239.6,233.0,328.7,154.15,110416,27707076.0,,250.93,EQ
01-03-2007,240.5,242.55,223.5,226.7,226.0,328.7,154.15,53907,12440866.5,,230.78,EQ
02-03-2007,229.9,236.9,215.0,217.65,215.55,328.7,154.15,84210,19306929.4,,229.27,EQ
05-03-2007,192.0,212.0,192.0,206.4,207.15,328.7,154.15,44475,9158980.05,,205.94,EQ
06-03-2007,210.5,219.0,203.05,213.5,213.5,328.7,154.15,37533,7886472.3,,210.12,EQ
07-03-2007,223.6,223.85,190.0,191.8,192.95,328.7,154.15,48991,9771698.8,,199.46,EQ
08-03-2007,194.95,206.8,178.05,198.9,201.0,328.7,154.15,132144,25296063.4,,191.43,EQ
09-03-2007,206.0,233.4,196.0,221.4,217.5,328.7,154.15,211179,46860317.5,,221.9,EQ
12-03-2007,218.0,255.0,214.0,249.05,253.5,328.7,154.15,251564,59913866.9,,238.17,EQ
13-03-2007,252.0,260.7,245.0,253.5,252.95,328.7,154.15,141801,36149266.5,,254.93,EQ
14-03-2007,230.15,252.0,230.15,246.65,246.5,328.7,154.15,90236,22183545.5,,245.84,EQ
15-03-2007,251.4,267.45,245.0,251.0,249.0,328.7,154.15,130770,34085680.85,,260.65,EQ
16-03-2007,252.85,259.75,239.0,245.05,240.9,328.7,154.15,44117,10986514.85,,249.03,EQ
19-03-2007,250.0,253.5,245.05,247.9,247.15,328.7,154.15,27744,6916076.35,,249.28,EQ
20-03-2007,253.0,256.8,242.85,244.6,244.0,328.7,154.15,22213,5554464.25,,250.05,EQ
21-03-2007,248.0,256.9,227.8,248.95,249.5,328.7,154.15,59363,14898028.35,,250.96,EQ
22-03-2007,252.6,256.0,248.15,249.15,249.0,328.7,154.15,17742,4469428.2,,251.91,EQ
23-03-2007,247.1,250.8,243.0,244.0,243.55,328.7,154.15,19043,4670195.15,,245.24,EQ
26-03-2007,244.5,248.0,237.5,239.2,243.6,328.7,154.15,21344,5186353.35,,242.99,EQ
28-03-2007,235.55,245.0,235.15,238.95,238.0,328.7,154.15,47495,11498411.45,,242.1,EQ
29-03-2007,240.0,244.0,238.0,242.15,243.2,328.7,154.15,17353,4200614.55,,242.07,EQ
30-03-2007,244.95,245.0,242.1,243.2,244.0,328.7,154.15,15117,3689239.6,,244.05,EQ
02-04-2007,235.1,240.0,233.0,234.55,235.0,328.7,154.15,11780,2778315.5,,235.85,EQ
03-04-2007,233.1,239.0,230.1,236.35,236.0,328.7,154.15,15490,3641096.05,,235.06,EQ
04-04-2007,240.0,243.0,237.5,239.6,239.0,328.7,154.15,13211,3175826.55,,240.39,EQ
05-04-2007,240.1,245.0,234.05,242.5,245.0,328.7,154.15,19992,4853628.2,,242.78,EQ
09-04-2007,243.75,246.9,238.1,240.15,239.5,328.7,154.15,20479,4981562.2,,243.25,EQ
10-04-2007,241.5,246.5,236.25,240.4,240.5,328.7,154.15,32870,7977378.8,,242.69,EQ
11-04-2007,243.0,255.1,241.1,243.65,241.5,328.7,154.15,51353,12772328.9,,248.72,EQ
12-04-2007,249.85,249.85,239.0,239.85,240.9,328.7,154.15,8292,1999971.75,,241.19,EQ
13-04-2007,238.0,251.9,230.0,247.1,247.1,328.7,154.15,34918,8664731.35,,248.15,EQ
16-04-2007,250.0,259.65,245.0,251.85,252.0,328.7,154.15,76725,19524759.05,,254.48,EQ
17-04-2007,254.9,255.0,247.0,248.1,250.0,328.7,154.15,33460,8388421.45,,250.7,EQ
18-04-2007,250.0,250.0,241.0,244.1,244.0,328.7,154.15,16007,3935824.25,,245.88,EQ
19-04-2007,244.0,244.1,233.05,238.55,239.9,328.7,154.15,13152,3155308.85,,239.91,EQ
20-04-2007,240.0,245.5,240.0,241.5,241.75,328.7,154.15,9221,2239227.9,,242.84,EQ
23-04-2007,242.1,242.5,237.0,237.95,238.0,328.7,154.15,13541,3248466.9,,239.9,EQ
24-04-2007,240.0,241.0,235.6,236.9,236.0,328.7,154.15,16883,4038729.6,,239.22,EQ
25-04-2007,230.5,253.0,230.5,240.2,237.5,328.7,154.15,63450,15481404.35,,243.99,EQ
26-04-2007,241.0,248.0,231.5,232.7,231.5,328.7,154.15,46688,11106342.55,,237.88,EQ
27-04-2007,235.6,238.8,224.05,226.65,227.4,328.7,154.15,36627,8477338.5,,231.45,EQ
30-04-2007,229.9,232.0,224.55,226.25,225.85,328.7,154.15,10279,2340362.6,,227.68,EQ
03-05-2007,230.0,238.55,229.8,234.95,235.5,328.7,154.15,18746,4397498.65,,234.58,EQ
04-05-2007,238.45,252.6,237.2,248.4,245.1,328.7,154.15,77274,19117390.7,,247.4,EQ
07-05-2007,252.8,259.0,250.0,250.75,250.95,328.7,154.15,79275,20138941.5,,254.04,EQ
08-05-2007,250.0,256.9,242.0,245.2,243.0,328.7,154.15,39938,10045242.75,,251.52,EQ
09-05-2007,240.5,246.0,240.25,242.35,242.5,328.7,154.15,15798,3847171.45,,243.52,EQ
10-05-2007,244.95,255.0,242.15,244.0,245.0,328.7,154.15,34914,8682103.4,,248.67,EQ
11-05-2007,242.0,253.5,238.0,245.55,245.65,328.7,154.15,37018,9164019.2,,247.56,EQ
14-05-2007,252.7,256.0,243.0,244.55,243.55,328.7,154.15,15822,3938425.1,,248.92,EQ
15-05-2007,252.0,252.0,240.25,242.45,242.75,328.7,154.15,9662,2352120.9,,243.44,EQ
16-05-2007,242.25,253.0,241.1,249.65,250.65,328.7,154.15,47529,11855879.0,,249.45,EQ
17-05-2007,251.7,263.85,248.55,251.05,250.0,328.7,154.15,106051,27325348.15,,257.66,EQ
18-05-2007,252.0,253.0,242.35,244.1,243.0,328.7,154.15,14641,3624233.2,,247.54,EQ
21-05-2007,249.6,249.7,244.05,246.05,245.95,328.7,154.15,9486,2339229.9,,246.6,EQ
22-05-2007,245.5,246.9,242.0,242.8,242.25,328.7,154.15,4744,1154154.8,,243.29,EQ
23-05-2007,246.0,249.8,238.2,240.35,240.3,328.7,154.15,9254,2257936.2,,244.0,EQ
24-05-2007,241.9,244.9,238.5,240.8,239.05,328.7,154.15,8946,2152174.35,,240.57,EQ
25-05-2007,238.0,239.95,235.1,236.35,235.15,328.7,154.15,8605,2040266.15,,237.1,EQ
28-05-2007,242.0,244.0,237.0,238.0,238.0,328.7,154.15,7560,1812896.55,,239.8,EQ
29-05-2007,241.85,241.9,238.05,240.1,240.0,328.7,154.15,5447,1308263.25,,240.18,EQ
30-05-2007,238.2,256.95,238.2,251.2,251.0,328.7,154.15,129548,32313597.85,,249.43,EQ
31-05-2007,255.0,282.5,255.0,264.15,265.8,328.7,154.15,459908,125224957.5,,272.28,EQ
01-06-2007,266.0,268.15,250.0,252.65,253.0,328.7,154.15,108346,28230360.55,,260.56,EQ
04-06-2007,254.0,260.9,248.1,252.8,255.0,328.7,154.15,82535,21114930.35,,255.83,EQ
05-06-2007,252.95,257.4,248.0,250.4,253.0,328.7,154.15,27633,6946508.75,,251.38,EQ
06-06-2007,250.2,258.7,245.6,247.7,247.0,328.7,154.15,22758,5763344.4,,253.24,EQ
07-06-2007,250.0,253.0,245.0,245.8,245.2,328.7,154.15,14763,3654929.3,,247.57,EQ
08-06-2007,244.0,253.0,242.0,247.7,247.1,328.7,154.15,26280,6483830.05,,246.72,EQ
11-06-2007,249.0,253.8,240.0,245.25,240.15,328.7,154.15,18909,4685926.65,,247.81,EQ
12-06-2007,244.0,245.5,240.0,243.15,244.95,328.7,154.15,17461,4232724.35,,242.41,EQ
13-06-2007,244.95,246.0,238.0,238.55,239.15,328.7,154.15,15779,3806368.5,,241.23,EQ
14-06-2007,244.9,245.0,239.0,241.0,241.0,328.7,154.15,18517,4470187.85,,241.41,EQ
15-06-2007,243.55,244.5,238.0,240.8,238.5,328.7,154.15,9715,2353401.35,,242.24,EQ
18-06-2007,243.5,249.0,241.0,242.6,242.4,328.7,154.15,13572,3325065.05,,244.99,EQ
19-06-2007,243.0,244.45,240.1,241.9,241.05,328.7,154.15,3961,960492.3,,242.49,EQ
20-06-2007,236.2,253.9,236.2,252.7,253.25,328.7,154.15,25236,6300589.9,,249.67,EQ
21-06-2007,254.0,264.9,251.25,258.3,257.3,328.7,154.15,58491,15167305.35,,259.31,EQ
22-06-2007,255.15,294.0,255.15,279.6,280.0,328.7,154.15,359451,101367029.8,,282.01,EQ
25-06-2007,281.0,302.8,274.4,285.15,285.5,328.7,154.15,448893,131150137.75,,292.16,EQ
26-06-2007,286.6,292.0,271.6,283.9,285.15,328.7,154.15,152676,43394139.9,,284.22,EQ
27-06-2007,285.4,286.9,252.75,256.65,253.0,328.7,154.15,138171,37108926.1,,268.57,EQ
28-06-2007,257.2,259.4,235.25,237.55,239.0,328.7,154.15,124511,30414667.15,,244.27,EQ
29-06-2007,241.9,248.9,238.15,239.85,241.85,328.7,154.15,138343,33682997.75,,243.47,EQ
02-07-2007,242.85,243.9,238.5,240.2,239.0,328.7,154.15,41202,9926026.25,,240.91,EQ
03-07-2007,242.2,244.9,236.3,237.95,238.05,328.7,154.15,77368,18630355.2,,240.8,EQ
04-07-2007,239.1,242.7,233.2,234.9,236.0,328.7,154.15,29770,7052819.95,,236.91,EQ
05-07-2007,238.0,238.0,225.2,226.5,225.3,328.7,154.15,29835,6843958.25,,229.39,EQ
06-07-2007,227.15,233.0,221.8,223.2,222.0,328.7,154.15,31403,7089362.4,,225.75,EQ
09-07-2007,225.1,230.0,216.25,219.0,218.0,328.7,154.15,43180,9614892.8,,222.67,EQ
10-07-2007,219.5,227.5,217.05,218.0,218.1,328.7,154.15,76748,17013970.45,,221.69,EQ
11-07-2007,218.2,218.4,205.0,206.15,206.0,328.7,154.15,143605,30131006.05,,209.82,EQ
12-07-2007,211.0,214.6,205.0,205.9,207.0,328.7,154.15,93369,19489782.75,,208.74,EQ
13-07-2007,210.0,217.7,205.0,209.75,210.1,328.7,154.15,126181,26622276.75,,210.98,EQ
16-07-2007,212.8,224.7,209.5,213.4,214.2,328.7,154.15,127602,27811174.95,,217.95,EQ
17-07-2007,215.7,218.9,208.0,208.8,208.0,328.7,154.15,50493,10693881.15,,211.79,EQ
18-07-2007,210.5,211.0,198.1,199.75,200.35,328.7,154.15,89856,18309092.55,,203.76,EQ
19-07-2007,207.9,210.0,201.0,207.45,210.0,328.7,154.15,60601,12478957.8,,205.92,EQ
20-07-2007,216.0,216.5,208.1,213.65,213.9,328.7,154.15,96840,20659561.75,,213.34,EQ
23-07-2007,215.0,216.0,212.5,214.05,213.8,328.7,154.15,58653,12523661.95,,213.52,EQ
24-07-2007,216.35,218.0,206.5,209.95,211.0,328.7,154.15,38168,8060241.65,,211.18,EQ
25-07-2007,208.1,211.5,205.0,209.1,210.0,328.7,154.15,19455,4051026.4,,208.23,EQ
26-07-2007,214.5,222.75,214.5,216.4,215.65,328.7,154.15,165181,36140937.2,,218.8,EQ
27-07-2007,214.0,214.4,205.0,206.8,207.1,328.7,154.15,43956,9142091.55,,207.98,EQ
30-07-2007,206.9,208.8,200.1,204.65,205.0,328.7,154.15,102363,20896386.5,,204.14,EQ
31-07-2007,205.7,209.8,205.0,205.55,205.6,328.7,154.15,13348,2751335.7,,206.12,EQ
01-08-2007,204.5,204.5,200.0,200.2,200.0,328.7,154.15,22782,4574233.8,,200.78,EQ
02-08-2007,202.0,207.0,197.0,199.0,202.0,328.7,154.15,19744,3951819.1,,200.15,EQ
03-08-2007,201.0,203.85,198.0,198.55,198.65,328.7,154.15,12764,2547566.95,,199.59,EQ
06-08-2007,200.0,200.0,190.0,190.8,191.45,328.7,154.15,25186,4835413.2,,191.99,EQ
07-08-2007,194.2,197.0,192.1,193.25,193.0,328.7,154.15,10308,2001856.05,,194.2,EQ
08-08-2007,196.5,198.4,192.0,195.25,195.0,328.7,154.15,76615,14938358.8,,194.98,EQ
09-08-2007,196.7,212.5,193.0,193.85,194.8,328.7,154.15,77292,15753737.65,,203.82,EQ
10-08-2007,188.5,194.8,188.0,193.05,194.8,328.7,154.15,14180,2714755.5,,191.45,EQ
13-08-2007,200.0,201.8,195.15,196.6,197.0,328.7,154.15,17622,3486413.8,,197.84,EQ
14-08-2007,199.9,199.9,190.5,192.2,191.75,328.7,154.15,9804,1899457.95,,193.74,EQ
16-08-2007,190.0,193.3,180.3,188.2,188.0,328.7,154.15,12348,2336359.7,,189.21,EQ
17-08-2007,190.0,191.0,183.05,185.1,185.65,328.7,154.15,12906,2403729.15,,186.25,EQ
20-08-2007,193.0,193.0,182.0,183.05,182.6,328.7,154.15,12431,2310026.0,,185.83,EQ
21-08-2007,189.0,189.0,177.0,179.2,182.0,328.7,154.15,11256,2027789.15,,180.15,EQ
22-08-2007,184.9,184.9,174.0,175.3,176.4,328.7,154.15,7701,1353638.8,,175.77,EQ
23-08-2007,176.6,181.0,174.0,175.05,175.05,328.7,154.15,8198,1443759.8,,176.11,EQ
24-08-2007,174.5,178.95,173.0,174.1,174.55,328.7,154.15,16575,2889707.2,,174.34,EQ
27-08-2007,179.15,179.2,174.8,176.0,176.6,328.7,154.15,21309,3740309.05,,175.53,EQ
28-08-2007,176.2,176.2,170.6,172.05,172.0,328.7,154.15,9658,1672696.05,,173.19,EQ
29-08-2007,171.0,175.0,170.6,171.8,170.6,328.7,154.15,10953,1891633.95,,172.7,EQ
30-08-2007,172.0,180.0,166.1,168.4,168.25,328.7,154.15,30519,5275278.05,,172.85,EQ
31-08-2007,167.3,182.0,163.15,172.65,178.95,328.7,154.15,53075,9041303.55,,170.35,EQ
03-09-2007,175.0,203.8,174.9,200.15,200.0,328.7,154.15,126330,24413785.0,,193.25,EQ
04-09-2007,205.0,208.0,192.0,193.1,193.45,328.7,154.15,132645,26436687.25,,199.3,EQ
05-09-2007,198.0,201.6,184.1,186.75,185.0,328.7,154.15,107724,20886538.9,,193.89,EQ
06-09-2007,187.0,187.0,183.5,184.25,184.5,328.7,154.15,47209,8736332.55,,185.06,EQ
07-09-2007,186.4,188.0,183.0,184.2,185.2,328.7,154.15,22888,4249580.65,,185.67,EQ
10-09-2007,182.9,194.8,181.0,186.85,187.0,328.7,154.15,41610,7842583.35,,188.48,EQ
11-09-2007,190.0,192.0,185.0,185.6,186.0,328.7,154.15,16903,3169414.9,,187.51,EQ
12-09-2007,187.0,189.5,183.25,185.6,185.4,328.7,154.15,22259,4141803.8,,186.07,EQ
13-09-2007,187.8,187.8,184.25,185.25,184.45,328.7,154.15,15389,2859734.8,,185.83,EQ
14-09-2007,172.55,194.0,172.55,188.25,188.5,328.7,154.15,58028,11057291.4,,190.55,EQ
17-09-2007,187.9,202.2,185.3,186.9,187.9,328.7,154.15,158314,30700677.75,,193.92,EQ
18-09-2007,185.05,193.7,185.05,188.6,188.95,328.7,154.15,26327,4982364.5,,189.25,EQ
19-09-2007,190.6,195.0,185.5,186.65,188.0,328.7,154.15,45617,8629751.0,,189.18,EQ
20-09-2007,187.9,190.0,183.1,184.75,184.15,328.7,154.15,28232,5272882.7,,186.77,EQ
21-09-2007,187.8,193.4,182.0,182.7,182.0,328.7,154.15,77318,14474534.15,,187.21,EQ
24-09-2007,185.0,186.7,180.6,182.15,181.15,328.7,154.15,44232,8101336.6,,183.16,EQ
25-09-2007,182.3,183.5,175.0,178.65,178.05,328.7,154.15,22832,4085290.0,,178.93,EQ
26-09-2007,182.5,182.8,176.05,177.75,178.05,328.7,154.15,28055,5016953.2,,178.83,EQ
27-09-2007,181.0,182.0,177.05,179.85,181.0,328.7,154.15,17945,3208138.6,,178.78,EQ
28-09-2007,181.0,183.6,175.1,177.0,176.0,328.7,154.15,19438,3461534.2,,178.08,EQ
01-10-2007,178.0,185.8,176.1,182.3,182.05,328.7,154.15,28736,5210599.7,,181.33,EQ
03-10-2007,182.05,185.75,175.05,176.85,177.0,328.7,154.15,24520,4403775.9,,179.6,EQ
04-10-2007,177.95,178.9,173.0,175.7,174.15,328.7,154.15,16374,2868573.85,,175.19,EQ
05-10-2007,176.0,177.0,170.2,171.7,171.75,328.7,154.15,13822,2398078.05,,173.5,EQ
08-10-2007,176.0,176.0,165.0,165.6,165.0,328.7,154.15,11908,1991383.75,,167.23,EQ
09-10-2007,160.0,167.0,160.0,164.5,164.25,328.7,154.15,18999,3110345.3,,163.71,EQ
10-10-2007,166.35,174.9,163.0,164.3,165.0,328.7,154.15,16104,2674015.25,,166.05,EQ
11-10-2007,166.0,167.0,160.0,162.05,163.8,328.7,154.15,10916,1785332.85,,163.55,EQ
12-10-2007,150.9,171.0,150.9,168.35,169.5,328.7,150.9,24504,4049006.15,,165.24,EQ
15-10-2007,170.0,174.7,168.0,169.55,168.2,328.7,150.9,27803,4751395.25,,170.9,EQ
16-10-2007,157.9,170.45,157.9,168.35,167.85,328.7,150.9,9831,1658898.4,,168.74,EQ
17-10-2007,152.0,175.0,151.0,169.2,171.0,328.7,150.9,23515,3901833.25,,165.93,EQ
18-10-2007,160.0,180.05,160.0,167.65,163.0,328.7,150.9,26542,4596040.25,,173.16,EQ
19-10-2007,177.5,177.5,155.0,157.7,159.0,328.7,150.9,15623,2508288.15,,160.55,EQ
22-10-2007,158.0,168.0,156.5,164.9,162.0,328.7,150.9,50763,8160560.6,,160.76,EQ
23-10-2007,163.05,174.0,161.0,164.5,165.95,328.7,150.9,26553,4460673.75,,167.99,EQ
24-10-2007,167.0,169.3,160.05,161.7,162.45,328.7,150.9,10454,1708927.1,,163.47,EQ
25-10-2007,163.0,163.9,158.25,161.0,161.5,328.7,150.9,8788,1424329.65,,162.08,EQ
26-10-2007,162.1,164.45,160.25,161.55,161.5,328.7,150.9,10246,1663266.0,,162.33,EQ
29-10-2007,163.0,164.8,159.05,160.15,159.3,328.7,150.9,10911,1761962.0,,161.48,EQ
30-10-2007,160.25,162.45,155.05,156.9,157.0,328.7,150.9,38014,5993444.3,,157.66,EQ
31-10-2007,155.0,166.0,154.5,161.0,156.55,328.7,150.9,45533,7275548.8,,159.79,EQ
01-11-2007,159.9,163.0,149.0,150.5,149.0,328.7,149.0,21645,3351589.9,,154.84,EQ
02-11-2007,152.0,152.0,139.0,142.8,141.0,328.7,139.0,21701,3148333.2,,145.08,EQ
05-11-2007,143.0,156.9,140.0,151.0,151.3,328.7,139.0,51901,7701881.7,,148.4,EQ
06-11-2007,154.9,159.8,148.0,148.7,148.0,328.7,139.0,17869,2741151.75,,153.4,EQ
07-11-2007,150.0,150.0,139.0,139.35,140.0,328.7,139.0,25775,3690204.1,,143.17,EQ
08-11-2007,140.0,144.9,135.55,139.05,137.0,328.7,135.55,47443,6621212.95,,139.56,EQ
09-11-2007,143.0,143.0,138.0,139.95,141.75,328.7,135.55,3324,465764.9,,140.12,EQ
12-11-2007,135.35,139.8,134.25,136.4,136.4,328.7,134.25,8264,1133103.05,,137.11,EQ
13-11-2007,137.05,140.95,134.0,135.1,135.1,328.7,134.0,22570,3076193.05,,136.3,EQ
14-11-2007,137.0,141.0,134.25,134.75,135.0,328.7,134.0,50140,6865095.5,,136.92,EQ
15-11-2007,135.2,138.6,135.1,135.5,135.1,328.7,134.0,17113,2331330.4,,136.23,EQ
16-11-2007,136.8,146.2,136.2,140.3,141.0,328.7,134.0,53183,7520005.4,,141.4,EQ
19-11-2007,149.5,149.5,138.5,140.25,139.8,328.7,134.0,34277,4822123.85,,140.68,EQ
20-11-2007,140.25,149.9,138.0,138.95,138.0,328.7,134.0,107414,15243584.9,,141.91,EQ
21-11-2007,142.55,145.95,140.0,141.1,142.05,328.7,134.0,42020,5995232.8,,142.68,EQ
22-11-2007,143.0,143.0,138.0,139.4,140.5,328.7,134.0,17097,2394923.4,,140.08,EQ
23-11-2007,140.0,143.0,137.65,138.5,138.0,328.7,134.0,17292,2431953.6,,140.64,EQ
26-11-2007,140.0,143.0,138.1,139.55,138.25,328.7,134.0,15911,2231673.7,,140.26,EQ
27-11-2007,139.0,139.95,135.0,135.7,136.4,328.7,134.0,19181,2623050.25,,136.75,EQ
28-11-2007,139.8,139.9,133.2,134.55,133.2,328.7,133.2,12871,1761644.15,,136.87,EQ
29-11-2007,136.1,137.45,131.4,132.75,132.65,328.7,131.4,15761,2120767.2,,134.56,EQ
30-11-2007,135.65,135.65,132.5,133.15,132.5,328.7,131.4,14270,1908675.2,,133.75,EQ
03-12-2007,135.0,139.4,134.0,136.05,135.2,328.7,131.4,23264,3162198.55,,135.93,EQ
04-12-2007,137.8,144.75,137.15,140.95,140.0,328.7,131.4,54794,7773354.5,,141.87,EQ
05-12-2007,142.5,148.0,142.5,143.5,143.7,328.7,131.4,45704,6609077.2,,144.61,EQ
06-12-2007,149.5,163.0,146.0,154.75,156.7,328.7,131.4,141173,21987037.9,,155.75,EQ
07-12-2007,159.0,165.0,154.0,156.3,157.0,328.7,131.4,97226,15499288.6,,159.42,EQ
10-12-2007,159.7,167.75,159.0,163.85,164.25,328.7,131.4,98103,16122086.85,,164.34,EQ
11-12-2007,162.0,169.0,160.0,161.9,161.5,328.7,131.4,44555,7327118.6,,164.45,EQ
12-12-2007,161.0,179.8,158.0,173.35,173.1,328.7,131.4,121204,20957752.15,,172.91,EQ
13-12-2007,175.0,182.0,172.0,173.55,173.8,328.7,131.4,80491,14190075.4,,176.29,EQ
14-12-2007,173.6,175.8,166.75,167.5,167.0,328.7,131.4,33313,5704782.7,,171.25,EQ
17-12-2007,164.1,173.0,157.15,161.15,161.15,328.7,131.4,37407,6236885.85,,166.73,EQ
18-12-2007,164.0,164.0,153.0,155.55,155.85,328.7,131.4,31147,4874656.0,,156.5,EQ
19-12-2007,158.8,164.0,158.05,160.5,160.25,328.7,131.4,50111,8099291.15,,161.63,EQ
20-12-2007,163.0,163.0,155.1,156.95,155.1,328.7,131.4,17617,2799411.25,,158.9,EQ
24-12-2007,160.95,163.45,158.35,160.6,160.05,328.7,131.4,22142,3554648.2,,160.54,EQ
26-12-2007,160.0,173.0,160.0,171.8,172.15,328.7,131.4,66461,11220290.0,,168.83,EQ
27-12-2007,175.0,184.0,174.0,181.95,183.9,328.7,131.4,135052,24247564.3,,179.54,EQ
28-12-2007,178.6,184.9,176.0,179.8,180.0,328.7,131.4,101694,18409985.3,,181.03,EQ
31-12-2007,179.8,191.85,179.8,187.35,186.0,328.7,131.4,160654,30261694.2,,188.37,EQ
01-01-2008,188.8,190.75,186.0,187.75,187.0,328.7,131.4,64694,12223636.05,,188.95,EQ
02-01-2008,190.0,190.25,181.0,188.2,188.6,328.7,131.4,67012,12524192.5,,186.89,EQ
03-01-2008,181.5,189.9,181.5,182.75,182.0,328.7,131.4,37959,7013929.7,,184.78,EQ
04-01-2008,187.5,187.5,182.0,183.35,182.5,328.7,131.4,33571,6203169.2,,184.78,EQ
07-01-2008,183.1,186.4,180.0,181.35,180.0,328.7,131.4,29215,5327170.55,,182.34,EQ
08-01-2008,181.0,184.45,167.15,173.45,173.0,328.7,131.4,32958,5780144.9,,175.38,EQ
09-01-2008,179.0,179.0,163.0,175.25,174.15,328.7,131.4,17671,3050488.25,,172.63,EQ
10-01-2008,177.9,177.9,167.0,169.5,168.0,328.7,131.4,23151,4006839.85,,173.07,EQ
11-01-2008,175.0,177.0,162.0,163.85,164.95,328.7,131.4,18438,3032560.95,,164.47,EQ
14-01-2008,175.0,179.0,165.0,167.85,170.0,328.7,131.4,18420,3094867.75,,168.02,EQ
15-01-2008,172.0,172.0,163.0,163.85,164.7,328.7,131.4,10170,1683370.2,,165.52,EQ
16-01-2008,164.2,166.8,158.2,160.25,160.25,328.7,131.4,13559,2186481.3,,161.26,EQ
17-01-2008,160.0,173.75,160.0,169.05,166.45,328.7,131.4,17371,2919407.95,,168.06,EQ
18-01-2008,168.0,168.0,155.6,157.6,156.0,328.7,131.4,17001,2751440.25,,161.84,EQ
21-01-2008,152.5,160.0,136.05,140.8,140.1,328.7,131.4,25545,3759387.4,,147.17,EQ
22-01-2008,140.0,140.0,113.0,121.35,120.0,328.7,113.0,26193,3157970.05,,120.57,EQ
23-01-2008,127.0,134.0,120.0,127.6,128.0,328.7,113.0,23441,3010040.8,,128.41,EQ
24-01-2008,130.5,138.0,120.5,125.2,127.6,328.7,113.0,15010,1924233.65,,128.2,EQ
25-01-2008,127.0,133.8,109.0,129.75,132.5,328.7,109.0,12654,1625798.65,,128.48,EQ
28-01-2008,129.45,129.45,121.0,127.2,128.0,328.7,109.0,7732,968032.55,,125.2,EQ
29-01-2008,136.0,138.0,125.35,125.9,125.5,328.7,109.0,11825,1525250.25,,128.99,EQ
30-01-2008,126.5,134.0,120.1,124.0,121.1,328.7,109.0,47740,6049346.3,,126.71,EQ
31-01-2008,129.0,130.0,110.1,113.3,113.55,328.7,109.0,70723,8356304.4,,118.16,EQ
01-02-2008,115.3,117.35,110.35,115.15,115.5,328.7,109.0,18397,2090073.65,,113.61,EQ
04-02-2008,116.0,123.0,113.1,119.75,120.45,328.7,109.0,14526,1733482.85,,119.34,EQ
05-02-2008,122.0,122.0,117.0,119.85,121.95,328.7,109.0,12476,1483966.45,,118.95,EQ
06-02-2008,110.0,123.0,110.0,120.6,120.0,328.7,109.0,16044,1913997.65,,119.3,EQ
07-02-2008,124.0,125.0,118.5,120.8,119.0,328.7,109.0,23494,2883512.65,,122.73,EQ
08-02-2008,120.05,122.0,116.0,117.1,116.0,328.7,109.0,7643,907452.75,,118.73,EQ
11-02-2008,117.0,121.0,109.1,110.15,109.1,302.8,109.0,11859,1347491.5,,113.63,EQ
12-02-2008,113.8,114.0,103.0,107.3,106.9,302.8,103.0,11090,1199388.3,,108.15,EQ
13-02-2008,107.05,111.5,101.0,102.8,104.95,302.8,101.0,14208,1483155.0,,104.39,EQ
14-02-2008,107.0,108.0,103.0,104.8,105.0,302.8,101.0,13495,1416225.25,,104.94,EQ
15-02-2008,104.0,112.7,104.0,109.05,108.95,302.8,101.0,16069,1756784.55,,109.33,EQ
18-02-2008,110.5,112.65,107.0,109.5,110.0,302.8,101.0,12841,1398934.1,,108.94,EQ
19-02-2008,112.9,113.0,107.5,108.65,107.6,302.8,101.0,9752,1069360.45,,109.66,EQ
20-02-2008,108.2,108.2,103.0,104.95,105.0,302.8,101.0,14239,1508265.2,,105.92,EQ
21-02-2008,110.0,110.0,101.0,105.45,104.0,302.8,101.0,9620,1011316.25,,105.13,EQ
22-02-2008,102.15,105.8,102.0,102.6,102.95,302.8,101.0,5642,579983.45,,102.8,EQ
25-02-2008,103.15,103.15,100.0,100.8,101.0,302.8,100.0,13687,1390861.05,,101.62,EQ
26-02-2008,104.9,104.9,100.0,100.55,100.45,302.8,100.0,17260,1741725.2,,100.91,EQ
27-02-2008,102.5,103.9,99.1,102.1,102.75,302.8,99.1,11632,1189060.4,,102.22,EQ
28-02-2008,103.4,104.8,101.0,103.55,104.45,302.8,99.1,8612,889792.85,,103.32,EQ
29-02-2008,103.9,109.0,102.2,103.65,102.5,302.8,99.1,15844,1667086.55,,105.22,EQ
03-03-2008,102.5,102.5,86.0,98.0,99.0,302.8,86.0,11513,1138738.6,,98.91,EQ
04-03-2008,98.05,102.0,94.05,95.35,95.15,302.8,86.0,8887,860329.1,,96.81,EQ
05-03-2008,97.0,98.9,92.75,94.9,94.0,302.8,86.0,6375,607357.15,,95.27,EQ
07-03-2008,93.1,93.1,85.05,88.0,88.0,302.8,85.05,12926,1139906.6,,88.19,EQ
10-03-2008,88.0,88.0,78.0,85.7,87.0,302.8,78.0,12783,1085438.9,,84.91,EQ
11-03-2008,92.05,92.05,87.0,89.45,88.05,302.8,78.0,10753,960110.9,,89.29,EQ
12-03-2008,90.0,95.0,87.0,88.8,88.0,302.8,78.0,7472,673861.3,,90.18,EQ
13-03-2008,88.05,88.9,82.5,84.35,88.7,302.8,78.0,9920,842317.75,,84.91,EQ
14-03-2008,80.1,85.8,78.0,79.85,79.1,302.8,78.0,13051,1047679.0,,80.28,EQ
17-03-2008,83.0,83.0,68.0,68.95,70.0,302.8,68.0,44702,3279325.75,,73.36,EQ
18-03-2008,69.0,69.0,65.2,68.55,68.25,302.8,65.2,12707,863935.05,,67.99,EQ
19-03-2008,71.0,72.7,60.0,61.75,60.3,302.8,60.0,14319,936419.35,,65.4,EQ
24-03-2008,62.0,65.95,58.0,58.55,58.5,302.8,58.0,22281,1342947.05,,60.27,EQ
25-03-2008,58.0,66.0,58.0,64.8,66.0,302.8,58.0,19904,1255345.15,,63.07,EQ
26-03-2008,67.0,68.0,62.85,64.1,63.6,302.8,58.0,27039,1747834.35,,64.64,EQ
27-03-2008,63.0,65.0,61.35,64.5,64.0,302.8,58.0,18561,1185782.75,,63.89,EQ
28-03-2008,63.1,67.8,63.1,65.25,63.2,302.8,58.0,52093,3388210.6,,65.04,EQ
31-03-2008,67.7,69.5,60.4,63.35,60.4,302.8,58.0,45329,2993122.95,,66.03,EQ
01-04-2008,64.5,66.4,62.0,64.8,64.9,302.8,58.0,13035,845644.45,,64.87,EQ
02-04-2008,66.3,77.8,66.0,77.8,77.8,302.8,58.0,79836,6000986.5,,75.17,EQ
03-04-2008,84.7,89.7,75.25,76.55,77.3,302.8,58.0,380738,31630044.55,,83.08,EQ
04-04-2008,77.7,78.9,71.0,72.1,72.0,302.8,58.0,62760,4698684.9,,74.87,EQ
07-04-2008,72.0,73.0,66.1,67.15,66.9,302.8,58.0,78871,5482712.8,,69.51,EQ
08-04-2008,68.05,72.0,67.55,69.0,69.0,302.8,58.0,48217,3366723.9,,69.82,EQ
09-04-2008,70.0,73.7,68.0,71.35,71.7,302.8,58.0,40824,2932236.45,,71.83,EQ
10-04-2008,72.3,85.65,71.6,85.65,85.65,302.8,58.0,255939,21082345.15,,82.37,EQ
11-04-2008,90.0,102.8,88.5,100.95,102.8,302.8,58.0,2133459,205855979.6,,96.49,EQ
15-04-2008,100.0,107.0,96.3,103.7,104.5,302.8,58.0,1892059,194090210.8,,102.58,EQ
16-04-2008,105.0,107.9,101.0,102.85,102.45,302.8,58.0,461307,48114961.95,,104.3,EQ
17-04-2008,104.0,105.95,100.2,102.85,103.05,302.8,58.0,192530,19933450.15,,103.53,EQ
21-04-2008,103.9,108.0,102.15,104.75,104.55,302.8,58.0,168098,17720435.2,,105.42,EQ
22-04-2008,103.0,107.35,102.6,103.55,104.25,302.8,58.0,143182,15052399.05,,105.13,EQ
23-04-2008,104.8,106.0,99.1,100.65,99.3,302.8,58.0,64349,6622661.15,,102.92,EQ
24-04-2008,100.0,104.0,97.6,99.0,97.6,302.8,58.0,58739,5923856.0,,100.85,EQ
25-04-2008,99.6,100.0,91.0,93.25,92.3,302.8,58.0,50449,4865239.35,,96.44,EQ
28-04-2008,94.0,102.5,91.0,98.75,98.25,302.8,58.0,127175,12382614.95,,97.37,EQ
29-04-2008,99.0,101.5,96.25,97.05,96.95,302.8,58.0,85240,8454149.8,,99.18,EQ
30-04-2008,99.7,99.9,95.05,95.35,95.8,302.8,58.0,25027,2428885.35,,97.05,EQ
02-05-2008,98.6,99.95,94.5,95.9,95.55,302.8,58.0,41581,4048404.05,,97.36,EQ
05-05-2008,97.85,100.95,95.5,95.9,96.1,302.8,58.0,41703,4090711.9,,98.09,EQ
06-05-2008,94.0,103.5,94.0,98.3,98.5,302.8,58.0,175505,17658068.9,,100.61,EQ
07-05-2008,96.5,98.8,94.6,95.25,95.8,302.8,58.0,19258,1861203.35,,96.65,EQ
08-05-2008,95.9,95.9,91.25,92.3,92.35,302.8,58.0,28180,2631784.35,,93.39,EQ
09-05-2008,92.0,94.8,86.15,87.7,87.95,302.8,58.0,30062,2751038.05,,91.51,EQ
12-05-2008,87.9,88.7,82.0,85.35,87.0,302.8,58.0,23474,1978340.45,,84.28,EQ
13-05-2008,84.0,89.7,83.2,84.65,83.2,302.8,58.0,23695,2062558.85,,87.05,EQ
14-05-2008,84.4,89.95,83.5,88.45,87.5,302.8,58.0,40700,3566062.5,,87.62,EQ
15-05-2008,89.95,90.5,85.5,86.4,86.1,302.8,58.0,25650,2257149.4,,88.0,EQ
16-05-2008,85.65,88.6,85.65,86.95,87.0,302.8,58.0,10542,920676.3,,87.33,EQ
20-05-2008,86.0,88.95,86.0,86.55,86.45,302.8,58.0,29485,2568159.7,,87.1,EQ
21-05-2008,85.5,88.0,84.0,86.85,86.3,302.8,58.0,23082,1989576.8,,86.2,EQ
22-05-2008,85.9,88.45,84.15,85.4,85.15,302.8,58.0,29680,2565116.35,,86.43,EQ
23-05-2008,86.85,87.0,81.85,83.05,82.0,302.8,58.0,18143,1535879.6,,84.65,EQ
26-05-2008,81.05,81.85,78.0,78.2,78.0,302.8,58.0,14477,1145963.25,,79.16,EQ
27-05-2008,80.4,80.4,75.55,76.3,75.85,302.8,58.0,9584,748971.85,,78.15,EQ
28-05-2008,77.85,81.45,76.1,78.1,78.7,302.8,58.0,35575,2816049.65,,79.16,EQ
29-05-2008,80.7,80.7,76.2,76.95,76.2,302.8,58.0,10439,819854.2,,78.54,EQ
30-05-2008,78.0,78.0,74.8,75.3,76.25,302.8,58.0,9200,698101.9,,75.88,EQ
02-06-2008,77.6,77.6,71.1,72.5,71.25,302.8,58.0,9181,677620.45,,73.81,EQ
03-06-2008,70.0,74.95,67.0,71.1,71.05,302.8,58.0,22192,1573522.65,,70.9,EQ
04-06-2008,71.2,72.0,68.3,68.8,68.75,302.8,58.0,10476,736208.05,,70.28,EQ
05-06-2008,68.6,70.0,66.2,67.75,68.0,302.8,58.0,9532,644512.1,,67.62,EQ
06-06-2008,69.25,71.95,67.6,69.05,69.4,302.8,58.0,20498,1433917.8,,69.95,EQ
09-06-2008,66.0,67.8,64.1,66.7,67.0,302.8,58.0,8076,531156.25,,65.77,EQ
10-06-2008,65.0,66.7,64.05,64.75,64.5,302.8,58.0,7837,510730.2,,65.17,EQ
11-06-2008,64.8,68.25,64.5,67.3,68.0,302.8,58.0,8123,542447.65,,66.78,EQ
12-06-2008,67.3,68.0,63.35,67.25,65.75,302.8,58.0,4014,265904.35,,66.24,EQ
13-06-2008,67.95,68.95,65.15,65.65,65.6,302.8,58.0,10240,681104.9,,66.51,EQ
16-06-2008,66.6,71.0,66.6,67.2,67.1,302.8,58.0,12127,832545.25,,68.65,EQ
17-06-2008,67.0,70.0,66.0,68.9,69.95,302.8,58.0,8490,582571.2,,68.62,EQ
18-06-2008,69.0,71.0,67.1,68.2,68.0,302.8,58.0,12746,887778.95,,69.65,EQ
19-06-2008,67.5,68.5,66.0,66.4,66.0,302.8,58.0,6004,402589.25,,67.05,EQ
20-06-2008,66.0,67.2,63.0,63.6,64.85,302.8,58.0,6673,429130.35,,64.31,EQ
23-06-2008,60.55,62.2,59.0,59.7,60.25,302.8,58.0,9018,542103.65,,60.11,EQ
24-06-2008,58.0,58.9,57.0,58.45,57.95,302.8,57.0,12249,710990.8,,58.04,EQ
25-06-2008,58.4,61.0,57.8,59.5,61.0,302.8,57.0,5728,338392.3,,59.08,EQ
26-06-2008,61.45,65.0,60.6,61.0,60.7,302.8,57.0,9622,596598.8,,62.0,EQ
27-06-2008,59.1,59.9,57.5,59.1,58.5,302.8,57.0,6859,404756.05,,59.01,EQ
30-06-2008,57.05,59.0,56.1,57.45,57.0,244.9,56.1,10198,588121.0,,57.67,EQ
01-07-2008,55.1,56.0,52.1,53.95,55.0,244.9,52.1,13424,725274.6,,54.03,EQ
02-07-2008,52.2,56.0,50.1,53.8,54.0,244.9,50.1,7384,384555.75,,52.08,EQ
03-07-2008,52.1,52.7,50.2,50.55,51.0,244.9,50.1,9245,471496.35,,51.0,EQ
04-07-2008,52.45,52.5,50.1,51.4,51.9,244.9,50.1,3948,202738.8,,51.35,EQ
07-07-2008,52.95,55.4,52.0,54.1,53.2,230.0,50.1,12136,652641.15,,53.78,EQ
08-07-2008,52.8,62.8,52.05,58.5,59.0,230.0,50.1,65617,3912196.3,,59.62,EQ
09-07-2008,58.0,64.95,58.0,60.45,60.75,230.0,50.1,52097,3218053.35,,61.77,EQ
10-07-2008,58.5,62.4,58.1,60.0,58.1,230.0,50.1,15040,907660.65,,60.35,EQ
11-07-2008,59.7,60.75,57.05,57.8,57.5,230.0,50.1,7502,444638.05,,59.27,EQ
14-07-2008,58.55,59.9,56.5,59.25,59.3,224.7,50.1,6458,374714.65,,58.02,EQ
15-07-2008,56.15,57.45,56.0,56.4,56.5,224.7,50.1,2568,145063.8,,56.49,EQ
16-07-2008,56.05,56.7,52.1,53.8,53.5,224.7,50.1,5280,289636.2,,54.86,EQ
17-07-2008,55.95,55.95,52.05,54.2,55.0,224.7,50.1,7811,423318.0,,54.2,EQ
18-07-2008,55.0,57.5,54.0,56.3,55.65,224.7,50.1,5544,308413.35,,55.63,EQ
21-07-2008,57.85,60.4,55.0,58.3,58.85,222.75,50.1,10388,600300.5,,57.79,EQ
22-07-2008,58.75,60.75,56.1,57.05,56.55,222.75,50.1,7094,413219.15,,58.25,EQ
23-07-2008,58.9,62.45,56.5,60.8,60.7,222.75,50.1,20704,1249689.2,,60.36,EQ
24-07-2008,61.15,62.95,58.5,60.1,59.05,222.75,50.1,7898,483442.5,,61.21,EQ
25-07-2008,59.05,61.7,56.0,59.8,60.0,222.75,50.1,4535,265615.2,,58.57,EQ
28-07-2008,59.0,62.5,58.9,59.8,60.5,212.5,50.1,6248,379211.4,,60.69,EQ
29-07-2008,60.9,61.6,57.1,58.45,59.15,212.5,50.1,8054,481849.75,,59.83,EQ
30-07-2008,60.0,61.75,59.7,61.0,60.65,212.5,50.1,12704,774905.4,,61.0,EQ
31-07-2008,59.1,61.0,59.1,60.15,60.5,212.5,50.1,3274,196662.9,,60.07,EQ
01-08-2008,60.0,60.5,58.1,59.75,59.55,212.5,50.1,4101,243776.65,,59.44,EQ
04-08-2008,59.0,64.55,59.0,62.05,61.7,212.5,50.1,11518,716273.8,,62.19,EQ
05-08-2008,63.4,66.75,62.35,64.5,64.0,212.5,50.1,16078,1040089.4,,64.69,EQ
06-08-2008,65.0,66.25,62.5,63.25,62.6,212.5,50.1,7380,474241.05,,64.26,EQ
07-08-2008,63.45,65.8,62.1,62.85,63.6,212.5,50.1,10365,666341.4,,64.29,EQ
08-08-2008,60.0,63.45,60.0,62.85,62.8,212.5,50.1,4710,295371.1,,62.71,EQ
11-08-2008,64.8,65.5,63.1,63.55,63.7,208.0,50.1,8869,566420.7,,63.87,EQ
12-08-2008,64.0,65.35,63.25,63.6,63.3,208.0,50.1,6831,438497.9,,64.19,EQ
13-08-2008,63.0,76.35,62.6,76.35,76.35,208.0,50.1,141055,10382836.9,,73.61,EQ
14-08-2008,77.0,84.45,72.5,73.9,73.8,208.0,50.1,223947,17838016.35,,79.65,EQ
18-08-2008,79.0,79.0,70.0,71.75,71.65,208.0,50.1,28494,2070999.15,,72.68,EQ
19-08-2008,71.0,71.5,67.5,68.8,69.0,208.0,50.1,16255,1135637.6,,69.86,EQ
20-08-2008,69.8,82.6,69.8,80.7,80.8,208.0,50.1,171794,13475269.4,,78.44,EQ
21-08-2008,84.4,85.95,74.0,75.1,75.0,208.0,50.1,98875,7763960.65,,78.52,EQ
22-08-2008,74.0,74.0,71.35,71.35,71.35,208.0,50.1,4810,345235.8,,71.77,BE
25-08-2008,68.75,71.9,67.8,67.85,67.8,208.0,50.1,7357,507878.1,,69.03,BE
26-08-2008,71.2,71.2,64.5,66.4,66.95,208.0,50.1,3571,235191.0,,65.86,BE
27-08-2008,66.75,66.75,64.0,64.2,64.0,208.0,50.1,5840,378217.8,,64.76,BE
28-08-2008,66.8,66.8,61.1,62.35,65.0,208.0,50.1,4812,302318.9,,62.83,BE
29-08-2008,64.95,65.5,62.5,65.3,64.5,208.0,50.1,5150,333107.7,,64.68,BE
01-09-2008,64.9,65.35,62.1,63.3,64.3,208.0,50.1,2635,166935.2,,63.35,BE
02-09-2008,65.0,65.7,63.2,64.25,65.0,208.0,50.1,3972,257398.85,,64.8,BE
04-09-2008,62.6,65.7,61.25,63.0,63.0,208.0,50.1,3405,213701.85,,62.76,BE
05-09-2008,65.0,65.0,61.25,63.75,62.15,208.0,50.1,4709,298381.4,,63.36,BE
08-09-2008,65.65,65.65,63.1,63.45,64.6,202.2,50.1,4010,255637.25,,63.75,BE
09-09-2008,62.0,65.0,62.0,63.65,64.65,202.2,50.1,1859,118561.75,,63.78,BE
10-09-2008,64.6,64.6,62.0,62.0,62.0,202.2,50.1,3276,204607.15,,62.46,BE
11-09-2008,62.0,62.5,61.0,61.05,61.0,202.2,50.1,2395,147983.25,,61.79,BE
12-09-2008,61.0,63.0,59.1,60.15,59.1,202.2,50.1,4994,307548.3,,61.58,BE
15-09-2008,61.0,61.0,57.15,57.15,57.15,202.2,50.1,2222,127280.2,,57.28,BE
16-09-2008,56.0,56.0,54.3,55.4,55.5,202.2,50.1,3268,179005.35,,54.78,BE
17-09-2008,53.05,56.0,53.05,53.9,53.6,202.2,50.1,2804,152600.25,,54.42,BE
18-09-2008,53.0,54.8,51.2,53.95,52.65,202.2,50.1,3527,182280.2,,51.68,BE
19-09-2008,52.0,56.0,52.0,52.75,53.5,202.2,50.1,2047,108918.25,,53.21,BE
22-09-2008,54.95,54.95,52.2,52.75,53.0,191.85,50.1,2260,122142.65,,54.05,BE
23-09-2008,54.95,54.95,52.05,53.15,52.05,191.85,50.1,2453,129285.8,,52.71,BE
24-09-2008,53.95,54.0,51.1,52.15,52.15,191.85,50.1,1665,87803.85,,52.74,BE
25-09-2008,51.15,54.0,50.35,50.85,50.8,191.85,50.1,2192,112933.3,,51.52,BE
26-09-2008,48.5,52.9,48.5,49.55,50.5,191.85,48.5,2851,141321.0,,49.57,BE
29-09-2008,49.0,50.0,47.1,47.1,47.1,191.85,47.1,2749,130992.8,,47.65,BE
30-09-2008,45.0,46.75,44.75,46.25,46.25,191.85,44.75,2249,101422.3,,45.1,BE
01-10-2008,47.5,47.5,43.95,44.7,46.0,191.85,43.95,5144,228301.1,,44.38,BE
03-10-2008,46.9,46.9,42.5,44.0,44.0,191.85,42.5,2361,103277.2,,43.74,BE
06-10-2008,46.15,46.15,41.85,43.45,44.0,191.85,41.85,3335,143582.9,,43.05,BE
07-10-2008,42.0,44.3,41.3,42.0,42.0,191.85,41.3,3018,126486.75,,41.91,BE
08-10-2008,41.0,41.0,39.9,39.9,39.9,191.85,39.9,4955,198159.0,,39.99,BE
10-10-2008,38.0,41.0,37.9,37.9,37.9,191.85,37.9,1949,76714.3,,39.36,BE
13-10-2008,38.0,38.0,36.0,36.0,36.0,191.85,36.0,7044,259106.45,,36.78,BE
14-10-2008,36.9,37.8,35.25,35.5,35.3,191.85,35.25,5465,198801.8,,36.38,BE
15-10-2008,35.0,37.0,33.75,35.25,33.85,191.85,33.75,2486,86751.95,,34.9,BE
16-10-2008,34.0,35.0,33.5,33.85,33.6,191.85,33.5,2265,76274.9,,33.68,BE
17-10-2008,35.0,35.0,32.3,32.7,33.8,191.85,32.3,2815,93487.2,,33.21,BE
20-10-2008,31.1,33.9,31.1,31.2,31.2,191.85,31.1,2372,74716.5,,31.5,BE
21-10-2008,32.1,32.5,30.0,31.25,32.5,191.85,30.0,1392,44088.7,,31.67,BE
22-10-2008,32.5,32.5,31.0,32.0,31.0,191.85,30.0,976,31219.3,,31.99,BE
23-10-2008,31.0,31.85,30.4,31.75,31.75,191.85,30.0,1113,34401.15,,30.91,BE
24-10-2008,30.2,31.1,30.2,30.55,30.8,191.85,30.0,2410,73739.3,,30.6,BE
27-10-2008,29.35,29.5,29.05,29.05,29.05,191.85,29.05,733,21438.0,,29.25,BE
28-10-2008,28.75,30.5,28.1,29.2,30.45,191.85,28.1,1550,45097.3,,29.1,BE
29-10-2008,29.25,30.65,27.75,29.05,29.35,191.85,27.75,2412,68751.55,,28.5,BE
31-10-2008,29.5,29.5,27.75,28.25,27.8,191.85,27.75,2328,66179.8,,28.43,BE
03-11-2008,29.0,29.7,28.05,29.0,29.35,191.85,27.75,5538,161659.3,,29.19,BE
04-11-2008,28.5,30.45,28.5,29.3,29.5,191.85,27.75,6044,176664.5,,29.23,BE
05-11-2008,30.8,30.8,28.5,28.5,28.5,191.85,27.75,2440,71614.5,,29.35,BE
06-11-2008,29.75,29.75,27.5,27.7,28.0,191.85,27.5,1860,52413.7,,28.18,BE
07-11-2008,27.0,28.5,27.0,28.45,28.45,191.85,27.0,2045,57334.05,,28.04,BE
10-11-2008,28.9,29.5,27.1,27.3,27.3,191.85,27.0,4710,134601.95,,28.58,BE
11-11-2008,28.0,28.7,27.1,27.35,27.15,191.85,27.0,3284,92135.95,,28.06,BE
12-11-2008,28.4,28.75,26.3,27.9,28.5,191.85,26.3,1414,39615.75,,28.02,BE
14-11-2008,29.0,29.0,27.2,27.5,27.5,191.85,26.3,3760,106390.25,,28.3,BE
17-11-2008,28.0,28.0,26.75,27.0,26.85,191.85,26.3,1496,40381.8,,26.99,BE
18-11-2008,25.85,28.3,25.65,27.3,28.3,191.85,25.65,1438,37458.95,,26.05,BE
19-11-2008,25.95,27.25,25.95,25.95,25.95,191.85,25.65,925,24409.75,,26.39,BE
20-11-2008,24.9,26.9,24.65,24.7,24.7,191.85,24.65,2109,52763.35,,25.02,BE
21-11-2008,24.0,24.5,23.7,24.0,24.0,191.85,23.7,711,17310.0,,24.35,BE
24-11-2008,25.0,25.2,24.15,25.2,25.2,191.85,23.7,2892,72754.75,,25.16,BE
25-11-2008,25.5,26.4,24.3,24.35,24.35,191.85,23.7,1515,38359.95,,25.32,BE
26-11-2008,23.5,25.4,23.5,23.65,23.5,191.85,23.5,906,21987.0,,24.27,BE
28-11-2008,23.5,24.7,22.5,23.15,22.5,191.85,22.5,1771,40687.0,,22.97,BE
01-12-2008,24.0,24.0,22.6,22.75,22.6,191.85,22.5,2032,47901.7,,23.57,EQ
02-12-2008,22.0,23.3,21.65,22.25,21.9,191.85,21.65,3221,71409.1,,22.17,EQ
03-12-2008,23.0,23.15,22.15,22.9,22.9,191.85,21.65,841,19093.4,,22.7,EQ
04-12-2008,22.0,24.05,22.0,24.05,24.05,191.85,21.65,724,17205.65,,23.76,EQ
05-12-2008,25.0,25.25,24.5,25.25,25.25,191.85,21.65,1065,26626.25,,25.0,EQ
08-12-2008,26.45,26.5,25.35,25.9,25.6,191.85,21.65,2197,57141.95,,26.01,EQ
10-12-2008,26.0,27.0,24.65,26.55,26.55,191.85,21.65,3165,83753.35,,26.46,EQ
11-12-2008,26.15,27.85,25.5,27.3,27.3,191.85,21.65,3013,81675.55,,27.11,EQ
12-12-2008,26.6,28.45,26.6,28.4,28.45,191.85,21.65,1222,34420.75,,28.17,EQ
15-12-2008,29.0,29.85,29.0,29.6,29.55,191.85,21.65,899,26607.0,,29.6,EQ
16-12-2008,30.5,31.1,30.0,31.1,31.1,191.85,21.65,2139,66134.4,,30.92,EQ
17-12-2008,31.2,32.7,31.1,32.65,31.1,191.85,21.65,4447,145196.5,,32.65,EQ
18-12-2008,31.25,34.1,31.05,32.75,32.15,191.85,21.65,4913,159199.0,,32.4,EQ
19-12-2008,34.15,34.15,31.7,33.05,33.0,191.85,21.65,1638,54289.9,,33.14,EQ
22-12-2008,32.0,34.5,32.0,34.0,34.2,191.85,21.65,553,18672.7,,33.77,EQ
23-12-2008,34.0,34.5,32.3,32.65,32.6,191.85,21.65,1207,39780.75,,32.96,EQ
24-12-2008,32.35,32.5,31.05,31.3,32.1,191.85,21.65,1359,43147.6,,31.75,EQ
26-12-2008,32.1,32.1,29.75,29.95,29.75,191.85,21.65,1553,47351.95,,30.49,EQ
29-12-2008,28.45,29.35,28.45,28.5,28.45,191.85,21.65,478,13797.9,,28.87,BE
30-12-2008,28.45,29.7,27.1,29.0,29.0,191.85,21.65,626,17787.9,,28.42,BE
31-12-2008,28.45,30.45,28.45,29.4,29.4,191.85,21.65,682,20080.35,,29.44,BE
01-01-2009,29.9,30.85,29.85,30.4,30.25,191.85,21.65,762,23036.7,,30.23,BE
02-01-2009,30.9,31.95,30.15,31.4,31.4,191.85,21.65,1363,42903.05,,31.48,BE
05-01-2009,32.0,33.0,31.05,32.4,32.05,186.4,21.65,822,26555.8,,32.31,BE
06-01-2009,32.0,33.9,31.05,31.7,31.5,186.4,21.65,1592,51970.8,,32.64,BE
07-01-2009,31.0,33.0,30.15,31.7,31.7,186.4,21.65,952,29011.2,,30.47,BE
12-01-2009,30.15,30.15,30.15,30.15,30.15,179.0,21.65,26,783.9,,30.15,BE
13-01-2009,28.85,29.9,28.65,28.95,29.9,179.0,21.65,583,16792.0,,28.8,BE
14-01-2009,29.9,29.9,27.5,27.5,27.5,179.0,21.65,918,25477.7,,27.75,BE
15-01-2009,27.0,27.0,26.15,26.15,26.15,179.0,21.65,1339,35406.6,,26.44,BE
16-01-2009,25.25,27.5,25.0,27.5,27.5,179.0,21.65,2245,58025.75,,25.85,BE
19-01-2009,27.0,28.9,26.15,28.45,28.9,160.0,21.65,2057,55879.3,,27.17,BE
20-01-2009,27.05,29.9,27.05,28.65,28.75,160.0,21.65,2249,64896.0,,28.86,BE
21-01-2009,28.5,30.0,27.7,27.8,27.75,160.0,21.65,790,22561.0,,28.56,BE
22-01-2009,27.1,27.8,26.45,27.4,27.7,160.0,21.65,1494,40282.8,,26.96,BE
23-01-2009,26.3,27.5,26.1,26.7,26.7,160.0,21.65,447,11723.05,,26.23,BE
27-01-2009,27.9,28.0,25.4,25.5,25.5,138.0,21.65,1998,52550.0,,26.3,BE
28-01-2009,24.35,26.45,24.3,24.3,24.3,138.0,21.65,4226,103459.25,,24.48,BE
29-01-2009,25.5,25.5,24.65,25.5,25.5,138.0,21.65,780,19740.5,,25.31,BE
30-01-2009,26.7,26.75,25.05,26.7,26.7,138.0,21.65,1047,27485.85,,26.25,BE
02-02-2009,26.75,28.0,26.75,27.0,27.0,125.0,21.65,2086,57474.0,,27.55,BE
03-02-2009,26.05,28.35,25.85,27.8,27.8,125.0,21.65,943,25384.6,,26.92,BE
04-02-2009,27.3,28.0,27.3,27.5,27.4,125.0,21.65,2106,58222.9,,27.65,BE
05-02-2009,27.0,28.5,27.0,27.1,27.0,125.0,21.65,880,23912.5,,27.17,BE
06-02-2009,28.3,28.5,28.3,28.5,28.5,125.0,21.65,376,10701.05,,28.46,BE
09-02-2009,29.5,29.5,27.65,28.0,28.0,121.0,21.65,246,6865.65,,27.91,BE
10-02-2009,28.55,29.4,28.55,29.4,29.4,121.0,21.65,535,15625.5,,29.21,BE
11-02-2009,29.15,30.9,29.1,29.55,29.6,121.0,21.65,1596,47460.1,,29.74,BE
12-02-2009,28.75,30.0,28.6,29.95,29.95,121.0,21.65,1150,34205.0,,29.74,BE
13-02-2009,30.0,31.0,29.05,30.5,30.5,121.0,21.65,1785,54852.5,,30.73,BE
16-02-2009,29.9,29.9,29.0,29.0,29.0,113.0,21.65,1951,58047.4,,29.75,BE
17-02-2009,27.7,29.0,27.7,29.0,29.0,113.0,21.65,1080,30505.0,,28.25,BE
18-02-2009,27.55,28.3,27.55,28.3,28.3,113.0,21.65,320,9011.0,,28.16,BE
19-02-2009,29.0,29.0,28.15,28.15,28.15,113.0,21.65,330,9401.25,,28.49,BE
20-02-2009,27.05,28.0,26.75,27.7,28.0,113.0,21.65,1697,46036.85,,27.13,BE
24-02-2009,26.5,27.9,26.4,26.6,26.6,109.0,21.65,700,18720.0,,26.74,BE
25-02-2009,27.0,27.7,25.7,25.75,25.75,109.0,21.65,781,20543.8,,26.3,BE
26-02-2009,25.7,27.0,25.35,26.15,26.45,109.0,21.65,1435,37148.55,,25.89,BE
27-02-2009,26.0,26.0,25.5,26.0,26.0,109.0,21.65,2601,67601.0,,25.99,BE
02-03-2009,25.5,25.5,24.7,25.2,25.3,108.0,21.65,2940,73614.15,,25.04,EQ
03-03-2009,25.3,26.0,24.6,25.4,25.4,108.0,21.65,399,10039.15,,25.16,EQ
04-03-2009,25.95,26.7,24.7,25.9,26.7,108.0,21.65,3009,77914.15,,25.89,EQ
05-03-2009,26.05,27.2,25.65,26.95,27.0,108.0,21.65,634,16847.8,,26.57,EQ
06-03-2009,26.5,27.85,24.25,25.2,25.0,108.0,21.65,3301,84239.85,,25.52,EQ
09-03-2009,25.3,25.3,23.5,23.55,23.55,108.0,21.65,3771,90111.5,,23.9,EQ
12-03-2009,23.6,25.95,23.6,25.65,25.8,108.0,21.65,13254,338617.8,,25.55,EQ
13-03-2009,25.75,28.0,25.05,25.7,26.5,108.0,21.65,3150,84320.2,,26.77,EQ
16-03-2009,25.55,27.4,25.55,26.15,25.65,108.0,21.65,9684,259315.2,,26.78,EQ
17-03-2009,24.7,27.75,24.7,27.25,27.0,108.0,21.65,5427,146773.3,,27.05,EQ
18-03-2009,26.3,28.4,26.3,27.55,28.0,108.0,21.65,2250,62256.8,,27.67,EQ
19-03-2009,27.05,29.9,26.0,28.05,27.7,108.0,21.65,9321,265565.55,,28.49,EQ
20-03-2009,29.5,29.5,26.8,28.05,28.6,108.0,21.65,1725,47699.35,,27.65,EQ
23-03-2009,27.7,28.8,26.9,27.0,27.0,108.0,21.65,3319,90933.85,,27.4,EQ
24-03-2009,26.3,26.9,25.35,25.8,25.9,108.0,21.65,4976,130836.6,,26.29,EQ
25-03-2009,24.9,25.25,24.0,24.35,24.6,108.0,21.65,3512,86990.1,,24.77,EQ
26-03-2009,26.0,26.0,22.05,24.45,24.5,108.0,21.65,4258,102146.2,,23.99,EQ
27-03-2009,24.5,25.5,24.5,24.95,24.5,108.0,21.65,4957,123118.2,,24.84,EQ
30-03-2009,25.0,26.7,24.55,24.75,24.65,108.0,21.65,1812,45534.65,,25.13,EQ
31-03-2009,24.25,26.2,24.25,25.0,25.0,108.0,21.65,1105,27610.8,,24.99,EQ
01-04-2009,24.0,25.75,24.0,25.25,24.95,108.0,21.65,3080,77649.2,,25.21,EQ
02-04-2009,25.45,27.8,25.25,27.8,27.8,108.0,21.65,7416,200436.1,,27.03,EQ
06-04-2009,30.6,30.6,27.45,28.45,28.25,108.0,21.65,5885,168098.35,,28.56,EQ
08-04-2009,29.0,29.75,28.0,29.05,29.45,108.0,21.65,2960,85324.9,,28.83,EQ
09-04-2009,29.0,29.7,28.35,29.1,29.25,108.0,21.65,3515,101306.65,,28.82,EQ
13-04-2009,31.8,32.05,29.0,32.05,32.05,108.0,21.65,8189,257181.9,,31.41,EQ
15-04-2009,32.05,33.6,32.0,32.95,33.0,108.0,21.65,9055,297716.1,,32.88,EQ
16-04-2009,33.0,34.35,31.3,31.3,31.3,108.0,21.65,3841,124750.25,,32.48,EQ
17-04-2009,30.25,32.4,30.25,30.5,30.5,108.0,21.65,4522,143186.95,,31.66,EQ
20-04-2009,30.0,31.0,29.0,29.25,29.0,108.0,21.65,5491,161669.75,,29.44,EQ
21-04-2009,28.0,29.75,28.0,28.3,28.3,108.0,21.65,1044,29876.35,,28.62,EQ
22-04-2009,29.75,29.75,28.55,29.5,29.65,108.0,21.65,5047,148194.4,,29.36,EQ
23-04-2009,30.25,30.25,28.2,29.8,29.8,108.0,21.65,1158,33935.95,,29.31,EQ
24-04-2009,29.3,29.4,28.35,28.8,28.6,108.0,21.65,5604,160663.75,,28.67,EQ
27-04-2009,28.5,30.2,28.5,29.85,30.2,103.5,21.65,2014,58781.55,,29.19,EQ
28-04-2009,29.1,29.95,28.5,28.8,28.8,103.5,21.65,2363,68479.0,,28.98,EQ
29-04-2009,28.0,30.0,27.5,28.85,29.1,103.5,21.65,3933,113710.5,,28.91,EQ
04-05-2009,29.9,30.0,28.75,28.8,28.8,103.5,21.65,2176,63969.2,,29.4,EQ
05-05-2009,29.0,30.0,28.5,29.6,29.95,103.5,21.65,2693,79204.45,,29.41,EQ
06-05-2009,29.05,29.9,28.7,29.35,29.7,103.5,21.65,331,9629.95,,29.09,EQ
07-05-2009,30.25,30.7,29.0,29.75,30.3,103.5,21.65,6945,210547.0,,30.32,EQ
08-05-2009,29.1,30.75,29.1,30.1,30.0,103.5,21.65,1868,55902.5,,29.93,EQ
11-05-2009,29.5,30.6,29.5,29.65,29.5,90.5,21.65,3056,91188.95,,29.84,EQ
12-05-2009,28.25,30.75,28.25,29.7,29.0,90.5,21.65,2139,64064.35,,29.95,EQ
13-05-2009,29.8,30.0,27.55,29.6,29.6,90.5,21.65,3005,86602.55,,28.82,EQ
14-05-2009,30.0,30.0,28.5,29.8,29.8,90.5,21.65,863,25539.15,,29.59,EQ
15-05-2009,28.7,31.75,28.7,29.7,29.25,90.5,21.65,3405,100973.05,,29.65,EQ
19-05-2009,32.0,32.7,31.0,32.1,32.7,88.95,21.65,7554,244841.4,,32.41,EQ
20-05-2009,32.7,35.35,30.15,35.35,35.35,88.95,21.65,2638,90286.65,,34.23,EQ
21-05-2009,36.25,38.9,36.0,38.9,38.9,88.95,21.65,12094,466015.65,,38.53,EQ
22-05-2009,40.0,40.85,39.5,40.85,40.85,88.95,21.65,8895,360518.8,,40.53,EQ
25-05-2009,40.85,42.9,40.85,42.9,42.9,85.95,21.65,2183,93253.45,,42.72,EQ
26-05-2009,45.05,45.05,40.85,43.25,43.7,85.95,21.65,9049,396500.4,,43.82,EQ
27-05-2009,43.7,45.45,42.0,44.45,44.55,85.95,21.65,10443,463162.65,,44.35,EQ
28-05-2009,45.7,45.7,42.4,43.85,43.5,85.95,21.65,7686,339771.25,,44.21,EQ
29-05-2009,45.95,46.05,41.7,44.6,44.8,85.95,21.65,4943,219948.0,,44.5,BE
01-06-2009,45.0,46.8,42.65,46.15,45.05,85.95,21.65,8629,388761.45,,45.05,BE
02-06-2009,45.0,48.45,44.0,47.9,47.9,85.95,21.65,7943,366260.45,,46.11,BE
03-06-2009,47.8,48.8,46.1,46.65,46.15,85.95,21.65,6329,301631.05,,47.66,BE
04-06-2009,46.75,48.0,46.7,47.7,48.0,85.95,21.65,2601,122744.8,,47.19,BE
05-06-2009,48.8,50.1,48.8,50.1,50.1,85.95,21.65,9921,492726.95,,49.67,BE
08-06-2009,50.1,51.95,47.6,47.6,47.6,85.95,21.65,3477,168585.8,,48.49,BE
09-06-2009,45.25,46.0,45.25,45.25,45.25,85.95,21.65,4242,191969.25,,45.25,BE
10-06-2009,45.3,46.0,44.0,45.7,45.75,85.95,21.65,5240,235791.1,,45.0,BE
11-06-2009,43.55,45.7,43.45,43.45,43.45,85.95,21.65,2647,117535.9,,44.4,BE
12-06-2009,45.3,45.4,41.4,41.7,41.7,85.95,21.65,2258,95658.8,,42.36,BE
15-06-2009,41.0,41.0,40.0,40.25,40.05,85.95,21.65,1161,46803.05,,40.31,BE
16-06-2009,39.0,42.0,38.25,40.0,40.9,85.95,21.65,875,34418.0,,39.33,BE
17-06-2009,41.45,42.0,39.0,39.45,39.15,85.95,21.65,1235,49805.9,,40.33,BE
18-06-2009,38.5,39.9,37.5,38.95,39.9,85.95,21.65,2727,103853.15,,38.08,BE
19-06-2009,38.5,39.8,37.0,37.8,38.0,85.95,21.65,1924,72801.1,,37.84,BE
22-06-2009,37.5,39.3,36.9,38.55,37.6,85.95,21.65,3883,149531.2,,38.51,BE
23-06-2009,36.65,38.65,36.65,38.65,38.65,85.95,21.65,1060,39791.0,,37.54,BE
24-06-2009,39.8,39.8,37.05,37.55,37.55,85.95,21.65,1580,60610.3,,38.36,BE
25-06-2009,38.9,38.9,37.05,38.5,38.45,85.95,21.65,1966,75362.35,,38.33,BE
26-06-2009,38.4,40.4,38.0,38.3,38.0,85.95,21.65,3836,150491.2,,39.23,BE
29-06-2009,38.0,40.2,38.0,40.0,40.0,85.95,21.65,886,35289.3,,39.83,BE
30-06-2009,39.7,40.95,38.8,40.9,40.9,85.95,21.65,890,35694.05,,40.11,BE
01-07-2009,38.85,41.0,38.85,41.0,41.0,85.95,21.65,930,37544.5,,40.37,BE
02-07-2009,42.0,42.0,39.0,39.4,39.0,85.95,21.65,664,27112.5,,40.83,BE
03-07-2009,38.85,40.45,37.45,37.8,38.8,85.95,21.65,2919,112755.4,,38.63,BE
06-07-2009,38.0,39.7,38.0,39.2,39.15,85.95,21.65,3779,147213.5,,38.96,BE
07-07-2009,37.35,39.35,37.3,38.25,37.35,85.95,21.65,797,30248.1,,37.95,BE
08-07-2009,38.0,38.0,37.0,37.1,37.1,85.95,21.65,699,26060.05,,37.28,BE
09-07-2009,36.0,37.0,35.6,36.5,36.5,85.95,21.65,1290,46487.0,,36.04,BE
10-07-2009,37.0,37.0,35.5,35.65,35.5,85.95,21.65,508,18251.0,,35.93,BE
13-07-2009,35.0,36.8,34.0,35.45,35.45,85.95,21.65,131,4520.1,,34.5,BE
14-07-2009,35.0,36.85,33.7,34.2,34.0,85.95,21.65,2978,103734.1,,34.83,BE
15-07-2009,33.25,35.85,33.2,35.15,34.5,85.95,21.65,1005,34040.5,,33.87,BE
16-07-2009,34.1,36.85,34.1,35.1,35.1,85.95,21.65,274,9696.15,,35.39,BE
17-07-2009,35.5,36.85,34.55,34.7,34.7,85.95,21.65,863,30604.6,,35.46,BE
20-07-2009,36.0,36.3,34.0,35.25,35.25,85.95,21.65,1665,58284.45,,35.01,BE
21-07-2009,35.5,36.75,35.25,35.5,35.5,85.95,21.65,1580,56827.5,,35.97,BE
22-07-2009,35.5,37.3,35.5,35.7,35.7,85.95,21.65,1825,66307.0,,36.33,BE
23-07-2009,35.5,37.25,35.5,35.7,37.0,85.95,21.65,1882,67448.55,,35.84,BE
24-07-2009,37.0,37.5,34.35,37.35,37.5,85.95,21.65,4634,170779.95,,36.85,BE
27-07-2009,35.6,39.2,35.5,38.0,38.0,85.95,21.65,2517,96881.1,,38.49,BE
28-07-2009,37.9,39.65,37.0,39.0,39.0,85.95,21.65,950,36432.1,,38.35,BE
29-07-2009,39.95,40.2,37.6,38.2,39.45,85.95,21.65,1283,50774.8,,39.58,BE
30-07-2009,39.35,40.0,38.05,38.7,38.9,85.95,21.65,1924,74281.1,,38.61,BE
31-07-2009,40.65,40.65,40.65,40.65,40.65,85.95,21.65,1407,57194.55,,40.65,BE
03-08-2009,42.7,42.7,42.7,42.7,42.7,85.95,21.65,6004,256370.8,,42.7,BE
04-08-2009,44.85,44.85,44.85,44.85,44.85,85.95,21.65,2732,122530.2,,44.85,BE
05-08-2009,47.1,47.1,44.1,47.0,47.1,85.95,21.65,13927,649448.75,,46.63,BE
06-08-2009,47.8,49.35,47.8,49.35,49.35,85.95,21.65,6373,314046.3,,49.28,BE
07-08-2009,51.85,51.85,51.85,51.85,51.85,85.95,21.65,8524,441969.4,,51.85,BE
10-08-2009,54.45,54.45,51.1,52.05,51.3,85.95,21.65,19235,1031738.5,,53.64,BE
11-08-2009,53.5,53.5,49.5,50.9,51.0,85.95,21.65,5597,288360.15,,51.52,BE
12-08-2009,49.5,50.9,48.35,50.35,50.4,85.95,21.65,1427,70002.15,,49.06,BE
13-08-2009,48.05,52.0,48.05,49.5,49.0,85.95,21.65,2820,141789.9,,50.28,BE
14-08-2009,49.0,49.5,47.05,48.1,48.75,85.95,21.65,3428,167249.85,,48.79,BE
17-08-2009,50.0,50.55,48.05,48.15,48.05,85.95,21.65,5329,263915.0,,49.52,BE
18-08-2009,47.0,50.6,47.0,48.2,49.95,85.95,21.65,5517,271601.25,,49.23,BE
19-08-2009,50.0,50.65,49.5,49.5,49.5,85.95,21.65,2000,100682.3,,50.34,BE
20-08-2009,47.1,50.0,47.1,49.0,49.0,85.95,21.65,1149,56354.55,,49.05,BE
21-08-2009,46.6,51.0,46.6,48.5,49.0,85.95,21.65,5551,277358.95,,49.97,BE
24-08-2009,46.75,50.9,46.75,49.7,49.1,71.9,21.65,5850,291656.5,,49.86,BE
25-08-2009,47.5,50.45,47.5,49.7,49.5,71.9,21.65,1413,70100.5,,49.61,BE
26-08-2009,49.5,51.5,48.5,51.25,51.0,71.9,21.65,4047,204607.35,,50.56,BE
27-08-2009,50.1,53.85,50.1,53.85,53.85,71.9,21.65,9828,523654.45,,53.28,BE
28-08-2009,56.55,56.55,56.55,56.55,56.55,71.9,21.65,4220,238641.0,,56.55,BE
31-08-2009,59.4,59.4,59.4,59.4,59.4,65.7,21.65,4544,269913.6,,59.4,BE
01-09-2009,62.4,62.4,62.4,62.4,62.4,65.7,21.65,5743,358363.2,,62.4,BE
02-09-2009,65.45,65.55,59.3,60.55,61.9,65.7,21.65,23292,1476115.85,,63.37,BE
03-09-2009,62.0,62.0,57.55,58.5,58.5,65.7,21.65,2885,170381.0,,59.06,BE
04-09-2009,59.0,59.0,56.1,58.9,58.8,65.7,21.65,2310,133055.35,,57.6,BE
07-09-2009,58.0,61.8,57.0,60.3,60.3,65.65,21.65,8910,531429.1,,59.64,BE
08-09-2009,63.0,63.2,59.0,60.8,59.65,65.65,21.65,4327,264541.0,,61.14,BE
09-09-2009,60.0,62.5,60.0,60.5,60.5,65.65,21.65,1873,114600.4,,61.19,BE
10-09-2009,60.0,61.85,57.6,60.45,60.45,65.65,21.65,3226,192892.35,,59.79,BE
11-09-2009,57.65,62.0,57.5,59.35,59.4,65.65,21.65,3361,198786.8,,59.15,BE
14-09-2009,60.0,62.2,57.0,62.0,62.1,65.55,21.65,5156,313965.0,,60.89,BE
15-09-2009,60.0,62.0,58.9,58.9,58.9,65.55,21.65,5930,357784.35,,60.33,BE
16-09-2009,56.05,60.75,55.95,56.5,55.95,65.55,21.65,10081,574186.2,,56.96,BE
17-09-2009,57.95,57.95,53.7,55.1,55.75,65.55,21.65,11450,627304.55,,54.79,BE
18-09-2009,55.55,57.4,53.25,56.0,56.0,65.55,21.65,2489,138011.65,,55.45,BE
22-09-2009,55.0,56.9,54.2,55.05,54.25,65.55,21.65,2577,142648.1,,55.35,BE
23-09-2009,52.3,56.0,52.3,53.65,53.65,65.55,21.65,2550,139060.8,,54.53,BE
24-09-2009,53.8,55.55,51.5,55.1,55.15,65.55,21.65,3627,197259.65,,54.39,BE
25-09-2009,54.0,55.8,54.0,54.7,54.25,65.55,21.65,1384,75555.9,,54.59,BE
29-09-2009,54.25,55.5,52.4,54.65,55.5,65.55,21.65,1704,92941.55,,54.54,BE
30-09-2009,55.0,56.1,53.25,55.2,55.0,65.55,21.65,5858,323290.25,,55.19,BE
01-10-2009,55.0,55.0,53.55,54.3,54.95,65.55,21.65,2649,143844.45,,54.3,BE
05-10-2009,53.1,57.05,53.1,54.75,54.1,65.55,21.65,1012,55861.4,,55.2,BE
06-10-2009,52.2,55.5,52.15,52.9,52.9,65.55,21.65,4017,213817.25,,53.23,BE
07-10-2009,53.05,54.45,51.0,52.95,52.95,65.55,21.65,1880,99275.1,,52.81,BE
08-10-2009,51.1,54.0,51.1,51.55,52.8,65.55,21.65,2999,157051.45,,52.37,BE
09-10-2009,52.0,52.95,50.1,50.65,51.45,65.55,21.65,2533,130370.3,,51.47,BE
12-10-2009,48.95,50.6,48.9,50.55,50.6,65.55,21.65,3565,178109.75,,49.96,BE
14-10-2009,48.6,52.7,48.6,49.8,51.5,65.55,21.65,1562,79031.65,,50.6,BE
15-10-2009,50.0,52.25,50.0,50.6,50.6,65.55,21.65,1871,96230.95,,51.43,BE
16-10-2009,49.8,52.0,49.8,50.6,50.65,65.55,21.65,776,39269.8,,50.61,BE
17-10-2009,50.0,53.15,50.0,53.0,53.15,65.55,21.65,1039,54416.15,,52.37,BE
20-10-2009,54.3,55.6,54.3,55.55,55.55,65.55,21.65,6402,351513.9,,54.91,BE
21-10-2009,56.0,57.0,54.0,56.5,56.5,65.55,21.65,3705,206781.7,,55.81,BE
22-10-2009,56.0,56.0,54.2,54.4,54.2,65.55,21.65,1971,108514.55,,55.06,BE
23-10-2009,55.0,55.0,52.25,53.4,53.0,65.55,21.65,2766,148667.15,,53.75,BE
26-10-2009,54.0,54.2,51.5,52.9,52.8,65.55,21.65,4013,212218.75,,52.88,BE
27-10-2009,51.25,53.85,50.75,51.0,50.75,65.55,21.65,3597,185073.55,,51.45,BE
28-10-2009,49.5,51.8,48.5,50.15,50.0,65.55,21.65,1811,89390.35,,49.36,BE
29-10-2009,48.3,50.65,47.65,47.65,47.65,65.55,21.65,3553,172535.45,,48.56,BE
30-10-2009,45.3,45.3,45.3,45.3,45.3,65.55,21.65,6123,277371.9,,45.3,BE
03-11-2009,43.05,43.05,43.05,43.05,43.05,65.55,21.65,5702,245471.1,,43.05,BE
04-11-2009,40.9,43.45,40.9,41.3,40.9,65.55,21.65,5935,246413.2,,41.52,BE
05-11-2009,41.4,43.05,40.0,41.4,41.55,65.55,21.65,1764,71262.25,,40.4,BE
06-11-2009,41.4,43.15,40.05,40.85,41.0,65.55,21.65,5746,237672.7,,41.36,BE
09-11-2009,41.0,42.85,40.6,42.85,42.85,65.55,21.65,2555,106419.4,,41.65,BE
10-11-2009,44.95,44.95,41.15,42.6,44.05,65.55,21.65,2610,112412.5,,43.07,BE
11-11-2009,42.8,42.8,40.8,41.6,42.0,65.55,21.65,2743,113985.85,,41.56,BE
12-11-2009,42.0,42.5,40.35,40.95,40.6,65.55,21.65,1140,47238.0,,41.44,BE
13-11-2009,40.05,42.45,40.05,41.1,41.1,65.55,21.65,1763,73404.05,,41.64,BE
16-11-2009,42.0,43.2,41.1,41.95,42.0,65.55,21.65,1455,60826.9,,41.81,BE
17-11-2009,40.6,42.4,40.6,41.9,42.4,65.55,21.65,1483,61960.7,,41.78,BE
18-11-2009,40.6,43.4,40.6,42.65,43.4,65.55,21.65,2752,116898.65,,42.48,BE
19-11-2009,43.5,44.8,43.0,44.45,43.85,65.55,21.65,5711,251681.55,,44.07,BE
20-11-2009,45.0,46.7,43.05,45.7,45.55,65.55,21.65,5931,272323.4,,45.92,EQ
23-11-2009,46.5,47.8,45.75,46.4,46.15,65.55,21.65,4972,232507.1,,46.76,EQ
24-11-2009,45.65,45.75,44.2,45.05,44.6,65.55,21.65,4928,221321.95,,44.91,EQ
25-11-2009,46.0,46.0,43.6,43.7,43.7,65.55,21.65,1894,83546.65,,44.11,EQ
26-11-2009,43.7,44.35,42.55,42.6,42.6,65.55,21.65,959,41607.3,,43.39,EQ
27-11-2009,43.9,43.9,40.6,41.3,41.1,65.55,21.65,2306,95728.75,,41.51,EQ
30-11-2009,42.9,42.9,42.0,42.55,42.55,65.55,21.65,3404,144213.0,,42.37,EQ
01-12-2009,42.6,43.85,41.15,42.3,42.3,65.55,21.65,7640,319161.2,,41.78,EQ
02-12-2009,42.5,44.0,40.2,43.15,43.5,65.55,21.65,7402,314706.1,,42.52,EQ
03-12-2009,43.25,45.35,43.25,45.25,45.35,65.55,21.65,7019,313888.2,,44.72,EQ
04-12-2009,44.9,46.0,44.25,44.4,45.0,65.55,21.65,4211,190439.6,,45.22,EQ
07-12-2009,45.0,45.8,44.2,45.25,45.75,65.55,22.05,3333,149632.8,,44.89,EQ
08-12-2009,45.95,46.45,44.2,45.1,44.75,65.55,22.05,4214,190736.35,,45.26,EQ
09-12-2009,45.5,46.0,44.75,45.55,45.5,65.55,22.05,2822,128175.9,,45.42,EQ
10-12-2009,45.05,45.4,44.0,44.75,44.75,65.55,22.05,1602,71533.8,,44.65,EQ
11-12-2009,46.0,47.0,44.5,44.65,44.6,65.55,22.05,3874,176035.8,,45.44,EQ
14-12-2009,44.0,44.65,43.5,44.15,44.05,65.55,22.05,1620,71684.5,,44.25,EQ
15-12-2009,44.2,44.95,43.05,43.75,44.35,65.55,22.05,1920,84529.85,,44.03,EQ
16-12-2009,43.05,44.2,43.05,43.45,43.55,65.55,22.05,1059,46187.95,,43.61,EQ
17-12-2009,43.4,44.25,43.1,43.55,43.85,65.55,22.05,1807,78494.45,,43.44,EQ
18-12-2009,43.1,43.9,42.35,43.3,43.0,65.55,22.05,665,28731.3,,43.2,EQ
21-12-2009,42.2,45.0,42.1,43.4,43.0,65.55,22.05,2295,99815.1,,43.49,EQ
22-12-2009,43.4,44.0,43.25,43.7,43.25,65.55,22.05,1123,48936.8,,43.58,EQ
23-12-2009,42.6,45.9,42.6,43.9,43.75,65.55,22.05,2694,119322.25,,44.29,EQ
24-12-2009,45.4,45.4,43.65,44.25,44.05,65.55,22.05,1601,70489.0,,44.03,EQ
29-12-2009,44.35,44.95,43.65,43.7,43.75,65.55,22.05,5629,248927.85,,44.22,EQ
30-12-2009,43.7,44.95,43.15,43.4,43.85,65.55,22.05,4722,207830.7,,44.01,EQ
31-12-2009,44.3,44.8,44.05,44.2,44.05,65.55,22.05,4755,211071.45,,44.39,EQ
04-01-2010,43.8,46.45,43.8,46.45,46.45,65.55,22.05,6004,276274.6,,46.02,EQ
05-01-2010,48.7,48.7,46.4,46.8,46.75,65.55,22.05,4865,232033.4,,47.69,EQ
06-01-2010,45.8,48.5,45.8,47.1,46.6,65.55,22.05,1840,87098.8,,47.34,EQ
07-01-2010,47.8,48.4,47.0,48.05,48.4,65.55,22.05,3498,167431.0,,47.86,EQ
08-01-2010,48.1,50.6,48.0,48.85,48.6,65.55,22.05,7600,377505.8,,49.67,EQ
11-01-2010,48.85,52.7,48.85,51.2,52.0,65.55,22.05,9617,494232.25,,51.39,EQ
12-01-2010,50.55,54.4,50.55,51.5,51.0,65.55,22.05,8446,443820.4,,52.55,EQ
13-01-2010,54.6,54.85,51.1,51.5,51.5,65.55,22.05,8580,449198.4,,52.35,EQ
14-01-2010,52.0,54.3,51.8,53.1,53.2,65.55,22.05,5965,317471.35,,53.22,EQ
15-01-2010,52.3,53.8,50.5,51.55,50.8,65.55,22.05,2457,127457.8,,51.88,EQ
18-01-2010,50.2,52.8,50.2,51.95,52.5,65.55,22.05,3389,175290.35,,51.72,EQ
19-01-2010,52.1,54.25,52.0,52.6,53.0,65.55,22.05,5615,296311.55,,52.77,EQ
20-01-2010,51.5,53.0,51.5,51.9,51.5,65.55,22.05,2125,110430.1,,51.97,EQ
21-01-2010,50.95,51.3,46.75,48.2,47.65,65.55,22.05,4064,198472.0,,48.84,EQ
22-01-2010,47.6,47.6,44.05,46.1,46.1,65.55,22.05,9769,447002.0,,45.76,EQ
25-01-2010,46.1,48.05,45.75,46.0,46.45,65.55,22.05,2783,129481.55,,46.53,EQ
27-01-2010,46.1,48.65,44.05,44.3,44.7,65.55,22.05,6157,282133.1,,45.82,EQ
28-01-2010,46.55,46.55,43.9,44.0,43.9,65.55,22.05,3666,165914.4,,45.26,EQ
29-01-2010,42.0,44.6,42.0,43.0,42.65,65.55,22.05,2472,107308.3,,43.41,EQ
01-02-2010,42.3,46.0,42.3,45.35,45.0,65.55,22.05,1744,78946.65,,45.27,EQ
02-02-2010,49.0,49.0,44.0,45.85,46.45,65.55,22.05,2342,107676.95,,45.98,EQ
03-02-2010,44.0,46.45,44.0,45.4,45.5,65.55,22.05,987,44907.15,,45.5,EQ
04-02-2010,44.35,47.9,44.3,45.15,45.7,65.55,22.05,3425,157468.45,,45.98,EQ
05-02-2010,44.7,44.7,41.5,43.35,43.55,65.55,22.05,21841,929657.3,,42.56,EQ
06-02-2010,45.9,46.5,42.55,43.85,45.0,65.55,22.05,596,26398.55,,44.29,EQ
08-02-2010,45.0,45.5,43.2,43.65,43.65,65.55,22.05,2072,92490.95,,44.64,EQ
09-02-2010,43.35,44.9,43.05,43.25,43.25,65.55,22.05,780,34057.5,,43.66,EQ
10-02-2010,43.2,44.5,43.0,43.0,43.0,65.55,22.05,2373,103094.75,,43.44,EQ
11-02-2010,42.05,44.4,42.05,43.6,43.95,65.55,22.05,1080,46977.6,,43.5,EQ
15-02-2010,43.0,43.65,43.0,43.3,43.05,65.55,22.05,2543,109973.6,,43.25,EQ
16-02-2010,42.2,43.5,42.15,42.8,42.8,65.55,22.05,2413,103896.35,,43.06,EQ
17-02-2010,42.3,44.45,42.3,43.2,42.5,65.55,22.05,2205,95217.55,,43.18,EQ
18-02-2010,42.3,46.95,42.3,43.5,43.0,65.55,22.05,13351,595970.55,,44.64,EQ
19-02-2010,42.5,43.75,42.5,42.6,42.6,65.55,22.05,1780,76211.65,,42.82,EQ
22-02-2010,44.0,45.8,43.75,44.05,44.0,65.55,22.05,5331,236185.0,,44.3,EQ
23-02-2010,43.3,44.0,42.55,43.1,42.55,65.55,22.05,1736,75707.6,,43.61,EQ
24-02-2010,42.3,42.7,42.0,42.15,42.0,65.55,22.05,1025,43444.9,,42.39,EQ
25-02-2010,42.25,43.8,42.0,42.2,42.2,65.55,22.05,948,40318.3,,42.53,EQ
26-02-2010,42.05,43.0,41.75,42.15,42.0,65.55,22.05,1876,79459.7,,42.36,EQ
02-03-2010,42.5,44.0,42.5,42.6,42.6,65.55,22.05,5835,251811.25,,43.16,EQ
03-03-2010,42.85,44.0,42.55,43.35,43.75,65.55,22.05,2551,110349.9,,43.26,EQ
04-03-2010,43.8,44.5,43.0,44.25,43.6,65.55,22.05,2399,105403.55,,43.94,EQ
05-03-2010,47.5,48.7,45.15,48.7,48.7,65.55,22.05,33167,1588307.2,,47.89,EQ
08-03-2010,53.0,57.75,52.0,55.4,55.0,65.55,22.05,227868,12754754.35,,55.97,EQ
09-03-2010,56.0,56.0,50.5,51.7,52.85,65.55,22.05,61828,3260573.95,,52.74,EQ
10-03-2010,51.95,61.5,49.65,60.9,61.0,65.55,22.05,559817,33244552.05,,59.38,EQ
11-03-2010,60.0,63.8,57.8,58.7,58.3,65.55,22.05,297479,18336410.85,,61.64,EQ
12-03-2010,59.0,60.0,53.6,55.75,54.5,65.55,22.05,43322,2457181.85,,56.72,EQ
15-03-2010,54.55,57.4,54.55,55.25,54.6,65.55,22.05,45714,2558773.2,,55.97,EQ
16-03-2010,53.5,55.0,52.2,53.05,52.2,65.55,22.05,50980,2728240.9,,53.52,EQ
17-03-2010,53.9,62.0,53.0,53.9,53.75,65.55,22.05,84834,4791945.7,,56.49,EQ
18-03-2010,55.5,57.0,52.4,52.8,53.1,65.55,22.05,33677,1819159.4,,54.02,EQ
19-03-2010,52.0,53.1,51.5,52.15,52.9,65.55,22.05,9721,506449.4,,52.1,BE
22-03-2010,50.1,54.75,49.75,54.3,54.4,65.55,22.05,12070,630197.5,,52.21,BE
23-03-2010,52.0,56.7,52.0,54.0,54.0,65.55,22.05,20624,1126024.7,,54.6,BE
25-03-2010,52.9,54.75,52.6,54.35,54.65,65.55,22.05,22576,1220495.8,,54.06,BE
26-03-2010,52.0,53.5,51.65,51.65,51.65,65.55,22.05,7184,373725.85,,52.02,BE
29-03-2010,50.1,53.9,49.1,49.3,49.25,65.55,24.0,14302,718673.0,,50.25,BE
30-03-2010,47.35,50.0,47.35,48.9,48.6,65.55,24.0,2007,97923.55,,48.79,BE
31-03-2010,49.0,49.5,47.0,47.6,48.1,65.55,24.0,4353,207539.5,,47.68,BE
01-04-2010,47.05,50.0,47.05,48.45,48.45,65.55,24.0,3594,175727.1,,48.89,BE
05-04-2010,48.0,49.9,48.0,49.5,49.1,65.55,27.45,3733,183573.4,,49.18,BE
06-04-2010,50.9,51.7,49.2,50.0,50.0,65.55,27.45,2600,131557.75,,50.6,BE
07-04-2010,49.5,52.35,49.5,50.7,50.0,65.55,27.45,3277,164734.75,,50.27,BE
08-04-2010,50.7,51.8,50.0,51.0,51.0,65.55,27.45,1637,83430.5,,50.97,BE
09-04-2010,52.35,52.35,50.1,50.6,51.5,65.55,27.45,3936,202208.35,,51.37,BE
12-04-2010,52.0,52.0,49.1,51.0,51.0,65.55,27.5,1896,96778.1,,51.04,BE
13-04-2010,50.1,52.0,50.1,50.1,50.1,65.55,27.5,2072,104293.65,,50.33,BE
15-04-2010,50.0,51.6,48.2,49.9,49.5,65.55,27.5,3312,163316.9,,49.31,BE
16-04-2010,48.05,51.4,48.05,49.75,49.0,65.55,27.5,632,31419.6,,49.71,BE
19-04-2010,51.0,51.0,48.2,49.95,50.0,65.55,27.5,8252,413645.5,,50.13,BE
20-04-2010,50.0,51.0,48.6,49.2,48.65,65.55,27.5,2137,106737.5,,49.95,BE
21-04-2010,48.65,51.7,48.6,51.6,51.7,65.55,27.5,5267,266667.7,,50.63,BE
22-04-2010,52.4,53.9,50.75,52.85,52.55,65.55,27.5,12039,631108.15,,52.42,BE
23-04-2010,51.2,54.9,51.1,54.45,54.75,65.55,27.5,12270,655815.0,,53.45,BE
26-04-2010,54.45,54.5,53.0,53.5,53.5,65.55,27.5,7791,419525.0,,53.85,BE
27-04-2010,53.5,53.5,51.5,52.05,51.5,65.55,27.5,5240,275347.05,,52.55,BE
28-04-2010,50.95,52.9,50.15,52.4,52.85,65.55,27.5,5631,287480.7,,51.05,BE
29-04-2010,51.5,51.5,50.1,51.5,51.5,65.55,27.5,1455,74789.25,,51.4,BE
30-04-2010,51.25,53.5,51.25,51.45,51.5,65.55,27.5,4145,216469.25,,52.22,BE
03-05-2010,51.5,52.05,50.0,50.3,50.0,65.55,27.55,1426,72598.85,,50.91,BE
04-05-2010,52.3,52.3,49.0,49.15,49.0,65.55,27.55,1390,69094.5,,49.71,BE
05-05-2010,47.0,48.95,47.0,47.6,47.5,65.55,27.55,2595,124669.0,,48.04,BE
06-05-2010,48.0,48.9,47.5,48.85,48.9,65.55,27.55,1417,67950.6,,47.95,BE
07-05-2010,49.0,49.0,46.75,47.1,48.2,65.55,27.55,2575,122059.05,,47.4,BE
10-05-2010,48.1,48.8,47.0,48.25,48.0,65.55,27.55,1558,74903.55,,48.08,BE
11-05-2010,47.35,48.85,46.9,47.05,46.9,65.55,27.55,2812,132970.7,,47.29,BE
12-05-2010,47.0,48.0,45.4,47.3,47.3,65.55,27.55,3530,162460.6,,46.02,BE
13-05-2010,47.8,47.85,45.65,46.3,46.3,65.55,27.55,1189,55029.95,,46.28,BE
14-05-2010,47.65,47.8,45.6,46.6,46.5,65.55,27.55,3798,177017.85,,46.61,BE
17-05-2010,44.3,47.3,44.3,47.3,47.3,65.55,30.15,2032,93530.75,,46.03,BE
18-05-2010,45.05,47.7,45.0,45.75,45.7,65.55,30.15,1159,52730.75,,45.5,BE
19-05-2010,44.3,47.0,43.55,45.3,47.0,65.55,30.15,2347,105205.6,,44.83,BE
20-05-2010,44.05,46.3,44.0,44.05,44.0,65.55,30.15,938,41674.75,,44.43,BE
21-05-2010,42.5,44.65,42.5,43.4,43.3,65.55,30.15,1916,83389.6,,43.52,BE
24-05-2010,43.4,45.5,43.4,44.8,45.25,65.55,33.2,2030,90173.75,,44.42,BE
25-05-2010,42.8,45.45,42.6,42.6,42.6,65.55,33.2,2536,110118.15,,43.42,BE
26-05-2010,42.7,43.9,41.95,42.5,42.5,65.55,33.2,702,29865.15,,42.54,BE
27-05-2010,42.5,43.7,42.5,43.7,43.7,65.55,33.2,471,20036.7,,42.54,BE
28-05-2010,44.0,45.9,43.9,45.75,45.9,65.55,33.2,8727,393979.7,,45.14,BE
31-05-2010,45.5,48.05,45.5,47.6,48.0,65.55,33.2,6325,298767.4,,47.24,BE
01-06-2010,47.95,49.3,46.25,47.8,48.45,65.55,33.2,6484,313508.7,,48.35,BE
02-06-2010,48.85,49.0,47.5,48.55,48.95,65.55,33.2,918,44440.4,,48.41,BE
03-06-2010,48.5,49.0,47.6,48.0,48.0,65.55,33.2,2127,102451.1,,48.17,BE
04-06-2010,47.05,47.95,46.5,47.1,47.95,65.55,33.2,677,31894.8,,47.11,BE
07-06-2010,47.9,47.9,45.55,46.05,46.05,65.55,33.2,400,18879.5,,47.2,BE
08-06-2010,47.9,48.35,46.5,46.5,46.5,65.55,33.2,1817,87112.4,,47.94,BE
09-06-2010,45.5,48.85,45.15,46.65,46.65,65.55,33.2,1770,84794.7,,47.91,BE
10-06-2010,47.5,48.25,46.1,48.0,48.0,65.55,33.2,710,33795.25,,47.6,BE
11-06-2010,48.0,49.8,47.0,48.3,48.75,65.55,33.2,2467,120410.15,,48.81,EQ
14-06-2010,48.5,49.85,48.15,49.1,49.85,65.55,33.2,3352,163419.85,,48.75,EQ
15-06-2010,47.75,49.4,47.75,48.2,48.2,65.55,33.2,440,21264.95,,48.33,EQ
16-06-2010,48.05,49.9,47.8,47.8,47.8,65.55,33.2,1388,67141.9,,48.37,EQ
17-06-2010,47.05,48.4,47.0,47.7,47.75,65.55,33.2,1780,84565.5,,47.51,EQ
18-06-2010,48.0,49.1,46.55,47.95,48.0,65.55,33.2,1758,83308.2,,47.39,EQ
21-06-2010,48.0,48.0,46.55,47.1,47.1,65.55,33.2,1132,53386.8,,47.16,EQ
22-06-2010,46.5,47.7,46.45,47.7,47.7,65.55,33.2,1453,68610.65,,47.22,EQ
23-06-2010,47.55,49.0,47.3,47.75,47.9,65.55,33.2,998,47694.55,,47.79,EQ
24-06-2010,47.2,48.9,47.2,47.85,47.6,65.55,33.2,1341,64736.65,,48.27,EQ
25-06-2010,47.6,48.8,47.3,47.85,48.4,65.55,33.2,1691,81281.25,,48.07,EQ
28-06-2010,47.2,49.0,46.5,47.85,48.0,65.55,33.2,1943,92536.3,,47.63,EQ
29-06-2010,48.9,48.95,47.75,48.0,48.0,65.55,33.2,1864,89919.75,,48.24,EQ
30-06-2010,47.25,49.0,47.15,48.5,48.5,65.55,33.2,663,31928.1,,48.16,EQ
01-07-2010,48.0,50.45,48.0,49.3,49.15,65.55,33.2,4985,246802.4,,49.51,EQ
02-07-2010,51.0,51.8,50.5,51.8,51.8,65.55,33.2,10441,540067.85,,51.73,EQ
05-07-2010,53.0,54.4,51.3,54.4,54.4,65.55,33.2,19722,1067134.7,,54.11,EQ
06-07-2010,55.05,57.15,53.0,53.8,53.65,65.55,33.2,12530,698409.0,,55.74,EQ
07-07-2010,49.0,53.7,49.0,52.9,52.55,65.55,33.2,7594,399874.4,,52.66,EQ
08-07-2010,53.0,56.0,51.0,51.6,51.1,65.55,33.2,3495,184279.25,,52.73,EQ
09-07-2010,51.6,52.95,51.05,51.35,51.05,65.55,33.2,3488,180193.85,,51.66,EQ
12-07-2010,52.0,53.4,52.0,52.65,52.45,65.55,33.2,3789,199798.35,,52.73,EQ
13-07-2010,51.0,52.0,47.55,51.2,51.1,65.55,33.2,4147,209633.2,,50.55,EQ
14-07-2010,51.0,52.0,50.5,50.9,51.85,65.55,33.2,3261,167559.25,,51.38,EQ
15-07-2010,50.25,52.0,49.7,50.0,49.8,65.55,33.2,2324,116732.05,,50.23,EQ
16-07-2010,50.0,51.9,50.0,50.5,50.5,65.55,33.2,421,21289.85,,50.57,EQ
19-07-2010,49.3,50.0,48.0,49.0,49.1,65.55,34.0,2263,110907.7,,49.01,EQ
20-07-2010,51.9,51.9,49.0,49.6,49.6,65.55,34.0,1827,91440.35,,50.05,EQ
21-07-2010,50.0,52.2,48.9,51.15,51.3,65.55,34.0,6584,334396.15,,50.79,EQ
22-07-2010,53.0,56.3,53.0,56.1,56.3,65.55,34.0,183059,10170819.8,,55.56,EQ
23-07-2010,57.0,58.45,53.0,53.1,53.05,65.55,34.0,140662,7781110.3,,55.32,EQ
26-07-2010,52.9,53.4,51.5,51.65,51.8,65.55,35.5,7921,413422.1,,52.19,EQ
27-07-2010,52.75,53.0,51.35,52.4,52.7,65.55,35.5,6788,356228.6,,52.48,EQ
28-07-2010,53.9,53.9,51.0,51.55,51.5,65.55,35.5,6612,342080.4,,51.74,EQ
29-07-2010,50.1,54.5,50.1,53.65,54.5,65.55,35.5,16345,865489.25,,52.95,EQ
30-07-2010,52.85,53.6,51.0,51.5,51.05,65.55,35.5,9058,473067.75,,52.23,EQ
02-08-2010,53.95,53.95,50.0,51.5,51.5,65.55,40.0,4699,242183.1,,51.54,EQ
03-08-2010,51.55,52.85,51.15,52.05,51.9,65.55,40.0,8217,428648.55,,52.17,EQ
04-08-2010,52.0,52.5,51.25,51.45,51.25,65.55,40.0,1725,89049.4,,51.62,EQ
05-08-2010,51.1,53.35,51.1,51.9,52.5,65.55,40.0,12732,665447.3,,52.27,EQ
06-08-2010,52.3,52.6,50.75,50.95,50.75,65.55,40.0,5764,297741.9,,51.66,EQ
09-08-2010,52.5,52.55,51.0,52.1,52.1,65.55,40.0,2565,133283.5,,51.96,EQ
10-08-2010,52.1,52.3,50.35,51.0,51.05,65.55,40.0,9965,509960.25,,51.18,EQ
11-08-2010,51.3,51.35,50.4,50.95,50.4,65.55,40.0,5235,266212.35,,50.85,EQ
12-08-2010,49.5,49.8,47.65,48.75,48.4,65.55,40.0,14261,692223.8,,48.54,EQ
13-08-2010,47.65,49.6,47.65,48.7,48.75,65.55,40.0,7552,368890.3,,48.85,EQ
16-08-2010,49.05,51.9,48.5,51.55,51.45,65.55,40.0,20345,1036332.25,,50.94,EQ
17-08-2010,51.45,52.0,50.15,51.0,51.05,65.55,40.0,6820,348228.55,,51.06,EQ
18-08-2010,51.8,51.8,50.0,50.45,50.85,65.55,40.0,1342,68009.7,,50.68,EQ
19-08-2010,49.5,51.2,49.5,50.85,50.65,65.55,40.0,8219,415207.45,,50.52,EQ
20-08-2010,51.0,51.15,49.3,49.65,49.4,65.55,40.0,9449,472726.0,,50.03,EQ
23-08-2010,50.3,50.75,49.5,50.1,50.0,65.55,40.0,3742,187669.25,,50.15,EQ
24-08-2010,48.6,50.5,48.3,49.5,49.55,65.55,40.0,2586,128143.2,,49.55,EQ
25-08-2010,48.7,49.5,48.0,48.2,48.5,65.55,40.0,13961,676304.75,,48.44,EQ
26-08-2010,47.1,48.6,47.0,47.75,47.8,65.55,40.0,5482,261004.85,,47.61,EQ
27-08-2010,47.6,48.85,46.55,47.0,46.75,65.55,40.0,4610,218986.8,,47.5,EQ
30-08-2010,47.05,48.0,46.0,46.25,46.0,65.55,40.0,3596,167998.95,,46.72,EQ
31-08-2010,45.15,47.4,43.3,46.75,47.05,65.55,40.0,4321,198310.3,,45.89,EQ
01-09-2010,47.25,47.85,46.3,47.05,46.75,65.55,40.0,2346,110390.45,,47.05,EQ
02-09-2010,48.25,48.9,47.05,47.15,47.05,65.55,40.0,2017,95926.45,,47.56,EQ
03-09-2010,47.45,47.45,46.2,46.7,46.3,65.55,40.0,2565,120096.55,,46.82,EQ
06-09-2010,47.4,48.4,47.05,48.05,48.2,63.8,40.0,2725,129718.05,,47.6,EQ
07-09-2010,48.4,49.4,47.5,48.3,48.6,63.8,40.0,7941,383867.9,,48.34,EQ
08-09-2010,47.85,48.9,47.55,48.25,48.35,63.8,40.0,4223,203219.05,,48.12,EQ
09-09-2010,47.6,48.75,47.4,47.75,48.0,63.8,40.0,3017,144756.4,,47.98,EQ
13-09-2010,48.2,49.7,46.25,46.85,46.25,63.8,40.0,8848,420466.2,,47.52,EQ
14-09-2010,46.6,48.0,43.75,44.4,44.4,63.8,40.0,22635,1025501.6,,45.31,EQ
15-09-2010,45.0,45.95,44.2,44.75,45.0,63.8,40.0,9159,410996.6,,44.87,EQ
16-09-2010,45.9,45.9,43.5,44.05,44.0,63.8,40.0,4614,205435.5,,44.52,EQ
17-09-2010,43.4,45.2,43.4,44.6,44.2,63.8,40.0,3439,153779.6,,44.72,EQ
20-09-2010,44.5,47.5,44.25,45.15,45.05,63.8,40.0,16037,732873.75,,45.7,EQ
21-09-2010,45.0,45.95,44.5,44.8,45.0,63.8,40.0,7252,326845.2,,45.07,EQ
22-09-2010,43.8,46.0,43.75,45.15,45.45,63.8,40.0,3165,142905.85,,45.15,EQ
23-09-2010,44.15,46.0,44.15,45.4,45.6,63.8,40.0,6914,313535.85,,45.35,EQ
24-09-2010,44.6,45.75,44.6,45.0,45.0,63.8,40.0,6089,274531.05,,45.09,EQ
27-09-2010,44.9,45.5,44.5,45.3,45.3,63.8,40.0,8780,395125.75,,45.0,EQ
28-09-2010,45.0,45.4,44.5,44.5,44.5,63.8,40.0,1030,46054.8,,44.71,EQ
29-09-2010,44.35,46.0,44.1,44.5,44.2,63.8,40.0,3926,176668.85,,45.0,EQ
30-09-2010,43.6,45.0,38.1,43.9,44.3,63.8,38.1,10537,457177.2,,43.39,EQ
01-10-2010,44.35,45.5,43.85,44.75,44.95,63.8,38.1,6377,286489.75,,44.93,EQ
04-10-2010,44.7,45.0,44.05,44.55,44.5,63.8,38.1,2750,122609.0,,44.59,EQ
05-10-2010,44.35,45.75,44.35,45.0,45.35,63.8,38.1,3847,174097.1,,45.26,EQ
06-10-2010,45.0,45.35,44.55,44.9,44.9,63.8,38.1,4530,203654.2,,44.96,EQ
07-10-2010,45.6,52.4,45.0,48.05,48.05,63.8,38.1,56087,2775476.3,,49.49,EQ
08-10-2010,48.0,49.0,46.55,47.85,47.5,63.8,38.1,16412,787760.25,,48.0,EQ
11-10-2010,48.5,48.9,46.6,46.9,46.65,63.8,38.1,5826,277285.75,,47.59,EQ
12-10-2010,48.7,48.7,46.4,47.95,48.7,63.8,38.1,8284,393320.95,,47.48,EQ
13-10-2010,46.7,49.2,44.3,48.3,48.0,63.8,38.1,15725,748542.15,,47.6,EQ
14-10-2010,47.45,48.9,46.15,46.85,46.7,63.8,38.1,6313,299873.75,,47.5,EQ
15-10-2010,46.45,48.65,46.45,47.2,47.45,63.8,38.1,7084,336273.95,,47.47,EQ
18-10-2010,45.75,47.6,45.15,45.75,46.0,63.8,38.1,2367,108780.55,,45.96,EQ
19-10-2010,46.5,46.95,44.5,44.75,44.65,63.8,38.1,9798,446655.55,,45.59,EQ
20-10-2010,44.85,45.5,44.35,44.85,44.85,63.8,38.1,4586,206000.8,,44.92,EQ
21-10-2010,44.75,45.95,44.25,44.5,44.25,63.8,38.1,969,43529.65,,44.92,EQ
22-10-2010,45.0,46.45,44.65,45.45,46.35,63.8,38.1,6659,301229.1,,45.24,EQ
25-10-2010,45.05,46.2,44.8,45.3,45.1,63.8,38.1,2392,108962.05,,45.55,EQ
26-10-2010,45.75,45.85,44.55,44.7,44.85,63.8,38.1,4215,189957.85,,45.07,EQ
27-10-2010,45.5,45.5,44.5,44.85,44.5,63.8,38.1,3289,147600.35,,44.88,EQ
28-10-2010,44.5,46.9,44.5,45.9,46.9,63.8,38.1,4285,194818.2,,45.47,EQ
29-10-2010,49.45,49.45,44.5,45.7,44.55,63.8,38.1,29524,1397495.45,,47.33,EQ
01-11-2010,45.45,45.55,44.55,44.85,45.35,63.8,38.1,2195,98992.25,,45.1,EQ
02-11-2010,45.4,46.85,44.0,44.25,44.1,63.8,38.1,6966,310814.2,,44.62,EQ
03-11-2010,44.3,46.4,44.3,44.7,44.5,63.8,38.1,6388,287589.2,,45.02,EQ
04-11-2010,44.5,44.95,44.0,44.2,44.4,63.8,38.1,5309,235943.05,,44.44,EQ
05-11-2010,44.0,44.95,44.0,44.25,44.4,63.8,38.1,963,42814.35,,44.46,EQ
08-11-2010,43.7,44.75,43.0,43.8,44.0,63.8,38.1,11251,489766.6,,43.53,EQ
09-11-2010,43.95,45.4,43.7,44.3,44.35,63.8,38.1,8770,392097.5,,44.71,EQ
10-11-2010,45.25,45.5,44.5,44.95,45.0,63.8,38.1,5431,243883.85,,44.91,EQ
11-11-2010,44.8,45.6,44.5,45.1,45.6,63.8,38.1,4833,217990.5,,45.1,EQ
12-11-2010,45.5,46.2,44.1,44.1,44.1,63.8,38.1,1922,86228.25,,44.86,EQ
15-11-2010,44.1,44.8,42.55,43.25,43.1,63.8,38.1,7027,304520.2,,43.34,EQ
16-11-2010,43.1,43.9,41.5,41.75,41.55,63.8,38.1,4001,170368.95,,42.58,EQ
18-11-2010,42.0,43.0,41.3,41.5,41.3,63.8,38.1,1821,76187.85,,41.84,EQ
19-11-2010,41.55,42.1,40.1,41.15,42.1,63.8,38.1,3482,143280.55,,41.15,EQ
22-11-2010,41.0,47.3,40.5,41.2,41.2,63.8,38.1,2556,106918.85,,41.83,EQ
23-11-2010,40.5,43.25,40.5,42.35,42.7,63.8,38.1,3912,163755.65,,41.86,EQ
24-11-2010,42.7,43.0,41.75,41.85,41.9,63.8,38.1,2289,96338.15,,42.09,EQ
25-11-2010,42.95,42.95,38.5,39.6,39.95,63.8,38.1,4895,196220.15,,40.09,EQ
26-11-2010,39.5,41.9,35.25,36.5,36.3,63.8,35.25,5533,211460.85,,38.22,EQ
29-11-2010,36.1,38.4,35.25,35.95,36.0,63.8,35.25,5823,210598.6,,36.17,EQ
30-11-2010,35.0,37.25,35.0,35.95,36.3,63.8,35.0,1288,46205.1,,35.87,EQ
01-12-2010,36.3,38.0,35.1,35.4,35.25,63.8,35.0,9466,339584.85,,35.87,EQ
02-12-2010,35.25,39.5,35.25,38.55,38.6,63.8,35.0,7376,274767.3,,37.25,EQ
03-12-2010,38.45,39.25,37.75,38.95,38.1,63.8,35.0,1632,62882.7,,38.53,EQ
06-12-2010,37.5,40.0,37.5,38.6,38.6,63.8,35.0,1803,69426.15,,38.51,EQ
07-12-2010,44.0,44.35,36.5,37.55,37.15,63.8,35.0,2398,91092.35,,37.99,EQ
08-12-2010,37.55,37.7,35.5,35.6,35.5,63.8,35.0,4906,177639.15,,36.21,EQ
09-12-2010,37.55,37.55,34.0,34.45,34.0,63.8,34.0,2844,98576.55,,34.66,EQ
10-12-2010,33.0,34.25,31.35,33.7,33.9,63.8,31.35,3804,126883.5,,33.36,EQ
13-12-2010,35.9,37.8,34.15,34.75,35.7,63.8,31.35,1659,57965.9,,34.94,EQ
14-12-2010,36.0,37.85,34.6,35.75,34.6,63.8,31.35,3251,118054.4,,36.31,EQ
15-12-2010,36.55,36.55,34.55,35.55,35.55,63.8,31.35,956,33909.9,,35.47,EQ
16-12-2010,36.05,38.0,36.0,36.0,36.0,63.8,31.35,1158,42258.2,,36.49,EQ
20-12-2010,35.95,36.8,34.75,35.05,35.05,63.8,31.35,1069,37751.7,,35.31,EQ
21-12-2010,36.0,36.9,35.3,35.35,35.3,63.8,31.35,613,21935.25,,35.78,EQ
22-12-2010,39.8,39.8,35.1,36.75,35.75,63.8,31.35,933,34238.75,,36.7,EQ
23-12-2010,36.0,36.5,36.0,36.25,36.0,63.8,31.35,835,30230.0,,36.2,EQ
24-12-2010,36.2,36.2,34.3,34.85,35.0,63.8,31.35,1385,48918.95,,35.32,EQ
27-12-2010,35.25,36.15,35.0,35.1,35.1,63.8,31.35,1076,38092.1,,35.4,EQ
28-12-2010,36.0,36.0,34.75,34.8,34.8,63.8,31.35,1604,56304.3,,35.1,EQ
29-12-2010,35.25,35.85,34.55,35.5,35.5,63.8,31.35,2480,87342.95,,35.22,EQ
30-12-2010,35.5,35.95,33.0,34.4,34.25,63.8,31.35,4083,138796.95,,33.99,EQ
31-12-2010,35.45,36.9,35.2,36.15,36.0,63.8,31.35,2083,74698.5,,35.86,EQ
03-01-2011,35.95,36.85,35.25,36.6,36.7,63.8,31.35,3039,109611.6,,36.07,EQ
04-01-2011,37.45,37.85,36.15,37.05,37.5,63.8,31.35,1427,52721.05,,36.95,EQ
05-01-2011,36.65,38.1,36.65,37.0,37.05,63.8,31.35,1473,54941.55,,37.3,EQ
06-01-2011,37.1,38.25,36.05,36.55,36.55,63.8,31.35,1922,70625.7,,36.75,EQ
07-01-2011,36.5,37.6,35.1,35.8,35.9,63.8,31.35,1006,36408.55,,36.19,EQ
10-01-2011,35.5,37.0,34.55,35.05,36.45,63.8,31.35,813,28814.85,,35.44,EQ
11-01-2011,35.05,35.9,32.5,35.55,35.75,63.8,31.35,1826,63830.25,,34.96,EQ
12-01-2011,35.0,35.8,35.0,35.45,35.45,63.8,31.35,805,28357.6,,35.23,EQ
13-01-2011,36.9,36.9,34.25,34.85,34.85,63.8,31.35,670,23363.5,,34.87,EQ
14-01-2011,33.7,34.7,33.4,34.1,34.7,63.8,31.35,1997,67433.55,,33.77,EQ
17-01-2011,34.9,35.35,33.8,34.45,34.0,63.8,31.35,668,23065.05,,34.53,EQ
18-01-2011,34.15,35.25,33.95,34.15,34.65,63.8,31.35,1081,36994.65,,34.22,EQ
19-01-2011,35.0,35.0,33.7,34.5,34.15,63.8,31.35,1733,59610.5,,34.4,EQ
20-01-2011,33.75,36.85,33.2,34.95,34.95,63.8,31.35,1109,37912.2,,34.19,EQ
21-01-2011,34.0,35.5,34.0,35.1,35.5,63.8,31.35,206,7224.85,,35.07,EQ
24-01-2011,38.65,38.65,34.25,35.0,35.0,63.8,31.35,1371,48164.25,,35.13,EQ
25-01-2011,36.75,36.75,34.55,35.1,34.55,63.8,31.35,627,22150.35,,35.33,EQ
27-01-2011,34.45,35.55,34.0,34.2,35.55,63.8,31.35,1436,49136.75,,34.22,EQ
28-01-2011,34.05,34.5,32.0,33.25,33.35,63.8,31.35,1118,37496.25,,33.54,EQ
31-01-2011,30.2,34.95,30.2,32.45,32.7,63.8,30.2,4300,138066.6,,32.11,EQ
01-02-2011,32.9,32.9,30.25,30.35,30.25,63.8,30.2,4866,150177.35,,30.86,EQ
02-02-2011,31.0,31.85,30.15,31.3,31.3,63.8,30.15,1948,60536.6,,31.08,EQ
03-02-2011,30.95,32.5,30.5,32.2,31.5,63.8,30.15,2646,83345.0,,31.5,EQ
04-02-2011,31.45,32.6,29.4,29.7,29.9,63.8,29.4,3831,115890.65,,30.25,EQ
07-02-2011,29.7,30.0,29.0,29.05,29.0,63.8,29.0,815,23980.75,,29.42,EQ
08-02-2011,30.0,30.0,27.4,27.9,27.9,63.8,27.4,2942,84336.5,,28.67,EQ
09-02-2011,27.9,27.9,23.0,23.5,23.0,63.8,23.0,6129,149684.95,,24.42,EQ
10-02-2011,24.0,24.85,21.2,24.55,24.5,63.8,21.2,9807,235579.5,,24.02,EQ
11-02-2011,26.0,26.8,24.4,25.85,25.95,63.8,21.2,1519,39007.75,,25.68,EQ
14-02-2011,27.45,28.85,26.55,27.5,27.5,63.8,21.2,2084,56906.4,,27.31,EQ
15-02-2011,26.5,28.1,26.5,26.7,26.7,63.8,21.2,3386,91459.95,,27.01,EQ
16-02-2011,26.8,27.6,26.65,26.75,26.75,63.8,21.2,570,15349.85,,26.93,EQ
17-02-2011,27.4,29.0,27.0,27.4,27.35,63.8,21.2,921,25486.75,,27.67,EQ
18-02-2011,28.45,29.5,27.4,28.75,28.75,63.8,21.2,692,19393.45,,28.03,EQ
21-02-2011,28.75,29.85,28.15,28.85,28.85,63.8,21.2,1122,32336.25,,28.82,EQ
22-02-2011,28.1,28.2,27.5,27.5,27.5,63.8,21.2,480,13384.7,,27.88,EQ
23-02-2011,28.0,28.0,24.1,25.35,25.4,63.8,21.2,6262,158572.1,,25.32,EQ
24-02-2011,25.2,26.2,24.55,25.35,24.75,63.8,21.2,2314,58390.3,,25.23,EQ
25-02-2011,27.85,27.85,24.6,25.0,25.2,63.8,21.2,1079,27296.25,,25.3,EQ
28-02-2011,25.25,25.7,25.25,25.35,25.35,63.8,21.2,535,13622.5,,25.46,EQ
01-03-2011,25.7,26.4,25.35,26.0,26.0,63.8,21.2,469,12091.0,,25.78,EQ
03-03-2011,26.0,27.25,26.0,27.25,27.25,63.8,21.2,395,10440.0,,26.43,EQ
04-03-2011,26.15,26.4,25.6,26.15,26.15,63.8,21.2,2436,63474.05,,26.06,EQ
07-03-2011,25.45,26.0,24.05,24.85,24.95,63.8,21.2,3453,86671.55,,25.1,EQ
08-03-2011,24.05,25.4,24.0,24.3,24.25,63.8,21.2,3605,88744.8,,24.62,EQ
09-03-2011,24.95,25.95,24.4,25.4,25.4,63.8,21.2,6574,161727.05,,24.6,EQ
10-03-2011,30.5,30.5,24.2,25.2,25.45,63.8,21.2,2219,55533.6,,25.03,EQ
11-03-2011,24.6,25.55,24.6,25.5,25.5,63.8,21.2,487,12239.55,,25.13,EQ
14-03-2011,24.45,25.5,24.45,25.0,25.0,62.0,21.2,900,22585.0,,25.09,EQ
15-03-2011,24.35,24.35,24.0,24.0,24.0,62.0,21.2,831,20072.3,,24.15,EQ
16-03-2011,23.4,24.4,23.4,24.0,24.0,62.0,21.2,1037,24749.55,,23.87,EQ
17-03-2011,23.4,24.4,23.2,23.75,23.7,62.0,21.2,3378,80585.45,,23.86,EQ
18-03-2011,26.85,26.85,24.0,24.65,24.75,62.0,21.2,1582,38923.25,,24.6,EQ
21-03-2011,24.05,24.4,23.3,23.95,23.95,58.45,21.2,6118,147174.0,,24.06,EQ
22-03-2011,24.0,28.3,24.0,26.7,26.55,58.45,21.2,10285,273138.85,,26.56,EQ
23-03-2011,28.0,28.0,25.55,26.85,26.85,58.45,21.2,2054,54996.05,,26.78,EQ
24-03-2011,27.95,27.95,25.5,26.55,26.15,58.45,21.2,1410,37214.9,,26.39,EQ
25-03-2011,27.4,27.7,25.85,26.95,26.4,58.45,21.2,3038,82818.85,,27.26,EQ
28-03-2011,27.0,27.0,25.8,26.45,26.5,58.45,21.2,1232,32161.0,,26.1,EQ
29-03-2011,27.5,27.5,24.1,24.65,24.5,58.45,21.2,6614,165613.65,,25.04,EQ
30-03-2011,25.25,26.0,24.05,25.5,25.05,58.45,21.2,3917,97734.0,,24.95,EQ
31-03-2011,24.65,25.5,24.4,25.1,25.1,58.45,21.2,807,20226.4,,25.06,EQ
01-04-2011,25.75,26.35,24.25,25.9,25.9,58.45,21.2,941,24200.9,,25.72,EQ
04-04-2011,25.75,28.5,25.75,27.8,28.1,58.45,21.2,7182,197800.25,,27.54,EQ
05-04-2011,28.0,29.0,27.85,28.8,28.25,58.45,21.2,3439,97587.3,,28.38,EQ
06-04-2011,29.0,30.0,28.65,29.1,29.1,58.45,21.2,1405,41467.95,,29.51,EQ
07-04-2011,28.55,31.0,27.85,29.2,29.0,58.45,21.2,1345,39617.75,,29.46,EQ
08-04-2011,29.2,30.0,28.0,29.1,29.0,58.45,21.2,857,24987.65,,29.16,EQ
11-04-2011,29.2,29.5,27.75,28.65,29.0,58.45,21.2,2089,59959.2,,28.7,EQ
13-04-2011,31.85,31.85,27.85,28.1,28.0,58.45,21.2,3552,100694.0,,28.35,EQ
15-04-2011,28.2,28.6,28.2,28.6,28.6,58.45,21.2,669,19102.2,,28.55,EQ
18-04-2011,27.65,28.5,27.65,28.1,28.1,58.45,21.2,659,18579.55,,28.19,EQ
19-04-2011,28.95,28.95,27.6,27.6,27.6,58.45,21.2,1069,29917.1,,27.99,EQ
20-04-2011,29.1,29.1,28.15,28.2,28.15,58.45,21.2,207,5838.8,,28.21,EQ
21-04-2011,27.75,29.3,27.75,28.65,28.95,58.45,21.2,1795,51607.5,,28.75,EQ
25-04-2011,28.05,28.05,27.5,27.65,27.5,58.45,21.2,2430,68005.35,,27.99,EQ
26-04-2011,27.65,28.25,26.4,26.9,26.8,58.45,21.2,3930,106050.25,,26.98,EQ
27-04-2011,26.65,27.05,26.55,26.7,26.65,58.45,21.2,994,26525.65,,26.69,EQ
28-04-2011,26.95,27.9,26.95,27.3,27.6,58.45,21.2,1039,28523.65,,27.45,EQ
29-04-2011,27.0,28.6,26.3,26.3,26.3,58.45,21.2,1277,34816.65,,27.26,EQ
02-05-2011,26.3,27.45,26.3,26.6,26.6,58.45,21.2,3966,105741.45,,26.66,EQ
03-05-2011,25.65,26.15,25.65,25.8,25.8,58.45,21.2,854,22172.65,,25.96,EQ
04-05-2011,25.65,26.4,25.6,26.35,26.35,58.45,21.2,540,13990.45,,25.91,EQ
05-05-2011,24.65,26.95,24.65,25.5,25.5,58.45,21.2,2015,51222.3,,25.42,EQ
06-05-2011,25.0,27.9,24.9,26.5,26.5,58.45,21.2,1875,48143.05,,25.68,EQ
09-05-2011,25.6,27.15,25.25,26.65,26.65,58.45,21.2,751,19552.65,,26.04,EQ
10-05-2011,25.75,25.75,25.1,25.1,25.1,58.45,21.2,314,7974.2,,25.4,EQ
11-05-2011,25.25,25.25,25.25,25.25,25.25,58.45,21.2,100,2525.0,,25.25,EQ
12-05-2011,25.1,25.9,25.0,25.15,25.0,58.45,21.2,881,22250.0,,25.26,EQ
13-05-2011,24.6,26.4,24.6,25.5,25.5,58.45,21.2,645,16516.75,,25.61,EQ
16-05-2011,25.5,25.5,24.1,25.2,25.25,58.45,21.2,1984,49652.75,,25.03,EQ
17-05-2011,24.4,24.7,24.1,24.1,24.1,58.45,21.2,873,21186.9,,24.27,EQ
18-05-2011,23.6,25.0,23.6,24.4,24.4,58.45,21.2,858,21185.5,,24.69,EQ
19-05-2011,24.15,25.05,24.15,24.7,24.9,58.45,21.2,161,4001.9,,24.86,EQ
20-05-2011,24.0,25.35,24.0,24.5,24.5,58.45,21.2,1593,38819.4,,24.37,EQ
23-05-2011,24.0,24.7,24.0,24.25,24.7,58.45,21.2,144,3494.2,,24.27,EQ
24-05-2011,24.2,24.75,24.1,24.4,24.75,58.45,21.2,47,1145.55,,24.37,EQ
25-05-2011,24.1,24.85,23.75,24.3,24.05,58.45,21.2,2039,49339.8,,24.2,EQ
26-05-2011,23.65,25.45,23.65,24.35,24.85,58.45,21.2,190,4632.15,,24.38,EQ
27-05-2011,24.1,24.5,22.1,22.35,22.65,58.45,21.2,5505,125974.15,,22.88,EQ
30-05-2011,22.5,23.0,22.15,22.35,22.3,58.45,21.2,1769,39610.8,,22.39,EQ
31-05-2011,22.85,25.0,22.85,23.0,23.5,58.45,21.2,1792,42859.6,,23.92,EQ
01-06-2011,23.5,23.85,23.1,23.45,23.65,58.45,21.2,438,10265.65,23.0,23.44,EQ
02-06-2011,23.15,23.6,22.1,23.05,23.05,58.45,21.2,785,17997.8,19.0,22.93,EQ
03-06-2011,23.4,24.8,23.4,23.9,23.9,58.45,21.2,966,23262.95,47.0,24.08,EQ
06-06-2011,23.65,24.0,22.85,23.5,23.95,58.45,21.2,597,14017.45,23.0,23.48,EQ
07-06-2011,23.2,24.6,23.2,24.2,24.45,58.45,21.2,190,4588.0,4.0,24.15,EQ
08-06-2011,23.05,24.85,23.05,24.1,24.0,58.45,21.2,310,7412.8,22.0,23.91,EQ
09-06-2011,24.05,24.3,23.55,24.1,23.65,54.5,21.2,514,12319.35,17.0,23.97,EQ
10-06-2011,24.0,24.5,23.8,24.25,24.45,53.95,21.2,978,23672.0,25.0,24.2,EQ
13-06-2011,24.05,24.35,23.45,23.8,24.35,52.55,21.2,308,7376.8,8.0,23.95,EQ
14-06-2011,24.35,24.35,23.3,23.65,23.3,52.4,21.2,1157,27364.95,30.0,23.65,EQ
15-06-2011,23.55,26.5,22.15,23.95,23.6,52.4,21.2,10817,269768.45,143.0,24.94,EQ
16-06-2011,24.15,24.85,23.45,23.9,24.0,52.4,21.2,1110,26722.85,12.0,24.07,EQ
17-06-2011,28.65,28.65,22.5,22.8,23.35,52.4,21.2,3219,76120.05,54.0,23.65,EQ
20-06-2011,22.85,23.35,21.5,22.45,22.85,52.4,21.2,2450,54835.55,45.0,22.38,EQ
21-06-2011,21.2,24.7,21.2,22.45,22.75,52.4,21.2,946,21233.4,34.0,22.45,EQ
22-06-2011,23.15,23.3,21.5,22.0,22.9,52.4,21.2,2660,57693.0,43.0,21.69,EQ
23-06-2011,21.25,22.05,21.2,21.55,21.45,52.4,21.2,377,8115.4,5.0,21.53,EQ
24-06-2011,23.1,23.1,21.25,21.5,21.45,49.45,21.2,1343,29137.3,14.0,21.7,EQ
27-06-2011,21.9,22.0,21.6,21.75,21.65,49.45,21.2,471,10274.3,21.0,21.81,EQ
28-06-2011,21.55,21.75,21.1,21.2,21.15,49.45,21.1,1738,37083.0,23.0,21.34,EQ
29-06-2011,21.75,22.4,21.35,21.8,21.65,47.3,21.1,3549,77598.9,68.0,21.87,EQ
30-06-2011,22.4,24.9,21.55,22.3,22.3,47.3,21.1,3081,69245.75,51.0,22.48,EQ
01-07-2011,21.6,23.4,21.6,22.05,22.1,47.3,21.1,425,9715.25,14.0,22.86,EQ
04-07-2011,22.95,22.95,21.85,22.45,22.45,47.3,21.1,417,9271.5,7.0,22.23,EQ
05-07-2011,21.35,22.45,21.2,21.7,21.7,44.35,21.1,704,15371.3,21.0,21.83,EQ
06-07-2011,22.75,22.75,21.85,22.25,22.25,44.35,21.1,643,14142.75,16.0,21.99,EQ
07-07-2011,22.75,22.9,22.6,22.65,22.7,39.8,21.1,550,12467.7,10.0,22.67,EQ
08-07-2011,22.0,26.0,21.8,22.55,22.5,39.8,21.1,8504,191139.4,93.0,22.48,EQ
11-07-2011,22.05,22.7,21.25,22.05,22.35,58.45,21.1,2171,47753.35,61.0,22.0,EQ
12-07-2011,22.25,22.5,21.65,21.8,21.8,58.45,21.1,2051,45412.0,30.0,22.14,EQ
13-07-2011,22.8,22.8,22.05,22.35,22.35,58.45,21.1,52,1147.65,3.0,22.07,EQ
14-07-2011,22.0,22.75,22.0,22.75,22.75,58.45,21.1,1696,38150.6,32.0,22.49,EQ
15-07-2011,22.75,22.95,22.1,22.2,22.1,58.45,21.1,841,18853.5,19.0,22.42,EQ
18-07-2011,21.25,22.85,21.25,22.2,22.2,58.45,21.1,624,13857.5,6.0,22.21,EQ
19-07-2011,22.0,22.75,22.0,22.6,22.75,58.45,21.1,976,21877.65,26.0,22.42,EQ
20-07-2011,22.75,22.75,22.15,22.2,22.4,58.45,21.1,810,18024.3,20.0,22.25,EQ
21-07-2011,22.25,26.65,21.8,24.95,24.2,58.45,21.1,46670,1162856.15,318.0,24.92,EQ
22-07-2011,24.35,25.0,22.9,22.95,23.0,58.45,21.1,2266,54057.85,52.0,23.86,EQ
25-07-2011,23.05,23.65,23.05,23.5,23.55,54.5,21.1,735,17223.65,19.0,23.43,EQ
26-07-2011,23.35,24.6,22.1,23.15,23.65,54.5,21.1,2886,66994.55,54.0,23.21,EQ
27-07-2011,22.8,23.95,22.75,23.25,23.25,54.5,21.1,4404,101258.3,38.0,22.99,EQ
28-07-2011,22.8,23.55,22.55,22.95,22.95,54.5,21.1,1444,33647.55,17.0,23.3,EQ
29-07-2011,23.25,23.7,22.15,23.7,23.7,54.5,21.1,808,18633.7,22.0,23.06,EQ
01-08-2011,22.5,24.0,22.3,22.95,22.9,53.95,21.1,2258,52403.1,34.0,23.21,EQ
02-08-2011,22.8,24.2,22.8,24.2,24.2,53.95,21.1,2691,62728.9,46.0,23.31,EQ
03-08-2011,23.0,24.0,21.8,23.85,23.85,53.95,21.1,540,12784.15,19.0,23.67,EQ
04-08-2011,24.1,24.1,21.65,22.1,22.3,53.95,21.1,4844,110178.25,78.0,22.75,EQ
05-08-2011,21.0,23.6,21.0,22.9,23.3,53.95,21.0,3203,73196.4,75.0,22.85,EQ
08-08-2011,22.0,23.0,20.05,21.2,21.0,52.55,20.05,4033,86602.4,79.0,21.47,EQ
09-08-2011,21.1,22.85,18.0,20.7,20.95,52.55,18.0,10324,211957.35,144.0,20.53,EQ
10-08-2011,21.0,24.0,20.25,20.8,21.1,52.55,18.0,5111,106641.8,88.0,20.87,EQ
11-08-2011,20.0,22.5,20.0,21.2,20.85,52.55,18.0,4390,93722.4,111.0,21.35,EQ
12-08-2011,20.1,22.95,20.1,21.3,21.4,52.55,18.0,1559,33997.5,42.0,21.81,EQ
16-08-2011,21.5,24.9,21.0,21.2,21.2,52.4,18.0,965,21809.65,38.0,22.6,EQ
17-08-2011,20.55,21.95,20.2,20.75,20.75,52.4,18.0,1718,35791.95,28.0,20.83,EQ
18-08-2011,20.25,21.0,19.95,20.4,20.4,52.4,18.0,1585,32158.1,40.0,20.29,EQ
19-08-2011,19.05,20.45,18.3,19.35,19.0,52.4,18.0,1017,19759.35,71.0,19.43,EQ
22-08-2011,18.35,20.95,18.35,20.55,19.35,52.4,18.0,313,6224.35,17.0,19.89,EQ
23-08-2011,20.5,21.7,19.6,19.75,20.3,52.4,18.0,1537,31863.3,34.0,20.73,EQ
24-08-2011,20.5,21.25,20.5,21.25,21.25,52.4,18.0,106,2176.0,9.0,20.53,EQ
25-08-2011,21.0,21.0,19.7,19.75,19.7,52.4,18.0,2024,40680.8,29.0,20.1,EQ
26-08-2011,19.6,20.45,19.6,19.8,19.75,52.4,18.0,580,11485.9,15.0,19.8,EQ
29-08-2011,19.3,20.75,15.85,18.25,18.15,52.4,15.85,8467,150385.9,120.0,17.76,EQ
30-08-2011,19.5,20.0,18.5,19.05,18.7,52.4,15.85,2431,46893.4,84.0,19.29,EQ
02-09-2011,19.5,20.9,19.0,19.3,19.0,52.4,15.85,739,14473.25,33.0,19.58,EQ
05-09-2011,19.15,19.95,19.1,19.15,19.15,52.4,15.85,689,13241.15,21.0,19.22,EQ
06-09-2011,18.65,20.35,18.65,19.75,19.75,52.4,15.85,616,12041.9,26.0,19.55,EQ
07-09-2011,19.8,20.7,19.4,20.05,20.0,52.4,15.85,1638,32920.05,76.0,20.1,EQ
08-09-2011,20.0,21.0,19.8,20.15,20.15,52.4,15.85,506,10460.45,20.0,20.67,EQ
09-09-2011,20.0,20.0,19.6,19.6,19.6,52.4,15.85,100,1977.2,2.0,19.77,EQ
12-09-2011,19.4,20.75,19.4,20.3,20.75,52.4,15.85,1366,27670.45,24.0,20.26,EQ
13-09-2011,19.75,20.95,19.75,20.45,20.6,52.4,15.85,1325,27114.75,23.0,20.46,EQ
14-09-2011,22.2,22.2,20.25,21.7,21.2,52.4,15.85,839,18025.6,42.0,21.48,EQ
15-09-2011,21.35,21.95,20.2,20.2,20.2,52.4,15.85,860,18208.25,36.0,21.17,EQ
16-09-2011,21.0,21.5,19.85,20.1,21.15,52.4,15.85,640,12986.9,34.0,20.29,EQ
19-09-2011,21.0,21.5,19.6,19.8,19.75,52.4,15.85,1906,38875.65,57.0,20.4,EQ
20-09-2011,20.5,21.75,20.0,21.0,21.0,52.4,15.85,2909,60630.15,45.0,20.84,EQ
21-09-2011,20.5,21.95,20.15,20.95,20.95,52.4,15.85,862,17990.4,21.0,20.87,EQ
22-09-2011,20.1,20.9,20.0,20.85,20.1,52.4,15.85,128,2648.7,10.0,20.69,EQ
23-09-2011,19.5,21.3,19.2,21.1,21.15,52.4,15.85,1047,20889.3,33.0,19.95,EQ
26-09-2011,23.5,23.9,19.7,20.3,19.7,52.4,15.85,26317,561588.85,250.0,21.34,EQ
27-09-2011,21.45,21.45,19.8,20.05,20.05,52.4,15.85,1068,21467.15,27.0,20.1,EQ
28-09-2011,20.4,20.45,19.75,19.75,19.8,52.4,15.85,233,4661.65,7.0,20.01,EQ
29-09-2011,19.8,22.45,19.75,21.1,21.1,52.4,15.85,8229,176299.7,129.0,21.42,EQ
30-09-2011,22.75,22.75,20.05,20.3,20.05,52.4,15.85,5052,107978.6,43.0,21.37,EQ
03-10-2011,20.1,21.25,20.0,20.0,20.0,52.4,15.85,1124,22559.6,19.0,20.07,EQ
04-10-2011,20.05,21.15,20.0,20.95,20.95,52.4,15.85,2085,43704.0,24.0,20.96,EQ
05-10-2011,20.0,21.55,19.1,19.2,19.1,52.4,15.85,1894,37243.3,48.0,19.66,EQ
07-10-2011,19.65,20.5,19.4,20.0,20.0,52.4,15.85,245,4947.0,24.0,20.19,EQ
10-10-2011,21.5,21.5,19.5,19.9,19.85,49.45,15.85,1061,21299.05,22.0,20.07,EQ
11-10-2011,21.35,21.35,20.0,20.0,20.0,49.45,15.85,341,6941.2,16.0,20.36,EQ
12-10-2011,19.75,20.45,19.75,20.0,20.0,49.45,15.85,214,4279.45,8.0,20.0,EQ
13-10-2011,20.5,22.8,19.85,20.4,20.4,49.45,15.85,1342,27534.15,39.0,20.52,EQ
14-10-2011,20.45,20.7,19.75,20.0,20.0,49.45,15.85,476,9599.25,16.0,20.17,EQ
17-10-2011,20.2,20.75,19.6,20.4,20.75,49.45,15.85,553,11171.9,21.0,20.2,EQ
18-10-2011,19.6,20.4,19.6,20.4,20.4,49.45,15.85,150,3015.7,6.0,20.1,EQ
19-10-2011,20.0,20.0,19.35,19.5,19.5,49.45,15.85,5211,101716.9,47.0,19.52,EQ
20-10-2011,19.5,20.25,19.25,19.25,19.25,49.45,15.85,104,2040.75,12.0,19.62,EQ
21-10-2011,19.5,20.0,18.7,18.75,18.95,49.45,15.85,2658,50925.35,27.0,19.16,EQ
24-10-2011,19.4,19.4,18.2,18.2,18.2,49.45,15.85,326,6004.4,16.0,18.42,EQ
25-10-2011,18.5,19.0,18.1,19.0,19.0,49.45,15.85,1975,36598.0,23.0,18.53,EQ
26-10-2011,18.2,21.7,18.05,19.35,18.7,49.45,15.85,1044,20586.6,27.0,19.72,EQ
28-10-2011,19.0,19.7,18.55,18.95,18.8,49.45,15.85,2191,41553.4,28.0,18.97,EQ
31-10-2011,19.0,19.75,18.4,19.75,19.75,47.3,15.85,670,12604.75,9.0,18.81,EQ
01-11-2011,19.0,19.0,18.55,18.75,18.75,47.3,15.85,1516,28378.95,26.0,18.72,EQ
02-11-2011,18.7,18.7,18.5,18.5,18.5,47.3,15.85,185,3442.5,2.0,18.61,EQ
03-11-2011,19.45,19.75,18.55,19.35,19.6,47.3,15.85,302,5808.25,12.0,19.23,EQ
04-11-2011,20.0,20.0,18.7,18.7,18.7,47.3,15.85,51,977.25,5.0,19.16,EQ
08-11-2011,18.85,19.05,18.55,18.65,18.65,47.3,15.85,1165,21798.65,18.0,18.71,EQ
09-11-2011,19.45,19.45,18.2,18.2,18.2,47.3,15.85,3050,56130.2,27.0,18.4,EQ
11-11-2011,18.45,18.75,17.05,17.95,18.35,47.3,15.85,2859,50940.4,54.0,17.82,EQ
14-11-2011,17.85,17.85,17.4,17.55,17.55,47.3,15.85,1007,17672.1,14.0,17.55,EQ
15-11-2011,17.5,18.15,17.1,17.4,17.15,47.3,15.85,2901,50581.05,35.0,17.44,EQ
16-11-2011,19.8,19.8,15.5,16.5,15.6,47.3,15.5,1590,27172.7,41.0,17.09,EQ
17-11-2011,16.45,17.9,16.3,16.3,16.3,47.3,15.5,154,2565.95,13.0,16.66,EQ
18-11-2011,15.1,17.0,15.1,16.9,16.9,47.3,15.1,522,8408.1,23.0,16.11,EQ
21-11-2011,16.0,17.45,15.05,16.55,17.0,47.3,15.05,310,4966.85,19.0,16.02,EQ
22-11-2011,16.5,16.75,15.8,16.05,16.05,47.3,15.05,179,2933.5,12.0,16.39,EQ
23-11-2011,13.1,18.95,13.1,16.2,16.65,47.3,13.1,1229,19936.7,46.0,16.22,EQ
24-11-2011,15.7,17.25,15.1,16.8,16.8,47.3,13.1,5075,80454.1,60.0,15.85,EQ
25-11-2011,16.5,16.8,15.95,16.1,16.1,47.3,13.1,867,13964.85,20.0,16.11,EQ
28-11-2011,16.5,16.75,15.75,15.9,16.35,44.35,13.1,744,11983.95,20.0,16.11,EQ
29-11-2011,15.3,18.7,13.65,15.75,15.6,44.35,13.1,774,12433.05,24.0,16.06,EQ
30-11-2011,16.5,17.45,15.6,15.6,15.6,44.35,13.1,1606,26840.0,20.0,16.71,EQ
01-12-2011,16.1,17.4,16.1,16.95,17.4,44.35,13.1,1592,27138.15,18.0,17.05,EQ
02-12-2011,17.4,17.5,16.4,16.65,16.65,44.35,13.1,227,3776.75,6.0,16.64,EQ
05-12-2011,18.55,18.55,16.05,16.15,16.15,44.35,13.1,2476,40539.7,37.0,16.37,EQ
07-12-2011,16.15,16.95,15.6,16.95,16.95,44.35,13.1,1555,25479.85,13.0,16.39,EQ
08-12-2011,16.5,16.5,15.55,16.1,16.15,44.35,13.1,447,7216.55,18.0,16.14,EQ
09-12-2011,15.05,15.8,15.05,15.5,15.7,44.35,13.1,1412,21662.15,31.0,15.34,EQ
12-12-2011,15.0,16.2,15.0,16.05,16.05,39.8,13.1,207,3250.05,12.0,15.7,EQ
13-12-2011,15.5,15.85,15.0,15.75,15.75,39.8,13.1,155,2452.1,6.0,15.82,EQ
14-12-2011,16.0,16.0,15.1,15.4,15.75,39.8,13.1,708,10894.7,18.0,15.39,EQ
16-12-2011,15.05,16.7,15.05,15.35,15.35,39.8,13.1,1834,29502.1,27.0,16.09,EQ
19-12-2011,15.0,15.75,14.0,14.0,14.0,39.8,13.1,339,4851.45,20.0,14.31,EQ
20-12-2011,14.5,15.4,13.85,14.0,14.0,39.8,13.1,857,12306.3,17.0,14.36,EQ
21-12-2011,13.0,14.95,11.75,14.6,14.95,39.8,11.75,11230,143641.7,91.0,12.79,EQ
22-12-2011,14.0,14.5,14.0,14.5,14.5,39.8,11.75,37,533.9,8.0,14.43,EQ
23-12-2011,15.5,15.95,14.1,14.25,14.95,39.8,11.75,1349,19458.75,29.0,14.42,EQ
26-12-2011,14.95,15.7,14.2,14.6,14.2,38.65,11.75,2684,40302.85,39.0,15.02,EQ
27-12-2011,14.5,14.6,13.8,14.55,14.6,38.65,11.75,419,5924.0,22.0,14.14,EQ
28-12-2011,14.5,14.5,13.3,14.25,14.25,38.65,11.75,452,6261.65,20.0,13.85,EQ
29-12-2011,13.8,14.25,13.55,14.15,14.0,38.65,11.75,70,956.2,6.0,13.66,EQ
30-12-2011,14.65,14.7,13.7,14.6,14.6,38.65,11.75,554,7882.35,21.0,14.23,EQ
02-01-2012,14.5,15.4,13.8,15.3,15.4,38.65,11.75,998,14672.25,36.0,14.7,EQ
03-01-2012,14.95,15.4,14.25,14.6,14.6,38.65,11.75,1857,27602.45,38.0,14.86,EQ
04-01-2012,14.05,16.8,14.05,15.95,15.85,38.65,11.75,2088,33835.75,67.0,16.2,EQ
05-01-2012,16.2,16.95,16.2,16.35,16.2,38.65,11.75,3515,58151.8,25.0,16.54,EQ
06-01-2012,16.4,17.65,16.4,16.55,17.45,38.65,11.75,1638,27652.65,22.0,16.88,EQ
07-01-2012,16.0,16.5,16.0,16.05,16.0,38.65,11.75,505,8081.7,16.0,16.0,EQ
09-01-2012,16.5,17.6,16.5,17.45,17.0,38.65,11.75,1711,29838.65,45.0,17.44,EQ
10-01-2012,17.0,17.0,16.55,17.0,17.0,38.65,11.75,951,16153.5,44.0,16.99,EQ
11-01-2012,17.5,18.0,17.2,17.2,17.2,38.65,11.75,375,6470.45,11.0,17.25,EQ
12-01-2012,17.5,18.45,17.5,18.0,18.35,38.65,11.75,2740,49591.7,182.0,18.1,EQ
13-01-2012,18.5,18.75,18.45,18.7,18.75,38.65,11.75,1312,24303.5,12.0,18.52,EQ
16-01-2012,19.75,20.45,17.2,18.0,18.0,38.65,11.75,2269,41047.25,60.0,18.09,EQ
17-01-2012,18.0,18.0,16.4,16.7,16.7,38.65,11.75,3030,51501.3,136.0,17.0,EQ
18-01-2012,16.7,17.95,16.7,17.05,17.6,38.65,11.75,1806,31613.1,27.0,17.5,EQ
19-01-2012,16.5,18.25,16.5,17.75,17.75,38.65,11.75,2396,41809.1,36.0,17.45,EQ
20-01-2012,17.15,17.15,17.15,17.15,17.15,38.65,11.75,200,3430.0,1.0,17.15,BE
23-01-2012,16.9,18.0,16.9,18.0,18.0,38.65,11.75,165,2942.5,4.0,17.83,BE
24-01-2012,17.55,17.6,17.55,17.6,17.6,38.65,11.75,215,3781.0,3.0,17.59,BE
25-01-2012,17.25,18.0,17.25,18.0,18.0,38.65,11.75,450,7875.0,5.0,17.5,BE
27-01-2012,18.0,18.6,18.0,18.0,18.0,38.65,11.75,215,3876.6,8.0,18.03,BE
30-01-2012,18.75,18.8,17.55,17.55,17.55,34.95,11.75,405,7442.45,6.0,18.38,BE
01-02-2012,17.35,17.35,17.35,17.35,17.35,34.95,11.75,500,8675.0,3.0,17.35,BE
02-02-2012,17.85,18.2,17.85,18.2,18.2,34.95,11.75,155,2810.5,3.0,18.13,BE
03-02-2012,19.1,19.1,19.1,19.1,19.1,34.95,11.75,293,5596.3,8.0,19.1,BE
06-02-2012,20.05,20.05,20.05,20.05,20.05,31.85,11.75,392,7859.6,3.0,20.05,BE
07-02-2012,21.05,21.05,20.0,20.0,20.0,31.85,11.75,647,13160.5,6.0,20.34,BE
08-02-2012,19.65,19.95,19.65,19.95,19.95,31.85,11.75,175,3458.75,4.0,19.76,BE
09-02-2012,20.1,20.1,19.2,19.3,19.3,31.85,11.75,3972,76738.5,18.0,19.32,BE
10-02-2012,19.3,19.8,18.5,19.1,19.1,31.85,11.75,1081,20443.3,6.0,18.91,BE
13-02-2012,18.25,19.2,18.25,18.55,18.55,31.85,11.75,878,16210.65,7.0,18.46,BE
14-02-2012,19.45,19.45,18.7,18.7,18.7,31.85,11.75,700,13460.0,6.0,19.23,BE
15-02-2012,18.6,18.75,18.6,18.75,18.75,31.85,11.75,282,5268.05,4.0,18.68,BE
16-02-2012,18.55,19.45,18.45,18.45,18.45,31.85,11.75,1499,28026.55,13.0,18.7,BE
17-02-2012,18.45,19.35,17.9,17.9,17.9,31.85,11.75,2951,55037.9,17.0,18.65,BE
21-02-2012,17.2,18.7,17.2,18.5,18.5,31.85,11.75,2000,36835.3,9.0,18.42,BE
22-02-2012,17.8,18.95,17.8,18.0,18.0,31.85,11.75,2255,41471.0,34.0,18.39,BE
23-02-2012,17.15,18.45,17.15,17.45,17.2,31.85,11.75,200,3485.5,5.0,17.43,BE
24-02-2012,18.0,18.0,17.1,17.1,17.1,31.85,11.75,554,9745.9,4.0,17.59,BE
27-02-2012,17.1,17.1,17.1,17.1,17.1,31.85,11.75,700,11970.0,4.0,17.1,BE
28-02-2012,16.25,17.95,16.25,17.0,17.1,31.85,11.75,506,8370.5,6.0,16.54,BE
01-03-2012,17.05,17.05,17.05,17.05,17.05,31.85,11.75,700,11935.0,4.0,17.05,BE
02-03-2012,17.9,17.9,17.9,17.9,17.9,31.85,11.75,100,1790.0,1.0,17.9,EQ
05-03-2012,17.5,17.5,17.1,17.15,17.15,31.85,11.75,64,1097.95,5.0,17.16,EQ
06-03-2012,18.15,18.45,16.75,17.15,17.15,31.85,11.75,246,4202.05,21.0,17.08,EQ
07-03-2012,17.5,18.4,17.2,17.2,17.2,31.85,11.75,364,6419.05,11.0,17.63,EQ
09-03-2012,16.55,18.8,15.85,18.45,18.1,31.85,11.75,1847,33632.95,124.0,18.21,EQ
12-03-2012,18.95,18.95,17.65,18.0,18.75,31.85,11.75,1121,20475.65,16.0,18.27,EQ
13-03-2012,17.55,19.25,17.55,17.6,17.6,31.85,11.75,505,9210.0,33.0,18.24,EQ
14-03-2012,17.6,18.0,17.0,18.0,18.0,31.85,11.75,601,10580.25,7.0,17.6,EQ
15-03-2012,18.05,18.1,17.05,17.1,17.1,31.85,11.75,364,6555.4,58.0,18.01,EQ
16-03-2012,17.5,17.95,16.55,17.45,17.95,31.85,11.75,664,11366.3,25.0,17.12,EQ
19-03-2012,17.95,17.95,16.35,16.55,16.5,31.85,11.75,209,3622.65,28.0,17.33,EQ
20-03-2012,16.5,18.1,16.3,17.3,16.55,31.85,11.75,1184,20543.1,138.0,17.35,EQ
21-03-2012,17.5,19.0,16.35,16.8,16.8,31.85,11.75,1184,21211.3,129.0,17.91,EQ
22-03-2012,17.5,18.45,17.35,17.45,17.5,31.85,11.75,2858,51390.45,30.0,17.98,EQ
23-03-2012,17.5,18.2,17.0,17.35,17.1,31.85,11.75,1409,24552.65,64.0,17.43,EQ
26-03-2012,17.5,18.65,16.55,16.6,16.6,31.85,11.75,2077,35152.75,22.0,16.92,EQ
27-03-2012,16.5,16.5,15.3,15.35,15.35,31.85,11.75,2311,36682.85,54.0,15.87,EQ
28-03-2012,15.2,16.2,14.8,15.1,15.1,31.85,11.75,2959,45340.6,28.0,15.32,EQ
29-03-2012,16.5,16.5,14.25,14.45,14.25,31.85,11.75,2106,31067.4,16.0,14.75,EQ
30-03-2012,14.0,15.85,14.0,15.3,15.3,31.85,11.75,1807,28217.35,34.0,15.62,EQ
02-04-2012,15.5,16.65,14.15,14.2,14.2,31.85,11.75,7185,106766.0,191.0,14.86,EQ
03-04-2012,13.6,14.9,13.6,13.85,13.75,31.85,11.75,8312,116898.9,143.0,14.06,EQ
04-04-2012,14.0,14.95,13.95,14.1,14.1,31.85,11.75,1638,23731.55,160.0,14.49,EQ
09-04-2012,14.15,14.15,13.8,14.0,14.1,31.85,11.75,3174,44831.65,33.0,14.12,EQ
10-04-2012,14.1,14.4,13.85,14.25,14.4,31.85,11.75,2514,35441.95,56.0,14.1,EQ
11-04-2012,14.25,14.85,14.25,14.4,14.4,31.85,11.75,1606,23560.2,52.0,14.67,EQ
12-04-2012,13.55,15.5,13.35,15.5,15.5,31.85,11.75,3319,50334.0,60.0,15.17,EQ
13-04-2012,14.65,16.25,14.65,14.65,14.65,31.85,11.75,932,13907.35,343.0,14.92,EQ
16-04-2012,14.55,14.55,14.55,14.55,14.55,29.3,11.75,100,1455.0,1.0,14.55,EQ
17-04-2012,14.75,15.45,14.75,14.75,14.75,29.3,11.75,200,2971.6,4.0,14.86,EQ
18-04-2012,14.6,15.95,14.55,14.8,14.8,29.3,11.75,596,9017.7,42.0,15.13,EQ
19-04-2012,14.55,15.75,14.3,15.15,15.75,29.3,11.75,417,6241.8,21.0,14.97,EQ
20-04-2012,15.5,16.5,15.0,15.0,15.0,29.3,11.75,848,13081.7,15.0,15.43,EQ
23-04-2012,15.0,15.0,15.0,15.0,15.0,28.65,11.75,620,9300.0,5.0,15.0,EQ
24-04-2012,14.5,16.1,13.75,14.55,14.55,28.65,11.75,1282,18772.3,34.0,14.64,EQ
25-04-2012,14.5,14.5,13.75,13.9,13.9,28.65,11.75,1105,15636.6,14.0,14.15,EQ
26-04-2012,13.5,15.2,13.15,14.65,14.95,28.65,11.75,2685,37212.25,26.0,13.86,EQ
27-04-2012,15.25,15.25,13.6,13.65,13.7,28.65,11.75,109,1567.4,9.0,14.38,EQ
30-04-2012,13.7,13.9,13.25,13.85,13.25,28.65,11.75,1208,16721.0,10.0,13.84,EQ
02-05-2012,13.5,14.65,13.5,13.5,13.5,28.65,11.75,1520,21348.1,8.0,14.04,EQ
03-05-2012,13.9,14.45,13.35,14.45,14.45,28.65,11.75,1864,26150.45,8.0,14.03,EQ
04-05-2012,13.2,14.95,13.05,13.05,13.05,28.65,11.75,24643,334712.85,147.0,13.58,EQ
07-05-2012,11.75,12.7,11.75,11.75,11.75,28.65,11.75,9292,109976.6,44.0,11.84,EQ
08-05-2012,10.5,12.35,10.1,10.65,10.5,28.65,10.1,42105,464747.65,171.0,11.04,EQ
09-05-2012,11.45,11.55,10.45,10.45,10.45,28.65,10.1,4999,54600.8,49.0,10.92,EQ
10-05-2012,10.45,10.5,9.8,10.0,10.0,28.65,9.8,3782,38326.75,28.0,10.13,EQ
11-05-2012,10.0,10.95,10.0,10.05,10.05,28.65,9.8,7465,75273.05,39.0,10.08,EQ
14-05-2012,10.0,10.0,9.35,9.55,9.5,28.65,9.35,9525,90842.45,27.0,9.54,EQ
15-05-2012,9.6,10.3,9.6,10.3,10.3,28.65,9.35,1161,11456.1,14.0,9.87,EQ
16-05-2012,9.75,10.25,9.75,10.25,10.25,28.65,9.35,330,3267.5,4.0,9.9,EQ
17-05-2012,10.05,10.05,9.8,9.8,9.8,28.65,9.35,822,8222.85,9.0,10.0,EQ
18-05-2012,9.7,9.7,9.15,9.25,9.35,28.65,9.15,3361,32111.7,21.0,9.55,EQ
21-05-2012,9.0,10.0,9.0,9.65,9.65,28.65,9.0,28903,282787.9,38.0,9.78,EQ
22-05-2012,9.35,9.8,9.35,9.8,9.8,28.65,9.0,555,5193.55,6.0,9.36,EQ
23-05-2012,9.5,9.75,9.2,9.5,9.2,28.65,9.0,315,2955.95,8.0,9.38,EQ
24-05-2012,9.05,9.6,9.05,9.45,9.45,28.65,9.0,441,4072.25,13.0,9.23,EQ
25-05-2012,9.5,9.85,9.2,9.4,9.4,28.65,9.0,204,1878.5,5.0,9.21,EQ
28-05-2012,9.25,10.25,9.25,9.55,9.5,28.65,9.0,787,7371.25,49.0,9.37,EQ
29-05-2012,10.0,10.05,9.95,10.0,10.0,28.65,9.0,1800,17990.0,6.0,9.99,EQ
30-05-2012,9.75,10.4,9.55,9.95,9.95,28.65,9.0,7787,77764.15,34.0,9.99,EQ
31-05-2012,9.75,10.0,9.4,10.0,10.0,28.65,9.0,691,6908.05,8.0,10.0,EQ
01-06-2012,9.8,10.0,9.3,9.35,9.3,28.65,9.0,1966,19326.9,35.0,9.83,EQ
04-06-2012,9.4,10.0,9.4,10.0,10.0,28.65,9.0,303,2977.55,21.0,9.83,EQ
05-06-2012,10.0,10.1,9.35,9.55,9.55,28.65,9.0,1395,13598.0,70.0,9.75,EQ
06-06-2012,9.0,10.2,9.0,9.75,10.0,28.65,9.0,1416,13576.6,67.0,9.59,EQ
07-06-2012,10.25,10.45,9.35,10.15,10.4,28.65,9.0,1073,10699.9,21.0,9.97,EQ
08-06-2012,10.0,10.15,9.7,9.75,9.75,28.65,9.0,105,1024.5,7.0,9.76,EQ
11-06-2012,10.0,10.4,9.75,10.0,10.0,28.65,9.0,32374,326763.95,2441.0,10.09,EQ
12-06-2012,10.3,10.3,9.6,10.0,10.0,28.65,9.0,2747,27603.55,160.0,10.05,EQ
13-06-2012,10.1,10.1,9.55,10.0,10.0,28.65,9.0,10803,108504.2,34.0,10.04,EQ
14-06-2012,10.0,10.2,9.9,9.95,9.95,28.65,9.0,4000,40370.0,10.0,10.09,EQ
15-06-2012,9.85,10.5,9.15,10.1,10.2,28.65,9.0,2045,20685.05,29.0,10.11,EQ
18-06-2012,10.5,11.75,10.2,10.65,10.2,26.65,9.0,927,9623.85,21.0,10.38,EQ
19-06-2012,12.45,12.45,10.2,10.2,10.2,26.65,9.0,769,7979.65,11.0,10.38,EQ
20-06-2012,10.45,10.75,10.05,10.25,10.3,26.65,9.0,2779,28547.8,389.0,10.27,EQ
21-06-2012,10.5,12.1,10.1,10.4,10.2,26.65,9.0,38765,425187.9,740.0,10.97,EQ
22-06-2012,10.0,10.8,9.9,10.35,10.4,26.65,9.0,6088,62157.35,82.0,10.21,EQ
25-06-2012,10.5,10.75,9.9,10.05,10.05,26.65,9.0,5714,57105.5,1023.0,9.99,EQ
26-06-2012,9.85,10.7,9.25,10.0,10.0,26.65,9.0,4107,41050.7,118.0,10.0,EQ
27-06-2012,10.35,10.35,9.85,10.0,10.0,26.65,9.0,3970,39885.9,21.0,10.05,EQ
28-06-2012,10.0,10.2,9.8,10.0,10.0,26.65,9.0,3176,31763.8,29.0,10.0,EQ
29-06-2012,10.2,11.25,9.8,10.0,10.0,26.65,9.0,5421,55549.65,295.0,10.25,EQ
02-07-2012,10.5,10.5,9.75,10.35,10.35,26.65,9.0,511,5220.85,13.0,10.22,EQ
03-07-2012,10.3,10.45,9.8,10.0,10.0,26.65,9.0,470,4815.75,37.0,10.25,EQ
04-07-2012,10.2,10.2,9.75,10.0,9.95,26.65,9.0,7401,73730.2,471.0,9.96,EQ
05-07-2012,9.7,10.35,9.7,10.05,9.95,26.65,9.0,11181,112046.9,75.0,10.02,EQ
06-07-2012,10.0,10.35,9.65,9.85,9.8,26.65,9.0,20393,202686.1,55.0,9.94,EQ
09-07-2012,10.55,10.55,8.3,8.8,8.9,26.65,8.3,12911,115522.35,373.0,8.95,EQ
10-07-2012,8.9,9.7,8.55,9.3,9.25,26.65,8.3,20705,187151.15,1150.0,9.04,EQ
11-07-2012,9.0,10.5,8.65,9.6,9.95,26.65,8.3,7552,70865.1,132.0,9.38,EQ
12-07-2012,9.9,9.95,9.25,9.5,9.7,26.65,8.3,2501,24261.85,144.0,9.7,EQ
13-07-2012,9.75,10.3,9.55,9.7,9.6,26.65,8.3,2176,21783.35,141.0,10.01,EQ
16-07-2012,10.25,10.3,9.6,9.6,9.6,26.65,8.3,564,5610.4,37.0,9.95,EQ
17-07-2012,10.25,10.25,8.75,9.15,9.15,26.65,8.3,1408,13015.25,46.0,9.24,EQ
18-07-2012,9.5,9.65,9.05,9.6,9.65,26.65,8.3,1009,9300.8,29.0,9.22,EQ
19-07-2012,10.0,10.0,9.15,9.25,9.25,26.65,8.3,538,5028.6,163.0,9.35,EQ
20-07-2012,9.5,9.9,9.4,9.85,9.8,26.65,8.3,1454,14301.25,32.0,9.84,EQ
23-07-2012,9.85,9.85,9.15,9.8,9.8,24.9,8.3,2114,20442.55,160.0,9.67,EQ
24-07-2012,9.3,9.75,9.3,9.45,9.45,24.9,8.3,1742,16775.95,21.0,9.63,EQ
25-07-2012,9.2,10.0,9.05,9.4,9.4,24.9,8.3,2092,19924.1,37.0,9.52,EQ
26-07-2012,9.3,9.3,9.0,9.0,9.0,24.9,8.3,565,5139.25,10.0,9.1,EQ
27-07-2012,9.0,9.5,8.85,9.3,9.35,24.9,8.3,5827,52596.15,36.0,9.03,EQ
30-07-2012,9.35,9.9,9.25,9.75,9.8,24.9,8.3,1317,12385.5,159.0,9.4,EQ
31-07-2012,9.25,9.5,9.25,9.3,9.3,24.9,8.3,311,2892.9,20.0,9.3,EQ
01-08-2012,9.5,9.6,9.25,9.35,9.6,24.9,8.3,2231,20897.1,35.0,9.37,EQ
02-08-2012,9.7,9.7,9.3,9.3,9.6,24.9,8.3,3876,36469.65,140.0,9.41,EQ
03-08-2012,9.2,9.45,9.1,9.25,9.25,24.9,8.3,133,1238.2,11.0,9.31,EQ
06-08-2012,9.65,9.65,9.2,9.35,9.35,24.9,8.3,456,4264.45,56.0,9.35,EQ
07-08-2012,9.25,9.4,9.25,9.35,9.4,24.9,8.3,658,6093.15,29.0,9.26,EQ
08-08-2012,9.5,10.35,9.45,9.8,9.8,24.9,8.3,530,5230.7,17.0,9.87,EQ
09-08-2012,9.15,9.9,9.15,9.45,9.45,24.9,8.3,2770,25673.85,100.0,9.27,EQ
10-08-2012,9.45,9.8,9.35,9.6,9.35,24.9,8.3,3719,35546.35,125.0,9.56,EQ
13-08-2012,9.5,10.4,9.35,9.4,9.4,24.9,8.3,2062,20240.75,50.0,9.82,EQ
14-08-2012,9.7,9.7,9.4,9.4,9.4,24.9,8.3,1543,14683.9,17.0,9.52,EQ
16-08-2012,9.5,10.05,9.1,9.25,9.15,24.9,8.3,6174,57693.35,118.0,9.34,EQ
17-08-2012,11.05,11.05,9.05,9.4,9.4,24.9,8.3,6570,62002.6,67.0,9.44,EQ
21-08-2012,9.05,9.5,8.7,8.9,8.9,23.9,8.3,2137,19262.3,62.0,9.01,EQ
22-08-2012,9.3,9.3,8.85,9.3,9.15,23.9,8.3,1634,14970.05,21.0,9.16,EQ
23-08-2012,10.9,10.9,9.2,9.65,9.7,23.9,8.3,1177,11329.95,35.0,9.63,EQ
24-08-2012,9.3,9.55,9.3,9.45,9.4,23.9,8.3,2014,18968.55,42.0,9.42,EQ
27-08-2012,9.3,9.3,8.75,9.0,9.0,23.9,8.3,3874,35724.0,19.0,9.22,EQ
28-08-2012,9.45,9.45,8.8,8.85,9.0,23.9,8.3,3969,35575.35,105.0,8.96,EQ
29-08-2012,9.0,9.3,9.0,9.1,9.05,23.9,8.3,3217,29252.6,76.0,9.09,EQ
30-08-2012,9.1,9.4,9.0,9.0,9.0,23.9,8.3,4752,43070.2,31.0,9.06,EQ
31-08-2012,9.45,9.45,8.85,8.85,8.85,23.9,8.3,1538,13836.9,49.0,9.0,EQ
03-09-2012,8.75,9.25,8.75,8.95,8.8,23.9,8.3,579,5261.5,50.0,9.09,EQ
04-09-2012,9.2,9.25,8.85,9.2,9.2,23.9,8.3,294,2707.8,6.0,9.21,EQ
05-09-2012,9.25,9.5,8.85,8.85,8.85,23.9,8.3,1447,13266.1,61.0,9.17,EQ
06-09-2012,8.7,9.2,8.2,9.2,9.2,23.9,8.2,1311,11742.75,24.0,8.96,EQ
07-09-2012,8.85,9.15,8.8,9.05,9.05,23.9,8.2,672,6033.7,7.0,8.98,EQ
08-09-2012,8.7,8.95,8.1,8.2,8.2,23.9,8.1,6016,49365.95,23.0,8.21,EQ
10-09-2012,8.5,8.95,8.25,8.6,8.5,23.9,8.1,3308,28289.85,59.0,8.55,EQ
11-09-2012,8.3,8.5,8.3,8.3,8.3,23.9,8.1,3606,29934.2,15.0,8.3,EQ
12-09-2012,8.1,8.95,8.1,8.35,8.35,23.9,8.1,1253,10509.4,17.0,8.39,EQ
13-09-2012,8.2,8.8,8.15,8.5,8.75,23.9,8.1,2411,20402.75,62.0,8.46,EQ
14-09-2012,8.9,8.9,8.5,8.75,8.8,23.9,8.1,1324,11408.9,54.0,8.62,EQ
17-09-2012,8.6,9.5,8.4,9.25,9.5,23.9,8.1,9400,86224.95,93.0,9.17,EQ
18-09-2012,9.3,9.8,8.7,9.3,9.2,23.9,8.1,3986,37781.95,155.0,9.48,EQ
20-09-2012,9.6,9.6,9.0,9.0,9.0,23.9,8.1,1702,15591.0,20.0,9.16,EQ
21-09-2012,8.9,9.7,8.4,9.5,9.5,23.9,8.1,5320,47897.75,90.0,9.0,EQ
24-09-2012,9.95,9.95,9.0,9.5,9.5,23.9,8.1,1105,10360.05,80.0,9.38,EQ
25-09-2012,9.3,9.7,9.2,9.35,9.5,23.9,8.1,6270,58990.3,164.0,9.41,EQ
26-09-2012,9.65,9.7,8.95,9.4,9.4,23.9,8.1,8176,75184.25,63.0,9.2,EQ
27-09-2012,9.45,9.7,9.2,9.2,9.2,23.9,8.1,2007,18948.4,194.0,9.44,EQ
28-09-2012,9.3,9.5,9.25,9.25,9.25,23.9,8.1,453,4205.0,42.0,9.28,EQ
01-10-2012,9.4,9.4,9.2,9.4,9.4,22.8,8.1,587,5453.45,43.0,9.29,EQ
03-10-2012,9.9,9.95,9.15,9.35,9.5,22.8,8.1,2211,20814.5,34.0,9.41,EQ
04-10-2012,9.3,9.7,9.25,9.35,9.3,22.8,8.1,2501,23568.9,96.0,9.42,EQ
05-10-2012,9.35,9.45,9.25,9.25,9.25,22.8,8.1,655,6126.25,28.0,9.35,EQ
08-10-2012,9.2,9.75,8.95,9.45,9.45,22.8,8.1,2189,20866.9,90.0,9.53,EQ
09-10-2012,9.5,9.75,9.15,9.45,9.45,22.8,8.1,4431,41724.95,47.0,9.42,EQ
10-10-2012,9.15,9.15,9.15,9.15,9.15,22.8,8.1,250,2287.5,2.0,9.15,EQ
11-10-2012,9.05,9.4,8.75,9.4,9.4,22.8,8.1,2788,25499.25,51.0,9.15,EQ
12-10-2012,9.35,9.35,8.95,9.35,9.35,22.8,8.1,914,8379.25,14.0,9.17,EQ
15-10-2012,9.3,9.6,9.2,9.6,9.6,21.7,8.1,788,7360.5,104.0,9.34,EQ
16-10-2012,9.5,9.7,9.3,9.5,9.5,21.7,8.1,1182,11298.45,14.0,9.56,EQ
17-10-2012,9.15,9.15,9.15,9.15,9.15,21.7,8.1,400,3660.0,1.0,9.15,EQ
18-10-2012,9.0,9.25,9.0,9.0,9.0,21.7,8.1,697,6325.8,19.0,9.08,EQ
19-10-2012,9.35,9.35,9.0,9.0,9.0,21.7,8.1,544,4896.75,8.0,9.0,EQ
22-10-2012,9.9,9.9,9.15,9.2,9.2,21.7,8.1,1800,16985.0,7.0,9.44,EQ
23-10-2012,9.9,9.9,9.05,9.1,9.1,21.7,8.1,1125,11035.25,6.0,9.81,EQ
25-10-2012,8.85,9.95,8.5,9.1,9.15,21.7,8.1,1935,17552.95,17.0,9.07,EQ
26-10-2012,9.3,9.35,9.0,9.35,9.35,21.7,8.1,562,5240.55,97.0,9.32,EQ
29-10-2012,9.2,9.85,9.15,9.15,9.15,21.05,8.1,169,1587.85,13.0,9.4,EQ
30-10-2012,9.1,9.25,9.05,9.25,9.25,21.05,8.1,1875,17068.75,9.0,9.1,EQ
31-10-2012,9.0,9.15,9.0,9.0,9.0,21.05,8.1,1090,9810.15,6.0,9.0,EQ
01-11-2012,9.3,9.3,9.3,9.3,9.3,21.05,8.1,12,111.6,1.0,9.3,EQ
02-11-2012,9.5,9.5,9.05,9.05,9.05,21.05,8.1,3465,32144.5,19.0,9.28,EQ
05-11-2012,9.35,9.6,9.15,9.15,9.15,21.05,8.1,2242,20918.0,15.0,9.33,EQ
06-11-2012,9.55,9.55,9.05,9.15,9.1,21.05,8.1,1620,15016.75,15.0,9.27,EQ
07-11-2012,9.45,9.45,9.1,9.15,9.15,21.05,8.1,498,4555.7,32.0,9.15,EQ
08-11-2012,9.15,9.4,8.95,9.05,9.0,21.05,8.1,1625,14852.15,26.0,9.14,EQ
09-11-2012,9.45,9.5,9.4,9.45,9.4,21.05,8.1,311,2941.9,6.0,9.46,EQ
12-11-2012,10.35,10.35,9.3,9.5,9.5,21.05,8.1,42710,413304.25,433.0,9.68,EQ
13-11-2012,10.0,10.45,9.95,10.35,10.45,21.05,8.1,15808,161271.9,55.0,10.2,EQ
15-11-2012,9.7,10.45,9.7,10.0,10.0,21.05,8.1,7111,70895.15,531.0,9.97,EQ
16-11-2012,9.9,10.2,9.4,9.7,9.7,21.05,8.1,12049,119247.1,194.0,9.9,EQ
19-11-2012,9.55,10.1,9.2,9.35,9.5,21.05,8.1,5867,55512.4,38.0,9.46,EQ
20-11-2012,9.95,9.95,9.5,9.5,9.5,21.05,8.1,17349,166843.6,122.0,9.62,EQ
21-11-2012,9.6,10.35,9.45,10.3,10.25,21.05,8.1,1526,15440.45,75.0,10.12,EQ
22-11-2012,10.25,10.3,9.85,10.3,10.3,21.05,8.1,2640,26781.6,37.0,10.14,EQ
23-11-2012,10.0,10.5,9.9,10.45,10.45,21.05,8.1,10616,109302.85,86.0,10.3,EQ
26-11-2012,10.6,11.45,10.25,11.45,11.45,21.05,8.1,68076,737133.3,371.0,10.83,EQ
27-11-2012,11.95,12.55,11.8,12.55,12.55,21.05,8.1,27505,339758.35,97.0,12.35,EQ
29-11-2012,13.1,13.15,13.1,13.15,13.15,21.05,8.1,8416,110645.4,18.0,13.15,EQ
30-11-2012,13.8,13.8,13.8,13.8,13.8,21.05,8.1,2503,34541.4,17.0,13.8,EQ
03-12-2012,14.45,14.45,14.45,14.45,14.45,21.05,8.1,2465,35619.25,14.0,14.45,EQ
04-12-2012,15.15,15.15,15.15,15.15,15.15,21.05,8.1,2151,32587.65,16.0,15.15,EQ
05-12-2012,15.9,15.9,14.6,15.9,15.9,21.05,8.1,36946,582981.55,252.0,15.78,EQ
06-12-2012,15.95,16.65,15.95,16.65,16.65,21.05,8.1,30359,499319.0,556.0,16.45,EQ
07-12-2012,16.1,17.45,16.1,17.45,17.45,21.05,8.1,16932,293950.5,63.0,17.36,BE
10-12-2012,17.5,18.3,17.5,18.3,18.3,21.05,8.1,3089,55661.2,20.0,18.02,BE
11-12-2012,19.0,19.2,18.65,19.15,19.1,21.05,8.1,4200,80412.7,32.0,19.15,BE
12-12-2012,20.1,20.1,19.3,20.1,20.1,21.05,8.1,19531,391388.9,87.0,20.04,BE
13-12-2012,20.1,21.1,20.1,21.1,21.1,21.1,8.1,10042,211171.1,60.0,21.03,BE
14-12-2012,21.0,22.15,21.0,22.15,22.15,22.15,8.1,10015,221397.2,40.0,22.11,BE
17-12-2012,23.25,23.25,23.25,23.25,23.25,23.25,8.1,5590,129967.5,16.0,23.25,BE
18-12-2012,24.4,24.4,24.4,24.4,24.4,24.4,8.1,2197,53606.8,19.0,24.4,BE
19-12-2012,25.6,25.6,25.6,25.6,25.6,25.6,8.1,1511,38681.6,12.0,25.6,BE
20-12-2012,26.85,26.85,24.35,24.35,24.35,26.85,8.1,31609,795344.6,106.0,25.16,BE
21-12-2012,23.15,23.15,23.15,23.15,23.15,26.85,8.1,2651,61370.65,16.0,23.15,BE
24-12-2012,22.0,23.15,22.0,22.0,22.0,26.85,8.1,2361,52106.7,36.0,22.07,BE
26-12-2012,20.9,20.9,20.9,20.9,20.9,26.85,8.1,1150,24035.0,4.0,20.9,BE
27-12-2012,19.9,19.9,19.9,19.9,19.9,26.85,8.1,1353,26924.7,9.0,19.9,BE
28-12-2012,18.95,20.85,18.95,19.75,19.55,26.85,8.1,35740,718280.4,203.0,20.1,BE
31-12-2012,18.95,20.0,18.8,19.35,19.5,26.85,8.1,6719,128397.1,80.0,19.11,BE
01-01-2013,19.45,20.0,19.0,19.55,20.0,26.85,8.1,10347,204338.05,67.0,19.75,BE
02-01-2013,20.5,20.5,19.4,20.45,20.45,26.85,8.1,17443,354266.4,51.0,20.31,BE
03-01-2013,21.45,21.45,21.45,21.45,21.45,26.85,8.1,858,18404.1,13.0,21.45,BE
04-01-2013,21.45,22.5,21.45,22.5,22.5,26.85,8.1,10000,219750.0,27.0,21.98,BE
07-01-2013,21.5,23.6,21.5,23.6,23.6,26.85,8.1,16179,378958.9,75.0,23.42,BE
08-01-2013,23.1,24.7,22.45,23.4,23.4,26.85,8.1,4451,104569.3,64.0,23.49,BE
09-01-2013,22.5,23.2,22.4,22.75,22.8,26.85,8.1,4501,102605.5,31.0,22.8,BE
10-01-2013,22.4,22.45,21.65,21.65,21.65,26.85,8.1,1422,30977.8,14.0,21.78,BE
11-01-2013,20.6,20.6,20.6,20.6,20.6,26.85,8.1,1405,28943.0,14.0,20.6,BE
14-01-2013,19.65,20.7,19.65,20.55,20.6,26.85,8.1,1499,29955.9,12.0,19.98,BE
15-01-2013,20.5,21.45,20.5,20.85,20.5,26.85,8.1,4206,88264.2,55.0,20.99,BE
16-01-2013,20.1,20.6,20.1,20.6,20.55,26.85,8.1,1480,30284.5,7.0,20.46,BE
17-01-2013,20.85,20.85,19.85,20.25,20.0,26.85,8.1,2716,55015.95,22.0,20.26,BE
18-01-2013,20.05,20.4,19.25,19.5,19.95,26.85,8.1,4009,79708.35,29.0,19.88,BE
21-01-2013,20.2,20.25,19.3,20.25,20.25,26.85,8.1,703,14030.9,9.0,19.96,BE
22-01-2013,20.8,20.8,19.5,19.55,19.55,26.85,8.1,1348,26417.8,16.0,19.6,BE
23-01-2013,19.05,20.0,18.9,19.0,19.8,26.85,8.1,259,4977.65,7.0,19.22,BE
24-01-2013,19.5,19.5,18.05,18.4,19.15,26.85,8.1,4414,81582.85,35.0,18.48,BE
25-01-2013,17.55,18.85,17.55,18.7,18.75,26.85,8.1,922,16654.85,11.0,18.06,BE
29-01-2013,19.5,19.5,17.9,18.35,18.35,26.85,8.1,2804,50663.8,18.0,18.07,BE
30-01-2013,19.0,19.0,17.45,17.5,17.5,26.85,8.1,308,5396.25,10.0,17.52,BE
31-01-2013,18.3,18.3,16.85,18.05,18.05,26.85,8.1,1065,18160.0,10.0,17.05,BE
01-02-2013,18.4,18.4,17.3,17.65,17.65,26.85,8.1,2402,42744.85,17.0,17.8,BE
04-02-2013,18.2,18.2,16.9,17.2,17.2,26.85,8.1,4084,71375.4,28.0,17.48,BE
05-02-2013,17.1,17.5,16.65,17.5,17.5,26.85,8.1,3280,57257.5,6.0,17.46,BE
06-02-2013,17.1,17.5,17.0,17.45,17.5,26.85,8.1,10415,178662.3,15.0,17.15,BE
07-02-2013,16.9,17.25,16.65,17.1,17.25,26.85,8.1,2380,40190.0,13.0,16.89,BE
08-02-2013,17.2,17.2,16.3,16.8,16.8,26.85,8.1,572,9359.95,6.0,16.36,BE
12-02-2013,16.95,16.95,16.0,16.0,16.0,26.85,8.1,803,12850.7,5.0,16.0,BE
13-02-2013,15.95,16.7,15.2,16.45,16.45,26.85,8.1,5275,85438.1,24.0,16.2,BE
14-02-2013,16.5,16.85,15.7,16.85,16.85,26.85,8.1,1405,23153.5,8.0,16.48,BE
15-02-2013,17.45,17.45,16.85,16.85,16.85,26.85,8.1,22,382.7,2.0,17.4,BE
18-02-2013,16.05,16.8,16.05,16.4,16.1,26.85,8.1,1326,21534.3,9.0,16.24,BE
19-02-2013,16.1,17.2,16.1,17.15,17.15,26.85,8.1,2167,36913.7,9.0,17.03,BE
20-02-2013,16.65,16.65,16.65,16.65,16.65,26.85,8.1,150,2497.5,1.0,16.65,BE
21-02-2013,16.5,16.5,15.85,15.85,15.85,26.85,8.1,713,11586.5,6.0,16.25,BE
22-02-2013,16.0,16.0,16.0,16.0,16.0,26.85,8.1,10,160.0,1.0,16.0,BE
25-02-2013,16.15,16.15,15.2,15.25,15.25,26.85,8.1,701,10767.9,12.0,15.36,BE
26-02-2013,14.5,14.5,14.5,14.5,14.5,26.85,8.1,381,5524.5,6.0,14.5,BE
27-02-2013,14.5,15.2,13.8,15.2,15.2,26.85,8.1,3825,53405.9,14.0,13.96,BE
01-03-2013,14.45,14.5,14.45,14.5,14.5,26.85,8.1,1184,17162.9,11.0,14.5,EQ
04-03-2013,13.9,14.0,13.8,13.8,13.8,26.85,8.1,1522,21245.25,136.0,13.96,EQ
05-03-2013,13.25,13.7,13.25,13.7,13.7,26.85,8.1,103,1409.8,10.0,13.69,EQ
06-03-2013,13.75,14.0,13.5,14.0,14.0,26.85,8.1,126,1704.0,13.0,13.52,EQ
07-03-2013,14.0,15.4,14.0,15.3,15.2,26.85,8.1,6070,92196.45,72.0,15.19,EQ
08-03-2013,16.35,16.5,14.6,15.85,16.5,26.85,8.1,1683,26649.4,34.0,15.83,EQ
11-03-2013,15.2,17.4,14.5,17.2,17.4,26.85,8.1,18014,291459.25,129.0,16.18,EQ
12-03-2013,16.0,17.75,16.0,17.0,17.0,26.85,8.1,1474,25509.6,46.0,17.31,EQ
13-03-2013,17.0,17.95,15.4,16.45,16.45,26.85,8.1,2067,33519.05,57.0,16.22,EQ
14-03-2013,15.4,16.4,14.95,15.6,15.6,26.85,8.1,1569,23703.15,24.0,15.11,EQ
15-03-2013,15.1,15.1,14.05,14.1,14.1,26.85,8.1,4944,71378.2,438.0,14.44,EQ
18-03-2013,14.0,14.5,12.7,12.7,12.7,26.85,8.1,16399,209869.7,88.0,12.8,EQ
19-03-2013,12.9,13.3,12.9,13.3,13.05,26.85,8.1,2032,26548.35,13.0,13.07,EQ
20-03-2013,13.0,13.15,12.8,12.8,12.8,26.85,8.1,2561,33067.9,12.0,12.91,EQ
21-03-2013,12.35,13.2,12.35,12.45,12.4,26.85,8.1,13651,170748.4,29.0,12.51,EQ
22-03-2013,12.5,12.95,11.85,11.85,11.85,26.85,8.1,2889,34521.1,29.0,11.95,EQ
25-03-2013,11.6,12.4,11.45,12.4,12.4,26.85,8.1,13833,162692.6,29.0,11.76,EQ
26-03-2013,12.8,13.0,11.8,11.9,11.9,26.85,8.1,1964,23767.05,43.0,12.1,EQ
28-03-2013,12.0,12.3,11.35,12.1,12.1,26.85,8.1,2465,28285.95,16.0,11.48,EQ
01-04-2013,12.7,12.7,11.5,12.25,12.25,26.85,8.1,1501,18144.2,11.0,12.09,EQ
02-04-2013,12.75,12.8,12.4,12.7,12.7,26.85,8.1,2519,31953.1,12.0,12.68,EQ
03-04-2013,12.95,13.0,12.3,12.95,13.0,26.85,8.1,656,8488.0,6.0,12.94,EQ
04-04-2013,13.55,13.55,12.75,13.55,13.55,26.85,8.1,2108,28192.85,11.0,13.37,EQ
05-04-2013,13.05,14.2,13.05,14.2,14.2,26.85,8.1,4149,58579.1,18.0,14.12,EQ
10-04-2013,14.0,14.0,14.0,14.0,14.0,26.85,8.1,150,2100.0,1.0,14.0,EQ
18-04-2013,13.3,13.3,13.3,13.3,13.3,26.85,8.1,5,66.5,1.0,13.3,BE
30-04-2013,12.7,12.7,12.7,12.7,12.7,26.85,8.1,75,952.5,1.0,12.7,BE
06-05-2013,12.7,12.7,12.7,12.7,12.7,26.85,8.1,30,381.0,1.0,12.7,BE
07-05-2013,13.3,13.3,13.3,13.3,13.3,26.85,8.1,5,66.5,1.0,13.3,BE
09-05-2013,12.9,12.9,12.9,12.9,12.9,26.85,8.1,110,1419.0,2.0,12.9,BE
07-06-2013,12.3,12.3,12.3,12.3,12.3,26.85,8.1,20,246.0,1.0,12.3,BE
13-06-2013,11.7,11.7,11.7,11.7,11.7,26.85,8.1,171,2000.7,1.0,11.7,BE
03-07-2013,12.0,12.0,12.0,12.0,12.0,26.85,8.1,20,240.0,1.0,12.0,EQ
02-08-2013,11.4,11.4,11.4,11.4,11.4,26.85,8.1,250,2850.0,1.0,11.4,EQ
07-08-2013,11.9,11.9,11.9,11.9,11.9,26.85,8.1,100,1190.0,1.0,11.9,EQ
12-08-2013,11.35,11.35,11.35,11.35,11.35,26.85,8.1,500,5675.0,1.0,11.35,EQ
13-08-2013,10.8,10.8,10.8,10.8,10.8,26.85,8.1,200,2160.0,1.0,10.8,EQ
14-08-2013,10.3,10.35,10.3,10.35,10.35,26.85,8.1,550,5685.0,3.0,10.34,EQ
16-08-2013,9.85,9.85,9.85,9.85,9.85,26.85,8.1,400,3940.0,2.0,9.85,EQ
19-08-2013,10.25,10.25,10.25,10.25,10.25,26.85,8.1,25,256.25,1.0,10.25,EQ
21-08-2013,9.75,9.75,9.75,9.75,9.75,26.85,8.1,10,97.5,2.0,9.75,EQ
22-08-2013,9.3,9.3,9.3,9.3,9.3,26.85,8.1,250,2325.0,1.0,9.3,EQ
23-08-2013,9.75,9.75,9.75,9.75,9.75,26.85,8.1,1000,9750.0,2.0,9.75,EQ
29-08-2013,9.3,9.3,9.3,9.3,9.3,26.85,8.1,250,2325.0,1.0,9.3,EQ
02-09-2013,9.5,9.5,9.5,9.5,9.5,26.85,8.1,300,2850.0,2.0,9.5,EQ
05-09-2013,9.1,9.1,9.1,9.1,9.1,26.85,8.1,500,4550.0,2.0,9.1,EQ
11-09-2013,9.55,9.55,9.55,9.55,9.55,26.85,8.1,1000,9550.0,1.0,9.55,EQ
12-09-2013,9.15,9.15,9.15,9.15,9.15,26.85,8.1,100,915.0,2.0,9.15,EQ
13-09-2013,9.2,9.2,9.2,9.2,9.2,26.85,8.1,20,184.0,1.0,9.2,EQ
16-09-2013,9.2,9.2,9.2,9.2,9.2,26.85,8.4,20,184.0,1.0,9.2,EQ
17-09-2013,9.65,9.65,9.65,9.65,9.65,26.85,8.4,1300,12545.0,3.0,9.65,EQ
19-09-2013,10.0,10.1,10.0,10.1,10.1,26.85,8.4,520,5250.0,3.0,10.1,EQ
23-09-2013,10.6,10.6,10.6,10.6,10.6,26.85,8.5,2100,22260.0,3.0,10.6,EQ
24-09-2013,11.0,11.0,11.0,11.0,11.0,26.85,8.5,10,110.0,1.0,11.0,EQ
26-09-2013,11.4,11.4,11.4,11.4,11.4,26.85,8.5,550,6270.0,2.0,11.4,EQ
22-10-2013,10.85,10.85,10.85,10.85,10.85,26.85,8.5,2504,27168.4,2.0,10.85,EQ
25-10-2013,10.4,10.4,10.4,10.4,10.4,26.85,8.5,60,624.0,1.0,10.4,EQ
31-10-2013,10.0,10.0,10.0,10.0,10.0,26.85,8.95,100,1000.0,1.0,10.0,EQ
03-11-2013,10.0,10.0,10.0,10.0,10.0,26.85,8.95,100,1000.0,1.0,10.0,EQ
08-11-2013,9.5,10.5,9.5,10.0,10.0,26.85,8.95,210,2055.0,4.0,9.79,EQ
19-11-2013,10.0,10.0,10.0,10.0,10.0,26.85,9.1,100,1000.0,1.0,10.0,EQ
03-12-2013,10.0,10.0,10.0,10.0,10.0,26.85,9.1,15,150.0,1.0,10.0,EQ
05-12-2013,9.5,9.5,9.5,9.5,9.5,26.85,9.1,200,1900.0,1.0,9.5,EQ
06-12-2013,9.65,9.95,9.65,9.95,9.95,26.85,9.1,756,7408.2,9.0,9.8,EQ
09-12-2013,9.9,9.9,9.9,9.9,9.9,26.85,9.1,100,990.0,1.0,9.9,EQ
12-12-2013,10.35,10.35,10.35,10.35,10.35,26.85,9.1,50,517.5,1.0,10.35,EQ
24-12-2013,9.85,9.85,9.85,9.85,9.85,24.7,9.1,500,4925.0,1.0,9.85,EQ
26-12-2013,9.4,9.4,9.4,9.4,9.4,24.7,9.1,200,1880.0,3.0,9.4,EQ
27-12-2013,9.85,9.85,9.85,9.85,9.85,24.7,9.1,3,29.55,1.0,9.85,EQ
30-12-2013,9.8,9.9,9.8,9.9,9.9,24.7,9.1,425,4195.5,7.0,9.87,EQ
31-12-2013,10.0,10.3,10.0,10.3,10.3,24.7,9.1,1450,14650.0,4.0,10.1,EQ
01-01-2014,10.5,10.5,10.5,10.5,10.5,24.7,9.1,2600,27300.0,5.0,10.5,EQ
07-01-2014,10.5,10.5,10.5,10.5,10.5,24.7,9.1,3,31.5,1.0,10.5,EQ
09-01-2014,10.7,10.7,10.7,10.7,10.7,24.7,9.1,100,1070.0,1.0,10.7,EQ
13-01-2014,10.7,11.2,10.7,10.7,10.7,21.45,9.1,6736,72237.05,182.0,10.72,EQ
14-01-2014,10.7,10.85,10.5,10.5,10.5,21.45,9.1,1437,15463.45,174.0,10.76,EQ
15-01-2014,10.4,10.4,10.3,10.4,10.4,21.45,9.1,388,4027.1,37.0,10.38,EQ
16-01-2014,10.2,10.65,9.9,9.9,9.9,21.45,9.1,3005,29877.2,34.0,9.94,EQ
17-01-2014,10.0,10.25,9.55,10.15,10.25,21.45,9.1,266,2550.8,45.0,9.59,EQ
20-01-2014,10.0,10.35,9.7,10.1,10.1,20.8,9.1,351,3458.8,11.0,9.85,EQ
21-01-2014,10.0,10.0,9.65,9.7,9.65,20.8,9.1,907,8938.2,53.0,9.85,EQ
22-01-2014,9.55,9.55,9.55,9.55,9.55,20.8,9.1,53,506.15,1.0,9.55,EQ
23-01-2014,9.65,9.65,9.6,9.6,9.6,20.8,9.1,700,6720.45,10.0,9.6,EQ
24-01-2014,9.95,9.95,9.95,9.95,9.95,20.8,9.1,500,4975.0,2.0,9.95,EQ
27-01-2014,9.6,10.35,9.5,10.25,9.5,19.5,9.1,1154,11438.7,11.0,9.91,EQ
28-01-2014,9.75,10.2,9.75,10.2,10.2,19.5,9.1,1011,9862.15,4.0,9.75,EQ
30-01-2014,10.45,10.45,10.0,10.4,10.4,19.5,9.1,15,155.3,5.0,10.35,EQ
31-01-2014,10.45,10.45,10.45,10.45,10.45,19.5,9.1,40,418.0,1.0,10.45,EQ
03-02-2014,10.45,10.45,10.45,10.45,10.45,18.2,9.1,400,4180.0,3.0,10.45,EQ
04-02-2014,10.0,10.0,9.95,9.95,9.95,18.2,9.1,110,1094.6,6.0,9.95,EQ
05-02-2014,9.55,10.35,9.5,9.5,9.5,18.2,9.1,599,5762.35,10.0,9.62,EQ
06-02-2014,9.5,9.9,9.2,9.3,9.7,18.2,9.1,1045,9815.75,21.0,9.39,EQ
07-02-2014,9.15,9.15,9.15,9.15,9.15,18.2,9.1,27,247.05,2.0,9.15,EQ
10-02-2014,9.25,9.25,9.0,9.15,9.25,17.95,9.0,1331,12098.5,17.0,9.09,EQ
11-02-2014,9.25,9.6,9.0,9.35,9.6,17.95,9.0,1160,10874.6,64.0,9.37,EQ
12-02-2014,9.25,9.8,9.25,9.8,9.8,17.95,9.0,1337,12953.6,19.0,9.69,EQ
13-02-2014,10.25,10.25,10.25,10.25,10.25,17.95,9.0,800,8200.0,4.0,10.25,EQ
14-02-2014,10.75,10.75,10.75,10.75,10.75,17.95,9.0,254,2730.5,4.0,10.75,EQ
17-02-2014,11.25,11.25,11.25,11.25,11.25,17.95,9.0,414,4657.5,4.0,11.25,EQ
18-02-2014,11.8,11.8,11.8,11.8,11.8,17.95,9.0,923,10891.4,4.0,11.8,EQ
19-02-2014,12.35,12.35,11.5,12.35,12.35,17.95,9.0,9307,113493.85,100.0,12.19,EQ
20-02-2014,12.95,12.95,12.95,12.95,12.95,17.95,9.0,2924,37865.8,7.0,12.95,EQ
21-02-2014,13.55,13.55,13.55,13.55,13.55,17.95,9.0,800,10840.0,6.0,13.55,EQ
24-02-2014,14.2,14.2,13.6,14.2,14.2,17.95,9.0,1646,23316.0,18.0,14.17,EQ
25-02-2014,14.9,14.9,14.9,14.9,14.9,17.95,9.0,5468,81473.2,15.0,14.9,EQ
26-02-2014,15.6,15.6,15.6,15.6,15.6,17.95,9.0,790,12324.0,3.0,15.6,EQ
28-02-2014,16.35,16.35,16.25,16.35,16.35,17.95,9.0,1437,23480.95,12.0,16.34,EQ
03-03-2014,17.15,17.15,17.15,17.15,17.15,17.95,9.0,100,1715.0,1.0,17.15,EQ
04-03-2014,18.0,18.0,18.0,18.0,18.0,18.0,9.0,310,5580.0,5.0,18.0,EQ
05-03-2014,18.9,18.9,18.9,18.9,18.9,18.9,9.0,1650,31185.0,7.0,18.9,EQ
06-03-2014,19.8,19.8,19.8,19.8,19.8,19.8,9.0,5677,112404.6,25.0,19.8,EQ
07-03-2014,20.75,20.75,18.85,18.85,18.85,20.75,9.0,12487,243616.0,606.0,19.51,EQ
10-03-2014,18.05,19.0,17.95,17.95,17.95,20.75,9.0,11286,206819.2,30.0,18.33,EQ
11-03-2014,17.1,17.45,17.1,17.1,17.1,20.75,9.0,20527,351274.2,107.0,17.11,EQ
12-03-2014,16.3,17.8,16.25,16.6,16.6,20.75,9.0,11282,186821.45,363.0,16.56,EQ
13-03-2014,16.65,17.4,16.65,17.4,17.4,20.75,9.0,1421,24662.6,19.0,17.36,EQ
14-03-2014,17.6,18.25,17.2,17.9,18.25,20.75,9.0,3251,57901.0,399.0,17.81,EQ
18-03-2014,17.5,17.5,17.1,17.1,17.1,20.75,9.0,1870,32461.3,11.0,17.36,EQ
19-03-2014,16.35,17.95,16.3,16.45,16.4,20.75,9.0,3683,61641.05,55.0,16.74,EQ
20-03-2014,16.15,16.4,15.95,16.4,16.4,20.75,9.0,2122,34240.15,16.0,16.14,EQ
21-03-2014,15.8,16.2,15.6,15.7,15.7,20.75,9.0,1279,20188.5,96.0,15.78,EQ
22-03-2014,15.7,16.45,15.15,16.45,16.45,20.75,9.0,152,2433.9,4.0,16.01,EQ
24-03-2014,15.65,16.55,15.65,16.25,16.55,20.75,9.0,725,11563.25,16.0,15.95,EQ
25-03-2014,15.55,15.6,15.45,15.45,15.45,20.75,9.0,1122,17404.9,45.0,15.51,EQ
26-03-2014,14.75,15.25,14.75,15.25,15.25,20.75,9.0,338,5030.75,17.0,14.88,EQ
27-03-2014,14.65,16.0,14.65,15.65,15.65,20.75,9.0,4805,75752.6,34.0,15.77,EQ
28-03-2014,16.35,16.4,15.35,16.3,16.3,20.75,9.0,5469,87787.4,26.0,16.05,EQ
31-03-2014,17.0,17.0,15.6,16.4,16.4,20.75,9.0,3229,52799.6,30.0,16.35,EQ
01-04-2014,17.2,17.2,15.9,16.6,16.6,20.75,9.0,1180,19532.0,7.0,16.55,EQ
02-04-2014,16.4,17.4,16.4,17.35,17.4,20.75,9.0,17309,298391.3,50.0,17.24,EQ
03-04-2014,17.35,18.0,17.1,17.65,17.7,20.75,9.0,3364,59643.3,26.0,17.73,EQ
04-04-2014,17.65,18.0,16.95,17.95,18.0,20.75,9.0,3028,54046.35,48.0,17.85,EQ
07-04-2014,18.7,18.7,17.1,17.45,17.8,20.75,9.0,3591,63051.1,28.0,17.56,EQ
09-04-2014,16.75,17.95,16.7,17.85,17.85,20.75,9.0,1070,18580.75,13.0,17.37,EQ
10-04-2014,17.0,17.85,17.0,17.25,17.25,20.75,9.0,4420,76689.1,14.0,17.35,EQ
11-04-2014,17.25,17.7,17.2,17.7,17.7,20.75,9.0,490,8515.3,6.0,17.38,EQ
15-04-2014,17.65,17.65,16.85,16.95,16.85,20.75,9.0,1390,23753.25,14.0,17.09,EQ
16-04-2014,17.1,17.1,16.6,17.05,17.05,20.75,9.0,350,5857.5,7.0,16.74,EQ
17-04-2014,16.35,17.25,16.2,17.0,17.1,20.75,9.0,3225,53646.75,20.0,16.63,EQ
21-04-2014,16.15,17.0,16.15,16.8,16.8,20.75,9.0,2885,48358.75,16.0,16.76,EQ
22-04-2014,16.1,17.3,16.1,16.9,17.3,20.75,9.0,4056,66961.0,27.0,16.51,EQ
23-04-2014,16.3,16.5,16.25,16.5,16.5,20.75,9.0,2116,34749.35,13.0,16.42,EQ
25-04-2014,16.0,16.45,15.85,16.0,16.25,20.75,9.0,4619,73979.45,17.0,16.02,EQ
28-04-2014,15.65,16.8,15.65,16.3,16.3,20.75,9.0,6835,111224.5,30.0,16.27,EQ
29-04-2014,15.65,16.75,15.65,16.55,16.55,20.75,9.0,3523,56580.6,18.0,16.06,EQ
30-04-2014,16.15,17.0,16.15,16.7,16.7,20.75,9.0,1840,30325.75,17.0,16.48,EQ
02-05-2014,16.25,16.9,16.25,16.75,16.75,20.75,9.0,1885,31530.25,17.0,16.73,EQ
05-05-2014,16.6,17.5,16.05,17.35,17.5,20.75,9.0,5381,91044.4,25.0,16.92,EQ
06-05-2014,17.5,18.2,16.65,18.15,18.15,20.75,9.0,15845,285003.7,67.0,17.99,EQ
07-05-2014,17.5,18.25,17.5,17.65,18.15,20.75,9.0,4280,75805.5,18.0,17.71,EQ
08-05-2014,17.35,17.45,17.0,17.2,17.45,20.75,9.0,3299,56894.45,15.0,17.25,EQ
09-05-2014,18.35,18.35,17.05,17.65,17.7,20.75,9.0,2262,39941.6,20.0,17.66,EQ
12-05-2014,17.0,17.55,16.6,17.2,16.9,20.75,9.0,770,13115.75,11.0,17.03,EQ
13-05-2014,16.75,18.8,16.75,17.7,17.7,20.75,9.0,5645,101969.9,25.0,18.06,EQ
14-05-2014,17.05,18.3,17.05,17.45,17.3,20.75,9.0,1896,32824.85,20.0,17.31,EQ
15-05-2014,17.9,17.9,16.4,16.6,16.6,20.75,9.0,2140,36385.25,17.0,17.0,EQ
16-05-2014,16.05,17.0,16.05,16.2,16.2,20.75,9.0,3738,60965.7,26.0,16.31,EQ
19-05-2014,16.15,17.5,16.1,16.55,16.35,20.75,9.0,6714,113372.1,41.0,16.89,EQ
20-05-2014,16.45,18.2,16.4,17.95,18.2,20.75,9.0,7429,129434.3,31.0,17.42,EQ
21-05-2014,18.2,19.7,18.15,19.35,19.7,20.75,9.0,10091,190583.75,46.0,18.89,EQ
22-05-2014,18.6,20.0,17.75,19.0,19.0,20.75,9.0,13960,265093.55,53.0,18.99,EQ
23-05-2014,20.8,20.9,17.7,20.9,20.9,20.9,9.0,17867,360382.8,70.0,20.17,EQ
26-05-2014,21.9,21.9,20.9,21.75,21.75,21.9,9.0,17437,381624.3,58.0,21.89,EQ
27-05-2014,22.8,22.8,20.7,21.7,20.7,22.8,9.0,11150,236822.95,48.0,21.24,EQ
28-05-2014,20.7,21.9,20.7,21.7,21.75,22.8,9.0,7192,154384.05,32.0,21.47,EQ
29-05-2014,20.7,21.65,20.65,21.05,21.65,22.8,9.0,5888,122498.7,29.0,20.8,EQ
30-05-2014,21.7,22.0,20.15,21.25,21.9,22.8,9.0,8720,187837.7,35.0,21.54,EQ
02-06-2014,22.3,22.3,20.25,22.3,22.3,22.8,9.0,7066,153894.1,21.0,21.78,EQ
03-06-2014,23.4,23.4,22.05,23.1,23.3,23.4,9.0,17369,404270.05,60.0,23.28,EQ
04-06-2014,24.2,24.25,22.1,22.5,22.5,24.25,9.0,4885,112432.35,32.0,23.02,EQ
05-06-2014,23.45,23.6,22.5,23.6,23.6,24.25,9.0,4389,102487.2,30.0,23.35,EQ
06-06-2014,24.75,24.75,22.65,23.5,23.9,24.75,9.0,13799,329023.85,83.0,23.84,EQ
09-06-2014,22.65,24.65,22.65,24.65,24.65,24.75,9.0,11538,281205.2,32.0,24.37,EQ
10-06-2014,25.85,25.85,23.85,25.85,25.85,25.85,9.0,12761,318127.05,66.0,24.93,EQ
11-06-2014,27.1,27.1,26.3,27.1,27.1,27.1,9.0,15833,426612.55,67.0,26.94,EQ
12-06-2014,28.45,28.45,26.6,28.35,28.45,28.45,9.0,35539,984526.0,129.0,27.7,EQ
13-06-2014,29.5,29.6,26.95,27.55,28.0,29.6,9.0,27571,781217.25,118.0,28.33,EQ
16-06-2014,26.25,27.8,26.2,27.1,27.4,29.6,9.0,14424,384310.0,83.0,26.64,EQ
17-06-2014,28.35,28.35,26.15,26.4,26.3,29.6,9.0,30614,814013.35,79.0,26.59,EQ
18-06-2014,27.3,27.7,26.3,27.7,27.7,29.6,9.0,15315,414895.2,52.0,27.09,EQ
19-06-2014,27.7,29.05,27.7,29.05,29.05,29.6,9.0,12752,368383.0,70.0,28.89,EQ
20-06-2014,30.45,30.5,30.45,30.5,30.5,30.5,9.0,4121,125635.5,24.0,30.49,EQ
23-06-2014,32.0,32.0,32.0,32.0,32.0,32.0,9.0,2431,77792.0,8.0,32.0,EQ
24-06-2014,33.0,33.6,33.0,33.6,33.6,33.6,9.0,1301,43461.6,8.0,33.41,EQ
25-06-2014,35.25,35.25,35.25,35.25,35.25,35.25,9.0,11393,401603.25,27.0,35.25,EQ
26-06-2014,37.0,37.0,35.05,37.0,37.0,37.0,9.0,133826,4908411.75,631.0,36.68,EQ
27-06-2014,38.7,38.85,35.15,38.85,38.85,38.85,9.0,16970,648647.3,100.0,38.22,EQ
30-06-2014,40.1,40.75,37.0,39.0,37.8,40.75,9.0,8573,342155.0,61.0,39.91,BE
01-07-2014,37.05,39.5,37.05,37.05,37.05,40.75,9.0,13190,493323.1,39.0,37.4,BE
02-07-2014,35.2,36.8,35.2,35.2,35.2,40.75,9.0,8550,301287.5,29.0,35.24,BE
03-07-2014,35.0,36.0,33.45,33.75,33.75,40.75,9.0,20575,694221.05,55.0,33.74,BE
04-07-2014,33.5,35.4,33.5,35.4,35.4,40.75,9.0,3415,118433.0,27.0,34.68,BE
07-07-2014,37.15,37.15,36.55,37.15,37.15,40.75,9.0,3330,123097.5,22.0,36.97,BE
08-07-2014,39.0,39.0,35.3,35.4,35.3,40.75,9.0,15761,587916.75,73.0,37.3,BE
09-07-2014,35.3,37.15,33.65,33.8,33.65,40.75,9.0,11882,408340.65,54.0,34.37,BE
10-07-2014,32.15,34.0,32.15,33.45,33.45,40.75,9.0,5512,183152.6,34.0,33.23,BE
11-07-2014,34.5,35.0,31.8,32.15,32.5,40.75,9.0,5607,187691.0,30.0,33.47,BE
14-07-2014,31.0,32.0,31.0,31.2,31.1,40.75,9.0,1940,60643.1,18.0,31.26,BE
15-07-2014,31.0,32.75,31.0,32.75,32.75,40.75,9.0,4456,142556.95,13.0,31.99,BE
16-07-2014,34.3,34.35,32.65,32.8,32.7,40.75,9.0,2825,94001.25,17.0,33.27,BE
17-07-2014,32.7,33.95,31.65,32.55,33.95,40.75,9.0,5030,163221.8,23.0,32.45,BE
18-07-2014,32.1,34.0,31.2,34.0,34.0,40.75,9.0,1500,48632.5,5.0,32.42,BE
21-07-2014,32.4,33.9,32.4,33.9,33.9,40.75,9.0,1675,55310.5,12.0,33.02,BE
22-07-2014,33.0,35.5,32.3,33.65,33.5,40.75,9.0,5965,200109.95,61.0,33.55,BE
23-07-2014,32.05,34.4,32.05,33.0,33.0,40.75,9.0,1499,50698.15,10.0,33.82,BE
24-07-2014,33.0,34.4,33.0,33.2,33.2,40.75,9.0,3035,102015.0,16.0,33.61,BE
25-07-2014,32.05,34.0,32.05,32.8,32.5,40.75,9.0,3040,100542.0,22.0,33.07,BE
28-07-2014,31.55,34.0,31.55,33.8,34.0,40.75,9.0,16231,532662.6,33.0,32.82,BE
30-07-2014,33.9,35.45,32.5,35.45,35.45,40.75,9.0,12364,432770.1,58.0,35.0,BE
31-07-2014,37.2,37.2,37.2,37.2,37.2,40.75,9.0,12288,457113.6,38.0,37.2,BE
01-08-2014,37.2,38.0,35.6,37.05,37.6,40.75,9.0,11126,410655.8,54.0,36.91,BE
04-08-2014,38.5,38.9,37.6,38.9,38.9,40.75,9.0,7057,273691.3,41.0,38.78,BE
05-08-2014,40.8,40.8,40.75,40.8,40.8,40.8,9.0,3950,161136.0,29.0,40.79,BE
06-08-2014,42.8,42.8,42.8,42.8,42.8,42.8,9.0,4154,177791.2,22.0,42.8,EQ
07-08-2014,44.9,44.9,40.75,40.85,40.8,44.9,9.0,27829,1190081.85,183.0,42.76,EQ
08-08-2014,42.0,42.0,38.9,40.0,40.0,44.9,9.0,7501,296702.2,58.0,39.56,EQ
11-08-2014,41.5,42.0,41.5,42.0,42.0,44.9,9.0,4398,184687.5,26.0,41.99,EQ
12-08-2014,44.1,44.1,39.9,40.05,39.9,44.9,9.0,10688,445949.05,65.0,41.72,EQ
13-08-2014,38.75,39.5,38.05,38.05,38.05,44.9,9.0,8601,332980.75,41.0,38.71,EQ
14-08-2014,36.15,39.95,36.15,38.95,39.95,44.9,9.0,29028,1081664.55,122.0,37.26,EQ
18-08-2014,40.85,40.85,40.85,40.85,40.85,44.9,9.0,1265,51675.25,10.0,40.85,EQ
19-08-2014,42.85,42.85,42.85,42.85,42.85,44.9,9.0,4967,212835.95,12.0,42.85,EQ
20-08-2014,44.95,44.95,44.95,44.95,44.95,44.95,9.0,1705,76639.75,16.0,44.95,EQ
21-08-2014,47.0,47.15,47.0,47.15,47.15,47.15,9.0,2707,127629.05,13.0,47.15,EQ
22-08-2014,49.5,49.5,49.5,49.5,49.5,49.5,9.0,3044,150678.0,22.0,49.5,EQ
25-08-2014,51.95,51.95,51.95,51.95,51.95,51.95,9.0,5854,304115.3,30.0,51.95,EQ
26-08-2014,54.0,54.5,54.0,54.5,54.5,54.5,9.0,4370,238065.0,28.0,54.48,EQ
27-08-2014,57.2,57.2,57.2,57.2,57.2,57.2,9.0,7008,400857.6,21.0,57.2,EQ
28-08-2014,60.05,60.05,60.05,60.05,60.05,60.05,9.0,1741,104547.05,15.0,60.05,EQ
01-09-2014,63.05,63.05,63.05,63.05,63.05,63.05,9.0,592,37325.6,12.0,63.05,EQ
02-09-2014,66.2,66.2,63.05,66.2,66.2,66.2,9.0,186127,12262578.25,573.0,65.88,EQ
03-09-2014,69.5,69.5,67.0,69.5,69.5,69.5,9.0,46986,3230326.6,258.0,68.75,EQ
04-09-2014,72.45,72.95,66.05,66.9,68.5,72.95,9.0,111613,7806134.5,1428.0,69.94,EQ
05-09-2014,66.0,66.9,63.6,63.65,63.6,72.95,9.0,19514,1251940.1,162.0,64.16,EQ
08-09-2014,61.0,66.8,61.0,66.8,66.8,72.95,9.0,6375,414336.1,69.0,64.99,EQ
09-09-2014,70.1,70.1,70.1,70.1,70.1,72.95,9.0,3005,210650.5,17.0,70.1,BE
10-09-2014,73.6,73.6,73.6,73.6,73.6,73.6,9.0,4324,318246.4,24.0,73.6,BE
11-09-2014,77.25,77.25,77.25,77.25,77.25,77.25,9.0,37818,2921440.5,51.0,77.25,BE
12-09-2014,81.1,81.1,75.0,81.1,81.1,81.1,9.0,35696,2845929.95,234.0,79.73,BE
15-09-2014,84.4,85.15,83.05,85.15,85.15,85.15,9.0,24997,2106648.45,230.0,84.28,BE
16-09-2014,89.4,89.4,80.9,83.65,86.0,89.4,9.0,55458,4717704.8,198.0,85.07,BE
17-09-2014,79.5,83.0,79.5,80.25,82.75,89.4,9.0,26716,2138248.05,152.0,80.04,BE
18-09-2014,81.0,84.25,81.0,84.25,84.25,89.4,9.0,5042,419776.3,49.0,83.26,BE
19-09-2014,88.45,88.45,88.45,88.45,88.45,89.4,9.0,7390,653645.5,29.0,88.45,BE
22-09-2014,91.9,91.9,84.05,84.7,84.05,91.9,9.0,23469,2048851.25,171.0,87.3,BE
23-09-2014,83.5,83.9,80.6,80.85,80.75,91.9,9.0,27230,2213093.7,117.0,81.27,BE
24-09-2014,80.85,80.85,76.85,76.85,76.85,91.9,9.0,11322,871113.35,72.0,76.94,BE
25-09-2014,78.0,80.65,73.05,73.05,73.05,91.9,9.0,12200,907415.95,69.0,74.38,BE
26-09-2014,69.4,76.0,69.4,74.25,72.6,91.9,9.0,21300,1524997.0,143.0,71.6,BE
29-09-2014,71.0,77.95,71.0,77.95,77.95,91.9,9.0,6161,468419.55,57.0,76.03,BE
30-09-2014,80.2,81.8,74.1,80.9,79.05,91.9,9.0,47004,3832401.7,325.0,81.53,BE
01-10-2014,77.0,79.9,77.0,77.5,77.0,91.9,9.0,11148,865284.05,68.0,77.62,BE
07-10-2014,77.2,77.2,73.65,73.65,73.65,91.9,9.0,14517,1076537.95,98.0,74.16,BE
08-10-2014,73.65,73.65,70.0,70.0,70.0,91.9,9.0,933,65317.65,11.0,70.01,BE
09-10-2014,66.5,73.5,66.5,73.5,73.5,91.9,9.0,28020,1979590.05,185.0,70.65,BE
10-10-2014,74.0,74.0,69.85,71.95,71.0,91.9,9.0,9054,642665.1,96.0,70.98,BE
13-10-2014,70.5,73.0,69.0,72.55,71.5,91.9,9.0,5438,386434.6,60.0,71.06,BE
14-10-2014,75.0,75.0,70.6,71.85,71.9,91.9,9.0,3113,223011.05,40.0,71.64,BE
16-10-2014,71.85,71.9,68.3,68.45,68.3,91.9,9.0,3392,236830.55,44.0,69.82,BE
17-10-2014,67.1,69.8,65.05,66.1,66.4,91.9,9.0,6804,457916.1,43.0,67.3,BE
20-10-2014,69.4,69.4,63.25,63.55,63.25,91.9,9.0,4877,331580.35,69.0,67.99,BE
21-10-2014,61.1,64.8,60.4,60.75,62.5,91.9,9.0,7343,453336.8,85.0,61.74,BE
22-10-2014,57.8,63.75,57.8,61.85,63.0,91.9,9.0,4568,277215.85,40.0,60.69,BE
23-10-2014,60.1,64.85,60.05,64.05,63.0,91.9,9.0,2215,136890.85,22.0,61.8,BE
27-10-2014,64.05,67.25,64.05,67.25,67.25,91.9,9.0,3020,201998.45,36.0,66.89,BE
28-10-2014,70.6,70.6,68.1,70.6,70.6,91.9,9.0,29616,2087530.1,140.0,70.49,BE
29-10-2014,73.35,74.1,70.2,74.1,74.1,91.9,9.0,15440,1138541.45,63.0,73.74,BE
30-10-2014,76.3,76.3,70.5,71.3,70.6,91.9,9.0,5423,397133.4,59.0,73.23,BE
31-10-2014,74.7,74.7,71.05,74.3,73.55,91.9,9.0,7666,563910.05,65.0,73.56,BE
03-11-2014,70.65,76.0,70.6,75.75,76.0,91.9,9.0,34980,2640285.3,90.0,75.48,BE
05-11-2014,76.0,79.5,76.0,79.5,79.5,91.9,9.0,14767,1164951.5,46.0,78.89,BE
07-11-2014,83.45,83.45,83.45,83.45,83.45,91.9,9.0,10799,901176.55,38.0,83.45,BE
10-11-2014,87.6,87.6,87.6,87.6,87.6,91.9,9.0,9854,863210.4,34.0,87.6,BE
11-11-2014,88.95,91.0,83.25,84.05,83.55,91.9,9.0,45027,3907945.4,166.0,86.79,BE
12-11-2014,83.0,85.95,81.05,84.55,85.95,91.9,9.0,8879,745578.05,66.0,83.97,BE
13-11-2014,85.0,85.0,82.0,83.95,83.0,91.9,9.0,9559,798880.9,112.0,83.57,EQ
14-11-2014,83.15,88.1,81.25,86.75,88.1,91.9,9.0,19614,1654425.05,149.0,84.35,EQ
17-11-2014,84.0,84.0,82.45,82.45,82.45,91.9,9.0,407,33633.1,19.0,82.64,EQ
18-11-2014,78.35,78.35,78.35,78.35,78.35,91.9,9.0,1638,128337.3,11.0,78.35,EQ
19-11-2014,74.45,74.45,74.45,74.45,74.45,91.9,9.0,190,14145.5,6.0,74.45,EQ
20-11-2014,70.75,70.75,70.75,70.75,70.75,91.9,9.0,289,20446.75,4.0,70.75,EQ
21-11-2014,67.25,74.0,67.25,67.25,67.25,91.9,9.0,38642,2628599.35,323.0,68.02,EQ
24-11-2014,67.0,69.0,63.9,65.9,65.9,91.9,9.0,16247,1052503.75,174.0,64.78,EQ
25-11-2014,65.0,69.15,62.65,62.65,62.65,91.9,9.0,8766,559223.75,80.0,63.79,EQ
26-11-2014,61.9,65.75,59.55,65.4,65.75,91.9,9.0,18779,1204769.2,195.0,64.16,EQ
27-11-2014,64.7,67.75,63.2,66.75,67.75,91.9,9.0,3136,204365.05,79.0,65.17,EQ
28-11-2014,67.0,69.7,66.2,67.3,66.2,91.9,9.0,11250,766794.25,110.0,68.16,EQ
01-12-2014,66.9,70.65,66.9,68.8,68.8,91.9,9.0,19304,1352997.4,172.0,70.09,EQ
02-12-2014,69.9,72.2,68.75,72.2,72.2,91.9,9.0,28533,2042521.95,203.0,71.58,EQ
03-12-2014,74.9,75.4,71.5,73.0,72.0,91.9,9.0,14598,1087353.35,162.0,74.49,EQ
04-12-2014,70.3,74.5,69.35,69.35,69.35,91.9,9.0,12913,913105.95,138.0,70.71,EQ
05-12-2014,68.35,70.0,65.9,68.0,68.0,91.9,9.0,9874,661318.45,112.0,66.98,EQ
08-12-2014,71.0,71.4,65.05,65.3,65.05,91.9,9.0,6281,433424.25,91.0,69.01,EQ
09-12-2014,64.0,68.0,62.15,63.9,65.45,91.9,9.0,12286,797868.05,136.0,64.94,EQ
10-12-2014,63.0,67.05,62.25,67.05,67.05,91.9,9.0,8814,582405.6,82.0,66.08,EQ
11-12-2014,70.4,70.4,67.0,69.35,69.4,91.9,9.0,61783,4318900.0,500.0,69.9,EQ
12-12-2014,68.95,69.95,65.9,65.9,65.9,91.9,9.0,11574,777630.65,125.0,67.19,EQ
15-12-2014,63.3,67.9,62.65,62.8,62.65,91.9,9.0,10399,655166.85,104.0,63.0,EQ
16-12-2014,62.2,65.0,60.1,60.6,60.3,91.9,9.0,14649,910206.65,159.0,62.13,EQ
17-12-2014,63.45,63.6,57.85,61.75,61.0,91.9,9.0,13184,811605.55,105.0,61.56,EQ
18-12-2014,62.1,64.7,62.1,64.3,63.7,91.9,9.0,3281,210490.1,38.0,64.15,EQ
19-12-2014,64.5,67.5,63.1,63.8,64.0,91.9,9.0,36794,2452198.2,291.0,66.65,EQ
22-12-2014,63.05,63.5,61.1,61.7,61.55,91.9,9.0,2498,155394.8,36.0,62.21,EQ
23-12-2014,59.35,63.35,59.35,61.1,60.25,91.9,9.0,9306,570749.7,84.0,61.33,EQ
24-12-2014,58.25,63.2,58.25,62.3,63.15,91.9,9.0,2651,163575.6,47.0,61.7,EQ
26-12-2014,62.05,64.1,61.35,63.4,64.0,91.9,9.0,4517,285393.3,92.0,63.18,EQ
29-12-2014,63.65,66.55,63.6,66.55,66.55,91.9,9.0,3468,228583.65,25.0,65.91,EQ
30-12-2014,69.4,69.85,64.4,65.95,65.15,91.9,9.0,5693,389080.25,76.0,68.34,EQ
31-12-2014,68.6,68.65,65.1,67.65,67.7,91.9,9.0,3008,203362.4,57.0,67.61,EQ
01-01-2015,68.0,68.85,66.35,67.55,66.35,91.9,9.0,1283,86355.0,33.0,67.31,EQ
02-01-2015,68.95,74.3,67.2,74.05,74.3,91.9,9.0,75540,5555946.45,597.0,73.55,EQ
05-01-2015,74.0,76.9,67.55,69.75,70.0,91.9,9.0,29039,2133229.15,333.0,73.46,EQ
06-01-2015,69.0,70.75,66.5,66.95,67.0,91.9,9.0,14125,974812.9,211.0,69.01,EQ
07-01-2015,67.85,69.1,65.15,66.55,65.85,91.9,9.0,3856,258363.85,85.0,67.0,EQ
08-01-2015,68.95,71.8,67.0,68.1,68.95,91.9,9.0,6943,483999.15,65.0,69.71,EQ
09-01-2015,71.0,71.0,65.5,66.75,65.5,91.9,9.0,11341,776554.7,95.0,68.47,EQ
12-01-2015,66.0,66.85,63.95,64.25,63.95,91.9,9.0,9653,626758.85,111.0,64.93,EQ
13-01-2015,63.05,68.0,63.05,65.5,66.0,91.9,9.0,4060,270848.8,77.0,66.71,EQ
14-01-2015,65.1,68.5,65.1,66.45,66.15,91.9,9.0,7032,474785.6,77.0,67.52,EQ
15-01-2015,68.75,68.75,62.7,66.25,65.5,91.9,9.0,10415,688674.8,190.0,66.12,EQ
16-01-2015,67.5,67.5,65.0,65.55,66.0,91.9,9.0,3136,207421.75,66.0,66.14,EQ
19-01-2015,63.05,67.0,63.05,64.7,63.8,91.9,9.0,10657,692121.5,110.0,64.95,EQ
20-01-2015,66.55,66.75,63.1,63.2,63.7,91.9,9.0,3692,239459.75,131.0,64.86,EQ
21-01-2015,63.6,63.6,61.15,62.2,61.9,91.9,9.0,6080,378453.4,118.0,62.25,EQ
22-01-2015,64.85,64.85,61.25,62.15,61.9,91.9,9.0,2464,153745.0,83.0,62.4,EQ
23-01-2015,61.75,62.7,61.0,61.45,62.7,91.9,9.0,1996,123001.65,43.0,61.62,EQ
27-01-2015,61.2,61.95,60.2,61.05,60.45,91.9,9.0,3081,189193.35,48.0,61.41,EQ
28-01-2015,62.05,63.75,55.25,57.1,57.5,91.9,9.0,5064,299977.25,140.0,59.24,EQ
29-01-2015,62.8,62.8,53.0,58.4,59.9,91.9,9.0,4921,292983.65,79.0,59.54,EQ
30-01-2015,57.05,61.15,57.0,59.35,57.7,91.9,9.0,3066,182631.7,128.0,59.57,EQ
02-02-2015,62.8,62.8,56.0,58.4,60.1,91.9,9.0,1460,85549.2,76.0,58.6,EQ
03-02-2015,59.9,60.8,57.0,57.8,57.1,91.9,9.0,13553,784663.7,157.0,57.9,EQ
04-02-2015,57.85,63.55,57.6,63.55,63.55,91.9,9.0,43527,2570267.6,212.0,59.05,EQ
05-02-2015,65.9,65.9,57.2,57.25,57.2,91.9,9.0,25777,1536209.8,552.0,59.6,EQ
06-02-2015,57.2,58.2,52.05,54.1,54.6,91.9,9.0,7684,422049.65,194.0,54.93,EQ
09-02-2015,55.9,59.8,54.1,54.8,54.7,91.9,9.0,4757,263626.7,99.0,55.42,EQ
10-02-2015,54.5,58.45,54.5,57.9,57.9,91.9,9.0,6325,361423.55,116.0,57.14,EQ
11-02-2015,53.55,53.85,46.9,48.3,48.0,91.9,9.0,73900,3625126.0,1107.0,49.05,EQ
12-02-2015,50.75,50.75,44.2,47.1,47.2,91.9,9.0,25068,1189326.0,354.0,47.44,EQ
13-02-2015,49.8,49.8,44.65,45.1,45.05,91.9,9.0,9286,431794.7,173.0,46.5,EQ
16-02-2015,46.9,53.0,43.3,50.5,49.1,91.9,11.25,48257,2409465.05,626.0,49.93,EQ
18-02-2015,48.1,53.0,48.0,49.95,49.3,91.9,11.25,12073,614650.95,223.0,50.91,EQ
19-02-2015,50.0,52.0,48.05,49.9,49.05,91.9,11.25,17185,856319.05,194.0,49.83,EQ
20-02-2015,48.55,52.75,48.2,48.9,49.85,91.9,11.25,8702,436327.15,150.0,50.14,EQ
23-02-2015,49.25,54.75,49.1,49.95,50.0,91.9,13.6,17449,893176.3,391.0,51.19,EQ
24-02-2015,50.0,50.0,46.1,47.35,48.95,91.9,13.6,3263,157413.2,130.0,48.24,EQ
25-02-2015,47.3,49.8,47.3,47.95,47.55,91.9,13.6,4482,215759.75,107.0,48.14,EQ
26-02-2015,47.1,49.45,46.25,46.7,47.0,91.9,13.6,2201,103803.1,75.0,47.16,EQ
27-02-2015,47.05,48.9,46.75,47.75,47.05,91.9,13.6,3946,189236.95,116.0,47.96,EQ
28-02-2015,47.25,48.0,46.0,46.2,46.0,91.9,13.6,1279,59325.15,58.0,46.38,EQ
02-03-2015,46.55,48.95,45.15,45.45,45.15,91.9,14.65,2156,99772.7,135.0,46.28,EQ
03-03-2015,45.3,47.95,45.1,46.0,45.65,91.9,14.65,4476,207475.55,99.0,46.35,EQ
04-03-2015,45.45,46.0,44.4,45.05,45.05,91.9,14.65,14264,645907.8,180.0,45.28,EQ
05-03-2015,45.2,46.3,45.0,45.6,45.0,91.9,14.65,453,20662.45,31.0,45.61,EQ
09-03-2015,47.8,47.8,44.05,45.9,45.5,91.9,14.65,5587,258469.1,158.0,46.26,EQ
10-03-2015,45.5,48.0,45.0,45.6,45.25,91.9,14.65,4573,210283.75,98.0,45.98,EQ
11-03-2015,48.5,48.5,45.0,45.2,45.05,91.9,14.65,4760,215442.6,44.0,45.26,EQ
12-03-2015,47.0,47.0,44.8,45.05,45.05,91.9,14.65,6365,289064.25,164.0,45.41,EQ
13-03-2015,49.4,49.4,45.0,45.7,45.1,91.9,14.65,4158,191368.55,87.0,46.02,EQ
16-03-2015,44.8,46.45,44.65,45.6,45.6,91.9,14.65,4486,202905.8,67.0,45.23,EQ
17-03-2015,44.65,46.2,44.1,44.15,44.1,91.9,14.65,4514,202900.9,59.0,44.95,EQ
18-03-2015,45.75,46.5,44.0,44.0,44.1,91.9,14.65,4286,191427.8,31.0,44.66,EQ
19-03-2015,43.3,45.9,43.3,44.05,44.05,91.9,14.65,3344,147159.05,24.0,44.01,EQ
20-03-2015,43.55,45.95,43.1,45.25,45.25,91.9,14.65,11206,512063.15,66.0,45.7,EQ
23-03-2015,45.5,45.7,43.5,43.5,43.5,91.9,14.65,1823,80073.95,69.0,43.92,EQ
24-03-2015,44.55,44.7,42.8,43.4,43.5,91.9,14.65,1941,84316.15,51.0,43.44,EQ
25-03-2015,41.75,44.5,40.5,40.85,41.0,91.9,14.65,9335,382033.5,125.0,40.92,EQ
26-03-2015,40.7,42.0,40.2,40.55,40.55,91.9,14.65,8039,326999.25,41.0,40.68,EQ
27-03-2015,40.2,41.0,40.0,40.1,40.0,91.9,14.65,7228,290450.6,35.0,40.18,EQ
30-03-2015,41.4,44.0,41.4,43.45,42.6,91.9,15.6,7281,314991.45,79.0,43.26,EQ
31-03-2015,42.0,43.0,41.15,41.35,41.15,91.9,15.6,6822,285166.45,148.0,41.8,EQ
01-04-2015,42.95,43.6,41.35,42.7,43.5,91.9,15.6,2856,122453.6,33.0,42.88,EQ
06-04-2015,43.0,43.5,42.1,43.45,43.5,91.9,15.65,3388,145065.45,23.0,42.82,EQ
07-04-2015,43.5,45.95,42.25,45.7,45.6,91.9,15.65,8935,398472.95,75.0,44.6,EQ
08-04-2015,46.7,46.7,44.5,45.0,45.0,91.9,15.65,4631,209684.55,61.0,45.28,EQ
09-04-2015,44.3,45.3,43.35,43.45,44.5,91.9,15.65,3408,152576.0,56.0,44.77,EQ
10-04-2015,44.05,47.3,44.05,46.4,47.0,91.9,15.65,15289,704114.25,148.0,46.05,EQ
13-04-2015,46.05,50.1,46.0,48.45,48.4,91.9,15.65,30062,1464499.35,303.0,48.72,EQ
15-04-2015,49.9,52.8,49.65,50.75,50.15,91.9,15.65,28284,1433565.4,166.0,50.68,EQ
16-04-2015,51.0,54.45,51.0,53.8,54.1,91.9,15.65,27058,1429619.55,252.0,52.84,EQ
17-04-2015,54.5,55.5,51.0,52.55,52.0,91.9,15.65,5220,274791.4,106.0,52.64,EQ
20-04-2015,52.5,52.5,49.5,50.7,51.9,91.9,15.65,4137,213939.2,39.0,51.71,EQ
21-04-2015,50.0,50.1,48.5,49.3,49.3,91.9,15.65,5819,289542.75,52.0,49.76,EQ
22-04-2015,48.25,51.65,45.0,46.75,46.95,91.9,15.65,6383,300414.2,91.0,47.06,EQ
23-04-2015,46.1,49.35,45.65,47.2,47.45,91.9,15.65,1338,62745.6,50.0,46.9,EQ
24-04-2015,47.45,47.45,46.25,46.95,47.25,91.9,15.65,3016,141170.0,20.0,46.81,EQ
27-04-2015,46.1,47.9,45.4,46.95,47.9,91.9,15.65,3690,172719.15,27.0,46.81,EQ
28-04-2015,47.0,49.3,46.0,47.45,49.3,91.9,15.65,1760,82657.0,12.0,46.96,EQ
29-04-2015,45.0,48.0,45.0,46.3,45.1,91.9,15.65,889,41326.9,30.0,46.49,EQ
30-04-2015,49.0,50.15,46.05,47.4,46.15,91.9,15.65,1643,78824.5,20.0,47.98,EQ
04-05-2015,49.0,52.0,46.55,48.55,49.55,91.9,16.05,10913,536566.0,89.0,49.17,EQ
05-05-2015,48.3,50.8,46.0,49.5,49.5,91.9,16.05,7305,355877.2,70.0,48.72,EQ
06-05-2015,48.15,48.15,46.25,46.35,46.25,91.9,16.05,4462,209938.35,42.0,47.05,EQ
07-05-2015,45.6,49.0,45.5,45.95,45.95,91.9,16.05,964,44518.3,25.0,46.18,EQ
08-05-2015,46.0,48.8,44.7,46.1,44.7,91.9,16.05,3470,160142.15,60.0,46.15,EQ
11-05-2015,49.7,49.7,47.0,48.05,48.0,91.9,16.05,6877,330084.05,42.0,48.0,EQ
12-05-2015,48.2,49.5,47.25,48.65,49.0,91.9,16.05,13656,656843.8,75.0,48.1,EQ
14-05-2015,51.0,52.8,51.0,52.2,52.05,91.9,16.05,1986,102866.25,31.0,51.8,EQ
15-05-2015,51.95,54.2,51.0,51.85,51.3,91.9,16.05,4214,222073.2,77.0,52.7,EQ
18-05-2015,51.8,53.75,51.2,51.2,51.2,91.9,16.1,5047,261240.9,41.0,51.76,EQ
19-05-2015,50.05,52.6,50.0,51.15,51.0,91.9,16.1,1620,83546.7,36.0,51.57,EQ
20-05-2015,55.0,55.0,49.0,51.15,50.0,91.9,16.1,1377,71180.1,40.0,51.69,EQ
21-05-2015,50.5,52.25,49.1,50.2,50.95,91.9,16.1,3686,186128.8,64.0,50.5,EQ
22-05-2015,50.5,54.7,49.1,51.1,51.95,91.9,16.1,11658,610040.4,125.0,52.33,EQ
25-05-2015,50.2,50.9,49.0,49.35,49.5,91.9,20.15,5568,275811.1,66.0,49.54,EQ
26-05-2015,48.3,51.0,48.1,48.65,48.1,91.9,20.15,3172,156173.25,52.0,49.23,EQ
27-05-2015,57.7,58.35,56.2,58.35,58.35,91.9,20.15,34761,2021528.6,120.0,58.16,EQ
28-05-2015,65.0,68.7,62.7,64.7,64.8,91.9,20.15,187094,12183411.3,2025.0,65.12,EQ
29-05-2015,67.0,71.8,65.0,66.7,67.0,91.9,20.15,157975,10873257.05,2021.0,68.83,EQ
01-06-2015,66.5,67.35,63.0,64.0,63.25,91.9,20.25,36146,2345081.45,377.0,64.88,EQ
02-06-2015,63.0,70.5,60.1,68.1,66.6,91.9,20.25,61234,4134955.8,984.0,67.53,EQ
03-06-2015,67.5,69.75,62.5,68.0,69.5,91.9,20.25,34142,2296506.05,344.0,67.26,EQ
04-06-2015,66.5,74.8,66.5,74.8,74.8,91.9,20.25,80437,5807270.9,1041.0,72.2,EQ
05-06-2015,75.35,82.25,74.75,82.25,82.25,91.9,20.25,210820,16885745.8,2487.0,80.1,EQ
08-06-2015,83.5,85.0,76.0,79.45,77.15,91.9,22.65,83577,6776872.1,1220.0,81.09,EQ
09-06-2015,80.15,85.95,79.6,80.3,79.6,91.9,22.65,65375,5387195.45,1042.0,82.4,EQ
10-06-2015,77.0,82.95,77.0,79.5,78.5,91.9,22.65,36934,2984214.75,557.0,80.8,EQ
11-06-2015,78.15,81.5,71.55,71.55,71.55,91.9,22.65,39614,2918544.2,700.0,73.67,EQ
12-06-2015,67.0,68.9,64.4,64.4,64.4,91.9,22.65,68281,4470357.25,435.0,65.47,EQ
15-06-2015,63.8,67.6,61.6,67.6,67.6,91.9,26.15,39426,2571237.4,691.0,65.22,EQ
16-06-2015,69.5,70.95,66.5,68.2,67.75,91.9,26.15,57011,3925301.5,515.0,68.85,EQ
17-06-2015,69.0,69.7,66.2,67.85,68.2,91.9,26.15,19931,1359959.05,236.0,68.23,EQ
18-06-2015,68.0,69.95,66.35,68.0,68.6,91.9,26.15,13313,903303.8,143.0,67.85,EQ
19-06-2015,68.0,71.4,67.6,71.4,71.4,91.9,26.15,24972,1747014.4,116.0,69.96,EQ
22-06-2015,74.95,74.95,74.95,74.95,74.95,91.9,31.0,4635,347393.25,23.0,74.95,EQ
23-06-2015,78.65,78.65,78.65,78.65,78.65,91.9,31.0,2592,203860.8,22.0,78.65,EQ
24-06-2015,82.55,82.55,75.15,76.6,75.25,91.9,31.0,132379,10578529.95,1005.0,79.91,EQ
25-06-2015,75.2,80.4,73.5,80.4,80.4,91.9,31.0,48271,3811791.7,442.0,78.97,EQ
26-06-2015,81.9,84.4,78.05,81.65,81.35,91.9,31.0,68073,5587059.85,627.0,82.07,EQ
29-06-2015,81.75,84.3,77.6,82.65,82.55,91.9,31.0,66489,5408412.85,758.0,81.34,EQ
30-06-2015,83.8,83.8,80.2,82.1,81.5,91.9,31.0,42694,3524872.55,260.0,82.56,EQ
01-07-2015,82.2,86.2,82.0,86.2,86.2,91.9,31.0,57484,4910540.85,509.0,85.42,EQ
02-07-2015,90.5,90.5,82.05,83.65,83.0,91.9,31.0,130356,11443852.95,1453.0,87.79,EQ
03-07-2015,83.0,87.8,83.0,86.05,86.0,91.9,31.0,57957,5027802.75,710.0,86.75,EQ
06-07-2015,86.4,90.35,84.0,90.35,90.35,91.9,31.0,53946,4803319.15,304.0,89.04,EQ
07-07-2015,94.85,94.85,94.85,94.85,94.85,94.85,31.0,14642,1388793.7,48.0,94.85,EQ
08-07-2015,94.0,99.55,90.15,99.55,99.55,99.55,31.0,171607,16458904.5,1542.0,95.91,EQ
09-07-2015,104.5,104.5,95.55,96.15,95.75,104.5,31.0,118237,11907802.3,1326.0,100.71,EQ
10-07-2015,96.25,98.8,92.0,92.55,92.0,104.5,31.0,41778,3956520.35,547.0,94.7,EQ
13-07-2015,95.4,96.4,89.2,93.2,94.0,104.5,31.0,47576,4494962.35,538.0,94.48,EQ
14-07-2015,95.5,97.85,89.9,97.85,97.85,104.5,31.0,62790,5957545.55,580.0,94.88,EQ
15-07-2015,98.95,102.7,95.5,101.5,102.7,104.5,31.0,129731,12990851.1,1419.0,100.14,EQ
16-07-2015,106.55,106.55,106.55,106.55,106.55,106.55,31.0,55089,5869732.95,114.0,106.55,EQ
17-07-2015,111.85,111.85,111.85,111.85,111.85,111.85,31.0,15700,1756045.0,84.0,111.85,EQ
20-07-2015,117.4,117.4,112.0,117.4,117.4,117.4,31.55,370428,43110500.2,1497.0,116.38,EQ
21-07-2015,121.0,122.0,111.55,111.7,111.55,122.0,31.55,156785,18314637.15,1694.0,116.81,EQ
22-07-2015,108.0,117.25,108.0,117.25,117.25,122.0,31.55,48561,5575744.25,499.0,114.82,EQ
23-07-2015,123.1,123.1,118.0,123.1,123.1,123.1,31.55,115499,14151338.85,811.0,122.52,EQ
24-07-2015,129.25,129.25,129.25,129.25,129.25,129.25,31.55,15277,1974552.25,146.0,129.25,EQ
27-07-2015,135.7,135.7,129.95,134.3,135.7,135.7,31.55,277251,37498854.9,1950.0,135.25,EQ
28-07-2015,134.0,134.0,127.6,127.6,127.6,135.7,31.55,70552,9139613.95,1242.0,129.54,EQ
29-07-2015,128.5,133.95,122.6,133.95,133.95,135.7,31.55,39914,5291598.3,296.0,132.57,EQ
30-07-2015,140.6,140.6,135.3,137.55,137.95,140.6,31.55,284621,39810469.75,1791.0,139.87,EQ
31-07-2015,138.0,139.0,130.7,132.3,130.7,140.6,31.55,44525,5923847.5,578.0,133.05,EQ
03-08-2015,131.0,137.75,126.1,130.1,128.7,140.6,36.15,49921,6601475.6,859.0,132.24,EQ
04-08-2015,129.3,135.0,126.2,128.35,128.95,140.6,36.15,51591,6798019.45,889.0,131.77,EQ
06-08-2015,131.8,135.1,127.0,135.1,135.1,140.6,36.15,18055,2435993.2,103.0,134.92,EQ
07-08-2015,139.0,139.0,129.1,130.2,130.0,140.6,36.15,31546,4204934.95,515.0,133.3,EQ
10-08-2015,126.6,133.0,125.0,126.2,126.05,140.6,36.15,13250,1705034.0,344.0,128.68,EQ
11-08-2015,129.0,129.0,119.9,119.95,119.9,140.6,36.15,10872,1315530.35,111.0,121.0,BE
12-08-2015,114.0,118.0,114.0,114.75,114.0,140.6,36.15,11637,1337933.8,112.0,114.97,BE
13-08-2015,109.05,114.75,109.05,109.05,109.05,140.6,36.15,34857,3817650.25,110.0,109.52,BE
14-08-2015,103.6,112.0,103.6,106.45,106.25,140.6,36.15,6190,657475.3,70.0,106.22,BE
17-08-2015,106.0,108.0,103.0,104.6,106.0,140.6,40.0,5494,585708.4,47.0,106.61,BE
18-08-2015,103.0,106.9,100.0,104.9,105.0,140.6,40.0,5070,524195.4,51.0,103.39,BE
19-08-2015,105.0,108.9,103.25,104.95,105.0,140.6,40.0,5345,558667.1,41.0,104.52,BE
20-08-2015,100.0,104.5,99.75,99.75,99.75,140.6,40.0,5267,533201.25,37.0,101.23,BE
21-08-2015,95.0,97.7,94.8,94.8,94.8,140.6,40.0,16780,1591321.2,107.0,94.83,BE
24-08-2015,90.1,90.1,90.1,90.1,90.1,140.6,40.0,135,12163.5,3.0,90.1,BE
25-08-2015,85.6,90.0,85.6,85.6,85.6,140.6,40.0,1631,139822.2,17.0,85.73,BE
26-08-2015,81.35,88.8,81.35,83.25,84.0,140.6,40.0,70672,5797625.15,128.0,82.04,BE
27-08-2015,80.0,87.4,80.0,87.4,87.4,140.6,40.0,22739,1902033.7,111.0,83.65,BE
28-08-2015,91.0,91.0,84.25,84.6,84.25,140.6,40.0,5791,509536.5,64.0,87.99,BE
31-08-2015,88.0,88.65,84.05,84.15,84.05,140.6,40.0,2571,220624.55,25.0,85.81,BE
01-09-2015,85.0,85.0,79.95,79.95,79.95,140.6,40.0,2503,201529.95,26.0,80.52,BE
02-09-2015,77.55,83.8,76.0,79.4,79.4,140.6,40.0,9133,695921.2,46.0,76.2,BE
03-09-2015,77.0,82.9,76.65,81.8,82.0,140.6,40.0,12052,970824.05,64.0,80.55,BE
04-09-2015,81.3,81.3,77.75,79.45,79.5,140.6,40.0,8419,656476.05,47.0,77.98,BE
07-09-2015,80.0,80.0,75.5,76.9,76.9,140.6,40.0,3401,262238.2,33.0,77.11,BE
08-09-2015,76.9,78.2,73.1,74.45,74.15,140.6,40.0,3756,278525.55,101.0,74.15,EQ
09-09-2015,72.95,78.15,72.95,78.15,78.15,140.6,40.0,3502,270817.05,56.0,77.33,EQ
10-09-2015,76.1,82.05,76.1,82.05,82.05,140.6,40.0,4839,385263.35,59.0,79.62,EQ
11-09-2015,84.0,86.15,84.0,86.15,86.15,140.6,40.0,4783,411805.55,84.0,86.1,EQ
14-09-2015,89.8,89.9,86.2,88.0,87.2,140.6,40.0,3453,307542.4,32.0,89.07,EQ
15-09-2015,89.4,89.4,85.0,86.3,87.9,140.6,40.0,1965,170470.3,57.0,86.75,EQ
16-09-2015,86.3,89.0,82.0,83.95,83.9,140.6,40.0,2782,238273.0,56.0,85.65,EQ
18-09-2015,82.25,87.0,79.95,84.95,85.0,140.6,40.0,2417,206653.75,47.0,85.5,EQ
21-09-2015,85.0,85.4,83.5,84.8,85.4,140.6,40.0,732,61611.85,22.0,84.17,EQ
22-09-2015,87.3,87.3,80.6,80.7,80.6,140.6,40.0,4424,367199.95,38.0,83.0,EQ
23-09-2015,80.0,84.7,80.0,83.95,84.2,140.6,40.0,5452,454186.45,64.0,83.31,EQ
24-09-2015,83.05,87.7,83.05,87.5,85.5,140.6,40.0,7960,688661.8,56.0,86.52,EQ
28-09-2015,87.0,87.0,83.5,84.0,83.6,140.6,40.0,1445,122741.2,46.0,84.94,EQ
29-09-2015,81.3,84.0,81.3,81.7,81.45,140.6,40.0,4189,343345.45,59.0,81.96,EQ
30-09-2015,81.6,84.5,81.25,81.7,81.25,140.6,40.0,3125,257603.0,50.0,82.43,EQ
01-10-2015,84.0,84.0,79.25,80.8,81.35,140.6,40.0,4323,350215.7,45.0,81.01,EQ
05-10-2015,81.0,88.85,81.0,88.85,88.85,140.6,40.0,12461,1084796.3,91.0,87.06,EQ
06-10-2015,95.0,95.0,89.7,93.35,92.9,140.6,40.0,33639,3116266.8,283.0,92.64,EQ
07-10-2015,93.5,94.75,88.85,92.45,92.5,140.6,40.0,16043,1496276.45,229.0,93.27,EQ
08-10-2015,94.6,94.6,91.45,92.9,91.55,140.6,40.0,10693,989695.05,141.0,92.56,EQ
09-10-2015,97.0,97.0,92.0,93.0,92.95,140.6,40.0,9574,894692.4,132.0,93.45,EQ
12-10-2015,92.25,96.5,92.0,93.9,93.0,140.6,40.0,7811,733289.9,98.0,93.88,EQ
13-10-2015,92.55,103.25,92.55,103.25,103.25,140.6,40.0,36565,3687529.55,255.0,100.85,EQ
14-10-2015,113.55,113.55,113.55,113.55,113.55,140.6,40.0,22580,2563959.0,59.0,113.55,EQ
15-10-2015,118.8,118.8,107.0,110.0,110.0,140.6,40.0,91418,10367134.15,1362.0,113.4,EQ
16-10-2015,109.0,114.7,105.2,113.15,113.0,140.6,40.0,28369,3168936.5,329.0,111.7,EQ
19-10-2015,115.0,117.5,110.2,114.35,113.35,140.6,40.0,30314,3489819.5,408.0,115.12,EQ
20-10-2015,115.4,115.4,108.65,108.65,108.65,140.6,40.0,9156,1015979.45,130.0,110.96,EQ
21-10-2015,107.0,109.95,103.25,103.25,103.25,140.6,40.0,8706,907338.15,142.0,104.22,EQ
23-10-2015,105.0,105.0,98.1,98.1,98.1,140.6,40.0,18856,1872993.95,297.0,99.33,EQ
26-10-2015,100.0,100.0,94.15,94.65,94.2,140.6,40.0,3827,367100.65,144.0,95.92,EQ
27-10-2015,96.95,98.0,91.05,92.65,92.0,140.6,40.0,6030,562751.15,90.0,93.33,EQ
28-10-2015,93.1,97.25,93.05,97.25,97.25,140.6,40.0,3797,364844.6,56.0,96.09,EQ
29-10-2015,102.1,102.1,98.0,102.1,102.1,140.6,40.0,19035,1943011.0,94.0,102.08,EQ
30-10-2015,107.2,107.2,100.05,107.2,107.2,140.6,40.0,37845,4020776.7,239.0,106.24,EQ
02-11-2015,112.55,112.55,112.55,112.55,112.55,140.6,40.0,5409,608782.95,29.0,112.55,EQ
03-11-2015,118.0,118.15,111.35,116.25,114.6,140.6,40.0,114788,13418041.8,892.0,116.89,EQ
04-11-2015,117.3,119.0,110.45,112.15,111.0,140.6,40.0,36428,4161047.3,394.0,114.23,EQ
05-11-2015,111.0,116.4,108.5,109.65,109.9,140.6,40.0,20839,2343328.4,309.0,112.45,EQ
06-11-2015,111.0,115.1,110.1,113.65,112.35,140.6,40.0,32167,3693782.5,276.0,114.83,EQ
09-11-2015,109.55,113.0,108.0,110.8,111.0,140.6,40.0,21680,2389826.85,219.0,110.23,EQ
10-11-2015,111.4,113.45,108.0,108.45,108.25,140.6,40.0,17142,1879682.2,146.0,109.65,EQ
11-11-2015,103.05,103.05,103.05,103.05,103.05,140.6,40.0,5086,524112.3,36.0,103.05,EQ
13-11-2015,97.9,97.9,97.9,97.9,97.9,140.6,40.0,8960,877184.0,40.0,97.9,EQ
16-11-2015,93.05,99.0,93.05,93.15,93.1,140.6,40.0,53745,5040643.05,295.0,93.79,EQ
17-11-2015,94.9,97.0,90.0,91.3,91.5,140.6,40.0,21738,2014303.65,235.0,92.66,EQ
18-11-2015,91.0,92.9,88.0,90.5,90.9,140.6,40.0,11252,1021137.0,262.0,90.75,EQ
19-11-2015,92.3,95.0,90.15,95.0,95.0,140.6,40.0,21150,1969872.4,154.0,93.14,EQ
20-11-2015,95.9,99.75,94.5,96.3,98.0,140.6,40.0,66919,6598359.4,479.0,98.6,EQ
23-11-2015,99.0,99.0,92.0,92.4,92.0,140.6,40.0,23839,2280573.25,185.0,95.67,EQ
24-11-2015,94.0,96.5,92.4,93.95,94.0,140.6,40.0,8010,752416.65,175.0,93.93,EQ
26-11-2015,94.15,96.5,93.0,93.7,94.4,140.6,40.0,9845,938760.7,76.0,95.35,EQ
27-11-2015,93.0,97.8,93.0,95.15,95.0,140.6,40.0,22659,2183576.1,273.0,96.37,EQ
30-11-2015,95.15,97.5,94.0,94.55,96.0,140.6,40.0,7953,756631.95,95.0,95.14,EQ
01-12-2015,95.4,95.4,90.5,91.3,91.8,140.6,40.0,9246,853229.3,140.0,92.28,EQ
02-12-2015,92.1,95.85,90.0,95.85,95.85,140.6,40.0,24062,2236903.8,212.0,92.96,EQ
03-12-2015,98.7,100.6,96.55,100.6,100.6,140.6,40.0,16702,1666727.05,98.0,99.79,EQ
04-12-2015,102.4,102.4,95.6,96.2,95.6,140.6,40.0,27918,2727901.45,193.0,97.71,EQ
07-12-2015,99.45,99.45,92.3,92.7,93.0,140.6,40.0,20325,1899085.3,105.0,93.44,EQ
08-12-2015,94.0,97.3,93.05,95.1,94.95,140.6,40.0,21671,2093491.0,229.0,96.6,EQ
09-12-2015,93.3,96.25,91.0,91.35,91.5,140.6,40.0,10914,1008941.55,106.0,92.44,EQ
10-12-2015,92.1,93.8,91.2,92.1,92.55,140.6,40.0,10136,931705.9,88.0,91.92,EQ
11-12-2015,91.25,94.0,91.0,92.0,92.0,140.6,40.0,16749,1541076.05,96.0,92.01,EQ
14-12-2015,90.1,93.5,88.5,89.8,89.0,140.6,40.0,9238,833243.4,132.0,90.2,EQ
15-12-2015,90.0,94.25,90.0,91.9,91.35,140.6,40.0,11012,1013676.9,177.0,92.05,EQ
16-12-2015,91.55,96.45,91.3,95.85,95.95,140.6,40.0,42705,4101210.3,258.0,96.04,EQ
17-12-2015,95.95,97.0,94.0,95.65,96.0,140.6,40.0,28044,2679479.15,176.0,95.55,EQ
18-12-2015,95.0,98.65,94.1,96.4,98.65,140.6,40.0,20815,1996598.55,117.0,95.92,EQ
21-12-2015,98.4,101.2,97.0,101.2,101.2,140.6,40.0,39165,3930074.45,232.0,100.35,EQ
22-12-2015,104.3,106.25,102.1,105.35,106.25,140.6,40.0,82894,8751798.4,541.0,105.58,EQ
23-12-2015,109.0,110.6,106.0,110.6,110.6,140.6,40.0,62897,6816711.05,294.0,108.38,EQ
24-12-2015,115.7,116.1,110.1,116.1,116.1,140.6,40.0,92919,10735689.15,459.0,115.54,EQ
28-12-2015,119.9,121.9,111.5,111.75,113.8,140.6,40.0,58634,6889119.7,594.0,117.49,EQ
29-12-2015,115.0,115.0,106.2,107.4,108.5,140.6,40.0,18037,1940052.8,231.0,107.56,EQ
30-12-2015,107.4,109.5,104.15,107.7,108.0,140.6,40.0,4619,498707.05,89.0,107.97,EQ
31-12-2015,108.0,113.05,105.55,110.4,110.0,140.6,40.0,49616,5530000.4,370.0,111.46,EQ
01-01-2016,110.4,121.4,110.4,121.4,121.4,140.6,40.0,69616,8251831.9,438.0,118.53,EQ
04-01-2016,127.0,131.95,115.4,121.1,121.0,140.6,40.0,99094,12479482.3,1046.0,125.94,EQ
05-01-2016,124.0,126.0,121.5,124.3,124.05,140.6,40.0,38608,4795704.9,442.0,124.22,EQ
06-01-2016,123.0,136.7,120.65,135.3,136.7,140.6,40.0,226224,30272852.1,2058.0,133.82,EQ
07-01-2016,134.0,148.8,133.15,143.85,142.0,148.8,40.0,502927,71644528.5,7213.0,142.46,EQ
08-01-2016,146.0,148.0,136.7,136.75,136.7,148.8,40.0,162975,22833328.4,1841.0,140.1,EQ
11-01-2016,135.0,136.0,129.95,132.5,133.0,148.8,40.0,48082,6347064.25,535.0,132.0,EQ
12-01-2016,132.5,139.1,129.0,130.25,131.9,148.8,40.0,74126,10058486.15,697.0,135.69,EQ
13-01-2016,132.5,134.5,123.75,123.8,123.75,148.8,40.0,30978,3911459.5,308.0,126.27,EQ
14-01-2016,122.25,123.0,117.65,118.35,118.35,148.8,40.0,32203,3819229.7,280.0,118.6,EQ
15-01-2016,117.25,122.5,112.45,112.45,112.45,148.8,40.0,28876,3310581.05,340.0,114.65,EQ
18-01-2016,116.95,116.95,106.85,106.85,106.85,148.8,40.0,14443,1562826.45,128.0,108.21,EQ
19-01-2016,105.0,109.0,101.55,104.35,104.5,148.8,40.0,34217,3543740.05,501.0,103.57,EQ
20-01-2016,99.2,101.0,99.15,99.15,99.15,148.8,40.0,19602,1946678.5,145.0,99.31,EQ
21-01-2016,101.0,103.95,94.6,96.5,95.5,148.8,40.0,17433,1705647.1,268.0,97.84,EQ
22-01-2016,101.0,101.3,98.25,101.25,101.25,148.8,40.0,23393,2354336.25,305.0,100.64,EQ
25-01-2016,101.05,106.3,101.05,106.3,106.3,148.8,40.0,21927,2323991.75,218.0,105.99,EQ
27-01-2016,108.4,111.6,106.6,111.6,111.6,148.8,40.0,52316,5794272.6,615.0,110.76,EQ
28-01-2016,112.95,114.85,106.05,106.55,106.05,148.8,40.0,21189,2335707.5,520.0,110.23,EQ
29-01-2016,106.0,111.7,106.0,110.85,110.4,148.8,40.0,22843,2511648.55,232.0,109.95,EQ
01-02-2016,110.0,113.75,105.35,106.3,105.35,148.8,40.0,15842,1730917.15,183.0,109.26,EQ
02-02-2016,106.8,108.65,101.0,101.1,101.0,148.8,40.0,11403,1172181.7,209.0,102.8,EQ
03-02-2016,99.0,99.1,96.05,96.4,98.0,148.8,40.0,9415,911335.3,141.0,96.8,EQ
04-02-2016,97.0,99.05,91.6,92.5,92.6,148.8,40.0,13542,1266476.7,234.0,93.52,EQ
05-02-2016,93.0,97.0,92.1,95.8,95.7,148.8,40.0,5896,561835.55,150.0,95.29,EQ
08-02-2016,97.9,100.55,94.55,96.3,95.1,148.8,40.0,10203,1015210.55,114.0,99.5,EQ
09-02-2016,94.1,99.0,94.1,95.15,94.4,148.8,40.0,2037,193609.65,64.0,95.05,EQ
10-02-2016,93.5,94.5,90.4,90.4,90.4,148.8,40.0,13623,1242599.4,175.0,91.21,EQ
11-02-2016,89.5,90.7,85.9,85.9,85.9,148.8,40.0,10436,904271.15,156.0,86.65,EQ
12-02-2016,86.0,86.0,81.65,81.65,81.65,148.8,40.0,3105,254961.8,46.0,82.11,EQ
15-02-2016,82.0,85.7,82.0,85.5,85.1,148.8,40.0,24735,2103966.7,206.0,85.06,EQ
16-02-2016,85.7,85.7,81.25,81.25,81.25,148.8,40.0,10657,873051.0,107.0,81.92,EQ
17-02-2016,80.75,80.75,77.2,78.0,77.5,148.8,40.0,12625,976169.9,172.0,77.32,EQ
18-02-2016,78.4,81.85,78.4,78.8,78.4,148.8,40.0,9046,718791.25,150.0,79.46,EQ
19-02-2016,77.0,80.0,77.0,79.35,80.0,148.8,40.0,2843,222820.25,48.0,78.38,EQ
22-02-2016,78.4,81.5,77.0,78.35,77.0,148.8,40.0,7282,573685.5,88.0,78.78,EQ
23-02-2016,77.9,78.9,75.0,75.55,75.1,148.8,40.0,5429,415749.05,70.0,76.58,EQ
24-02-2016,75.0,75.0,72.25,73.2,74.6,148.8,40.0,3543,260418.3,58.0,73.5,EQ
25-02-2016,73.9,74.7,70.05,71.1,71.1,148.8,40.0,10358,738434.05,138.0,71.29,EQ
26-02-2016,70.25,73.7,68.15,70.1,70.65,148.8,40.0,7509,525143.0,121.0,69.94,EQ
29-02-2016,70.0,70.0,66.6,67.05,67.0,148.8,40.0,27636,1855661.35,149.0,67.15,EQ
01-03-2016,67.8,70.4,66.3,70.4,70.4,148.8,40.0,11762,810370.1,124.0,68.9,EQ
02-03-2016,73.9,73.9,71.25,73.9,73.9,148.8,40.0,12232,902826.15,45.0,73.81,EQ
03-03-2016,77.55,77.55,72.8,75.75,76.5,148.8,40.0,38755,2952616.0,348.0,76.19,EQ
04-03-2016,75.1,78.0,72.15,76.25,76.0,148.8,40.0,12888,983268.9,162.0,76.29,EQ
08-03-2016,74.1,77.0,74.1,75.25,76.8,148.8,40.0,6390,485198.75,86.0,75.93,EQ
09-03-2016,74.0,76.8,73.0,73.9,73.5,148.8,40.0,6767,505288.8,135.0,74.67,EQ
10-03-2016,75.0,75.8,74.0,74.05,74.0,148.8,40.0,5802,431400.45,56.0,74.35,EQ
11-03-2016,74.2,75.7,74.0,75.15,75.4,148.8,40.0,6092,457335.35,38.0,75.07,EQ
14-03-2016,76.0,78.9,76.0,77.95,77.25,148.8,40.0,19639,1535944.35,145.0,78.21,EQ
15-03-2016,81.8,81.8,80.0,81.8,81.8,148.8,40.0,5719,467542.7,50.0,81.75,EQ
16-03-2016,83.5,85.0,79.8,80.65,80.5,148.8,40.0,29805,2464487.7,348.0,82.69,EQ
17-03-2016,82.7,84.5,80.0,81.05,80.7,148.8,40.0,11545,938486.8,199.0,81.29,EQ
18-03-2016,81.0,81.7,79.05,80.7,80.7,148.8,40.0,3004,242144.9,56.0,80.61,EQ
21-03-2016,80.0,82.5,80.0,81.4,81.0,148.8,40.0,3530,285608.2,41.0,80.91,EQ
22-03-2016,79.2,82.5,79.0,82.15,82.5,148.8,40.0,10485,841042.0,79.0,80.21,EQ
23-03-2016,80.9,84.7,79.6,81.35,81.0,148.8,40.0,15683,1285940.15,194.0,82.0,EQ
28-03-2016,81.3,82.45,77.95,78.15,77.95,148.8,41.15,9884,779678.05,66.0,78.88,EQ
29-03-2016,78.1,79.8,76.1,76.7,77.05,148.8,41.15,9235,712317.35,65.0,77.13,EQ
30-03-2016,77.05,80.5,77.0,80.5,80.5,148.8,41.15,4379,349954.5,29.0,79.92,EQ
31-03-2016,84.5,84.5,80.0,84.4,84.0,148.8,41.15,12306,1035026.9,135.0,84.11,EQ
01-04-2016,84.35,92.7,81.1,87.8,88.0,148.8,41.15,69092,6116162.4,915.0,88.52,EQ
04-04-2016,89.3,90.1,84.1,89.55,89.0,148.8,42.1,20936,1856466.45,236.0,88.67,EQ
05-04-2016,90.0,90.0,85.6,86.55,86.25,148.8,42.1,18188,1581333.8,177.0,86.94,EQ
06-04-2016,85.2,89.7,85.0,86.05,85.3,148.8,42.1,7278,630637.6,120.0,86.65,EQ
07-04-2016,88.0,88.0,85.1,85.8,85.9,148.8,42.1,8200,707482.95,102.0,86.28,EQ
08-04-2016,85.0,88.0,85.0,86.55,85.05,148.8,42.1,3416,296039.3,49.0,86.66,EQ
11-04-2016,86.0,86.95,82.0,84.5,84.5,148.8,44.7,8653,729141.65,85.0,84.26,EQ
12-04-2016,84.0,87.95,84.0,87.45,86.75,148.8,44.7,8268,716692.4,178.0,86.68,EQ
13-04-2016,85.65,89.9,85.65,86.0,86.3,148.8,44.7,5735,501560.05,57.0,87.46,EQ
18-04-2016,84.1,88.75,83.1,85.9,85.5,148.8,44.7,14038,1204335.4,78.0,85.79,EQ
20-04-2016,84.5,86.95,84.0,84.4,84.0,148.8,44.7,11848,1011982.8,97.0,85.41,EQ
21-04-2016,84.1,87.0,84.1,85.15,85.3,148.8,44.7,8431,716320.15,91.0,84.96,EQ
22-04-2016,85.0,87.6,84.3,87.0,87.25,148.8,44.7,22678,1961223.6,137.0,86.48,EQ
25-04-2016,90.7,92.3,88.6,89.7,89.65,148.8,44.7,43439,3934266.45,566.0,90.57,EQ
26-04-2016,89.65,92.95,89.0,91.85,91.4,148.8,44.7,14335,1319869.25,134.0,92.07,EQ
27-04-2016,92.0,92.0,87.6,88.5,87.6,148.8,44.7,11729,1052987.15,140.0,89.78,EQ
28-04-2016,90.9,90.9,85.0,85.95,85.65,148.8,44.7,6734,579932.55,131.0,86.12,EQ
29-04-2016,84.65,87.5,83.1,84.35,84.0,148.8,44.7,4784,408075.55,94.0,85.3,EQ
02-05-2016,85.9,86.1,84.1,84.45,85.0,148.8,44.7,5079,431303.15,55.0,84.92,EQ
03-05-2016,85.0,87.3,84.9,85.4,85.15,148.8,44.7,6173,529450.7,75.0,85.77,EQ
04-05-2016,85.0,85.8,84.3,84.9,85.0,148.8,44.7,1701,144539.25,39.0,84.97,EQ
05-05-2016,82.65,88.7,82.65,84.65,84.35,148.8,44.7,38871,3379688.85,291.0,86.95,EQ
06-05-2016,84.35,89.8,84.35,85.9,86.0,148.8,44.7,32492,2856979.75,869.0,87.93,EQ
09-05-2016,86.0,103.05,85.9,103.05,103.05,148.8,47.0,230190,22490120.85,2565.0,97.7,EQ
10-05-2016,107.8,111.3,98.4,99.2,99.2,148.8,47.0,329902,34575259.2,5183.0,104.8,EQ
11-05-2016,97.95,106.3,94.1,100.9,100.5,148.8,47.0,117750,11948432.65,2142.0,101.47,EQ
12-05-2016,99.1,103.15,97.15,98.0,97.35,148.8,47.0,29780,2982326.95,522.0,100.15,EQ
13-05-2016,97.1,99.9,95.2,96.25,95.55,148.8,47.0,20698,2024598.5,471.0,97.82,EQ
16-05-2016,92.45,103.0,92.45,97.05,96.75,148.8,48.1,50927,5054726.15,815.0,99.25,EQ
17-05-2016,100.9,101.8,96.55,97.65,97.0,148.8,48.1,37484,3722781.55,661.0,99.32,EQ
18-05-2016,98.0,98.85,95.25,95.9,95.6,148.8,48.1,10921,1056400.55,134.0,96.73,EQ
19-05-2016,95.35,100.9,92.0,93.3,93.0,148.8,48.1,39065,3799464.7,861.0,97.26,EQ
20-05-2016,98.0,98.0,90.2,90.9,91.0,148.8,48.1,6259,581810.9,116.0,92.96,EQ
23-05-2016,95.5,95.5,85.5,87.75,88.6,148.8,48.1,19213,1730993.65,399.0,90.09,EQ
24-05-2016,86.0,91.0,86.0,90.15,90.85,148.8,48.1,12537,1126039.85,208.0,89.82,EQ
25-05-2016,90.0,98.9,90.0,93.9,94.2,148.8,48.1,91390,8734069.3,1495.0,95.57,EQ
26-05-2016,89.1,89.1,80.0,83.4,83.9,148.8,48.1,80607,6737114.75,1084.0,83.58,EQ
27-05-2016,83.5,85.6,82.5,82.8,82.5,148.8,48.1,13818,1160410.0,198.0,83.98,EQ
30-05-2016,82.1,82.9,80.6,81.85,82.25,148.8,60.1,7281,594142.1,164.0,81.6,EQ
31-05-2016,82.3,82.3,80.15,80.35,80.3,148.8,60.1,10759,867168.9,121.0,80.6,EQ
01-06-2016,79.55,80.1,78.3,78.45,78.5,148.8,60.1,18335,1447124.35,344.0,78.93,EQ
02-06-2016,78.0,82.5,77.4,80.3,79.5,148.8,60.1,17055,1374716.85,279.0,80.6,EQ
03-06-2016,80.5,81.0,78.1,78.5,78.1,148.8,60.1,5069,404057.05,109.0,79.71,EQ
06-06-2016,78.15,81.0,78.0,78.1,78.05,148.8,61.6,6308,495952.35,86.0,78.62,EQ
07-06-2016,78.5,85.9,78.5,81.85,82.4,148.8,61.6,24374,2025612.85,378.0,83.11,EQ
08-06-2016,80.2,83.5,79.1,82.05,82.0,148.8,61.6,7460,613741.4,116.0,82.27,EQ
09-06-2016,82.0,83.9,82.0,82.55,82.5,148.8,61.6,9270,767163.75,118.0,82.76,EQ
10-06-2016,82.8,83.7,79.25,80.15,79.25,148.8,61.6,5771,469394.5,86.0,81.34,EQ
13-06-2016,80.0,80.25,79.0,79.65,79.85,148.8,61.6,7921,630993.9,58.0,79.66,EQ
14-06-2016,78.6,81.95,77.5,77.9,78.35,148.8,61.6,20967,1656488.15,203.0,79.0,EQ
15-06-2016,78.85,82.0,78.0,78.25,78.65,148.8,61.6,23844,1901119.1,262.0,79.73,EQ
16-06-2016,80.85,80.85,77.8,78.15,78.0,148.8,61.6,27757,2192020.8,287.0,78.97,EQ
17-06-2016,79.95,79.95,77.45,78.25,78.25,148.8,61.6,7924,619620.8,104.0,78.2,EQ
20-06-2016,76.5,90.2,76.5,86.15,86.35,148.8,66.3,145313,12627366.6,2016.0,86.9,EQ
21-06-2016,87.5,87.5,82.3,83.05,82.3,148.8,66.3,41117,3499234.4,648.0,85.1,EQ
22-06-2016,81.05,83.8,80.2,80.95,80.4,148.8,66.3,10643,866746.2,127.0,81.44,EQ
23-06-2016,80.45,82.0,79.2,80.05,79.8,148.8,66.3,7749,623639.05,141.0,80.48,EQ
24-06-2016,79.0,79.8,73.1,78.15,77.55,148.8,66.3,23207,1791015.4,364.0,77.18,EQ
27-06-2016,82.0,82.0,78.25,79.55,80.0,148.8,66.3,6774,540774.8,113.0,79.83,EQ
28-06-2016,80.0,86.7,79.45,81.6,81.3,148.8,66.3,24117,2008373.5,268.0,83.28,EQ
29-06-2016,83.9,84.0,80.6,82.25,83.5,148.8,66.3,11807,973618.4,142.0,82.46,EQ
30-06-2016,83.5,83.7,80.75,81.3,81.45,148.8,66.3,14714,1209051.2,107.0,82.17,EQ
01-07-2016,81.0,82.6,80.2,81.45,81.3,148.8,66.3,10966,896727.55,103.0,81.77,EQ
04-07-2016,80.2,88.0,80.2,83.8,83.6,148.8,66.3,41427,3486902.55,467.0,84.17,EQ
05-07-2016,85.5,87.0,82.7,84.65,85.2,148.8,66.3,26052,2215617.75,253.0,85.05,EQ
07-07-2016,82.65,85.9,82.0,82.5,83.25,148.8,66.3,22477,1865050.25,297.0,82.98,EQ
08-07-2016,81.8,82.5,80.4,80.95,80.5,148.8,66.3,29742,2429501.0,90.0,81.69,EQ
11-07-2016,81.05,84.0,81.05,82.45,81.6,148.8,66.3,12150,1007536.95,129.0,82.92,EQ
12-07-2016,83.0,83.0,77.6,78.85,79.4,148.8,66.3,24261,1944535.3,218.0,80.15,EQ
13-07-2016,83.0,83.0,78.1,79.45,79.0,148.8,66.3,17776,1403880.4,155.0,78.98,EQ
14-07-2016,78.7,79.65,78.4,79.25,78.5,148.8,66.3,9897,782515.8,100.0,79.07,EQ
15-07-2016,79.0,80.0,77.0,77.2,77.0,148.8,66.3,24374,1903349.6,198.0,78.09,EQ
18-07-2016,77.05,78.35,75.2,75.85,76.0,148.8,66.3,15469,1195656.05,150.0,77.29,EQ
19-07-2016,78.85,78.85,75.1,75.65,75.5,148.8,66.3,35091,2702595.2,521.0,77.02,EQ
20-07-2016,75.85,78.0,75.8,76.95,76.4,148.8,66.3,13954,1075350.75,148.0,77.06,EQ
21-07-2016,77.1,77.85,76.2,77.05,77.0,148.8,66.3,13804,1062426.2,86.0,76.97,EQ
22-07-2016,77.0,77.9,76.6,77.35,77.75,148.8,66.3,6762,522537.6,86.0,77.28,EQ
25-07-2016,77.1,77.9,75.1,76.4,76.8,148.8,66.3,13817,1054946.35,125.0,76.35,EQ
26-07-2016,76.0,76.0,68.25,71.05,70.5,148.8,66.3,44064,3207887.0,545.0,72.8,EQ
27-07-2016,69.6,74.0,69.6,72.2,72.2,148.8,66.3,16990,1239718.0,201.0,72.97,EQ
28-07-2016,73.0,79.45,72.3,76.5,76.05,148.8,66.3,83825,6411463.7,843.0,76.49,EQ
29-07-2016,77.05,78.8,76.2,77.55,78.3,148.8,66.3,13531,1052817.6,158.0,77.81,EQ
01-08-2016,76.95,78.95,75.4,75.9,75.55,148.8,66.3,6019,463669.05,77.0,77.03,EQ
02-08-2016,75.95,76.0,73.0,73.85,74.9,148.8,66.3,3075,228367.4,58.0,74.27,EQ
03-08-2016,73.85,74.7,69.1,71.65,71.5,148.8,66.3,10993,793295.95,161.0,72.16,EQ
04-08-2016,72.0,73.8,69.0,69.45,70.0,148.8,66.3,17236,1213711.75,211.0,70.42,EQ
05-08-2016,70.75,72.8,69.5,70.9,71.2,148.8,66.3,11700,831645.4,110.0,71.08,EQ
08-08-2016,72.0,73.65,70.8,72.35,72.5,148.8,66.3,9344,673842.05,114.0,72.11,EQ
09-08-2016,72.85,74.7,72.5,73.5,73.2,148.8,66.3,5630,415573.2,71.0,73.81,EQ
10-08-2016,74.8,74.8,70.6,71.4,71.95,148.8,66.3,4074,293578.8,85.0,72.06,EQ
11-08-2016,69.0,70.0,65.6,67.4,67.8,148.8,65.6,28821,1948894.85,328.0,67.62,EQ
12-08-2016,66.0,68.4,66.0,67.15,66.6,148.8,65.6,7963,535487.55,88.0,67.25,EQ
16-08-2016,67.0,68.9,66.0,67.7,67.85,148.8,65.6,11169,752686.7,117.0,67.39,EQ
17-08-2016,67.4,68.0,67.35,67.8,67.7,148.8,65.6,6403,433297.95,57.0,67.67,EQ
18-08-2016,67.8,68.6,66.2,66.7,66.55,148.8,65.6,9251,618953.35,131.0,66.91,EQ
19-08-2016,67.4,67.4,65.8,66.05,66.05,148.8,65.6,3463,230098.95,46.0,66.44,EQ
22-08-2016,66.0,66.0,64.25,65.3,65.5,148.8,64.25,14672,956408.0,147.0,65.19,EQ
23-08-2016,65.5,65.5,64.0,64.1,64.0,148.8,64.0,10002,648848.45,111.0,64.87,EQ
24-08-2016,64.85,64.85,62.15,63.45,63.9,148.8,62.15,5977,379660.25,128.0,63.52,EQ
25-08-2016,64.9,64.9,62.65,63.15,63.0,148.8,62.15,11506,730982.25,162.0,63.53,EQ
26-08-2016,62.8,65.0,62.8,63.75,63.95,148.8,62.15,3893,248755.4,85.0,63.9,EQ
29-08-2016,63.95,66.0,63.95,65.6,65.5,148.8,62.15,7093,464935.7,95.0,65.55,EQ
30-08-2016,66.1,71.0,65.0,69.25,68.35,148.8,62.15,24990,1728718.15,354.0,69.18,EQ
31-08-2016,72.0,75.0,65.6,65.9,66.45,148.8,62.15,20933,1408491.6,317.0,67.29,EQ
01-09-2016,66.45,68.25,65.5,66.6,66.0,148.8,62.15,7219,480720.35,102.0,66.59,EQ
02-09-2016,66.0,68.75,64.75,66.0,66.0,148.8,62.15,8374,552932.1,222.0,66.03,EQ
06-09-2016,65.45,70.7,65.45,66.85,67.0,148.8,62.15,9892,670240.5,107.0,67.76,EQ
07-09-2016,66.2,67.95,66.2,67.35,67.4,148.8,62.15,7878,526845.25,41.0,66.88,EQ
08-09-2016,67.35,67.9,66.0,67.35,67.05,148.8,62.15,9188,617647.7,84.0,67.22,EQ
09-09-2016,66.7,68.35,66.0,66.3,66.25,148.8,62.15,6950,462972.85,67.0,66.61,EQ
12-09-2016,65.3,67.5,64.75,65.4,65.35,148.8,62.15,4247,277978.15,61.0,65.45,EQ
14-09-2016,66.5,67.45,65.25,66.05,65.95,148.8,62.15,3114,205854.1,44.0,66.11,EQ
15-09-2016,67.0,67.0,66.0,66.05,66.8,148.8,62.15,3177,211528.9,22.0,66.58,EQ
16-09-2016,68.7,68.7,66.0,66.15,66.0,148.8,62.15,11042,735902.65,101.0,66.65,EQ
19-09-2016,68.7,68.7,66.6,67.2,67.0,148.8,62.15,10478,704230.2,118.0,67.21,EQ
20-09-2016,67.9,69.4,66.8,68.4,68.0,148.8,62.15,5966,407266.65,73.0,68.26,EQ
21-09-2016,69.8,82.05,69.8,82.05,82.05,148.8,62.15,311746,25136249.35,1863.0,80.63,EQ
22-09-2016,86.0,86.0,77.5,78.45,77.55,148.8,62.15,227309,18549262.3,2854.0,81.6,EQ
23-09-2016,79.75,83.9,77.15,78.6,78.25,148.8,62.15,99146,8013829.35,1604.0,80.83,EQ
26-09-2016,78.1,80.7,75.0,75.45,75.15,148.8,62.15,10420,807844.9,198.0,77.53,EQ
27-09-2016,76.7,80.8,75.0,77.2,76.5,148.8,62.15,19810,1542949.35,434.0,77.89,EQ
28-09-2016,76.1,77.8,75.4,76.0,76.4,148.8,62.15,10931,836911.3,181.0,76.56,EQ
29-09-2016,75.3,77.0,66.2,68.7,69.0,148.8,62.15,27937,1975189.25,336.0,70.7,EQ
30-09-2016,69.4,75.0,66.55,74.1,74.5,148.8,62.15,33967,2487801.75,500.0,73.24,EQ
03-10-2016,73.0,75.55,70.2,74.05,74.0,148.8,62.15,9062,669913.7,167.0,73.93,EQ
04-10-2016,76.9,76.9,73.15,74.4,74.15,148.8,62.15,5452,407738.4,104.0,74.79,EQ
05-10-2016,74.95,79.0,73.1,76.45,76.0,148.8,62.15,37273,2849186.7,429.0,76.44,EQ
06-10-2016,76.4,82.6,76.4,78.2,78.2,148.8,62.15,45280,3625431.2,615.0,80.07,EQ
07-10-2016,77.8,81.6,77.0,78.6,78.95,148.8,62.15,8912,702781.35,122.0,78.86,EQ
10-10-2016,79.0,80.9,78.0,78.2,78.0,148.8,62.15,9192,726709.15,121.0,79.06,EQ
13-10-2016,77.45,79.7,72.0,74.7,75.2,148.8,62.15,12192,917233.8,138.0,75.23,EQ
14-10-2016,75.0,88.6,74.55,81.95,81.5,148.8,62.15,94113,7833749.55,1029.0,83.24,EQ
17-10-2016,82.0,83.9,78.5,79.5,79.0,148.8,62.15,30031,2450958.45,406.0,81.61,EQ
18-10-2016,79.95,81.65,78.65,79.2,79.0,148.8,62.15,14225,1138270.1,138.0,80.02,EQ
19-10-2016,83.9,88.0,79.65,86.35,86.95,148.8,62.15,108109,9223364.85,842.0,85.32,EQ
20-10-2016,87.75,94.5,85.7,92.8,93.25,148.8,62.15,221747,20359348.75,2641.0,91.81,EQ
21-10-2016,92.9,105.4,89.35,100.7,100.5,148.8,62.15,829955,83885615.5,8442.0,101.07,EQ
24-10-2016,101.8,102.8,94.75,96.1,95.0,148.8,62.15,81063,7986269.3,1107.0,98.52,EQ
25-10-2016,96.8,99.7,92.8,96.2,95.5,148.8,62.15,119545,11615922.05,1578.0,97.17,EQ
26-10-2016,97.0,97.7,92.0,92.8,92.7,148.8,62.15,38810,3646509.65,471.0,93.96,EQ
27-10-2016,94.0,96.9,90.1,91.6,92.0,148.8,62.15,43927,4095335.6,711.0,93.23,EQ
28-10-2016,93.0,94.2,91.6,93.25,93.65,148.8,62.15,28595,2663638.7,366.0,93.15,EQ
30-10-2016,93.7,99.0,93.7,96.3,96.0,148.8,62.15,20599,1987894.2,396.0,96.5,EQ
01-11-2016,97.95,98.0,94.3,95.7,95.2,148.8,62.15,26914,2585703.75,253.0,96.07,EQ
02-11-2016,97.95,97.95,87.1,91.85,91.85,148.8,62.15,29804,2772393.05,377.0,93.02,EQ
03-11-2016,93.95,93.95,89.0,89.8,89.85,148.8,62.15,34765,3155912.4,423.0,90.78,EQ
04-11-2016,90.0,90.8,84.7,85.55,84.7,148.8,62.15,17613,1525089.7,398.0,86.59,EQ
07-11-2016,88.7,88.7,86.25,86.9,86.6,148.8,62.15,12744,1111996.75,211.0,87.26,EQ
08-11-2016,87.0,87.7,84.65,85.1,85.0,148.8,62.15,14535,1244941.6,175.0,85.65,EQ
09-11-2016,80.0,91.05,75.0,89.0,89.9,148.8,62.15,57460,4971134.8,498.0,86.51,EQ
10-11-2016,90.3,93.5,88.0,90.6,89.8,148.8,62.15,28500,2610342.35,464.0,91.59,EQ
11-11-2016,97.9,105.4,96.1,97.0,97.4,148.8,62.15,506253,50999316.55,7861.0,100.74,EQ
15-11-2016,97.2,99.85,82.65,85.8,85.0,148.8,62.15,106665,9569594.45,1955.0,89.72,EQ
16-11-2016,89.7,89.7,82.65,85.2,85.8,148.8,62.15,35784,3085585.0,696.0,86.23,EQ
17-11-2016,86.05,87.5,80.05,81.45,82.0,148.8,62.15,24193,2008114.25,535.0,83.0,EQ
18-11-2016,81.7,82.05,78.55,79.35,79.0,148.8,62.15,31730,2532680.05,699.0,79.82,EQ
21-11-2016,80.0,80.05,73.5,73.75,73.5,148.8,62.15,25929,1956353.3,544.0,75.45,EQ
22-11-2016,73.15,78.7,72.75,75.8,76.2,148.8,62.15,32003,2439205.35,860.0,76.22,EQ
23-11-2016,76.55,78.7,76.5,78.05,78.3,148.8,62.15,14622,1139578.35,310.0,77.94,EQ
24-11-2016,77.05,79.7,76.25,76.8,76.55,148.8,62.15,27201,2122983.5,463.0,78.05,EQ
25-11-2016,77.25,82.0,75.0,79.7,80.0,148.8,62.15,58184,4641273.85,932.0,79.77,EQ
28-11-2016,80.5,84.0,79.35,83.15,84.0,148.8,62.15,24038,1985578.85,450.0,82.6,EQ
29-11-2016,83.55,86.4,82.0,82.25,82.25,148.8,62.15,16834,1411914.55,306.0,83.87,EQ
30-11-2016,82.3,88.0,81.0,86.8,87.25,148.8,62.15,73269,6338105.1,1143.0,86.5,EQ
01-12-2016,87.95,88.25,84.2,85.05,85.85,148.8,62.15,14196,1222160.4,427.0,86.09,EQ
02-12-2016,86.35,89.8,83.25,85.85,86.25,148.8,62.15,27500,2373278.25,372.0,86.3,EQ
05-12-2016,85.0,85.2,83.9,84.55,84.95,148.8,62.15,10810,913239.35,139.0,84.48,EQ
06-12-2016,84.0,91.3,84.0,88.7,88.35,148.8,62.15,75520,6742153.6,1053.0,89.28,EQ
07-12-2016,90.75,93.0,85.2,89.35,89.15,148.8,62.15,125115,11301318.95,1434.0,90.33,EQ
08-12-2016,91.4,91.95,89.0,90.55,90.6,148.8,62.15,19089,1733321.35,278.0,90.8,EQ
09-12-2016,92.7,92.7,88.8,90.0,89.15,148.8,62.15,18998,1717371.0,255.0,90.4,EQ
12-12-2016,89.1,90.75,86.4,87.65,88.0,148.8,62.15,11813,1044203.35,201.0,88.39,EQ
13-12-2016,88.0,88.75,86.2,86.9,87.4,148.8,62.15,4245,370948.0,91.0,87.38,EQ
14-12-2016,86.9,87.7,84.25,86.0,85.85,148.8,62.15,7629,658046.55,102.0,86.26,EQ
15-12-2016,86.0,87.85,85.3,85.75,86.05,148.8,62.15,7710,665120.75,105.0,86.27,EQ
16-12-2016,87.0,87.0,84.3,84.85,84.3,148.8,62.15,1927,164089.15,54.0,85.15,EQ
19-12-2016,85.9,85.9,84.0,84.1,84.45,148.8,62.15,5559,469477.15,83.0,84.45,EQ
20-12-2016,85.5,85.5,82.6,83.4,83.4,148.8,62.15,6834,572139.05,154.0,83.72,EQ
21-12-2016,86.0,87.0,83.0,83.45,83.35,148.8,62.15,7990,673189.65,148.0,84.25,EQ
22-12-2016,82.1,82.8,79.25,79.85,80.5,148.8,62.15,13463,1086709.4,166.0,80.72,EQ
23-12-2016,80.3,83.0,80.0,82.0,81.25,148.8,62.15,8969,736663.1,136.0,82.13,EQ
26-12-2016,80.75,80.9,79.5,80.0,79.6,148.8,62.15,4671,374553.45,57.0,80.19,EQ
27-12-2016,80.3,82.0,79.0,80.1,80.0,148.8,62.15,3344,269247.3,92.0,80.52,EQ
28-12-2016,81.5,82.0,80.2,80.55,80.2,148.8,62.15,2324,188550.6,54.0,81.13,EQ
29-12-2016,80.2,82.0,79.5,80.3,80.8,148.8,62.15,2291,183768.25,58.0,80.21,EQ
30-12-2016,82.1,82.35,80.65,80.75,80.75,148.8,62.15,4298,348650.15,53.0,81.12,EQ
02-01-2017,81.0,82.8,80.2,81.7,82.0,148.8,62.15,2528,206148.2,54.0,81.55,EQ
03-01-2017,82.9,86.2,82.75,85.4,85.0,148.8,62.15,33915,2877614.7,384.0,84.85,EQ
04-01-2017,86.0,88.5,84.6,84.95,85.4,148.8,62.15,22184,1925780.95,374.0,86.81,EQ
05-01-2017,86.45,97.4,85.25,94.8,93.6,148.8,62.15,182975,17142714.35,2087.0,93.69,EQ
06-01-2017,96.0,107.0,92.35,104.75,105.5,148.8,62.15,464167,47815943.4,6546.0,103.01,EQ
09-01-2017,104.0,115.0,104.0,113.2,113.25,139.1,62.15,376367,41919643.6,5118.0,111.38,EQ
10-01-2017,112.2,127.9,110.5,117.15,117.9,139.1,62.15,1132038,137335920.05,16400.0,121.32,EQ
11-01-2017,118.45,118.8,105.1,106.75,106.6,139.1,62.15,227740,25140074.7,4000.0,110.39,EQ
12-01-2017,108.8,112.55,107.3,108.3,108.2,139.1,62.15,93023,10170416.1,1986.0,109.33,EQ
13-01-2017,108.95,121.5,104.3,119.05,118.5,139.1,62.15,445571,51642216.75,7050.0,115.9,EQ
16-01-2017,120.3,125.5,117.05,121.3,122.3,127.9,62.15,312682,38332500.4,4546.0,122.59,EQ
17-01-2017,123.0,123.5,115.0,116.7,116.7,127.9,62.15,97925,11653154.45,1830.0,119.0,EQ
18-01-2017,118.0,134.25,118.0,131.9,133.35,134.25,62.15,954173,123324015.45,12635.0,129.25,EQ
19-01-2017,132.0,137.0,127.75,129.25,128.65,137.0,62.15,446356,59193502.7,6740.0,132.62,EQ
20-01-2017,129.8,130.35,121.4,122.55,122.55,137.0,62.15,128744,16272228.25,2266.0,126.39,EQ
23-01-2017,122.55,125.8,118.5,120.0,120.0,137.0,62.15,97378,11843747.7,1900.0,121.63,EQ
24-01-2017,122.0,122.0,115.2,116.1,116.8,137.0,62.15,106813,12580028.5,1834.0,117.78,EQ
25-01-2017,117.35,120.0,113.5,114.05,114.0,137.0,62.15,98557,11459619.35,1341.0,116.27,EQ
27-01-2017,114.05,119.8,114.0,115.9,116.2,137.0,62.15,119251,14008922.2,1665.0,117.47,EQ
30-01-2017,116.95,117.2,111.5,112.15,111.6,137.0,62.15,27089,3094976.9,774.0,114.25,EQ
31-01-2017,112.15,112.45,105.0,106.1,106.0,137.0,62.15,63824,6885617.95,1004.0,107.88,EQ
01-02-2017,108.65,116.6,105.05,113.85,113.75,137.0,62.15,124679,13996220.25,1828.0,112.26,EQ
02-02-2017,114.4,116.95,114.15,115.45,115.5,137.0,62.15,61674,7126799.8,727.0,115.56,EQ
03-02-2017,114.6,116.25,108.55,110.8,110.25,137.0,62.15,40624,4568697.75,870.0,112.46,EQ
06-02-2017,111.65,115.0,109.7,111.75,111.1,137.0,62.15,42358,4773551.45,940.0,112.7,EQ
07-02-2017,111.25,122.4,111.0,115.25,116.0,137.0,62.15,133215,15667439.1,2037.0,117.61,EQ
08-02-2017,115.2,116.25,113.3,114.3,114.0,137.0,62.15,22125,2535992.2,397.0,114.62,EQ
09-02-2017,112.0,117.0,111.65,113.9,114.5,137.0,62.15,38456,4389278.65,810.0,114.14,EQ
10-02-2017,115.7,116.0,111.25,112.35,112.4,137.0,62.15,34312,3931856.85,667.0,114.59,EQ
13-02-2017,112.0,112.0,104.45,107.2,106.55,137.0,62.15,64416,6919426.9,1156.0,107.42,EQ
14-02-2017,107.25,115.9,107.25,111.15,111.05,137.0,62.15,144683,16298395.95,1804.0,112.65,EQ
15-02-2017,110.9,112.05,105.4,105.9,105.4,137.0,62.15,32067,3438082.2,524.0,107.22,EQ
16-02-2017,104.7,108.7,104.7,107.3,106.95,137.0,62.15,8536,913878.85,160.0,107.06,EQ
17-02-2017,107.05,109.8,102.1,104.85,105.0,137.0,62.15,32939,3494909.65,653.0,106.1,EQ
20-02-2017,107.75,107.75,104.0,104.65,105.0,137.0,62.15,21428,2260379.4,479.0,105.49,EQ
21-02-2017,106.7,109.0,104.0,106.85,106.8,137.0,62.15,58612,6296643.0,887.0,107.43,EQ
22-02-2017,107.85,109.0,104.1,104.85,104.2,137.0,62.15,29749,3162896.15,492.0,106.32,EQ
23-02-2017,105.1,106.5,102.1,104.2,105.0,137.0,62.15,10733,1118994.9,227.0,104.26,EQ
27-02-2017,106.0,114.0,105.0,110.55,110.5,137.0,62.15,123061,13671274.5,1848.0,111.09,EQ
28-02-2017,111.0,111.5,107.55,108.15,107.85,137.0,62.15,47349,5170721.3,613.0,109.2,EQ
01-03-2017,108.0,112.7,107.85,109.2,109.0,137.0,62.15,34122,3750083.7,890.0,109.9,EQ
02-03-2017,109.2,109.4,105.25,105.75,105.5,137.0,62.15,17231,1843271.8,275.0,106.97,EQ
03-03-2017,106.0,107.4,105.0,106.55,106.5,137.0,62.15,13222,1405816.7,186.0,106.32,EQ
06-03-2017,106.0,109.6,93.8,106.3,106.5,137.0,62.15,37420,3977891.0,554.0,106.3,EQ
07-03-2017,106.65,107.25,103.5,104.6,105.65,137.0,62.15,12437,1304939.4,254.0,104.92,EQ
08-03-2017,105.15,112.15,101.15,106.4,105.5,137.0,62.15,188746,20427268.8,2992.0,108.23,EQ
09-03-2017,105.0,107.75,103.55,106.15,105.95,137.0,62.15,29201,3100810.6,550.0,106.19,EQ
10-03-2017,106.2,108.7,103.5,104.6,104.0,137.0,62.15,17679,1866149.45,349.0,105.56,EQ
14-03-2017,106.55,107.6,102.0,103.65,103.65,137.0,62.15,17868,1877580.3,430.0,105.08,EQ
15-03-2017,104.5,106.75,104.5,105.45,105.05,137.0,62.15,25510,2692823.9,355.0,105.56,EQ
16-03-2017,106.0,111.8,105.9,108.55,108.8,137.0,62.15,69479,7604075.85,1019.0,109.44,EQ
17-03-2017,110.8,113.5,109.0,110.05,109.0,137.0,62.15,49279,5474322.5,895.0,111.09,EQ
20-03-2017,110.0,110.0,106.05,107.1,106.5,137.0,62.15,16478,1778980.25,369.0,107.96,EQ
21-03-2017,107.05,109.3,103.05,107.4,107.3,137.0,62.15,17846,1909518.8,446.0,107.0,EQ
22-03-2017,106.0,108.15,105.0,106.25,105.1,137.0,62.15,14856,1588375.0,256.0,106.92,EQ
23-03-2017,105.4,113.8,105.4,110.6,110.8,137.0,62.15,87255,9673783.05,1315.0,110.87,EQ
24-03-2017,110.8,114.0,110.0,110.9,111.0,137.0,62.15,47708,5353016.4,742.0,112.2,EQ
27-03-2017,110.9,114.5,110.65,111.45,111.55,137.0,62.15,50906,5732926.85,767.0,112.62,EQ
28-03-2017,110.2,117.0,110.2,115.55,115.9,137.0,62.15,81470,9326812.4,1280.0,114.48,EQ
29-03-2017,115.0,119.25,114.5,117.15,117.05,137.0,62.15,119214,14015190.35,1505.0,117.56,EQ
30-03-2017,118.5,118.5,112.75,113.75,113.8,137.0,62.15,33449,3838743.1,493.0,114.76,EQ
31-03-2017,114.0,117.4,111.6,114.6,114.1,137.0,62.15,24203,2770239.9,391.0,114.46,EQ
03-04-2017,114.95,118.4,114.05,116.2,115.35,137.0,62.15,53223,6211848.05,585.0,116.71,EQ
05-04-2017,116.0,122.7,116.0,118.85,118.35,137.0,62.15,157568,18856324.35,1794.0,119.67,EQ
06-04-2017,118.05,119.7,114.95,116.7,117.5,137.0,62.15,43225,5070367.55,503.0,117.3,EQ
07-04-2017,116.05,117.4,112.45,113.35,113.05,137.0,62.15,35147,4050834.85,765.0,115.25,EQ
10-04-2017,112.6,116.0,108.95,110.5,109.0,137.0,62.15,56772,6384156.05,885.0,112.45,EQ
11-04-2017,110.05,113.3,109.95,110.8,111.0,137.0,62.15,37550,4189956.0,520.0,111.58,EQ
12-04-2017,110.0,111.95,103.6,108.05,107.7,137.0,62.15,34661,3736842.05,639.0,107.81,EQ
13-04-2017,107.7,113.3,107.7,109.25,109.15,137.0,62.15,44734,4961372.1,452.0,110.91,EQ
17-04-2017,108.35,110.0,105.25,106.35,105.9,137.0,62.15,46376,4953842.15,616.0,106.82,EQ
18-04-2017,105.55,111.0,105.0,105.6,105.55,137.0,62.15,62925,6828041.85,868.0,108.51,EQ
19-04-2017,108.4,108.6,106.25,107.35,107.55,137.0,62.15,13553,1453754.05,218.0,107.26,EQ
20-04-2017,108.9,114.25,107.75,111.85,112.05,137.0,62.15,86046,9636814.15,1064.0,112.0,EQ
21-04-2017,113.15,113.45,110.35,110.6,111.0,137.0,62.15,26645,2970393.6,316.0,111.48,EQ
24-04-2017,112.2,113.15,109.85,110.85,110.5,137.0,62.15,27416,3046532.5,312.0,111.12,EQ
25-04-2017,110.25,112.0,109.95,110.35,110.2,137.0,62.15,18873,2085618.35,213.0,110.51,EQ
26-04-2017,112.0,112.0,108.0,108.85,108.3,137.0,62.15,26219,2878953.3,283.0,109.8,EQ
27-04-2017,108.0,110.4,108.0,108.55,108.25,137.0,62.15,15127,1649117.55,204.0,109.02,EQ
28-04-2017,108.5,109.75,108.0,108.1,108.5,137.0,62.15,7310,794266.75,96.0,108.65,EQ
02-05-2017,109.7,111.3,107.5,108.35,108.25,137.0,62.15,11444,1245151.65,150.0,108.8,EQ
03-05-2017,108.55,110.0,106.5,107.0,107.5,137.0,62.15,13777,1485594.9,200.0,107.83,EQ
04-05-2017,107.2,108.95,106.0,107.3,107.95,137.0,62.15,13615,1464375.05,145.0,107.56,EQ
05-05-2017,108.0,112.0,106.8,108.4,108.0,137.0,62.15,73603,8079115.05,575.0,109.77,EQ
08-05-2017,111.75,111.8,105.2,106.8,106.25,137.0,62.15,14886,1605770.9,265.0,107.87,EQ
09-05-2017,109.4,109.4,107.0,108.0,107.6,137.0,62.15,10472,1133287.05,69.0,108.22,EQ
10-05-2017,107.1,109.8,105.0,107.4,107.25,137.0,62.15,16539,1775083.9,220.0,107.33,EQ
11-05-2017,107.25,114.9,107.25,112.8,113.65,137.0,62.15,131123,14685155.65,1456.0,112.0,EQ
12-05-2017,113.0,116.5,108.85,110.35,111.4,137.0,62.15,58474,6616505.4,671.0,113.15,EQ
15-05-2017,110.5,111.9,107.2,108.95,108.6,137.0,62.15,29540,3231036.4,415.0,109.38,EQ
16-05-2017,108.25,108.95,107.55,108.1,108.2,137.0,62.15,10233,1107540.05,122.0,108.23,EQ
17-05-2017,108.3,109.75,107.95,108.85,108.4,137.0,62.15,6416,697248.55,83.0,108.67,EQ
18-05-2017,108.0,109.0,105.7,106.65,108.0,137.0,62.15,12192,1309989.8,170.0,107.45,EQ
19-05-2017,107.2,108.7,104.1,104.2,104.15,137.0,62.15,22444,2375234.7,213.0,105.83,EQ
22-05-2017,106.3,106.7,105.15,105.4,105.25,137.0,62.15,8073,853145.55,108.0,105.68,EQ
23-05-2017,104.35,106.55,102.0,103.0,102.5,137.0,62.15,13538,1396858.65,172.0,103.18,EQ
24-05-2017,107.9,107.9,100.0,103.3,102.0,137.0,62.15,13935,1443641.15,182.0,103.6,EQ
25-05-2017,121.9,123.95,119.0,123.95,123.95,137.0,62.15,620158,76341350.15,1654.0,123.1,EQ
26-05-2017,134.0,139.45,126.2,129.1,129.5,139.45,62.15,990870,131268766.05,11498.0,132.48,EQ
29-05-2017,128.85,138.9,125.1,129.65,127.55,139.45,62.15,406306,53748702.3,7480.0,132.29,EQ
30-05-2017,129.0,134.55,128.5,129.8,129.8,139.45,62.15,140261,18467333.9,1817.0,131.66,EQ
31-05-2017,130.9,132.75,127.6,128.65,129.4,139.45,62.15,75854,9865031.55,1234.0,130.05,EQ
01-06-2017,129.4,143.95,127.05,141.2,142.3,143.95,62.15,693559,96267657.05,7469.0,138.8,EQ
02-06-2017,142.6,148.5,136.5,143.3,142.5,148.5,62.15,430813,62097918.6,5589.0,144.14,EQ
05-06-2017,143.75,156.75,141.7,150.65,150.55,156.75,62.15,620571,93765329.35,8226.0,151.1,EQ
06-06-2017,150.55,161.0,147.5,156.95,156.0,161.0,62.15,698632,109245805.6,8015.0,156.37,EQ
07-06-2017,156.95,163.35,155.6,158.3,159.0,163.35,62.15,267241,42771280.2,3632.0,160.05,EQ
08-06-2017,159.0,164.3,157.5,158.95,158.5,164.3,62.15,197179,31751378.95,2058.0,161.03,EQ
09-06-2017,159.15,159.85,147.95,150.35,149.6,164.3,62.15,209905,31775958.9,2890.0,151.38,EQ
12-06-2017,150.0,152.0,145.75,147.35,147.75,164.3,62.15,85222,12627242.6,1139.0,148.17,EQ
13-06-2017,147.9,154.8,147.9,151.65,151.35,164.3,62.15,142990,21780041.15,2062.0,152.32,EQ
14-06-2017,152.45,152.75,147.6,149.45,148.55,164.3,62.15,58547,8763538.2,1035.0,149.68,EQ
15-06-2017,149.0,179.3,143.5,171.95,169.4,179.3,62.15,1869904,321204473.95,23555.0,171.78,EQ
16-06-2017,169.8,175.9,165.2,166.7,166.3,179.3,62.15,399659,68115982.35,6745.0,170.44,EQ
19-06-2017,167.0,171.7,164.05,166.6,166.55,179.3,62.15,140121,23506677.9,2407.0,167.76,EQ
20-06-2017,166.65,173.9,164.75,167.45,167.5,179.3,62.15,198603,33598320.35,3610.0,169.17,EQ
21-06-2017,168.3,179.9,166.7,172.85,173.0,179.9,62.15,566479,98876141.7,6949.0,174.55,EQ
22-06-2017,173.0,175.75,165.2,166.5,166.6,179.9,62.15,151641,25974907.7,2086.0,171.29,EQ
23-06-2017,166.65,167.25,155.7,156.9,156.9,179.9,62.15,136253,21694717.0,2183.0,159.22,EQ
27-06-2017,157.9,157.9,145.8,149.05,149.5,179.9,62.15,91355,13721572.3,1484.0,150.2,EQ
28-06-2017,147.15,166.4,146.55,161.7,162.0,179.9,62.15,390982,62833191.2,5963.0,160.71,EQ
29-06-2017,161.0,173.0,160.5,168.15,168.05,179.9,62.15,307936,52001649.95,4073.0,168.87,EQ
30-06-2017,167.85,172.5,163.6,168.95,168.0,179.9,62.15,141956,23909980.4,1958.0,168.43,EQ
03-07-2017,169.95,171.65,165.5,166.75,165.6,179.9,62.15,68336,11479865.05,1037.0,167.99,EQ
04-07-2017,167.75,173.7,161.25,167.2,168.0,179.9,62.15,236943,39910415.9,2812.0,168.44,EQ
05-07-2017,169.15,179.0,166.35,176.75,176.2,179.9,62.15,364708,63729601.6,5189.0,174.74,EQ
06-07-2017,177.95,182.8,172.75,175.25,175.0,182.8,62.15,240021,42704543.9,2839.0,177.92,EQ
07-07-2017,175.95,183.0,174.25,175.7,175.2,183.0,62.15,184115,32921020.45,2626.0,178.81,EQ
10-07-2017,177.05,179.05,172.6,174.0,173.95,183.0,62.15,45509,7960628.0,625.0,174.92,EQ
11-07-2017,175.5,178.65,167.95,168.75,169.05,183.0,62.15,99492,17202049.05,1698.0,172.9,EQ
12-07-2017,170.35,174.5,166.35,170.15,169.5,183.0,62.15,160292,27433010.55,2416.0,171.14,EQ
13-07-2017,171.2,171.35,162.0,162.65,162.6,183.0,62.15,120789,19958861.75,1505.0,165.24,EQ
14-07-2017,163.7,165.85,158.0,160.85,161.3,183.0,62.15,115249,18614297.1,1561.0,161.51,EQ
17-07-2017,162.8,167.7,153.95,160.9,162.0,183.0,62.15,166252,26896236.8,2236.0,161.78,EQ
18-07-2017,158.15,165.95,158.15,162.85,162.05,183.0,62.15,77806,12710753.95,1262.0,163.36,EQ
19-07-2017,162.9,165.55,158.25,159.35,159.3,183.0,62.15,57931,9322619.35,1083.0,160.93,EQ
20-07-2017,162.0,168.6,160.3,162.25,162.0,183.0,62.15,172001,28142918.15,1929.0,163.62,EQ
21-07-2017,163.05,163.95,158.0,159.65,158.0,183.0,62.15,48882,7868956.8,677.0,160.98,EQ
24-07-2017,159.0,163.7,156.0,158.3,158.6,183.0,62.15,46570,7449525.8,694.0,159.96,EQ
25-07-2017,158.8,162.85,155.0,160.95,160.7,183.0,62.15,84710,13483099.15,1204.0,159.17,EQ
26-07-2017,159.0,172.0,157.0,169.55,171.35,183.0,62.15,325505,54338365.3,4033.0,166.94,EQ
27-07-2017,169.05,173.7,160.6,161.85,162.0,183.0,62.15,147720,24566854.15,2101.0,166.31,EQ
28-07-2017,161.4,164.0,160.1,162.2,161.05,183.0,62.15,58716,9512604.65,828.0,162.01,EQ
31-07-2017,162.15,163.0,159.0,159.25,159.35,183.0,62.15,27800,4468127.8,485.0,160.72,EQ
01-08-2017,160.75,162.4,158.5,159.1,159.0,183.0,62.15,26292,4226189.9,478.0,160.74,EQ
02-08-2017,159.6,164.7,156.6,159.55,159.0,183.0,62.15,81857,13204227.7,1197.0,161.31,EQ
03-08-2017,159.8,161.5,155.0,155.3,155.3,183.0,62.15,38978,6148542.7,1054.0,157.74,EQ
04-08-2017,156.05,158.05,154.1,155.05,155.5,183.0,62.15,30501,4746839.7,580.0,155.63,EQ
07-08-2017,157.6,162.35,155.15,157.95,158.35,183.0,62.15,46016,7304079.15,829.0,158.73,EQ
08-08-2017,158.5,160.85,153.15,154.7,155.0,183.0,62.15,32473,5062165.4,553.0,155.89,EQ
09-08-2017,154.1,156.4,150.0,150.75,150.0,183.0,62.15,62703,9543718.6,1056.0,152.21,EQ
10-08-2017,151.0,151.35,131.1,134.35,136.0,183.0,62.15,89750,12663677.8,1419.0,141.1,EQ
11-08-2017,135.8,135.8,127.1,128.0,128.0,183.0,62.15,78802,10316788.5,1321.0,130.92,EQ
14-08-2017,130.05,134.5,130.0,131.35,130.0,183.0,62.15,30625,4051583.95,503.0,132.3,EQ
16-08-2017,139.0,139.0,126.15,131.85,133.3,183.0,62.15,73297,9584532.8,1099.0,130.76,EQ
17-08-2017,130.05,138.55,130.05,136.2,135.8,183.0,62.15,34455,4696720.8,600.0,136.31,EQ
18-08-2017,135.0,136.5,131.5,133.15,133.4,183.0,62.15,33975,4551789.25,445.0,133.97,EQ
21-08-2017,133.1,142.7,133.1,138.0,137.9,183.0,62.15,84004,11716768.7,1444.0,139.48,EQ
22-08-2017,140.5,142.15,136.1,138.35,138.7,183.0,62.15,27585,3823626.15,662.0,138.61,EQ
23-08-2017,140.4,143.1,137.1,140.4,140.5,183.0,62.15,25999,3663490.7,564.0,140.91,EQ
24-08-2017,141.9,151.0,140.1,147.9,146.1,183.0,62.15,168092,24779797.5,2500.0,147.42,EQ
28-08-2017,150.0,154.8,150.0,150.55,150.75,183.0,63.95,72952,11141247.9,833.0,152.72,EQ
29-08-2017,150.75,150.75,145.1,145.75,145.5,183.0,63.95,32755,4838357.8,581.0,147.71,EQ
30-08-2017,148.5,151.9,148.0,148.9,149.05,183.0,63.95,23288,3480663.35,393.0,149.46,EQ
31-08-2017,151.0,151.0,146.3,146.75,146.3,183.0,63.95,22078,3266255.95,274.0,147.94,EQ
01-09-2017,148.0,158.0,147.0,155.25,154.8,183.0,63.95,152149,23605984.15,2629.0,155.15,EQ
04-09-2017,156.7,158.0,149.3,152.95,154.0,183.0,64.75,52007,8046684.0,1026.0,154.72,EQ
05-09-2017,154.85,159.3,154.0,155.75,155.65,183.0,64.75,55720,8733082.4,717.0,156.73,EQ
06-09-2017,156.8,165.0,156.0,161.55,162.0,183.0,64.75,158304,25481591.85,2033.0,160.97,EQ
07-09-2017,162.05,165.7,160.5,161.3,161.9,183.0,64.75,61434,10034036.9,809.0,163.33,EQ
08-09-2017,147.1,151.9,137.0,141.65,142.45,183.0,64.75,484816,69264553.55,6759.0,142.87,EQ
11-09-2017,143.65,144.8,134.7,135.55,135.0,183.0,64.75,110515,15235131.0,1909.0,137.86,EQ
12-09-2017,137.25,140.45,134.55,135.25,135.4,183.0,64.75,53398,7301790.75,880.0,136.74,EQ
13-09-2017,137.5,142.4,135.0,138.6,138.2,183.0,64.75,122536,17070197.95,1975.0,139.31,EQ
14-09-2017,141.95,141.95,135.1,136.3,136.75,183.0,64.75,35758,4939092.15,672.0,138.13,EQ
15-09-2017,135.0,137.15,134.5,135.25,136.0,183.0,64.75,30361,4111819.55,514.0,135.43,EQ
18-09-2017,137.45,139.0,135.7,136.65,136.25,183.0,66.2,23351,3207799.3,443.0,137.37,EQ
19-09-2017,135.9,148.8,135.9,145.0,144.0,183.0,66.2,254079,36806764.25,4401.0,144.86,EQ
20-09-2017,145.1,149.95,141.2,142.2,142.5,183.0,66.2,136609,20013705.35,2899.0,146.5,EQ
21-09-2017,144.9,144.9,138.75,141.05,141.85,183.0,66.2,24493,3454499.75,602.0,141.04,EQ
22-09-2017,142.45,142.45,133.0,135.7,135.15,183.0,66.2,41695,5716551.7,680.0,137.1,EQ
25-09-2017,137.45,137.45,128.0,130.65,131.7,183.0,66.2,28743,3753913.15,823.0,130.6,EQ
26-09-2017,130.0,135.1,129.95,132.05,132.95,183.0,66.2,25934,3433764.15,708.0,132.4,EQ
27-09-2017,135.0,135.0,126.35,128.5,128.0,183.0,66.2,24872,3229239.3,577.0,129.83,EQ
28-09-2017,132.5,132.5,128.5,129.2,129.4,183.0,66.2,17649,2286835.9,226.0,129.57,EQ
29-09-2017,132.45,132.45,128.15,129.5,131.75,183.0,66.2,27965,3648218.9,381.0,130.46,EQ
03-10-2017,134.0,134.7,127.8,128.5,128.6,183.0,70.2,21884,2857121.4,563.0,130.56,EQ
04-10-2017,132.5,133.85,129.05,130.75,132.1,183.0,70.2,61149,8019535.4,1031.0,131.15,EQ
05-10-2017,134.9,134.9,128.15,132.65,133.2,183.0,70.2,50256,6600137.0,676.0,131.33,EQ
06-10-2017,134.9,147.7,131.25,145.8,144.55,183.0,70.2,207276,29394375.95,2866.0,141.81,EQ
09-10-2017,145.0,150.8,141.7,145.7,146.1,183.0,72.0,152757,22418173.9,1791.0,146.76,EQ
10-10-2017,143.7,148.3,143.05,144.05,145.4,183.0,72.0,34177,4985685.2,591.0,145.88,EQ
11-10-2017,147.0,147.0,138.4,140.45,140.0,183.0,72.0,19828,2821374.45,431.0,142.29,EQ
12-10-2017,140.45,145.95,139.95,141.9,140.2,183.0,72.0,9046,1281367.95,251.0,141.65,EQ
13-10-2017,143.75,148.6,141.2,141.95,143.0,183.0,72.0,45773,6618423.45,711.0,144.59,EQ
16-10-2017,144.9,144.9,138.0,139.55,141.25,183.0,72.75,14342,2010613.05,286.0,140.19,EQ
17-10-2017,141.0,141.75,138.2,138.6,139.0,183.0,72.75,13514,1882157.65,172.0,139.27,EQ
18-10-2017,142.5,143.85,136.2,139.5,141.2,183.0,72.75,29860,4202470.5,482.0,140.74,EQ
19-10-2017,142.4,142.4,136.3,137.5,138.45,183.0,72.75,12847,1769289.5,144.0,137.72,EQ
23-10-2017,140.0,141.7,135.05,136.7,136.8,183.0,72.75,15644,2154164.05,372.0,137.7,EQ
24-10-2017,139.95,144.9,136.0,140.25,139.0,183.0,72.75,41646,5884447.5,964.0,141.3,EQ
25-10-2017,142.5,149.6,139.0,142.95,142.95,183.0,72.75,183548,26758904.15,2040.0,145.79,EQ
26-10-2017,145.4,159.95,142.7,154.55,155.0,183.0,72.75,428104,65676264.3,5419.0,153.41,EQ
27-10-2017,155.6,162.0,152.55,156.25,153.05,183.0,72.75,166429,26210778.35,2355.0,157.49,EQ
30-10-2017,157.25,166.1,154.0,161.15,163.5,183.0,72.75,120084,19404236.75,1510.0,161.59,EQ
31-10-2017,164.9,181.5,163.25,175.1,174.35,183.0,72.75,705499,122821961.2,7553.0,174.09,EQ
01-11-2017,175.0,178.4,168.1,169.75,169.35,183.0,72.75,123637,21271866.3,1827.0,172.05,EQ
02-11-2017,170.9,177.0,157.55,163.05,163.1,183.0,72.75,236421,39505556.65,3060.0,167.1,EQ
03-11-2017,164.9,171.0,163.2,165.4,165.5,183.0,72.75,85611,14343155.3,1547.0,167.54,EQ
06-11-2017,168.8,168.8,162.0,162.75,162.5,183.0,72.75,23094,3781567.3,718.0,163.75,EQ
07-11-2017,162.0,169.0,160.05,161.65,162.5,183.0,72.75,66210,10898650.45,923.0,164.61,EQ
08-11-2017,160.15,169.75,157.5,162.45,163.0,183.0,72.75,256171,42505588.75,4576.0,165.93,EQ
09-11-2017,164.45,171.5,163.0,167.9,167.0,183.0,72.75,184136,31053424.15,2844.0,168.64,EQ
10-11-2017,166.0,174.25,162.0,169.75,170.4,183.0,72.75,331578,56779610.1,3169.0,171.24,EQ
13-11-2017,171.7,175.8,165.6,167.15,168.0,183.0,72.75,59105,10071386.85,934.0,170.4,EQ
14-11-2017,167.15,170.95,165.6,168.6,168.8,183.0,72.75,27126,4566028.5,386.0,168.33,EQ
15-11-2017,169.7,179.5,165.2,173.5,173.3,183.0,72.75,219095,38306367.1,2947.0,174.84,EQ
16-11-2017,176.1,193.5,175.1,186.6,185.6,193.5,72.75,1155027,217217193.1,15738.0,188.06,EQ
17-11-2017,186.7,194.6,182.6,183.55,183.0,194.6,72.75,340380,64290660.45,4238.0,188.88,EQ
20-11-2017,184.5,186.0,177.95,184.85,183.0,194.6,72.75,99836,18254733.25,1597.0,182.85,EQ
21-11-2017,186.0,192.35,180.0,181.95,181.5,194.6,72.75,155951,29217068.75,1890.0,187.35,EQ
22-11-2017,182.6,203.0,182.6,195.95,196.0,203.0,72.75,699215,137087548.8,8386.0,196.06,EQ
23-11-2017,196.0,202.35,183.1,184.15,183.5,203.0,72.75,368830,70204810.75,5096.0,190.34,EQ
24-11-2017,184.5,189.65,180.95,184.65,185.0,203.0,72.75,131056,24373146.2,2395.0,185.98,EQ
27-11-2017,185.35,186.4,176.9,178.75,180.5,203.0,79.0,81801,14748469.2,1389.0,180.3,EQ
28-11-2017,180.65,184.0,175.3,176.2,176.5,203.0,79.0,72083,12921774.3,1205.0,179.26,EQ
29-11-2017,177.3,179.0,170.95,172.45,171.75,203.0,79.0,38287,6722195.05,1030.0,175.57,EQ
30-11-2017,173.65,179.7,170.1,173.0,172.1,203.0,79.0,74771,13056374.2,1354.0,174.62,EQ
01-12-2017,174.05,175.9,167.1,168.35,168.95,203.0,79.0,47587,8169916.8,729.0,171.68,EQ
04-12-2017,169.85,171.9,161.45,166.6,167.8,203.0,79.0,36250,6078157.5,1018.0,167.67,EQ
05-12-2017,167.05,167.9,160.8,164.25,164.5,203.0,79.0,44337,7237208.95,649.0,163.23,EQ
06-12-2017,163.0,178.6,162.9,169.35,170.6,203.0,79.0,148190,25752822.0,2804.0,173.78,EQ
07-12-2017,170.0,174.75,170.0,172.65,172.15,203.0,79.0,34508,5953551.9,752.0,172.53,EQ
08-12-2017,174.2,174.2,170.25,170.7,170.5,203.0,79.0,31155,5357264.5,798.0,171.96,EQ
11-12-2017,165.0,170.0,163.0,165.4,166.5,203.0,79.0,51303,8560794.85,1152.0,166.87,EQ
12-12-2017,166.9,177.35,164.6,167.1,166.05,203.0,79.0,170309,29326315.8,3180.0,172.19,EQ
13-12-2017,166.75,171.9,165.0,165.7,165.5,203.0,79.0,47079,7890636.25,1644.0,167.6,EQ
14-12-2017,165.7,171.0,163.2,165.75,165.0,203.0,79.0,51675,8648353.8,1535.0,167.36,EQ
15-12-2017,166.0,169.6,164.25,165.5,164.5,203.0,79.0,49896,8297721.8,1443.0,166.3,EQ
18-12-2017,165.2,168.1,156.95,163.15,162.8,203.0,79.0,41839,6865188.8,621.0,164.09,EQ
19-12-2017,164.6,173.8,163.6,170.6,170.2,203.0,79.0,111932,19027032.85,2353.0,169.99,EQ
20-12-2017,170.3,185.25,169.65,181.05,182.0,203.0,79.0,540725,97388133.25,6729.0,180.11,EQ
21-12-2017,181.05,183.4,176.25,177.45,178.0,203.0,79.0,47599,8530852.85,894.0,179.22,EQ
22-12-2017,176.05,183.65,174.8,178.5,178.1,203.0,79.0,66880,11928981.05,1019.0,178.36,EQ
26-12-2017,179.9,183.05,176.05,178.2,177.0,203.0,79.0,77909,14018579.8,1056.0,179.94,EQ
27-12-2017,179.8,185.9,176.0,178.25,177.4,203.0,79.0,120000,21884140.35,1645.0,182.37,EQ
28-12-2017,179.7,182.45,175.3,176.6,175.3,203.0,79.0,27077,4832127.5,527.0,178.46,EQ
29-12-2017,178.5,181.8,175.1,175.75,176.0,203.0,79.0,32369,5757576.7,527.0,177.87,EQ
01-01-2018,177.45,177.7,173.6,174.65,175.8,203.0,80.2,26601,4684080.85,917.0,176.09,EQ
02-01-2018,173.7,177.9,170.6,173.3,173.8,203.0,80.2,37078,6462159.85,1770.0,174.29,EQ
03-01-2018,170.2,185.7,170.2,182.7,183.4,203.0,80.2,243942,44586351.6,3572.0,182.77,EQ
04-01-2018,184.2,188.0,181.5,182.4,182.85,203.0,80.2,61648,11400991.25,1636.0,184.94,EQ
05-01-2018,182.4,191.0,182.4,184.85,187.5,203.0,80.2,155542,28964902.8,1956.0,186.22,EQ
08-01-2018,184.6,188.5,183.1,184.1,184.8,203.0,93.8,38712,7209490.9,572.0,186.23,EQ
09-01-2018,185.45,185.8,178.5,179.4,179.0,203.0,93.8,32066,5805257.25,864.0,181.04,EQ
10-01-2018,180.65,181.55,173.1,174.8,174.5,203.0,93.8,62517,11000909.8,1310.0,175.97,EQ
11-01-2018,175.2,176.9,171.0,171.75,171.0,203.0,93.8,62056,10807371.3,649.0,174.16,EQ
12-01-2018,169.9,174.5,168.8,169.65,169.1,203.0,93.8,39841,6828677.7,1123.0,171.4,EQ
15-01-2018,171.5,176.4,168.5,169.6,168.5,203.0,93.8,67807,11742829.2,1731.0,173.18,EQ
16-01-2018,170.95,173.85,165.15,166.05,165.2,203.0,93.8,55130,9338957.55,1408.0,169.4,EQ
17-01-2018,165.15,169.7,162.5,166.15,165.2,203.0,93.8,29973,4987285.5,1394.0,166.39,EQ
18-01-2018,167.0,168.95,158.0,159.45,160.95,203.0,93.8,33638,5512869.55,999.0,163.89,EQ
19-01-2018,159.4,164.0,156.5,158.95,158.75,203.0,93.8,68489,10947499.5,959.0,159.84,EQ
22-01-2018,159.05,166.3,156.95,163.4,163.25,203.0,93.8,35540,5788047.35,980.0,162.86,EQ
23-01-2018,165.15,166.9,162.1,162.7,162.15,203.0,93.8,27456,4518849.05,1040.0,164.59,EQ
24-01-2018,162.65,164.0,159.25,160.2,161.35,203.0,93.8,24638,3969299.35,704.0,161.1,EQ
25-01-2018,161.95,163.95,160.0,161.2,161.1,203.0,93.8,30451,4913230.95,1038.0,161.35,EQ
29-01-2018,163.0,163.0,157.0,157.95,157.0,203.0,93.8,15365,2453675.1,690.0,159.69,EQ
30-01-2018,156.55,163.0,147.75,157.7,159.75,203.0,93.8,120276,18939066.35,1881.0,157.46,EQ
31-01-2018,155.85,159.75,152.5,155.25,152.65,203.0,93.8,51454,8015843.1,1070.0,155.79,EQ
01-02-2018,153.5,161.0,151.5,153.4,152.6,203.0,93.8,46873,7323331.0,1383.0,156.24,EQ
02-02-2018,152.95,152.95,142.55,143.25,142.55,203.0,93.8,26222,3849344.45,728.0,146.8,EQ
05-02-2018,138.25,148.45,138.25,146.35,147.2,203.0,93.8,31225,4537343.55,1011.0,145.31,EQ
06-02-2018,141.25,147.0,135.05,136.9,137.95,203.0,93.8,68078,9606254.95,1222.0,141.11,EQ
07-02-2018,140.0,143.15,139.0,141.6,142.3,203.0,93.8,18769,2653896.15,522.0,141.4,EQ
08-02-2018,144.4,156.8,141.1,155.25,154.55,203.0,93.8,163983,24857427.5,2377.0,151.59,EQ
09-02-2018,149.3,174.0,146.05,164.05,161.95,203.0,93.8,664979,109458433.0,10240.0,164.6,EQ
12-02-2018,163.9,166.0,150.7,152.1,152.7,203.0,93.8,466840,74660897.65,5995.0,159.93,EQ
14-02-2018,153.1,157.0,147.5,149.45,147.95,203.0,93.8,58158,8878748.2,1002.0,152.67,EQ
15-02-2018,150.5,155.35,144.0,145.75,146.0,203.0,93.8,107372,16050948.9,1382.0,149.49,EQ
16-02-2018,145.05,148.4,138.0,139.5,141.0,203.0,93.8,44163,6307612.1,869.0,142.83,EQ
19-02-2018,138.5,143.45,137.95,140.6,140.1,203.0,93.8,24220,3393596.3,804.0,140.12,EQ
20-02-2018,139.4,142.25,138.5,140.05,139.25,203.0,93.8,26730,3754732.55,835.0,140.47,EQ
21-02-2018,139.05,143.0,139.05,141.4,141.7,203.0,93.8,27956,3951519.9,634.0,141.35,EQ
22-02-2018,140.0,141.0,139.0,139.85,139.25,203.0,93.8,14095,1975080.95,204.0,140.13,EQ
23-02-2018,141.4,146.9,138.55,141.45,142.0,203.0,93.8,38500,5506792.55,565.0,143.03,EQ
26-02-2018,142.5,145.0,141.2,141.85,142.6,203.0,93.8,40204,5726310.9,238.0,142.43,EQ
27-02-2018,140.8,142.85,140.8,141.25,142.5,203.0,93.8,9685,1373233.8,225.0,141.79,EQ
28-02-2018,141.8,142.5,138.9,141.55,142.0,203.0,93.8,20460,2878923.95,481.0,140.71,EQ
01-03-2018,140.55,142.5,139.0,140.6,139.1,203.0,93.8,12992,1834775.45,222.0,141.22,EQ
05-03-2018,140.6,141.4,138.2,138.95,141.4,203.0,93.8,37556,5218588.45,187.0,138.95,EQ
06-03-2018,139.35,145.0,138.15,139.5,139.1,203.0,93.8,24546,3463266.0,602.0,141.09,EQ
07-03-2018,139.1,140.75,135.65,136.25,136.0,203.0,93.8,38099,5209685.75,777.0,136.74,EQ
08-03-2018,136.5,138.45,133.3,135.7,135.5,203.0,93.8,27061,3688830.35,271.0,136.32,EQ
09-03-2018,138.0,142.5,135.8,137.3,136.3,203.0,93.8,31877,4441246.4,980.0,139.32,EQ
12-03-2018,139.5,141.4,136.5,139.7,140.95,203.0,100.0,39720,5475532.3,595.0,137.85,EQ
13-03-2018,139.7,141.55,132.95,134.65,134.0,203.0,100.0,22559,3083314.45,436.0,136.68,EQ
14-03-2018,134.0,136.85,132.55,133.5,134.4,203.0,100.0,50966,6851313.45,276.0,134.43,EQ
15-03-2018,134.2,137.95,132.6,136.35,136.7,203.0,100.0,18984,2585105.35,891.0,136.17,EQ
16-03-2018,137.9,142.4,135.35,136.05,136.5,203.0,100.0,101458,13877323.25,1181.0,136.78,EQ
19-03-2018,138.95,138.95,132.5,134.0,134.0,203.0,100.0,18222,2440643.4,339.0,133.94,EQ
20-03-2018,133.0,133.45,124.35,125.55,125.6,203.0,100.0,62462,7986445.05,1022.0,127.86,EQ
21-03-2018,124.0,132.45,124.0,126.35,126.35,203.0,100.0,60472,7780665.65,1253.0,128.67,EQ
22-03-2018,126.35,128.9,124.05,126.0,126.0,203.0,100.0,24485,3085245.5,848.0,126.01,EQ
23-03-2018,122.5,125.75,120.55,121.25,121.15,203.0,100.0,26513,3242645.7,428.0,122.3,EQ
26-03-2018,123.0,125.9,120.1,120.25,120.2,203.0,100.0,35759,4344200.85,521.0,121.49,EQ
27-03-2018,120.65,124.0,120.65,121.65,121.7,203.0,100.0,13539,1654962.7,448.0,122.24,EQ
28-03-2018,118.5,122.5,115.05,116.95,115.75,203.0,100.0,16810,2002598.8,1032.0,119.13,EQ
02-04-2018,115.95,121.8,115.95,120.85,121.3,203.0,100.0,18032,2164702.55,670.0,120.05,EQ
03-04-2018,120.0,126.7,118.55,125.5,124.0,203.0,100.0,76843,9510884.7,1226.0,123.77,EQ
04-04-2018,128.0,132.95,122.55,124.15,124.0,203.0,100.0,171894,22173799.3,1688.0,129.0,EQ
05-04-2018,127.95,128.0,123.35,124.8,125.0,203.0,100.0,30262,3798790.6,428.0,125.53,EQ
06-04-2018,127.4,127.4,124.1,126.55,127.35,203.0,100.0,67678,8495226.75,293.0,125.52,EQ
09-04-2018,128.2,131.45,127.45,128.05,127.75,203.0,100.0,19093,2466529.0,430.0,129.18,EQ
10-04-2018,130.0,130.95,125.3,127.0,126.75,203.0,100.0,13838,1773498.55,328.0,128.16,EQ
11-04-2018,126.0,128.8,124.2,125.6,125.0,203.0,100.0,6705,841626.45,131.0,125.52,EQ
12-04-2018,127.75,127.75,122.3,122.9,123.35,203.0,100.0,14153,1759987.95,535.0,124.35,EQ
13-04-2018,124.95,129.3,123.0,125.95,126.1,203.0,100.0,66896,8494612.75,870.0,126.98,EQ
16-04-2018,126.05,126.05,120.1,124.45,124.55,203.0,100.0,13147,1631471.5,484.0,124.09,EQ
17-04-2018,124.6,127.9,124.0,125.6,126.0,203.0,100.0,14269,1795004.55,495.0,125.8,EQ
18-04-2018,127.7,127.7,123.1,123.5,124.0,203.0,100.0,13026,1629070.4,278.0,125.06,EQ
19-04-2018,124.0,128.95,123.0,126.4,128.1,203.0,100.0,39283,4977781.25,696.0,126.72,EQ
20-04-2018,126.65,129.5,126.1,126.55,126.5,203.0,100.0,13160,1684445.4,301.0,128.0,EQ
23-04-2018,125.15,130.9,125.15,129.05,128.2,203.0,100.0,24099,3128068.75,300.0,129.8,EQ
24-04-2018,129.3,130.6,126.5,127.2,127.1,203.0,100.0,6282,806627.75,304.0,128.4,EQ
25-04-2018,126.5,128.55,123.0,123.55,123.0,203.0,100.0,10827,1350797.2,264.0,124.76,EQ
26-04-2018,123.7,125.0,122.0,122.6,123.0,203.0,100.0,8364,1031436.45,227.0,123.32,EQ
27-04-2018,123.0,126.8,121.25,122.25,123.4,203.0,100.0,11657,1445263.0,622.0,123.98,EQ
30-04-2018,122.1,126.45,122.1,124.3,124.5,203.0,100.0,6380,796205.35,143.0,124.8,EQ
02-05-2018,126.45,127.8,120.3,122.95,122.9,203.0,100.0,10734,1336348.7,371.0,124.5,EQ
03-05-2018,123.95,123.95,115.05,117.8,118.0,203.0,100.0,14097,1671169.65,667.0,118.55,EQ
04-05-2018,117.05,118.5,114.55,115.05,114.8,203.0,100.0,4656,541000.85,122.0,116.19,EQ
07-05-2018,116.05,119.7,115.95,117.55,117.35,203.0,100.0,10084,1183097.85,176.0,117.32,EQ
08-05-2018,117.0,119.4,113.45,114.1,114.8,203.0,100.0,5397,626339.05,149.0,116.05,EQ
09-05-2018,113.05,116.4,113.05,114.1,114.5,203.0,100.0,6672,761889.8,91.0,114.19,EQ
10-05-2018,114.15,115.7,111.0,111.35,111.4,203.0,100.0,6036,682842.55,167.0,113.13,EQ
11-05-2018,111.35,112.8,107.25,109.15,109.1,203.0,100.0,6844,751606.95,248.0,109.82,EQ
14-05-2018,106.0,109.0,104.35,105.7,106.85,203.0,100.0,9135,971941.4,231.0,106.4,EQ
15-05-2018,107.0,108.2,102.55,105.5,104.5,203.0,100.0,8343,884453.9,145.0,106.01,EQ
16-05-2018,104.0,113.4,102.6,107.3,106.65,203.0,100.0,31896,3481630.4,455.0,109.16,EQ
17-05-2018,108.7,108.7,105.05,106.4,106.3,203.0,100.0,8025,851497.85,150.0,106.11,EQ
18-05-2018,105.0,107.35,103.0,104.6,103.4,203.0,100.0,3769,397186.45,135.0,105.38,EQ
21-05-2018,104.6,104.6,101.3,101.95,102.1,203.0,100.0,2857,294474.45,69.0,103.07,EQ
22-05-2018,103.35,103.4,99.0,99.8,99.0,203.0,99.0,4441,445795.8,106.0,100.38,EQ
23-05-2018,99.0,101.8,98.5,99.1,99.8,203.0,98.5,6653,667344.9,97.0,100.31,EQ
24-05-2018,98.1,101.4,96.35,97.85,98.25,203.0,96.35,7747,758609.95,115.0,97.92,EQ
25-05-2018,97.45,99.9,97.45,98.8,98.25,203.0,96.35,3461,341729.35,47.0,98.74,EQ
28-05-2018,101.0,107.8,99.05,106.55,106.3,203.0,96.35,32497,3437557.05,628.0,105.78,EQ
29-05-2018,106.6,106.6,104.0,104.75,105.0,203.0,96.35,12096,1268427.0,205.0,104.86,EQ
30-05-2018,99.0,111.8,99.0,110.0,109.0,203.0,96.35,90138,9778234.25,1134.0,108.48,EQ
31-05-2018,110.0,110.0,100.25,103.4,101.0,203.0,96.35,14522,1539952.05,268.0,106.04,EQ
01-06-2018,102.0,104.8,97.2,98.4,98.95,203.0,96.35,8722,875177.65,278.0,100.34,EQ
04-06-2018,97.2,100.5,90.0,95.45,92.65,203.0,90.0,23065,2163475.25,498.0,93.8,EQ
05-06-2018,94.0,95.45,91.3,92.3,91.45,203.0,90.0,5459,502661.9,134.0,92.08,EQ
06-06-2018,91.0,96.1,90.5,94.25,95.0,203.0,90.0,10855,1020536.4,200.0,94.02,EQ
07-06-2018,97.5,99.7,95.0,99.25,99.0,203.0,90.0,9082,894994.05,165.0,98.55,EQ
08-06-2018,98.0,104.7,95.5,97.2,98.45,203.0,90.0,28288,2842277.9,425.0,100.48,EQ
11-06-2018,99.2,99.2,96.15,97.2,97.0,203.0,90.0,6392,624365.4,87.0,97.68,EQ
12-06-2018,97.1,98.95,96.25,96.6,97.0,203.0,90.0,8768,858038.15,65.0,97.86,EQ
13-06-2018,100.45,100.45,96.2,97.8,97.8,203.0,90.0,3895,384528.5,66.0,98.72,EQ
14-06-2018,98.35,99.0,96.55,98.7,98.8,203.0,90.0,6236,611046.65,71.0,97.99,EQ
15-06-2018,98.5,99.0,95.2,97.1,97.0,203.0,90.0,2009,195952.6,95.0,97.54,EQ
18-06-2018,96.0,97.85,95.0,95.5,96.0,203.0,90.0,4692,451208.55,118.0,96.17,EQ
19-06-2018,95.15,95.4,91.8,92.9,94.0,203.0,90.0,4037,379105.05,142.0,93.91,EQ
20-06-2018,92.0,97.0,92.0,95.05,95.4,203.0,90.0,8030,762037.8,182.0,94.9,EQ
21-06-2018,95.0,96.95,93.35,96.35,96.95,203.0,90.0,1912,181691.25,55.0,95.03,EQ
22-06-2018,94.0,97.0,92.2,96.55,97.0,203.0,90.0,4912,471798.3,84.0,96.05,EQ
25-06-2018,96.5,98.45,93.6,94.05,93.85,203.0,90.0,2700,258255.25,138.0,95.65,EQ
26-06-2018,93.3,95.7,92.65,92.85,92.65,203.0,90.0,1358,126712.35,50.0,93.31,EQ
27-06-2018,92.0,94.85,87.05,87.75,88.95,203.0,87.05,6065,544372.45,148.0,89.76,EQ
28-06-2018,86.5,87.95,82.5,84.5,84.0,203.0,82.5,8366,709916.25,156.0,84.86,EQ
29-06-2018,86.5,86.9,84.55,86.1,85.4,203.0,82.5,2190,187369.6,42.0,85.56,EQ
02-07-2018,86.5,87.3,82.1,82.95,82.15,203.0,82.1,4559,381683.75,117.0,83.72,EQ
03-07-2018,83.0,84.65,78.55,79.8,79.25,203.0,78.55,14346,1166176.3,241.0,81.29,EQ
04-07-2018,81.75,90.4,79.0,87.5,86.45,203.0,78.55,71877,6284556.25,732.0,87.43,EQ
05-07-2018,86.0,89.45,82.15,82.75,83.0,203.0,78.55,12418,1053186.95,252.0,84.81,EQ
06-07-2018,82.0,85.9,82.0,82.15,82.0,203.0,78.55,3589,297895.3,63.0,83.0,EQ
09-07-2018,82.3,84.2,81.6,83.2,82.9,203.0,78.55,7426,616368.7,124.0,83.0,EQ
10-07-2018,84.85,85.45,78.65,82.05,82.2,203.0,78.55,7708,633666.5,142.0,82.21,EQ
11-07-2018,82.1,83.8,78.1,79.7,79.35,203.0,78.1,8100,650548.0,176.0,80.31,EQ
12-07-2018,81.45,88.5,79.55,81.15,81.0,203.0,78.1,74602,6329071.3,1137.0,84.84,EQ
13-07-2018,80.6,82.0,77.45,78.95,78.4,203.0,77.45,7986,637604.4,231.0,79.84,EQ
16-07-2018,80.0,80.0,76.0,77.0,76.0,203.0,76.0,4379,340817.35,102.0,77.83,EQ
17-07-2018,79.25,80.0,75.3,76.7,76.7,203.0,75.3,7703,597436.6,110.0,77.56,EQ
18-07-2018,77.1,77.9,75.1,75.95,75.95,203.0,75.1,6349,484311.1,62.0,76.28,EQ
19-07-2018,76.65,76.65,70.6,71.65,71.6,203.0,70.6,12165,885104.6,184.0,72.76,EQ
20-07-2018,71.1,72.5,67.5,69.6,68.25,203.0,67.5,16536,1144390.9,205.0,69.21,EQ
23-07-2018,69.5,73.95,68.5,70.5,70.95,203.0,67.5,15461,1100573.1,191.0,71.18,EQ
24-07-2018,71.5,77.0,71.5,73.85,74.45,203.0,67.5,23735,1773078.5,411.0,74.7,EQ
25-07-2018,74.0,76.5,72.5,73.35,74.3,203.0,67.5,6052,452452.1,113.0,74.76,EQ
26-07-2018,74.5,75.5,73.5,74.45,74.1,203.0,67.5,6508,486085.6,81.0,74.69,EQ
27-07-2018,74.0,76.4,74.0,74.9,75.25,203.0,67.5,7883,592231.45,78.0,75.13,EQ
30-07-2018,75.5,89.85,75.5,89.85,89.85,203.0,67.5,266813,22747167.9,2439.0,85.26,EQ
31-07-2018,91.9,95.8,91.1,92.55,92.0,203.0,67.5,199331,18583705.05,1803.0,93.23,EQ
01-08-2018,92.5,103.0,91.0,98.5,98.0,203.0,67.5,305863,30042595.8,3389.0,98.22,EQ
02-08-2018,97.35,107.6,95.15,99.35,99.7,203.0,67.5,187224,19135035.1,2095.0,102.2,EQ
03-08-2018,98.95,100.0,95.0,96.25,95.35,203.0,67.5,19646,1913715.15,410.0,97.41,EQ
06-08-2018,97.0,104.45,96.3,97.85,98.5,203.0,67.5,65344,6581170.4,893.0,100.72,EQ
07-08-2018,99.0,101.5,95.1,95.95,95.45,203.0,67.5,21574,2113250.05,395.0,97.95,EQ
08-08-2018,96.8,96.8,91.05,92.4,91.2,203.0,67.5,8757,821271.95,193.0,93.78,EQ
09-08-2018,91.5,98.6,91.5,94.8,94.55,203.0,67.5,41335,3964039.15,570.0,95.9,EQ
10-08-2018,94.05,99.0,94.05,95.8,96.0,203.0,67.5,49895,4841002.2,815.0,97.02,EQ
13-08-2018,95.0,97.5,94.35,95.9,95.0,203.0,67.5,13828,1330509.15,206.0,96.22,EQ
14-08-2018,95.1,96.75,90.25,91.15,91.5,203.0,67.5,11056,1033879.9,320.0,93.51,EQ
16-08-2018,91.5,94.0,90.1,91.15,92.45,203.0,67.5,10791,989675.85,154.0,91.71,EQ
17-08-2018,91.0,95.0,86.6,86.9,86.6,203.0,67.5,4840,425311.5,66.0,87.87,BE
20-08-2018,87.1,91.4,86.6,86.6,86.6,203.0,67.5,3209,280841.05,55.0,87.52,BE
21-08-2018,85.0,85.0,82.3,83.25,84.2,203.0,67.5,2251,186819.8,58.0,82.99,BE
23-08-2018,82.3,84.6,81.0,84.05,84.6,203.0,67.5,2970,247821.5,29.0,83.44,BE
24-08-2018,83.05,85.0,82.05,82.55,84.0,203.0,67.5,2094,174024.5,42.0,83.11,BE
27-08-2018,81.5,85.0,81.5,82.55,82.5,203.0,67.5,5982,495960.2,51.0,82.91,BE
28-08-2018,81.15,83.95,81.1,81.5,81.5,203.0,67.5,4231,349632.45,36.0,82.64,BE
29-08-2018,81.5,83.4,81.5,83.0,83.0,203.0,67.5,110,9129.3,6.0,82.99,BE
30-08-2018,81.5,81.5,80.25,81.0,81.0,203.0,67.5,5338,430902.25,41.0,80.72,BE
31-08-2018,83.0,83.0,77.5,80.3,81.0,203.0,67.5,2028,162599.55,48.0,80.18,BE
03-09-2018,80.9,82.75,79.0,79.95,79.95,203.0,67.5,5181,414679.05,49.0,80.04,BE
04-09-2018,78.1,81.0,77.0,77.6,79.0,203.0,67.5,3368,262291.8,74.0,77.88,BE
05-09-2018,77.0,78.0,74.0,74.35,74.0,203.0,67.5,3807,286281.75,62.0,75.2,BE
06-09-2018,73.2,76.0,71.05,74.7,74.1,203.0,67.5,3440,254725.35,38.0,74.05,BE
07-09-2018,73.0,77.0,72.1,73.0,73.0,203.0,67.5,7102,522406.7,75.0,73.56,BE
10-09-2018,72.2,73.95,71.8,73.4,73.4,203.0,67.5,3891,281500.7,26.0,72.35,BE
11-09-2018,72.1,74.45,71.1,71.45,72.0,203.0,67.5,3641,262189.35,51.0,72.01,BE
12-09-2018,71.0,73.0,70.0,72.9,72.9,203.0,67.5,3723,263301.35,45.0,70.72,BE
14-09-2018,70.0,75.0,70.0,73.75,73.75,203.0,67.5,1549,111751.1,22.0,72.14,BE
17-09-2018,74.0,74.0,72.05,74.0,74.0,203.0,67.5,761,55679.2,20.0,73.17,BE
18-09-2018,74.2,75.0,72.5,72.5,72.5,203.0,67.5,1666,121026.35,28.0,72.64,BE
19-09-2018,71.6,72.95,69.3,72.45,72.9,203.0,67.5,2295,165209.4,35.0,71.99,BE
21-09-2018,73.0,76.0,71.0,72.3,71.0,203.0,67.5,7076,516919.35,50.0,73.05,BE
24-09-2018,72.0,74.0,68.7,69.25,71.0,203.0,67.5,2299,161138.85,51.0,70.09,BE
25-09-2018,69.0,69.0,65.8,65.8,65.8,203.0,65.8,2645,175862.3,37.0,66.49,BE
26-09-2018,65.0,68.9,62.55,62.9,65.0,203.0,62.55,5895,377194.75,84.0,63.99,BE
27-09-2018,62.4,65.0,62.1,63.15,63.0,203.0,62.1,6260,394903.7,33.0,63.08,BE
28-09-2018,64.0,64.0,61.05,62.3,61.25,203.0,61.05,1488,92843.8,33.0,62.4,BE
01-10-2018,65.0,65.0,59.2,59.2,60.95,203.0,59.2,6773,403699.85,41.0,59.6,BE
03-10-2018,60.0,61.05,58.1,59.25,59.0,203.0,58.1,6686,401492.7,78.0,60.05,BE
04-10-2018,59.15,59.9,57.1,58.65,57.6,203.0,57.1,1822,107004.95,32.0,58.73,BE
05-10-2018,57.0,59.5,56.0,59.0,59.0,203.0,56.0,5004,289823.8,39.0,57.92,BE
08-10-2018,57.0,60.95,56.05,56.7,59.8,203.0,56.0,11813,666141.45,38.0,56.39,BE
09-10-2018,58.05,58.85,55.5,57.0,56.95,203.0,55.5,2492,141744.5,41.0,56.88,BE
10-10-2018,57.0,59.75,56.05,59.15,58.05,203.0,55.5,2423,140092.4,32.0,57.82,BE
11-10-2018,60.0,62.1,57.0,60.05,60.55,203.0,55.5,6876,410279.25,56.0,59.67,BE
12-10-2018,60.0,63.0,59.9,59.9,59.9,203.0,55.5,1442,87567.3,32.0,60.73,BE
15-10-2018,59.9,62.85,59.05,62.85,62.85,203.0,55.5,1090,68126.05,17.0,62.5,BE
16-10-2018,63.0,65.9,63.0,65.85,65.85,203.0,55.5,4797,310824.3,60.0,64.8,EQ
17-10-2018,66.0,69.0,66.0,67.3,66.5,203.0,55.5,4372,297950.2,76.0,68.15,EQ
19-10-2018,66.5,67.0,65.0,66.05,66.75,203.0,55.5,1846,121465.35,30.0,65.8,EQ
22-10-2018,66.95,66.95,63.15,65.15,66.4,203.0,55.5,1566,102006.3,27.0,65.14,EQ
23-10-2018,62.1,65.9,62.1,65.0,65.0,203.0,55.5,4348,277275.55,35.0,63.77,EQ
24-10-2018,65.5,67.0,62.6,65.85,66.85,203.0,55.5,2135,139469.0,46.0,65.33,EQ
25-10-2018,65.4,66.9,63.85,65.55,65.55,203.0,55.5,3863,253546.05,14.0,65.63,EQ
26-10-2018,67.0,67.0,63.2,65.55,65.05,203.0,55.5,2783,182584.25,37.0,65.61,EQ
29-10-2018,63.15,67.0,63.15,63.8,64.1,203.0,55.5,3004,195612.05,54.0,65.12,EQ
30-10-2018,66.85,66.95,64.3,64.8,64.45,203.0,55.5,1944,127188.95,39.0,65.43,EQ
31-10-2018,63.2,67.9,63.2,67.7,67.7,203.0,55.5,1540,101721.6,40.0,66.05,EQ
01-11-2018,67.0,70.65,67.0,69.65,69.25,203.0,55.5,9414,656205.75,73.0,69.71,EQ
02-11-2018,70.95,71.7,69.0,70.45,71.7,203.0,55.5,6735,473229.25,87.0,70.26,EQ
05-11-2018,67.9,73.85,67.9,72.75,72.95,203.0,55.5,5179,370590.15,92.0,71.56,EQ
06-11-2018,70.7,72.9,69.15,71.6,72.9,203.0,55.5,18949,1343647.85,233.0,70.91,EQ
07-11-2018,72.95,73.2,69.1,72.45,72.5,203.0,55.5,2325,168460.75,39.0,72.46,EQ
09-11-2018,73.0,74.9,71.5,73.45,73.7,203.0,55.5,11909,872684.35,69.0,73.28,EQ
12-11-2018,77.0,77.0,69.85,70.0,69.85,203.0,55.5,5464,385368.8,87.0,70.53,EQ
13-11-2018,70.95,73.0,67.9,71.6,72.85,203.0,55.5,4678,328053.25,109.0,70.13,EQ
14-11-2018,74.8,74.85,71.05,71.85,71.65,203.0,55.5,3440,249441.95,58.0,72.51,EQ
15-11-2018,72.0,73.0,68.6,71.6,72.8,203.0,55.5,6796,483114.5,79.0,71.09,EQ
16-11-2018,71.2,71.95,69.15,71.05,71.4,203.0,55.5,1028,72830.6,66.0,70.85,EQ
19-11-2018,71.4,71.4,69.0,69.65,69.5,203.0,55.5,410,28933.6,30.0,70.57,EQ
20-11-2018,69.65,71.65,69.0,69.2,69.0,203.0,55.5,2005,140404.7,42.0,70.03,EQ
21-11-2018,70.7,70.95,69.1,70.05,70.9,203.0,55.5,1364,96157.3,49.0,70.5,EQ
22-11-2018,69.1,72.3,69.0,69.05,69.9,203.0,55.5,3141,220946.75,94.0,70.34,EQ
26-11-2018,70.0,70.5,67.0,69.65,67.9,191.0,55.5,1903,131822.75,47.0,69.27,EQ
27-11-2018,70.6,71.45,68.15,70.85,70.85,191.0,55.5,867,60833.3,29.0,70.17,EQ
28-11-2018,69.95,70.95,68.8,69.5,68.95,191.0,55.5,6834,477202.9,79.0,69.83,EQ
29-11-2018,67.65,70.45,67.4,68.75,68.95,191.0,55.5,1972,135423.9,60.0,68.67,EQ
30-11-2018,69.0,69.0,66.4,67.55,68.35,191.0,55.5,1369,92945.2,78.0,67.89,EQ
03-12-2018,70.35,70.35,65.85,68.15,68.25,191.0,55.5,2900,194390.95,58.0,67.03,EQ
04-12-2018,67.05,68.35,65.0,65.25,65.5,191.0,55.5,3617,239112.3,89.0,66.11,EQ
05-12-2018,67.95,67.95,62.2,64.3,65.0,191.0,55.5,1597,101548.65,60.0,63.59,EQ
06-12-2018,63.0,63.2,61.1,61.15,61.3,191.0,55.5,2759,170596.4,51.0,61.83,EQ
07-12-2018,60.25,62.95,60.1,61.25,62.85,191.0,55.5,3409,209605.5,70.0,61.49,EQ
10-12-2018,62.45,62.5,61.0,62.1,62.0,191.0,55.5,1595,99049.45,29.0,62.1,EQ
11-12-2018,60.75,62.4,60.5,61.0,61.0,191.0,55.5,1221,75026.5,28.0,61.45,EQ
12-12-2018,60.05,66.35,60.05,64.05,65.95,191.0,55.5,15443,996635.75,118.0,64.54,EQ
13-12-2018,66.85,67.0,65.0,65.0,65.0,191.0,55.5,866,56791.05,30.0,65.58,EQ
14-12-2018,65.05,67.95,65.0,66.5,65.3,191.0,55.5,1507,100343.45,41.0,66.58,EQ
17-12-2018,65.55,67.5,64.4,64.9,66.0,191.0,55.5,1200,78063.4,43.0,65.05,EQ
18-12-2018,64.15,64.95,61.0,63.5,63.5,191.0,55.5,2210,138537.05,45.0,62.69,EQ
19-12-2018,67.15,69.85,64.0,69.45,69.5,191.0,55.5,12164,826874.45,195.0,67.98,EQ
20-12-2018,71.4,73.45,69.0,69.6,70.0,191.0,55.5,16086,1138258.6,206.0,70.76,EQ
21-12-2018,69.0,73.15,65.55,68.3,68.5,191.0,55.5,3122,211108.25,100.0,67.62,EQ
24-12-2018,67.05,67.9,64.05,64.6,67.25,191.0,55.5,2970,195293.85,72.0,65.76,EQ
26-12-2018,63.0,65.9,63.0,64.2,63.6,191.0,55.5,2009,129236.35,68.0,64.33,EQ
27-12-2018,63.5,67.5,63.5,63.65,64.45,191.0,55.5,1291,83409.1,38.0,64.61,EQ
28-12-2018,64.05,66.1,64.05,64.7,64.65,191.0,55.5,1088,70627.7,27.0,64.92,EQ
31-12-2018,66.0,67.5,64.25,65.4,66.0,191.0,55.5,1085,71095.9,31.0,65.53,EQ
01-01-2019,64.25,67.25,63.5,64.65,64.7,191.0,55.5,4108,266957.1,83.0,64.98,EQ
02-01-2019,64.05,70.45,64.0,66.05,67.9,191.0,55.5,5173,352456.0,81.0,68.13,EQ
03-01-2019,65.5,65.5,60.1,62.4,63.15,191.0,55.5,8412,525398.65,117.0,62.46,EQ
04-01-2019,63.45,65.0,61.7,63.2,63.2,191.0,55.5,2097,133812.1,73.0,63.81,EQ
07-01-2019,63.2,65.9,62.9,62.95,63.05,188.5,55.5,1195,76589.8,52.0,64.09,EQ
08-01-2019,63.05,64.25,60.5,61.75,61.85,188.5,55.5,8074,502228.0,70.0,62.2,EQ
09-01-2019,63.45,65.0,62.0,64.75,65.0,188.5,55.5,2598,166768.85,62.0,64.19,EQ
10-01-2019,65.45,67.0,62.0,63.65,63.55,188.5,55.5,1699,109311.4,44.0,64.34,EQ
11-01-2019,63.15,63.95,63.05,63.4,63.05,188.5,55.5,155,9777.1,8.0,63.08,EQ
14-01-2019,64.8,64.8,61.6,63.55,63.3,176.4,55.5,243,15143.0,18.0,62.32,EQ
15-01-2019,64.8,64.85,62.15,63.35,64.75,176.4,55.5,1411,89532.75,34.0,63.45,EQ
16-01-2019,64.45,64.9,61.7,62.1,62.5,176.4,55.5,2271,143861.85,44.0,63.35,EQ
17-01-2019,63.45,64.55,61.5,63.0,63.25,176.4,55.5,2250,141416.15,45.0,62.85,EQ
18-01-2019,62.0,64.0,61.65,62.05,61.65,176.4,55.5,1920,120373.05,44.0,62.69,EQ
21-01-2019,62.0,63.5,60.2,61.15,62.2,174.0,55.5,1281,79349.05,50.0,61.94,EQ
22-01-2019,61.35,62.8,59.0,60.1,60.1,174.0,55.5,1615,98959.75,48.0,61.28,EQ
23-01-2019,63.45,63.45,60.05,60.65,62.0,174.0,55.5,1131,68945.5,56.0,60.96,EQ
24-01-2019,62.0,62.0,59.2,61.25,60.3,174.0,55.5,2429,146467.05,51.0,60.3,EQ
25-01-2019,59.15,62.0,59.1,60.35,60.65,174.0,55.5,1394,84994.75,45.0,60.97,EQ
28-01-2019,58.6,58.6,54.45,55.85,55.75,174.0,54.45,3717,209095.9,79.0,56.25,EQ
29-01-2019,53.4,56.6,53.35,55.2,55.1,174.0,53.35,2752,149153.85,48.0,54.2,EQ
30-01-2019,55.05,57.4,54.0,56.5,56.2,174.0,53.35,1167,65702.1,53.0,56.3,EQ
31-01-2019,54.05,58.0,54.0,57.95,58.0,174.0,53.35,51281,2940414.25,53.0,57.34,EQ
01-02-2019,59.45,62.95,58.0,59.1,60.75,174.0,53.35,1993,120082.9,81.0,60.25,EQ
04-02-2019,58.0,62.5,58.0,58.1,58.1,174.0,53.35,785,46979.35,51.0,59.85,EQ
05-02-2019,58.05,59.5,56.2,58.85,59.0,174.0,53.35,1648,96039.6,48.0,58.28,EQ
06-02-2019,57.0,57.15,54.1,56.35,55.6,174.0,53.35,8569,479211.0,139.0,55.92,EQ
07-02-2019,55.4,57.6,55.35,56.15,56.0,174.0,53.35,3498,199019.4,35.0,56.9,EQ
08-02-2019,56.05,59.25,54.0,56.05,55.0,174.0,53.35,2059,115055.0,53.0,55.88,EQ
11-02-2019,55.15,57.7,45.2,49.6,46.4,166.0,45.2,21301,1065199.8,211.0,50.01,EQ
12-02-2019,48.2,49.8,47.0,47.35,47.1,166.0,45.2,9400,453184.75,188.0,48.21,EQ
13-02-2019,52.5,52.5,46.85,47.9,47.0,166.0,45.2,16015,794965.55,196.0,49.64,EQ
14-02-2019,46.95,51.8,45.6,50.7,50.7,166.0,45.2,5872,289942.85,121.0,49.38,EQ
15-02-2019,50.75,52.9,49.9,50.2,50.1,166.0,45.2,7461,376125.7,99.0,50.41,EQ
18-02-2019,50.05,52.2,50.0,50.65,50.55,146.9,45.2,3009,153682.4,50.0,51.07,EQ
19-02-2019,52.95,55.0,50.05,51.15,52.5,146.9,45.2,1585,82280.95,83.0,51.91,EQ
20-02-2019,53.45,54.95,51.25,52.25,52.0,146.9,45.2,3264,171693.1,81.0,52.6,EQ
21-02-2019,52.05,56.1,52.05,53.85,53.5,146.9,45.2,4056,220299.7,72.0,54.31,EQ
22-02-2019,53.05,60.7,50.05,57.2,56.0,146.9,45.2,23815,1379408.0,321.0,57.92,EQ
25-02-2019,59.8,60.6,57.0,59.0,59.55,145.0,45.2,2448,142694.2,79.0,58.29,EQ
26-02-2019,58.0,58.0,56.15,56.65,56.15,145.0,45.2,1692,96212.85,56.0,56.86,EQ
27-02-2019,59.95,60.0,57.0,57.2,57.0,145.0,45.2,1199,69311.1,45.0,57.81,EQ
28-02-2019,59.95,60.0,53.15,55.0,54.0,145.0,45.2,3932,219946.75,109.0,55.94,EQ
01-03-2019,58.8,59.7,55.75,58.8,58.55,145.0,45.2,21990,1293167.6,225.0,58.81,EQ
05-03-2019,62.85,62.85,58.1,62.2,62.8,145.0,45.2,4796,292645.6,105.0,61.02,EQ
06-03-2019,62.0,68.4,61.95,64.1,64.85,145.0,45.2,11587,748457.05,218.0,64.59,EQ
07-03-2019,63.45,65.0,61.5,62.65,61.5,145.0,45.2,7365,465114.25,115.0,63.15,EQ
08-03-2019,62.05,64.7,58.15,60.4,60.2,145.0,45.2,5695,357513.85,150.0,62.78,EQ
11-03-2019,60.0,71.95,56.5,68.45,69.5,142.4,45.2,72802,4938474.9,976.0,67.83,EQ
12-03-2019,71.8,78.0,69.65,74.15,74.65,142.4,45.2,120791,9037962.2,1883.0,74.82,EQ
13-03-2019,75.95,78.4,74.5,77.65,78.25,142.4,45.2,56766,4376631.25,891.0,77.1,EQ
14-03-2019,78.45,82.85,74.3,75.35,76.25,142.4,45.2,34042,2684583.3,559.0,78.86,EQ
15-03-2019,76.25,80.0,74.1,76.6,75.65,142.4,45.2,32112,2499293.55,347.0,77.83,EQ
18-03-2019,74.65,79.7,74.1,75.2,75.0,138.95,45.2,5890,447022.95,152.0,75.9,EQ
19-03-2019,75.65,77.7,72.1,74.2,72.25,138.95,45.2,9721,736376.45,123.0,75.75,EQ
20-03-2019,74.2,75.85,72.0,72.75,72.7,138.95,45.2,7774,572202.75,147.0,73.6,EQ
22-03-2019,70.85,74.5,70.85,71.45,71.2,138.95,45.2,6297,459807.95,172.0,73.02,EQ
25-03-2019,71.45,74.5,70.0,71.55,72.0,132.95,45.2,3879,277391.5,97.0,71.51,EQ
26-03-2019,71.0,73.0,69.25,70.0,70.5,132.95,45.2,10211,725579.0,161.0,71.06,EQ
27-03-2019,70.55,72.0,67.2,69.35,68.5,132.95,45.2,8243,580020.65,207.0,70.37,EQ
28-03-2019,68.95,72.0,68.1,69.95,70.65,132.95,45.2,8891,626391.7,153.0,70.45,EQ
29-03-2019,69.1,70.75,68.25,69.1,69.25,132.95,45.2,6404,443446.3,113.0,69.25,EQ
01-04-2019,69.25,72.9,68.15,69.25,69.0,132.95,45.2,6940,487720.8,122.0,70.28,EQ
02-04-2019,70.9,70.9,68.4,69.1,69.05,132.95,45.2,26962,1872222.35,61.0,69.44,EQ
03-04-2019,71.1,82.9,69.05,82.85,82.9,132.95,45.2,237258,19443858.25,1694.0,81.95,EQ
04-04-2019,84.9,93.8,84.0,91.25,90.5,132.95,45.2,596007,54045365.65,7678.0,90.68,EQ
05-04-2019,91.0,91.4,86.5,87.7,87.5,132.95,45.2,115795,10243544.65,1190.0,88.46,EQ
08-04-2019,87.75,88.4,81.8,82.95,83.3,131.45,45.2,29697,2501345.55,590.0,84.23,EQ
09-04-2019,82.0,83.8,75.3,79.1,79.0,131.45,45.2,49639,3928565.35,929.0,79.14,EQ
10-04-2019,80.6,82.2,78.3,78.65,78.55,131.45,45.2,47693,3809274.55,695.0,79.87,EQ
11-04-2019,79.0,83.0,77.1,80.4,79.6,131.45,45.2,32001,2586188.65,649.0,80.82,EQ
12-04-2019,80.75,84.45,79.05,82.7,83.4,131.45,45.2,14806,1203807.1,465.0,81.31,EQ
15-04-2019,83.4,99.2,80.55,96.2,99.2,130.9,45.2,321309,30185634.4,3044.0,93.95,EQ
16-04-2019,101.0,115.4,99.2,115.4,115.4,130.9,45.2,1123439,123030066.65,14172.0,109.51,EQ
18-04-2019,121.0,126.9,112.15,115.85,115.6,130.9,45.2,1076853,129712002.15,15224.0,120.45,EQ
22-04-2019,114.0,115.0,106.6,110.8,108.85,130.9,45.2,204247,22806849.85,3629.0,111.66,EQ
23-04-2019,111.95,121.85,109.05,117.9,119.35,130.9,45.2,374447,44609388.85,4478.0,119.13,EQ
24-04-2019,118.3,125.0,114.55,115.3,115.5,130.9,45.2,165841,19695912.9,3071.0,118.76,EQ
25-04-2019,117.45,117.45,109.55,109.55,109.55,142.4,45.2,6795,752811.35,136.0,110.79,BE
26-04-2019,105.0,105.0,104.1,104.1,104.1,138.95,45.2,3912,407826.9,48.0,104.25,BE
30-04-2019,98.9,98.9,98.9,98.9,98.9,132.95,45.2,1304,128965.6,33.0,98.9,BE
02-05-2019,94.0,94.0,94.0,94.0,94.0,132.95,45.2,599,56306.0,23.0,94.0,BE
03-05-2019,89.3,98.7,89.3,94.7,93.0,131.45,45.2,61373,5553135.2,415.0,90.48,BE
06-05-2019,90.0,96.0,90.0,90.0,90.0,130.9,45.2,2050,185159.0,45.0,90.32,BE
07-05-2019,85.5,85.5,85.5,85.5,85.5,130.9,45.2,3412,291726.0,42.0,85.5,BE
08-05-2019,81.25,81.25,81.25,81.25,81.25,127.8,45.2,722,58662.5,22.0,81.25,BE
09-05-2019,77.2,77.2,77.2,77.2,77.2,119.7,45.2,1412,109006.4,28.0,77.2,BE
10-05-2019,73.35,73.35,73.35,73.35,73.35,119.7,45.2,2250,165037.5,29.0,73.35,BE
13-05-2019,69.7,69.7,69.7,69.7,69.7,117.45,45.2,1505,104898.5,23.0,69.7,BE
14-05-2019,66.25,66.25,66.25,66.25,66.25,117.45,45.2,1009,66846.25,30.0,66.25,BE
15-05-2019,62.95,62.95,62.95,62.95,62.95,117.45,45.2,1073,67545.35,31.0,62.95,BE
16-05-2019,59.85,66.05,59.85,64.15,65.9,117.45,45.2,35891,2214767.55,301.0,61.71,BE
17-05-2019,66.25,67.0,61.0,64.05,62.1,117.45,45.2,27989,1805785.2,378.0,64.52,BE
20-05-2019,67.25,67.25,64.05,64.75,65.9,117.45,45.2,14540,948715.85,182.0,65.25,BE
21-05-2019,67.25,67.25,62.15,63.1,64.45,117.45,45.2,19773,1264060.25,149.0,63.93,BE
22-05-2019,65.8,65.8,61.1,62.75,62.75,117.45,45.2,6983,433838.25,143.0,62.13,BE
23-05-2019,64.0,64.0,59.65,59.65,59.65,117.45,45.2,11706,702218.35,158.0,59.99,BE
24-05-2019,56.7,62.6,56.7,62.6,62.6,117.45,45.2,16782,1012508.95,162.0,60.33,BE
27-05-2019,65.3,65.7,60.1,65.7,65.7,117.45,45.2,5269,339730.4,74.0,64.48,BE
28-05-2019,68.95,68.95,68.95,68.95,68.95,117.45,45.2,1960,135142.0,24.0,68.95,BE
29-05-2019,72.35,72.35,70.0,72.35,72.35,117.45,45.2,19503,1401992.5,180.0,71.89,BE
30-05-2019,75.95,75.95,74.9,75.95,75.95,117.45,45.2,6786,515078.45,77.0,75.9,BE
31-05-2019,78.95,79.7,76.0,79.6,79.7,117.45,45.2,9062,718404.45,131.0,79.28,BE
03-06-2019,79.7,82.5,75.65,75.65,75.65,117.45,45.2,15938,1227380.55,150.0,77.01,BE
04-06-2019,75.65,75.65,71.9,71.9,71.9,117.45,45.2,5319,383693.6,59.0,72.14,BE
06-06-2019,68.4,75.0,68.35,69.7,70.0,117.45,45.2,12159,845129.15,161.0,69.51,BE
07-06-2019,73.1,73.1,68.0,69.2,70.5,117.45,45.2,3073,215071.35,64.0,69.99,BE
10-06-2019,72.65,72.65,65.75,67.45,67.5,117.45,45.2,8547,581581.25,101.0,68.05,BE
11-06-2019,64.15,69.95,64.1,64.1,64.1,117.45,45.2,5941,383824.25,133.0,64.61,BE
12-06-2019,66.9,66.9,61.1,65.2,65.2,117.45,45.2,8530,544900.9,89.0,63.88,BE
13-06-2019,64.0,66.0,63.0,64.9,64.25,117.45,45.2,3714,241343.0,70.0,64.98,BE
14-06-2019,62.25,67.8,62.25,64.3,64.3,117.45,45.2,4145,267385.7,46.0,64.51,BE
17-06-2019,63.2,66.45,61.3,61.85,63.9,117.45,45.2,5797,363333.25,73.0,62.68,BE
18-06-2019,62.0,64.9,62.0,64.9,64.9,117.45,45.2,5103,329274.7,65.0,64.53,BE
19-06-2019,66.0,67.95,61.7,62.85,63.05,117.45,45.2,5917,371649.2,100.0,62.81,BE
20-06-2019,64.8,64.8,59.9,60.85,62.0,117.45,45.2,2681,162450.7,54.0,60.59,BE
21-06-2019,61.0,63.4,59.05,60.55,61.0,117.45,45.2,4135,249281.6,54.0,60.29,BE
24-06-2019,61.0,62.65,59.2,61.55,62.0,117.45,45.2,3222,196162.9,49.0,60.88,BE
25-06-2019,62.95,64.6,60.6,64.1,64.6,127.8,45.2,8098,510366.8,148.0,63.02,EQ
26-06-2019,66.75,66.75,61.5,64.9,65.0,126.9,45.2,5885,380055.45,133.0,64.58,EQ
27-06-2019,64.5,65.9,62.75,63.35,63.9,126.9,45.2,4320,276246.55,78.0,63.95,EQ
28-06-2019,65.9,65.9,62.0,63.35,63.2,126.9,45.2,6429,407719.05,93.0,63.42,EQ
01-07-2019,65.75,65.75,62.15,62.3,63.5,126.9,45.2,4955,313097.55,158.0,63.19,EQ
02-07-2019,64.75,64.8,61.1,62.85,63.0,126.9,45.2,4019,249165.7,150.0,62.0,EQ
03-07-2019,64.95,65.0,60.3,60.85,61.85,126.9,45.2,4555,280974.05,145.0,61.68,EQ
04-07-2019,60.0,62.45,60.0,62.0,62.0,126.9,45.2,1978,120846.5,69.0,61.1,EQ
05-07-2019,63.45,63.5,59.1,59.55,59.1,126.9,45.2,5684,342862.35,169.0,60.32,EQ
08-07-2019,61.85,61.85,57.0,57.85,58.0,126.9,45.2,4199,244062.2,118.0,58.12,EQ
09-07-2019,60.65,60.65,55.1,56.2,57.65,126.9,45.2,7541,425113.95,208.0,56.37,EQ
10-07-2019,58.0,58.7,55.95,58.2,58.4,126.9,45.2,6723,388848.55,221.0,57.84,EQ
11-07-2019,60.0,60.0,57.15,59.55,59.25,126.9,45.2,3646,215090.05,130.0,58.99,EQ
12-07-2019,57.75,61.0,57.6,57.9,59.2,126.9,45.2,2654,155629.45,96.0,58.64,EQ
15-07-2019,57.6,59.0,55.6,55.9,56.25,126.9,45.2,3482,196630.65,95.0,56.47,EQ
16-07-2019,55.95,56.7,53.75,54.7,55.3,126.9,45.2,9083,499242.45,202.0,54.96,EQ
17-07-2019,56.0,56.0,54.0,54.5,54.1,126.9,45.2,3642,198279.4,66.0,54.44,EQ
18-07-2019,55.9,55.9,52.25,52.45,52.35,126.9,45.2,3084,165760.65,91.0,53.75,EQ
19-07-2019,50.65,55.05,50.65,50.9,51.3,126.9,45.2,5847,304289.05,89.0,52.04,EQ
22-07-2019,50.9,53.25,49.2,52.0,53.2,126.9,45.2,2358,121992.75,128.0,51.74,EQ
23-07-2019,50.15,53.75,49.65,51.35,52.0,126.9,45.2,7303,378740.9,207.0,51.86,EQ
24-07-2019,53.5,53.5,50.5,51.85,52.0,126.9,45.2,23401,1196164.35,78.0,51.12,EQ
25-07-2019,54.0,54.0,50.1,50.65,50.2,126.9,45.2,1980,101819.25,76.0,51.42,EQ
26-07-2019,50.65,53.15,49.05,52.75,53.15,126.9,45.2,5399,279226.25,88.0,51.72,EQ
29-07-2019,52.6,52.7,50.15,50.15,50.15,126.9,45.2,10598,539107.25,138.0,50.87,EQ
30-07-2019,48.1,49.65,47.65,47.65,47.65,126.9,45.2,9744,468266.05,106.0,48.06,EQ
31-07-2019,48.95,48.95,45.3,45.5,46.55,126.9,45.2,8177,378452.75,120.0,46.28,EQ
01-08-2019,47.75,47.75,43.25,44.15,44.0,126.9,43.25,8935,392787.95,154.0,43.96,EQ
02-08-2019,46.25,46.25,41.95,43.15,43.1,126.9,41.95,9456,401631.3,148.0,42.47,EQ
05-08-2019,43.15,44.0,41.0,41.15,41.45,126.9,41.0,4453,184135.4,109.0,41.35,EQ
06-08-2019,42.95,43.2,42.0,43.2,43.2,126.9,41.0,5623,240507.9,81.0,42.77,EQ
07-08-2019,45.3,45.35,43.4,45.3,45.35,126.9,41.0,4774,215892.1,49.0,45.22,EQ
08-08-2019,46.2,47.55,45.5,47.55,47.55,126.9,41.0,4725,223096.65,63.0,47.22,EQ
09-08-2019,48.45,49.9,48.0,49.9,49.9,126.9,41.0,3525,174503.45,62.0,49.5,EQ
13-08-2019,52.35,52.35,52.35,52.35,52.35,126.9,41.0,4303,225262.05,20.0,52.35,EQ
14-08-2019,54.95,54.95,54.95,54.95,54.95,126.9,41.0,1693,93030.35,14.0,54.95,EQ
16-08-2019,57.65,57.65,57.65,57.65,57.65,126.9,41.0,869,50097.85,12.0,57.65,EQ
19-08-2019,60.5,60.5,60.5,60.5,60.5,126.9,41.0,1639,99159.5,16.0,60.5,EQ
20-08-2019,63.5,63.5,63.5,63.5,63.5,126.9,41.0,4321,274383.5,21.0,63.5,EQ
21-08-2019,66.65,66.65,60.35,60.35,60.35,126.9,41.0,34441,2202135.15,589.0,63.94,EQ
22-08-2019,57.35,58.8,57.35,57.35,57.35,126.9,41.0,6691,383750.15,65.0,57.35,EQ
23-08-2019,54.5,57.35,54.5,54.5,54.5,126.9,41.0,4959,270332.5,67.0,54.51,EQ
26-08-2019,56.9,56.9,52.3,54.05,53.95,126.9,41.0,9252,492973.4,343.0,53.28,EQ
27-08-2019,56.65,56.75,52.65,56.75,56.75,126.9,41.0,8381,472194.6,96.0,56.34,EQ
28-08-2019,56.75,59.0,54.0,55.3,55.1,126.9,41.0,15733,884355.25,480.0,56.21,EQ
29-08-2019,55.9,58.05,55.75,57.3,58.0,126.9,41.0,5183,296044.15,208.0,57.12,EQ
30-08-2019,58.0,59.5,55.15,58.85,59.45,126.9,41.0,7290,425815.3,323.0,58.41,EQ
03-09-2019,59.9,61.0,56.3,59.75,61.0,126.9,41.0,8200,489273.65,311.0,59.67,EQ
04-09-2019,62.65,62.7,58.2,62.55,62.7,126.9,41.0,2673,165285.35,211.0,61.84,EQ
05-09-2019,65.45,65.45,61.15,61.8,61.15,126.9,41.0,10376,654525.0,397.0,63.08,EQ
06-09-2019,61.0,63.45,58.75,58.8,58.75,126.9,41.0,11886,702921.2,205.0,59.14,EQ
09-09-2019,61.0,61.65,56.3,60.2,61.65,126.9,41.0,5181,304751.55,118.0,58.82,EQ
11-09-2019,58.25,62.55,58.25,60.35,60.6,126.9,41.0,8252,504910.75,181.0,61.19,EQ
12-09-2019,58.05,63.35,58.05,62.0,62.2,126.9,41.0,13665,854328.4,251.0,62.52,EQ
13-09-2019,62.25,62.85,58.9,60.6,61.4,126.9,41.0,9395,563875.85,182.0,60.02,EQ
16-09-2019,63.55,63.55,59.4,62.55,63.0,126.9,41.0,10739,670307.0,155.0,62.42,EQ
17-09-2019,64.75,64.75,59.45,59.45,59.45,126.9,41.0,4493,272074.45,128.0,60.56,EQ
18-09-2019,61.45,61.85,59.5,59.95,60.0,126.9,41.0,2113,127124.55,107.0,60.16,EQ
19-09-2019,57.7,60.85,57.0,57.0,57.1,126.9,41.0,11442,662598.25,120.0,57.91,EQ
20-09-2019,54.7,59.85,54.7,59.85,59.85,126.9,41.0,4060,237294.5,93.0,58.45,EQ
23-09-2019,62.75,62.8,60.1,62.8,62.8,126.9,41.0,6366,399221.7,110.0,62.71,EQ
24-09-2019,65.8,65.85,61.3,62.65,63.0,126.9,41.0,6553,415120.9,150.0,63.35,EQ
25-09-2019,64.95,65.4,60.6,61.5,61.75,126.9,41.0,4667,288584.3,167.0,61.84,EQ
26-09-2019,63.45,63.45,60.3,60.9,61.0,126.9,41.0,1728,105872.3,178.0,61.27,EQ
27-09-2019,63.5,63.5,59.0,61.2,60.9,126.9,41.0,9648,593997.1,396.0,61.57,EQ
30-09-2019,59.15,62.65,58.15,58.45,59.3,126.9,41.0,4414,259984.35,128.0,58.9,EQ
01-10-2019,56.45,61.0,56.35,60.35,61.0,126.9,41.0,3030,179538.9,85.0,59.25,EQ
03-10-2019,62.0,62.0,57.35,57.35,57.35,126.9,41.0,8483,488540.05,146.0,57.59,EQ
04-10-2019,55.0,59.55,54.65,55.1,55.9,126.9,41.0,4523,251575.25,179.0,55.62,EQ
07-10-2019,57.7,57.7,54.0,55.6,56.35,126.9,41.0,1689,93252.15,63.0,55.21,EQ
09-10-2019,60.0,60.0,52.55,53.1,53.7,126.9,41.0,2644,144179.25,173.0,54.53,EQ
10-10-2019,51.0,55.85,49.2,51.7,51.7,126.9,41.0,3874,201326.6,68.0,51.97,EQ
11-10-2019,51.1,55.75,50.25,50.5,50.25,126.9,41.0,5386,274898.55,91.0,51.04,EQ
14-10-2019,51.45,51.85,49.1,51.45,51.5,126.9,41.0,3161,160067.55,98.0,50.64,EQ
15-10-2019,47.05,56.4,47.05,50.35,50.5,126.9,41.0,4744,240806.6,209.0,50.76,EQ
16-10-2019,50.1,51.95,48.0,49.05,49.05,126.9,41.0,3571,174636.0,102.0,48.9,EQ
17-10-2019,49.0,51.9,49.0,50.6,50.9,126.9,41.0,4736,238645.8,124.0,50.39,EQ
18-10-2019,53.95,54.0,50.55,51.5,51.45,126.9,41.0,1660,85607.95,78.0,51.57,EQ
22-10-2019,51.5,54.0,48.55,52.75,52.75,126.9,41.0,6474,336268.65,332.0,51.94,EQ
23-10-2019,53.85,53.9,51.1,52.7,53.0,126.9,41.0,4344,228361.5,94.0,52.57,EQ
24-10-2019,54.45,54.45,52.1,52.5,52.5,126.9,41.0,4726,252425.2,48.0,53.41,EQ
25-10-2019,53.05,53.05,50.55,52.5,52.5,126.9,41.0,2255,118229.0,70.0,52.43,EQ
27-10-2019,55.95,55.95,51.55,55.6,55.85,126.9,41.0,3817,209191.0,189.0,54.81,EQ
29-10-2019,57.9,58.0,53.1,56.8,56.8,126.9,41.0,1862,105596.1,142.0,56.71,EQ
30-10-2019,57.85,57.9,54.0,54.4,54.95,126.9,41.0,5553,307974.8,286.0,55.46,EQ
31-10-2019,57.75,57.75,53.0,54.9,55.3,126.9,41.0,13689,752711.05,315.0,54.99,EQ
01-11-2019,56.95,57.9,53.0,56.1,57.5,126.9,41.0,5459,304939.35,140.0,55.86,EQ
04-11-2019,55.85,58.0,54.65,55.5,55.4,126.9,41.0,10649,601068.2,429.0,56.44,EQ
05-11-2019,55.1,57.0,54.25,56.6,55.8,126.9,41.0,3757,211801.8,148.0,56.38,EQ
06-11-2019,57.8,57.8,54.7,57.05,57.15,126.9,41.0,6821,387238.55,133.0,56.77,EQ
07-11-2019,57.85,57.85,56.0,56.5,56.5,126.9,41.0,1063,60039.3,55.0,56.48,EQ
08-11-2019,57.85,57.85,54.65,55.4,56.35,126.9,41.0,4914,273603.05,101.0,55.68,EQ
11-11-2019,55.4,59.4,55.0,57.6,56.4,126.9,41.0,5176,296519.65,138.0,57.29,EQ
13-11-2019,52.0,52.6,51.85,51.85,51.85,126.9,41.0,8208,425995.75,153.0,51.9,EQ
14-11-2019,49.1,53.0,47.0,51.55,52.0,126.9,41.0,19200,959076.1,479.0,49.95,EQ
15-11-2019,52.95,52.95,48.0,48.85,49.0,126.9,41.0,5429,267045.3,182.0,49.19,EQ
18-11-2019,51.95,51.95,45.15,47.75,47.8,126.9,41.0,9151,438070.6,437.0,47.87,EQ
19-11-2019,49.6,49.65,46.3,47.8,48.8,126.9,41.0,3097,147215.1,177.0,47.53,EQ
20-11-2019,49.8,49.8,44.3,48.3,49.45,126.9,41.0,12026,577686.5,213.0,48.04,EQ
21-11-2019,46.05,49.0,46.05,47.2,47.85,126.9,41.0,2089,99512.15,86.0,47.64,EQ
22-11-2019,48.9,51.9,47.0,50.8,51.9,126.9,41.0,23530,1179567.8,399.0,50.13,EQ
25-11-2019,50.3,53.75,50.0,50.5,50.15,126.9,41.0,24242,1254546.5,575.0,51.75,EQ
26-11-2019,51.75,51.95,48.5,50.3,50.6,126.9,41.0,7250,363445.45,276.0,50.13,EQ
27-11-2019,52.45,52.45,49.0,49.7,50.0,126.9,41.0,3356,168027.3,93.0,50.07,EQ
28-11-2019,49.65,51.75,48.05,48.8,49.65,126.9,41.0,5667,283878.15,94.0,50.09,EQ
29-11-2019,49.95,50.0,48.35,49.1,49.2,126.9,41.0,2226,109270.75,65.0,49.09,EQ
02-12-2019,48.0,52.8,47.25,48.95,49.2,126.9,41.0,5763,280953.5,206.0,48.75,EQ
03-12-2019,50.4,50.4,47.7,47.95,48.4,126.9,41.0,2730,131776.25,235.0,48.27,EQ
04-12-2019,47.05,50.3,47.05,47.95,48.25,126.9,41.0,6887,333412.7,251.0,48.41,EQ
05-12-2019,49.9,49.9,47.3,47.35,47.35,126.9,41.0,4822,231120.5,238.0,47.93,EQ
06-12-2019,49.75,49.75,47.0,47.35,47.8,126.9,41.0,2668,127002.5,113.0,47.6,EQ
09-12-2019,47.1,48.8,45.1,45.6,45.1,126.9,41.0,1876,87720.95,73.0,46.76,EQ
10-12-2019,45.55,48.4,42.45,45.85,45.95,126.9,41.0,6234,282216.85,272.0,45.27,EQ
11-12-2019,45.15,46.9,44.5,44.7,45.85,126.9,41.0,2967,134212.65,107.0,45.24,EQ
12-12-2019,44.85,47.5,44.85,45.55,45.9,126.9,41.0,5813,266209.85,144.0,45.8,EQ
13-12-2019,47.6,50.0,46.7,48.4,49.0,126.9,41.0,7687,374853.25,322.0,48.76,EQ
16-12-2019,50.0,50.9,47.25,47.8,49.45,126.9,41.0,8987,440693.7,220.0,49.04,EQ
17-12-2019,51.05,57.35,47.25,52.1,52.4,126.9,41.0,75205,4078951.5,890.0,54.24,EQ
18-12-2019,52.2,53.7,50.0,50.35,51.25,126.9,41.0,6602,337536.15,258.0,51.13,EQ
19-12-2019,52.45,52.45,50.0,50.6,50.9,126.9,41.0,2110,106257.4,91.0,50.36,EQ
20-12-2019,49.55,51.9,49.3,50.4,51.0,126.9,41.0,3962,200484.6,72.0,50.6,EQ
23-12-2019,50.35,52.5,50.0,50.45,50.7,126.9,41.0,6626,335218.05,151.0,50.59,EQ
24-12-2019,52.65,52.65,48.0,49.3,49.9,126.9,41.0,6438,320137.65,244.0,49.73,EQ
26-12-2019,49.9,49.9,48.85,49.15,49.45,126.9,41.0,1285,63382.45,70.0,49.32,EQ
27-12-2019,48.6,50.35,47.5,49.6,50.3,126.9,41.0,3613,177306.15,111.0,49.07,EQ
30-12-2019,49.55,51.95,49.1,50.0,50.6,126.9,41.0,2542,126898.9,74.0,49.92,EQ
31-12-2019,50.95,60.0,50.0,52.45,52.15,126.9,41.0,134569,7705856.15,2036.0,57.26,EQ
01-01-2020,55.45,55.95,52.3,53.6,54.0,126.9,41.0,18480,1002840.5,274.0,54.27,EQ
02-01-2020,54.95,55.0,52.95,53.7,54.0,126.9,41.0,18136,974605.35,187.0,53.74,EQ
03-01-2020,53.65,54.75,52.7,52.7,52.7,126.9,41.0,5404,289259.65,116.0,53.53,EQ
06-01-2020,51.45,54.0,50.1,51.25,51.25,126.9,41.0,5562,288087.6,160.0,51.8,EQ
07-01-2020,50.3,54.4,50.3,51.2,51.55,126.9,41.0,3792,196572.7,113.0,51.84,EQ
08-01-2020,50.15,55.05,49.4,54.65,54.8,126.9,41.0,20326,1087124.95,287.0,53.48,EQ
09-01-2020,56.5,61.0,55.6,57.9,57.95,126.9,41.0,76235,4496819.2,1180.0,58.99,EQ
10-01-2020,59.45,59.95,53.65,55.9,55.95,126.9,41.0,16513,930715.7,346.0,56.36,EQ
13-01-2020,55.15,58.95,54.0,55.55,55.5,126.9,41.0,16251,921313.4,284.0,56.69,EQ
14-01-2020,55.75,57.7,55.5,56.85,57.2,126.9,41.0,5350,302813.25,169.0,56.6,EQ
15-01-2020,56.95,68.2,55.1,67.15,65.5,126.9,41.0,306378,20195215.1,3120.0,65.92,EQ
16-01-2020,66.45,66.85,64.0,64.35,64.55,126.9,41.0,51276,3341274.7,838.0,65.16,EQ
17-01-2020,64.5,65.9,61.4,63.45,62.95,126.9,41.0,13915,892233.7,351.0,64.12,EQ
20-01-2020,61.65,64.9,59.0,61.1,61.9,126.9,41.0,6986,435091.2,293.0,62.28,EQ
21-01-2020,60.05,62.45,59.0,59.85,59.35,126.9,41.0,10727,648402.3,285.0,60.45,EQ
22-01-2020,61.85,62.9,56.95,58.55,58.95,126.9,41.0,10082,611544.0,287.0,60.66,EQ
23-01-2020,57.45,59.95,57.4,58.95,59.4,126.9,41.0,6035,356500.1,215.0,59.07,EQ
24-01-2020,57.95,59.35,57.95,58.7,58.5,126.9,41.0,5409,317403.55,216.0,58.68,EQ
27-01-2020,62.0,69.6,57.1,66.0,65.6,126.9,41.0,237945,15661622.25,2221.0,65.82,EQ
28-01-2020,68.0,68.0,59.75,60.5,60.8,126.9,41.0,44894,2834094.8,949.0,63.13,EQ
29-01-2020,62.65,63.2,58.6,60.1,59.95,126.9,41.0,19081,1162854.85,464.0,60.94,EQ
30-01-2020,60.55,60.55,57.0,57.8,58.45,126.9,41.0,14349,835579.75,326.0,58.23,EQ
31-01-2020,57.8,59.7,55.1,56.4,57.9,126.9,41.0,10540,604999.7,722.0,57.4,EQ
01-02-2020,56.85,59.9,55.0,56.15,56.95,126.9,41.0,8107,465510.7,278.0,57.42,EQ
03-02-2020,57.8,57.85,54.15,55.0,55.5,126.9,41.0,3417,189207.4,271.0,55.37,EQ
04-02-2020,57.0,59.9,56.0,56.7,57.5,126.9,41.0,15196,870972.0,522.0,57.32,EQ
05-02-2020,57.1,58.8,56.7,57.55,57.5,126.9,41.0,5659,328175.5,159.0,57.99,EQ
06-02-2020,59.45,59.45,56.1,57.3,57.45,126.9,41.0,2198,125710.0,100.0,57.19,EQ
07-02-2020,57.95,58.3,56.05,57.3,57.5,126.9,41.0,7002,401396.5,217.0,57.33,EQ
10-02-2020,56.65,58.6,53.85,55.25,55.8,126.9,41.0,8887,493381.1,255.0,55.52,EQ
11-02-2020,57.2,61.85,55.1,56.95,56.35,126.9,41.0,92804,5429812.95,1407.0,58.51,EQ
12-02-2020,57.9,58.5,54.0,55.05,54.95,126.9,41.0,13714,772635.9,343.0,56.34,EQ
13-02-2020,52.15,56.5,52.15,53.6,54.0,126.9,41.0,15803,855648.25,496.0,54.14,EQ
14-02-2020,53.0,55.45,52.4,54.25,53.75,126.9,41.0,10957,592548.3,230.0,54.08,EQ
17-02-2020,55.45,55.45,52.3,53.35,53.6,126.9,41.0,7797,413245.5,246.0,53.0,EQ
18-02-2020,52.25,54.4,51.15,51.75,51.4,126.9,41.0,5212,271937.9,245.0,52.18,EQ
19-02-2020,53.75,62.1,51.55,55.5,55.7,126.9,41.0,166908,9918189.1,2305.0,59.42,EQ
20-02-2020,57.0,57.0,53.2,54.45,54.95,126.9,41.0,20660,1133726.35,703.0,54.88,EQ
24-02-2020,54.0,61.8,53.0,55.75,56.0,126.9,41.0,87290,5043879.25,1899.0,57.78,EQ
25-02-2020,56.9,57.4,53.55,54.25,54.5,126.9,41.0,18341,1024378.05,479.0,55.85,EQ
26-02-2020,53.1,62.4,52.25,55.0,55.45,126.9,41.0,13483,770517.05,312.0,57.15,EQ
27-02-2020,54.1,56.8,52.35,53.45,53.8,126.9,41.0,14814,796952.25,436.0,53.8,EQ
28-02-2020,52.05,60.05,47.8,52.95,52.5,126.9,41.0,35475,1900445.25,710.0,53.57,EQ
02-03-2020,53.15,54.8,49.1,50.55,49.9,126.9,41.0,6010,313730.9,257.0,52.2,EQ
03-03-2020,51.8,55.0,49.5,52.0,51.9,126.9,41.0,12455,652038.1,407.0,52.35,EQ
04-03-2020,53.25,53.25,47.0,48.3,48.0,126.9,41.0,17938,873754.85,559.0,48.71,EQ
05-03-2020,48.25,54.0,47.55,49.1,48.95,126.9,41.0,20695,1050799.2,464.0,50.78,EQ
06-03-2020,48.1,48.1,46.0,46.2,46.7,126.9,41.0,115457,5341292.45,199.0,46.26,EQ
09-03-2020,45.5,48.5,43.15,46.85,48.0,126.9,41.0,19694,891868.45,422.0,45.29,EQ
11-03-2020,47.0,47.8,44.6,45.1,45.0,126.9,41.0,11650,538556.65,277.0,46.23,EQ
12-03-2020,43.1,43.95,40.0,41.65,41.9,126.9,40.0,9454,397040.35,362.0,42.0,EQ
13-03-2020,38.2,49.95,33.35,43.2,43.1,126.9,33.35,12157,501445.05,309.0,41.25,EQ
16-03-2020,43.1,43.1,35.2,36.8,36.85,126.9,33.35,16208,632504.3,331.0,39.02,EQ
17-03-2020,36.85,43.95,36.25,38.45,38.5,126.9,33.35,17886,703526.35,435.0,39.33,EQ
18-03-2020,37.3,40.95,36.25,37.6,37.2,126.9,33.35,9135,346152.75,321.0,37.89,EQ
19-03-2020,36.7,39.9,35.75,36.15,35.75,126.9,33.35,10946,405218.15,241.0,37.02,EQ
20-03-2020,36.15,38.0,35.6,37.3,37.1,126.9,33.35,10482,389066.3,187.0,37.12,EQ
23-03-2020,35.0,39.45,32.0,33.25,33.0,126.9,32.0,12530,416650.45,228.0,33.25,EQ
24-03-2020,33.05,35.0,32.8,33.35,34.3,126.9,32.0,8071,269965.2,135.0,33.45,EQ
25-03-2020,31.5,37.7,31.5,34.6,35.0,126.9,31.5,3785,129908.45,196.0,34.32,EQ
26-03-2020,34.0,41.5,28.95,36.3,36.4,126.9,28.95,63247,2266185.5,609.0,35.83,EQ
27-03-2020,37.7,41.45,36.4,36.7,36.5,126.9,28.95,7293,281483.05,250.0,38.6,EQ
30-03-2020,38.95,39.7,32.15,33.3,33.05,126.9,28.95,16257,559021.5,300.0,34.39,EQ
31-03-2020,34.0,36.55,34.0,35.85,35.2,126.9,28.95,9853,350758.05,230.0,35.6,EQ
01-04-2020,35.85,36.9,35.0,36.15,36.1,126.9,28.95,4347,157138.75,128.0,36.15,EQ
03-04-2020,35.6,36.95,33.1,35.85,36.55,126.9,28.95,3216,113465.65,170.0,35.28,EQ
07-04-2020,39.8,39.8,36.0,37.3,37.9,126.9,28.95,8243,312259.7,230.0,37.88,EQ
08-04-2020,37.45,44.75,37.05,44.75,44.75,126.9,28.95,97669,4322666.4,1485.0,44.26,EQ
09-04-2020,48.0,51.5,41.95,44.35,44.0,126.9,28.95,148900,7123740.85,1849.0,47.84,EQ
13-04-2020,44.35,44.35,38.95,42.25,41.85,126.9,28.95,35240,1453522.45,599.0,41.25,EQ
15-04-2020,44.85,44.85,40.2,41.7,41.2,126.9,28.95,21745,925351.8,314.0,42.55,EQ
16-04-2020,41.05,43.9,41.05,43.2,42.7,126.9,28.95,11469,493953.2,184.0,43.07,EQ
17-04-2020,44.0,47.0,42.75,44.05,43.2,126.9,28.95,9934,439842.25,167.0,44.28,EQ
20-04-2020,46.7,46.7,44.05,44.6,44.7,125.0,28.95,14935,675998.1,202.0,45.26,EQ
21-04-2020,44.25,44.3,42.0,43.45,43.5,125.0,28.95,6036,262197.05,130.0,43.44,EQ
22-04-2020,45.95,48.45,40.75,46.15,46.45,125.0,28.95,70811,3128206.9,655.0,44.18,EQ
23-04-2020,45.8,50.95,45.8,46.55,46.0,125.0,28.95,66636,3181717.1,820.0,47.75,EQ
24-04-2020,46.9,46.95,42.85,44.5,45.8,125.0,28.95,16347,721251.55,298.0,44.12,EQ
27-04-2020,44.55,53.4,43.2,52.15,51.0,69.6,28.95,374168,18894362.2,1975.0,50.5,EQ
28-04-2020,58.7,58.8,53.0,53.45,53.2,69.6,28.95,293348,16172755.8,2994.0,55.13,EQ
29-04-2020,53.45,57.0,53.2,54.1,54.15,69.6,28.95,47635,2603150.15,603.0,54.65,EQ
30-04-2020,55.85,55.85,51.2,52.4,52.65,69.6,28.95,49554,2628200.85,650.0,53.04,EQ
04-05-2020,49.05,50.85,47.0,47.85,48.5,69.6,28.95,21322,1031681.2,512.0,48.39,EQ
05-05-2020,48.1,49.4,45.25,45.95,46.0,69.6,28.95,10507,495053.35,259.0,47.12,EQ
06-05-2020,45.4,45.95,43.8,44.1,44.5,69.6,28.95,11070,496394.5,306.0,44.84,EQ
07-05-2020,43.2,47.9,42.0,45.4,45.85,69.6,28.95,18304,817128.1,321.0,44.64,EQ
08-05-2020,45.4,48.3,45.4,47.15,46.9,69.6,28.95,22119,1041471.5,297.0,47.08,EQ
11-05-2020,48.3,49.4,47.0,47.6,47.45,69.6,28.95,14424,696530.4,220.0,48.29,EQ
12-05-2020,47.0,47.65,46.0,46.65,46.5,69.6,28.95,5865,274561.45,168.0,46.81,EQ
13-05-2020,49.0,49.0,46.8,48.1,47.85,69.6,28.95,15346,734984.4,288.0,47.89,EQ
14-05-2020,47.0,48.0,45.25,46.15,46.5,69.6,28.95,8193,381068.55,180.0,46.51,EQ
15-05-2020,46.0,47.65,45.1,46.75,47.0,69.6,28.95,6948,322852.1,188.0,46.47,EQ
18-05-2020,49.7,54.0,48.5,49.9,49.0,69.6,28.95,197029,10081548.95,2282.0,51.17,EQ
19-05-2020,49.0,53.5,46.1,47.15,47.1,69.6,28.95,44799,2197306.6,750.0,49.05,EQ
20-05-2020,47.75,47.75,43.7,46.05,45.5,69.6,28.95,17591,805486.55,361.0,45.79,EQ
21-05-2020,49.7,55.25,47.6,55.25,55.25,69.6,28.95,484480,26233139.3,3835.0,54.15,EQ
22-05-2020,57.0,61.8,54.3,55.65,55.15,69.6,28.95,368832,21329157.25,4206.0,57.83,EQ
26-05-2020,55.2,55.85,50.1,50.5,50.9,69.6,28.95,74156,3837880.1,1579.0,51.75,EQ
27-05-2020,50.9,51.4,47.4,50.15,50.5,69.6,28.95,76494,3810414.95,909.0,49.81,EQ
28-05-2020,50.05,52.7,48.2,51.7,51.45,69.6,28.95,70380,3588241.55,938.0,50.98,EQ
29-05-2020,50.2,52.2,49.8,50.45,50.6,69.6,28.95,21960,1111828.65,557.0,50.63,EQ
01-06-2020,52.0,52.0,49.5,49.95,49.95,69.6,28.95,33314,1688081.45,478.0,50.67,EQ
02-06-2020,50.9,52.5,49.1,51.65,51.95,69.6,28.95,78488,4045518.05,711.0,51.54,EQ
03-06-2020,51.9,53.45,51.0,51.2,51.6,69.6,28.95,61523,3187935.05,704.0,51.82,EQ
04-06-2020,51.9,51.9,49.0,50.45,50.7,69.6,28.95,31339,1584228.55,433.0,50.55,EQ
05-06-2020,51.8,54.65,50.2,52.0,52.05,69.6,28.95,121051,6319937.65,1430.0,52.21,EQ
08-06-2020,53.25,53.7,50.3,50.9,50.9,69.6,28.95,49896,2578404.5,685.0,51.68,EQ
09-06-2020,51.85,51.85,49.0,49.35,49.9,69.6,28.95,20479,1025981.1,424.0,50.1,EQ
10-06-2020,48.5,50.05,48.5,49.1,49.2,69.6,28.95,23307,1150088.45,402.0,49.35,EQ
11-06-2020,49.05,49.9,47.25,48.0,48.65,69.6,28.95,33283,1626744.45,437.0,48.88,EQ
12-06-2020,44.7,52.0,44.7,50.75,50.4,69.6,28.95,49821,2487597.95,700.0,49.93,EQ
15-06-2020,50.65,50.65,48.2,49.05,48.35,69.6,28.95,22738,1123958.3,410.0,49.43,EQ
16-06-2020,50.45,52.8,47.7,50.95,50.2,69.6,28.95,58636,2948241.6,724.0,50.28,EQ
17-06-2020,49.35,50.25,48.1,48.75,48.65,69.6,28.95,20549,1004506.2,547.0,48.88,EQ
18-06-2020,48.25,50.5,48.25,49.75,50.1,69.6,28.95,23158,1147740.15,535.0,49.56,EQ
19-06-2020,49.8,53.0,49.3,49.85,50.05,69.6,28.95,47133,2408942.3,661.0,51.11,EQ
22-06-2020,51.1,58.7,49.2,55.1,55.0,69.6,28.95,314833,17275087.25,3404.0,54.87,EQ
23-06-2020,56.7,56.7,52.25,52.9,52.7,69.6,28.95,56691,3029727.6,922.0,53.44,EQ
24-06-2020,53.05,60.7,52.5,56.8,57.0,69.6,28.95,450635,26325992.4,3399.0,58.42,EQ
25-06-2020,57.6,65.5,57.2,63.55,63.7,69.6,28.95,810315,50937118.55,6807.0,62.86,EQ
26-06-2020,64.6,64.8,57.2,58.9,59.0,69.6,28.95,163277,9944144.95,2891.0,60.9,EQ
29-06-2020,57.1,58.05,54.4,55.75,56.6,69.6,28.95,51561,2889776.65,1124.0,56.05,EQ
30-06-2020,56.3,60.8,56.0,57.3,56.6,69.6,28.95,74348,4381772.7,1072.0,58.94,EQ
01-07-2020,57.95,58.0,55.8,56.35,56.6,69.6,28.95,18277,1037026.75,441.0,56.74,EQ
02-07-2020,56.35,59.95,55.8,57.3,56.8,69.6,28.95,41471,2405572.35,771.0,58.01,EQ
03-07-2020,57.5,58.8,56.0,56.15,56.2,69.6,28.95,21230,1205959.35,328.0,56.8,EQ
06-07-2020,56.95,57.95,55.55,56.4,56.25,69.6,28.95,24140,1369718.2,324.0,56.74,EQ
07-07-2020,56.45,57.1,55.3,55.7,55.5,69.6,28.95,29767,1675880.2,584.0,56.3,EQ
08-07-2020,56.0,57.5,54.0,54.8,54.35,69.6,28.95,28128,1570657.2,695.0,55.84,EQ
09-07-2020,55.1,55.5,54.4,54.65,54.7,69.6,28.95,10906,598432.35,271.0,54.87,EQ
10-07-2020,54.0,56.0,52.2,53.05,53.45,69.6,28.95,22132,1199438.05,560.0,54.19,EQ
13-07-2020,54.05,56.0,52.4,55.1,55.6,69.6,28.95,27082,1458215.8,653.0,53.84,EQ
14-07-2020,56.35,56.35,53.0,53.75,53.45,69.6,28.95,17432,946697.55,497.0,54.31,EQ
15-07-2020,54.15,59.85,54.15,56.9,57.1,69.6,28.95,190123,11024992.4,2714.0,57.99,EQ
16-07-2020,56.0,58.6,55.1,56.3,55.55,69.6,28.95,35995,2033537.15,1054.0,56.49,EQ
17-07-2020,56.3,57.0,55.1,55.35,55.4,69.6,28.95,16466,916640.35,357.0,55.67,EQ
20-07-2020,55.35,61.0,54.5,57.85,58.05,69.6,28.95,107441,6273005.55,1817.0,58.39,EQ
21-07-2020,57.6,58.1,55.55,55.9,55.9,69.6,28.95,24293,1366539.3,463.0,56.25,EQ
22-07-2020,56.3,56.3,54.0,54.2,54.05,69.6,28.95,33731,1845791.55,379.0,54.72,EQ
23-07-2020,54.75,55.5,54.4,54.7,54.95,69.6,28.95,11276,618930.2,211.0,54.89,EQ
24-07-2020,54.7,55.9,53.8,54.9,54.2,69.6,28.95,14175,778126.75,321.0,54.89,EQ
27-07-2020,53.9,55.5,53.9,54.35,54.0,69.6,28.95,9010,490653.45,229.0,54.46,EQ
28-07-2020,54.4,54.95,53.15,54.3,54.4,69.6,28.95,12324,667579.85,199.0,54.17,EQ
29-07-2020,54.5,59.75,53.5,58.95,59.0,69.6,28.95,107663,6209052.3,943.0,57.67,EQ
30-07-2020,59.1,61.5,53.85,54.35,54.35,69.6,28.95,201562,11772584.75,2611.0,58.41,EQ
31-07-2020,55.5,55.5,53.1,53.7,54.7,69.6,28.95,23827,1288407.5,586.0,54.07,EQ
03-08-2020,53.85,54.8,52.6,53.2,53.3,69.6,28.95,18237,974296.15,443.0,53.42,EQ
04-08-2020,53.5,54.45,53.3,53.9,54.0,69.6,28.95,12104,650897.95,188.0,53.78,EQ
05-08-2020,53.15,54.95,53.15,54.1,54.3,69.6,28.95,13847,750733.15,238.0,54.22,EQ
06-08-2020,54.8,54.9,53.5,54.2,54.3,69.6,28.95,15608,845356.55,243.0,54.16,EQ
07-08-2020,54.4,54.4,53.6,53.95,53.8,69.6,28.95,8444,456062.45,162.0,54.01,EQ
10-08-2020,53.6,57.0,53.5,55.3,55.15,69.6,28.95,35995,2004678.95,424.0,55.69,EQ
11-08-2020,55.3,58.45,54.35,54.75,55.2,69.6,28.95,111501,6315814.1,1582.0,56.64,EQ
12-08-2020,55.5,58.8,55.0,57.65,58.0,69.6,28.95,95704,5512276.8,822.0,57.6,EQ
13-08-2020,58.5,63.0,58.45,60.0,60.65,69.6,28.95,285606,17423376.4,2406.0,61.0,EQ
14-08-2020,60.5,61.25,58.0,58.4,58.8,69.6,28.95,26542,1577251.65,558.0,59.42,EQ
17-08-2020,58.9,59.45,55.2,56.5,56.7,69.6,28.95,20904,1182005.0,439.0,56.54,EQ
18-08-2020,56.95,60.5,56.25,59.7,59.85,69.6,28.95,72373,4293210.9,766.0,59.32,EQ
19-08-2020,60.95,60.95,58.35,59.15,59.1,69.6,28.95,27772,1651731.2,615.0,59.47,EQ
20-08-2020,59.15,62.0,58.2,60.55,60.75,69.6,28.95,39659,2400388.15,568.0,60.53,EQ
21-08-2020,61.55,61.8,59.1,59.65,59.1,69.6,28.95,30133,1815005.1,719.0,60.23,EQ
24-08-2020,60.7,64.0,57.2,61.85,61.25,69.6,28.95,246472,15369094.05,2183.0,62.36,EQ
25-08-2020,61.9,63.0,59.3,61.75,61.9,69.6,28.95,67059,4130893.0,894.0,61.6,EQ
26-08-2020,61.7,63.45,61.0,62.3,61.8,69.6,28.95,33513,2081478.8,527.0,62.11,EQ
27-08-2020,62.3,62.95,60.2,60.5,60.7,69.6,28.95,27415,1672168.6,296.0,60.99,EQ
28-08-2020,60.95,61.5,60.0,60.6,61.0,69.6,28.95,21924,1331639.3,280.0,60.74,EQ
31-08-2020,61.5,61.5,54.95,56.1,56.6,69.6,28.95,39604,2256497.55,558.0,56.98,EQ
01-09-2020,56.0,59.0,55.95,56.35,56.1,69.6,28.95,19499,1109914.55,416.0,56.92,EQ
02-09-2020,56.5,60.3,56.5,58.0,58.2,69.6,28.95,8148,472914.1,137.0,58.04,EQ
03-09-2020,58.75,59.8,57.05,57.45,57.05,69.6,28.95,10579,614051.1,226.0,58.04,EQ
04-09-2020,56.9,59.0,56.6,57.35,56.75,69.6,28.95,12648,732723.85,213.0,57.93,EQ
07-09-2020,57.85,57.95,54.35,54.85,54.5,69.6,28.95,18064,1000060.0,337.0,55.36,EQ
08-09-2020,55.45,57.75,54.75,56.0,56.35,69.6,28.95,24631,1384645.25,440.0,56.22,EQ
09-09-2020,55.0,55.75,51.2,52.65,53.6,69.6,28.95,22428,1199890.55,464.0,53.5,EQ
10-09-2020,54.6,57.4,53.7,54.4,54.25,69.6,28.95,26292,1470643.75,442.0,55.94,EQ
11-09-2020,54.15,57.0,54.05,56.35,56.35,69.6,28.95,20974,1172916.75,402.0,55.92,EQ
14-09-2020,56.55,59.85,56.3,57.3,57.1,69.6,28.95,46291,2687234.6,595.0,58.05,EQ
15-09-2020,56.8,58.4,55.5,56.9,57.05,69.6,28.95,11648,661714.85,198.0,56.81,EQ
16-09-2020,56.05,56.75,54.5,54.75,54.8,69.6,28.95,27184,1500374.35,399.0,55.19,EQ
17-09-2020,54.75,55.65,53.85,54.1,54.35,69.6,28.95,15359,837154.35,261.0,54.51,EQ
18-09-2020,54.2,55.75,53.5,54.1,54.4,69.6,28.95,18107,981403.25,191.0,54.2,EQ
21-09-2020,54.05,54.8,47.3,49.85,48.5,69.6,28.95,15174,772771.1,356.0,50.93,EQ
22-09-2020,49.85,56.0,49.05,51.2,51.45,69.6,28.95,35283,1835757.6,981.0,52.03,EQ
23-09-2020,50.75,52.3,48.2,49.05,48.5,69.6,28.95,50283,2517822.35,1126.0,50.07,EQ
24-09-2020,48.75,49.7,47.5,48.1,48.5,69.6,28.95,22838,1106870.9,590.0,48.47,EQ
25-09-2020,49.95,52.95,48.5,50.4,50.4,69.6,28.95,10539,527859.1,236.0,50.09,EQ
28-09-2020,50.1,52.7,49.3,51.3,51.95,69.6,28.95,17572,895415.3,394.0,50.96,EQ
29-09-2020,52.8,52.8,48.55,49.55,49.2,69.6,28.95,15521,771870.55,255.0,49.73,EQ
30-09-2020,50.45,50.9,49.25,50.15,50.7,69.6,28.95,6099,305688.7,110.0,50.12,EQ
01-10-2020,51.45,51.6,49.5,49.9,49.5,69.6,28.95,4973,251572.65,149.0,50.59,EQ
05-10-2020,49.25,50.85,49.25,49.65,49.5,69.6,28.95,10620,530385.0,158.0,49.94,EQ
06-10-2020,50.9,51.45,49.8,50.2,50.15,69.6,28.95,6163,312463.1,176.0,50.7,EQ
07-10-2020,49.5,50.85,48.45,49.1,49.5,69.6,28.95,8880,438641.7,177.0,49.4,EQ
08-10-2020,49.65,50.05,49.0,49.45,49.25,69.6,28.95,7501,371360.15,132.0,49.51,EQ
09-10-2020,49.5,52.9,49.15,49.8,50.05,69.6,28.95,11762,595503.5,272.0,50.63,EQ
12-10-2020,50.4,50.5,49.2,49.4,49.2,69.6,28.95,5681,282039.2,177.0,49.65,EQ
13-10-2020,49.2,49.7,48.55,48.75,48.55,69.6,28.95,4323,211793.5,122.0,48.99,EQ
14-10-2020,48.75,51.4,48.3,48.95,48.4,69.6,28.95,24796,1233096.7,347.0,49.73,EQ
15-10-2020,49.0,49.35,47.0,47.85,48.4,69.6,28.95,8282,400055.05,213.0,48.3,EQ
16-10-2020,48.7,48.7,47.1,47.85,47.95,69.6,28.95,7315,350687.65,115.0,47.94,EQ
19-10-2020,48.6,50.25,48.05,49.5,49.7,69.6,28.95,24303,1201631.15,277.0,49.44,EQ
20-10-2020,49.8,51.0,49.25,49.5,49.8,69.6,28.95,9198,458455.65,166.0,49.84,EQ
21-10-2020,49.95,50.7,48.1,48.35,48.15,69.6,28.95,12879,627430.85,243.0,48.72,EQ
22-10-2020,48.9,49.65,48.05,48.5,48.85,69.6,28.95,14758,717108.85,225.0,48.59,EQ
23-10-2020,48.9,49.95,48.25,49.05,49.05,69.6,28.95,19200,943933.5,340.0,49.16,EQ
26-10-2020,49.4,49.4,47.05,47.6,48.35,69.6,28.95,10739,515817.45,260.0,48.03,EQ
27-10-2020,47.95,49.0,47.25,48.0,47.9,69.6,28.95,21077,1018058.35,291.0,48.3,EQ
28-10-2020,48.6,48.6,47.05,47.4,47.85,69.6,28.95,6021,286391.3,156.0,47.57,EQ
29-10-2020,47.0,47.6,46.35,46.7,46.75,69.6,28.95,6381,299061.4,149.0,46.87,EQ
30-10-2020,47.6,48.0,46.75,47.2,47.9,69.6,28.95,5526,261518.35,101.0,47.33,EQ
02-11-2020,48.5,48.5,46.35,46.55,46.6,69.6,28.95,3818,179271.35,113.0,46.95,EQ
03-11-2020,47.5,47.5,45.55,46.15,46.0,69.6,28.95,9317,432818.2,130.0,46.45,EQ
04-11-2020,46.5,46.7,44.05,44.6,45.4,69.6,28.95,10819,486451.9,273.0,44.96,EQ
05-11-2020,45.3,48.0,44.7,45.4,45.15,69.6,28.95,36859,1699967.35,487.0,46.12,EQ
06-11-2020,45.05,46.9,45.05,46.1,45.95,69.6,28.95,7505,346401.45,139.0,46.16,EQ
09-11-2020,46.6,46.9,44.8,45.3,45.2,69.6,28.95,23341,1067525.5,303.0,45.74,EQ
10-11-2020,46.0,46.5,45.2,46.1,46.2,69.6,28.95,9202,421278.45,175.0,45.78,EQ
11-11-2020,46.1,46.9,44.5,44.95,44.8,69.6,28.95,11000,499825.05,231.0,45.44,EQ
12-11-2020,45.35,46.45,44.7,45.3,45.2,69.6,28.95,13865,629600.75,194.0,45.41,EQ
13-11-2020,45.0,45.4,44.25,45.05,45.0,69.6,28.95,13918,621905.55,257.0,44.68,EQ
14-11-2020,45.7,45.8,45.0,45.45,45.05,69.6,28.95,4089,185649.35,69.0,45.4,EQ
17-11-2020,46.0,48.0,45.4,47.5,48.0,69.6,28.95,27399,1279641.6,452.0,46.7,EQ
18-11-2020,47.0,50.9,46.15,49.5,48.5,69.6,28.95,48723,2371462.55,670.0,48.67,EQ
19-11-2020,49.5,51.8,48.1,48.95,49.55,69.6,28.95,41659,2068479.0,595.0,49.65,EQ
20-11-2020,49.85,52.45,48.6,49.75,49.35,69.6,28.95,72952,3691292.0,782.0,50.6,EQ
23-11-2020,50.45,50.45,48.55,48.95,48.75,69.6,28.95,6610,325964.2,187.0,49.31,EQ
24-11-2020,48.95,50.55,48.8,48.9,48.85,69.6,28.95,14408,711209.7,198.0,49.36,EQ
25-11-2020,49.45,49.7,48.25,48.65,48.95,69.6,28.95,7376,360892.05,180.0,48.93,EQ
26-11-2020,49.8,49.8,48.35,48.55,48.35,69.6,28.95,7082,346953.55,144.0,48.99,EQ
27-11-2020,49.1,56.05,49.05,51.9,51.65,69.6,28.95,165915,8834243.55,1847.0,53.25,EQ
01-12-2020,51.25,54.95,50.5,53.75,53.5,69.6,28.95,66967,3533403.2,699.0,52.76,EQ
02-12-2020,53.05,57.95,53.05,55.55,55.8,69.6,28.95,110951,6217429.25,1240.0,56.04,EQ
03-12-2020,55.65,57.4,55.1,55.65,55.65,69.6,28.95,25553,1437289.0,384.0,56.25,EQ
04-12-2020,56.75,60.45,54.35,59.4,59.2,69.6,28.95,237703,13826198.2,1866.0,58.17,EQ
07-12-2020,62.0,63.0,59.2,59.75,59.9,69.6,28.95,185010,11304578.2,1493.0,61.1,EQ
08-12-2020,59.8,65.0,56.25,61.4,61.0,69.6,28.95,214855,13480957.8,2077.0,62.74,EQ
09-12-2020,61.4,63.4,58.0,58.75,58.05,69.6,28.95,60942,3704148.05,1026.0,60.78,EQ
10-12-2020,58.0,59.8,57.5,58.5,58.3,69.6,28.95,25396,1489301.6,501.0,58.64,EQ
11-12-2020,59.5,62.8,58.5,60.7,61.0,69.6,28.95,42416,2554181.7,534.0,60.22,EQ
14-12-2020,61.75,61.75,59.0,59.7,59.2,69.6,28.95,15215,915511.4,333.0,60.17,EQ
15-12-2020,61.7,61.7,55.0,58.15,57.95,69.6,28.95,45067,2627505.2,689.0,58.3,EQ
16-12-2020,59.0,60.0,57.55,58.65,58.6,69.6,28.95,22040,1299611.4,285.0,58.97,EQ
17-12-2020,58.65,61.65,56.55,59.95,60.2,69.6,28.95,40373,2427692.15,517.0,60.13,EQ
18-12-2020,60.55,61.45,59.1,60.75,60.4,69.6,28.95,29393,1771866.35,472.0,60.28,EQ
21-12-2020,61.0,64.0,54.55,55.45,54.7,69.6,28.95,194980,11959135.5,1903.0,61.34,EQ
22-12-2020,55.0,58.95,52.1,57.15,57.4,69.6,28.95,54908,3067919.15,853.0,55.87,EQ
23-12-2020,58.85,63.0,58.15,60.55,60.5,69.6,28.95,76764,4640840.7,791.0,60.46,EQ
24-12-2020,58.25,61.75,57.2,57.9,58.4,69.6,28.95,31474,1861700.25,557.0,59.15,EQ
10-05-2021,43.0,45.45,41.65,44.7,44.5,69.6,28.95,38775,1737421.3,261.0,44.81,EQ
11-05-2021,44.45,46.3,43.4,44.2,43.95,69.6,28.95,25155,1133302.4,615.0,45.05,EQ
12-05-2021,44.75,44.8,43.55,43.95,43.9,69.6,28.95,7299,322813.4,134.0,44.23,EQ
14-05-2021,44.25,45.1,41.8,42.6,42.6,69.6,28.95,38050,1624493.2,496.0,42.69,EQ
17-05-2021,43.9,44.3,41.7,44.1,44.0,69.6,28.95,21708,945669.35,349.0,43.56,EQ
18-05-2021,44.2,44.9,43.0,43.3,43.4,65.5,28.95,18535,809612.85,327.0,43.68,EQ
19-05-2021,43.3,44.45,42.3,43.9,43.55,65.5,28.95,10067,441775.75,154.0,43.88,EQ
20-05-2021,43.25,44.95,43.0,43.25,43.35,65.5,28.95,16819,730092.35,234.0,43.41,EQ
21-05-2021,42.85,44.05,42.8,43.25,43.05,65.5,28.95,25440,1106620.9,462.0,43.5,EQ
24-05-2021,43.9,45.25,43.2,44.9,44.8,65.5,28.95,27098,1202241.5,276.0,44.37,EQ
25-05-2021,46.65,47.1,45.2,46.85,47.1,65.5,28.95,28636,1329794.35,435.0,46.44,EQ
26-05-2021,47.2,48.75,47.2,47.75,47.75,65.5,28.95,26424,1268970.5,896.0,48.02,EQ
27-05-2021,48.9,49.5,47.1,48.65,48.45,65.5,28.95,30298,1467135.2,390.0,48.42,EQ
28-05-2021,48.25,49.3,47.25,47.85,47.3,65.5,32.15,7476,358045.1,206.0,47.89,EQ
31-05-2021,49.8,50.2,48.9,50.1,49.8,65.5,36.0,61270,3055970.1,665.0,49.88,EQ
01-06-2021,51.5,51.5,48.2,48.5,48.7,65.5,38.95,22363,1101815.1,483.0,49.27,EQ
02-06-2021,49.25,49.25,47.6,48.05,48.3,65.5,40.75,8365,404388.5,366.0,48.34,EQ
03-06-2021,48.3,49.35,47.55,48.1,47.9,65.5,41.65,25988,1261126.5,666.0,48.53,EQ
04-06-2021,48.65,49.7,46.15,48.6,48.95,65.5,41.65,25250,1216389.15,521.0,48.17,EQ
07-06-2021,50.8,52.9,48.85,52.4,52.5,65.5,41.65,64527,3303368.85,939.0,51.19,EQ
08-06-2021,51.95,57.6,47.3,57.6,57.6,65.5,41.65,199705,10993434.05,1537.0,55.05,EQ
09-06-2021,60.0,60.0,57.0,57.25,57.1,65.5,41.65,150139,8715877.8,1237.0,58.05,EQ
10-06-2021,59.0,59.0,56.8,57.9,58.1,65.5,41.65,32737,1897319.7,475.0,57.96,EQ
11-06-2021,57.25,58.9,55.85,56.3,56.8,65.5,41.65,26017,1478344.35,459.0,56.82,EQ
14-06-2021,55.2,56.8,52.85,54.9,55.2,65.5,41.65,34093,1870293.45,585.0,54.86,EQ
15-06-2021,54.4,55.95,54.35,54.95,55.0,65.5,41.65,10824,597626.45,354.0,55.21,EQ
16-06-2021,54.3,55.75,53.45,53.95,54.0,65.5,41.65,8749,474959.2,308.0,54.29,EQ
17-06-2021,54.6,54.6,51.9,53.7,53.5,65.5,41.65,11994,639625.95,268.0,53.33,EQ
18-06-2021,53.0,53.45,51.55,52.1,51.55,65.5,41.65,24184,1257309.7,528.0,51.99,EQ
21-06-2021,51.3,54.35,50.0,51.5,51.5,65.5,41.65,22203,1134462.95,353.0,51.1,EQ
22-06-2021,52.0,53.85,51.45,52.55,52.2,65.5,41.65,14900,786318.3,247.0,52.77,EQ
23-06-2021,53.95,53.95,51.75,52.55,52.5,65.5,41.65,9104,479895.3,331.0,52.71,EQ
24-06-2021,51.6,55.95,50.0,50.7,50.9,65.5,41.65,39452,2051075.0,759.0,51.99,EQ
25-06-2021,51.95,51.95,48.35,49.45,49.5,65.5,41.65,33849,1676250.4,532.0,49.52,EQ
28-06-2021,49.45,50.45,49.3,49.9,49.95,65.0,41.65,11922,594297.65,200.0,49.85,EQ
29-06-2021,50.35,50.95,48.05,49.0,49.05,65.0,41.65,21711,1074004.15,291.0,49.47,EQ
30-06-2021,49.95,49.95,46.25,47.0,47.55,65.0,41.65,37041,1789184.75,670.0,48.3,EQ
01-07-2021,47.05,48.5,46.8,47.75,48.0,65.0,41.65,15716,745501.8,241.0,47.44,EQ
02-07-2021,48.0,48.7,46.3,47.35,47.5,65.0,41.65,18935,897183.6,340.0,47.38,EQ
05-07-2021,48.3,51.45,47.6,50.45,50.3,65.0,41.65,34721,1739807.25,402.0,50.11,EQ
06-07-2021,50.4,51.9,48.8,49.25,48.95,65.0,41.65,36318,1833494.1,538.0,50.48,EQ
07-07-2021,49.6,51.8,48.65,51.1,51.25,65.0,41.65,41222,2077612.75,492.0,50.4,EQ
08-07-2021,51.0,51.25,49.75,50.7,50.95,65.0,41.65,17341,873296.85,206.0,50.36,EQ
09-07-2021,50.25,54.65,49.25,53.2,53.0,65.0,41.65,61914,3248292.55,978.0,52.46,EQ
12-07-2021,53.3,54.45,52.55,53.15,53.25,65.0,41.65,19079,1017044.45,316.0,53.31,EQ
13-07-2021,53.25,54.0,52.3,53.4,53.4,65.0,41.65,23767,1264268.05,290.0,53.19,EQ
14-07-2021,52.95,58.15,52.2,55.7,55.95,65.0,41.65,111657,6249891.15,1249.0,55.97,EQ
15-07-2021,56.85,61.25,56.2,60.8,60.3,65.0,41.65,484420,29036118.6,2681.0,59.94,EQ
16-07-2021,62.0,64.95,59.15,60.1,59.3,65.0,41.65,163023,10092409.45,1904.0,61.91,EQ
19-07-2021,58.55,61.0,57.7,58.05,57.75,65.0,41.65,51216,3056966.05,742.0,59.69,EQ
20-07-2021,57.1,61.65,52.25,54.45,55.35,65.0,41.65,108456,6046996.5,1145.0,55.76,EQ
22-07-2021,55.25,59.85,55.25,59.85,59.85,65.0,41.65,68009,3980212.15,622.0,58.52,EQ
23-07-2021,60.85,60.85,57.1,58.0,58.0,65.0,41.65,19879,1163157.45,335.0,58.51,EQ
26-07-2021,57.55,61.0,55.85,59.4,59.3,65.0,41.65,71131,4221307.2,904.0,59.35,EQ
27-07-2021,59.3,65.3,59.1,65.3,65.3,65.3,41.65,165649,10609093.35,1092.0,64.05,EQ
28-07-2021,67.1,71.8,62.15,71.5,71.5,71.8,41.65,1008134,69766821.15,4815.0,69.2,EQ
29-07-2021,71.0,71.3,67.95,67.95,67.95,71.8,41.65,80578,5539468.45,617.0,68.75,EQ
30-07-2021,64.7,71.25,64.6,64.9,65.3,71.8,41.65,164741,11075240.25,1151.0,67.23,EQ
02-08-2021,65.0,67.0,61.7,61.7,61.7,71.8,41.65,87312,5456666.2,653.0,62.5,EQ
03-08-2021,62.85,64.7,60.55,62.15,62.0,71.8,41.65,61025,3856748.45,622.0,63.2,EQ
04-08-2021,62.5,62.5,59.05,59.05,59.05,71.8,41.65,29440,1776946.6,317.0,60.36,EQ
05-08-2021,59.05,59.85,56.1,58.75,58.5,71.8,41.65,21777,1256909.05,277.0,57.72,EQ
06-08-2021,58.0,61.4,57.95,58.75,58.7,71.8,41.65,16377,981361.2,269.0,59.92,EQ
09-08-2021,59.85,61.45,57.55,58.55,58.5,71.8,41.65,21986,1299012.3,350.0,59.08,EQ
10-08-2021,57.5,59.25,55.65,55.7,55.65,71.8,41.65,30481,1719534.15,301.0,56.41,EQ
11-08-2021,55.75,55.75,52.95,53.25,53.95,71.8,41.65,23349,1242655.3,200.0,53.22,EQ
12-08-2021,51.1,55.85,51.1,55.35,55.45,71.8,41.65,29183,1606931.7,522.0,55.06,EQ
13-08-2021,55.35,56.7,54.05,54.35,54.5,71.8,41.65,9502,525954.5,273.0,55.35,EQ
16-08-2021,54.35,54.35,51.65,52.25,52.05,71.8,41.65,15078,789709.65,198.0,52.37,EQ
17-08-2021,51.75,52.95,50.05,50.85,50.6,71.8,41.65,9867,503419.55,155.0,51.02,EQ
18-08-2021,49.6,52.8,49.6,51.95,50.7,71.8,41.65,9093,463533.95,186.0,50.98,EQ
20-08-2021,49.55,51.55,49.4,49.4,49.4,71.8,41.65,9402,467308.1,156.0,49.7,EQ
23-08-2021,50.0,51.85,46.95,46.95,46.95,71.8,41.65,15801,758091.8,220.0,47.98,EQ
24-08-2021,47.4,48.5,45.1,46.55,46.25,71.8,41.65,18548,863600.7,217.0,46.56,EQ
25-08-2021,46.9,48.85,46.9,48.85,48.85,71.8,41.65,15981,777593.25,158.0,48.66,EQ
26-08-2021,49.95,51.25,47.5,47.9,48.0,71.8,41.65,22979,1144226.0,440.0,49.79,EQ
27-08-2021,48.75,49.8,47.25,49.45,49.8,71.8,41.65,4105,199275.75,86.0,48.54,EQ
30-08-2021,50.85,50.85,48.05,49.3,48.7,71.8,41.65,7712,380446.0,222.0,49.33,EQ
31-08-2021,49.95,50.5,49.0,49.1,49.85,71.8,41.65,9478,471611.2,143.0,49.76,EQ
01-09-2021,50.85,50.85,48.7,49.05,48.85,71.8,41.65,4832,238492.4,122.0,49.36,EQ
02-09-2021,50.75,51.0,49.0,50.45,50.9,71.8,41.65,7260,364444.15,134.0,50.2,EQ
03-09-2021,50.75,50.75,49.5,49.9,50.4,71.8,41.65,6838,341915.5,129.0,50.0,EQ
06-09-2021,51.85,52.35,49.1,49.4,49.15,71.8,41.65,11025,557226.5,236.0,50.54,EQ
07-09-2021,49.05,51.85,48.5,51.55,50.6,71.8,41.65,13396,685449.5,157.0,51.17,EQ
08-09-2021,52.0,52.55,50.15,51.55,51.55,71.8,41.65,16163,835519.8,236.0,51.69,EQ
09-09-2021,50.6,51.9,50.25,51.45,51.7,71.8,41.65,6232,319113.9,202.0,51.21,EQ
13-09-2021,51.1,52.0,51.1,51.35,51.2,71.8,41.65,3248,167001.9,84.0,51.42,EQ
14-09-2021,51.4,53.8,51.0,53.55,53.5,71.8,41.65,13920,731121.5,174.0,52.52,EQ
15-09-2021,55.4,55.4,52.55,53.05,53.3,71.8,41.65,13055,700637.15,191.0,53.67,EQ
16-09-2021,54.15,54.15,52.1,52.3,52.85,71.8,41.65,7434,393530.25,129.0,52.94,EQ
17-09-2021,51.95,54.9,51.95,53.95,53.85,71.8,41.65,24700,1335493.25,243.0,54.07,EQ
20-09-2021,55.0,55.0,51.5,52.9,52.75,71.8,41.65,22417,1203530.9,313.0,53.69,EQ
21-09-2021,53.7,53.9,50.5,52.05,52.0,71.8,41.65,7545,392048.85,179.0,51.96,EQ
22-09-2021,52.05,52.85,50.1,51.6,52.4,71.8,41.65,8469,436574.2,158.0,51.55,EQ
23-09-2021,52.7,52.95,50.65,51.15,51.7,71.8,41.65,20384,1049307.3,225.0,51.48,EQ
24-09-2021,52.2,52.2,50.1,50.85,51.7,71.8,41.65,12969,660134.05,181.0,50.9,EQ
27-09-2021,51.1,52.2,50.85,51.5,51.2,71.8,41.65,9828,506518.15,246.0,51.54,EQ
28-09-2021,52.45,52.45,48.95,50.0,49.5,71.8,41.65,23864,1217747.65,791.0,51.03,EQ
29-09-2021,50.0,51.6,49.95,50.55,50.5,71.8,41.65,8802,446264.65,199.0,50.7,EQ
30-09-2021,51.5,51.5,50.0,50.45,50.0,71.8,41.65,4540,229870.25,200.0,50.63,EQ
01-10-2021,50.8,51.75,49.0,50.25,50.5,71.8,41.65,12387,621308.1,300.0,50.16,EQ
04-10-2021,51.0,51.55,49.25,49.75,50.25,71.8,41.65,13189,663867.2,357.0,50.33,EQ
05-10-2021,49.3,52.2,49.1,52.0,52.2,71.8,41.65,18779,958790.35,289.0,51.06,EQ
06-10-2021,53.95,54.6,53.6,54.6,54.6,71.8,41.65,24780,1351277.25,192.0,54.53,EQ
07-10-2021,56.6,59.5,56.1,57.55,57.6,71.8,41.65,63251,3669198.6,1218.0,58.01,EQ
08-10-2021,59.3,59.9,54.45,56.4,56.75,71.8,41.65,39534,2256145.2,848.0,57.07,EQ
11-10-2021,58.8,59.85,58.45,59.35,59.5,71.8,41.65,41150,2439786.15,558.0,59.29,EQ
12-10-2021,59.65,63.4,58.0,59.85,59.5,71.8,41.65,46936,2841866.9,755.0,60.55,EQ
13-10-2021,61.5,62.35,58.1,59.1,58.95,71.8,41.65,41615,2534948.95,582.0,60.91,EQ
14-10-2021,60.8,60.8,55.35,56.4,56.1,71.8,41.65,47270,2692941.4,840.0,56.97,EQ
18-10-2021,57.5,59.0,55.0,57.0,57.0,71.8,41.65,55040,3156535.3,612.0,57.35,EQ
19-10-2021,57.5,58.0,56.25,56.85,57.0,71.8,41.65,30156,1722518.65,275.0,57.12,EQ
20-10-2021,55.25,58.6,55.25,57.3,57.1,71.8,41.65,28192,1592313.5,348.0,56.48,EQ
21-10-2021,57.3,60.8,57.3,58.75,58.0,71.8,41.65,82501,4909585.35,835.0,59.51,EQ
22-10-2021,59.85,60.0,56.0,56.3,56.6,71.8,41.65,25757,1475792.3,599.0,57.3,EQ
25-10-2021,56.3,57.95,54.0,54.65,55.3,71.8,41.65,9583,532880.45,195.0,55.61,EQ
26-10-2021,56.8,56.8,54.0,55.15,55.1,71.8,41.65,10931,604241.7,191.0,55.28,EQ
27-10-2021,55.8,60.25,54.5,56.5,55.6,71.8,41.65,57123,3248507.15,413.0,56.87,EQ
28-10-2021,56.15,59.9,54.2,56.25,56.1,71.8,41.65,16145,898180.4,238.0,55.63,EQ
29-10-2021,55.5,56.9,54.1,55.7,55.75,71.8,41.65,10232,568675.15,281.0,55.58,EQ
01-11-2021,55.75,55.95,54.5,54.8,55.4,71.8,41.65,2821,155769.0,119.0,55.22,EQ
02-11-2021,54.6,55.45,53.65,53.75,53.7,71.8,41.65,30932,1666699.5,184.0,53.88,EQ
03-11-2021,53.7,54.75,53.5,54.1,54.4,71.8,41.65,6688,363219.3,170.0,54.31,EQ
04-11-2021,54.5,56.55,54.5,55.2,55.45,71.8,41.65,2814,155149.6,105.0,55.13,EQ
08-11-2021,55.5,56.45,52.3,53.4,52.9,71.8,41.65,22756,1229963.45,382.0,54.05,EQ
09-11-2021,54.4,54.95,53.8,54.45,54.65,71.8,41.65,4906,267655.95,238.0,54.56,EQ
10-11-2021,54.5,54.95,53.35,54.25,54.65,71.8,41.65,5386,291104.35,291.0,54.05,EQ
11-11-2021,54.95,54.95,53.55,54.05,54.5,71.8,41.65,6979,378160.05,184.0,54.19,EQ
12-11-2021,52.35,55.35,52.35,53.3,53.5,71.8,41.65,17890,967771.05,275.0,54.1,EQ
15-11-2021,53.5,55.55,52.0,53.45,52.8,71.8,41.65,10985,582406.85,261.0,53.02,EQ
16-11-2021,53.95,56.85,53.0,55.4,56.0,71.8,41.65,15303,834819.2,231.0,54.55,EQ
17-11-2021,53.7,56.65,53.6,55.4,55.4,71.8,41.65,21367,1176010.4,432.0,55.04,EQ
18-11-2021,54.0,54.7,53.4,53.95,54.0,71.8,41.65,5384,289595.9,170.0,53.79,EQ
22-11-2021,54.0,56.0,51.8,54.95,53.45,71.8,41.65,47181,2536591.25,563.0,53.76,EQ
23-11-2021,54.0,60.4,54.0,57.2,57.1,71.8,41.65,100904,5969233.8,1258.0,59.16,EQ
24-11-2021,58.8,59.9,55.2,56.1,56.1,71.8,41.65,39793,2271222.85,402.0,57.08,EQ
25-11-2021,56.0,59.9,55.2,59.25,59.5,71.8,41.65,24182,1417034.8,229.0,58.6,EQ
26-11-2021,59.25,59.85,55.6,56.35,56.65,71.8,41.65,18288,1048442.6,336.0,57.33,EQ
29-11-2021,56.0,56.0,52.55,53.05,53.0,71.8,41.65,14395,773235.95,339.0,53.72,EQ
30-11-2021,53.9,55.0,53.0,53.6,53.1,71.8,41.65,4975,269345.8,146.0,54.14,EQ
01-12-2021,54.4,56.75,53.5,53.9,54.0,71.8,41.65,7830,429253.2,159.0,54.82,EQ
02-12-2021,56.95,56.95,53.5,53.9,53.7,71.8,41.65,10013,540247.65,181.0,53.95,EQ
03-12-2021,53.2,54.4,53.0,53.35,53.5,71.8,41.65,6283,335757.45,100.0,53.44,EQ
06-12-2021,54.0,54.3,52.8,53.4,53.6,71.8,41.65,12558,670176.95,210.0,53.37,EQ
07-12-2021,53.9,54.4,50.25,52.2,52.1,71.8,41.65,31843,1671138.1,339.0,52.48,EQ
08-12-2021,53.95,53.95,52.4,52.8,53.0,71.8,41.65,4758,252231.05,137.0,53.01,EQ
09-12-2021,52.7,53.95,52.7,53.0,53.0,71.8,41.65,6222,332158.25,119.0,53.38,EQ
10-12-2021,53.8,54.0,52.1,52.8,52.55,71.8,41.65,8103,427191.95,189.0,52.72,EQ
13-12-2021,53.6,53.8,52.8,53.4,53.5,71.8,41.65,9632,515225.6,248.0,53.49,EQ
14-12-2021,53.7,53.7,52.65,53.2,53.25,71.8,41.65,2708,143619.05,60.0,53.04,EQ
15-12-2021,53.15,53.2,52.5,52.55,52.5,71.8,41.65,5355,282399.15,103.0,52.74,EQ
16-12-2021,53.1,63.05,52.9,63.05,63.05,71.8,41.65,341807,21253124.8,1706.0,62.18,EQ
17-12-2021,68.9,75.5,68.0,69.45,68.0,75.5,41.65,1203062,86730339.8,18832.0,72.09,EQ
20-12-2021,65.8,70.85,62.15,63.55,63.6,75.5,41.65,444312,29551541.55,8661.0,66.51,EQ
21-12-2021,65.5,72.8,64.3,64.95,65.2,75.5,41.65,358435,24742459.6,12810.0,69.03,EQ
22-12-2021,65.15,69.3,65.15,67.45,67.3,75.5,41.65,89370,6017950.7,2121.0,67.34,EQ
23-12-2021,67.1,77.0,66.1,71.45,71.7,77.0,41.65,527290,38244877.4,11271.0,72.53,EQ
24-12-2021,71.95,77.0,68.5,72.2,71.85,77.0,41.65,244166,17855885.5,6455.0,73.13,EQ
27-12-2021,73.5,86.6,72.8,86.6,86.6,86.6,41.65,610200,50152917.15,7042.0,82.19,EQ
28-12-2021,88.9,88.9,79.2,80.4,80.65,88.9,41.65,254842,21229251.85,5037.0,83.3,EQ
29-12-2021,81.0,81.0,72.75,73.4,73.0,88.9,41.65,181915,13738005.95,3347.0,75.52,EQ
30-12-2021,74.0,79.3,74.0,76.15,76.4,88.9,41.65,158918,12262819.0,2958.0,77.16,EQ
31-12-2021,76.9,77.5,73.3,73.6,73.4,88.9,41.65,50801,3796253.1,929.0,74.73,EQ
03-01-2022,73.0,75.8,71.35,72.4,72.4,88.9,41.7,59434,4355460.15,962.0,73.28,EQ
04-01-2022,72.1,72.1,68.8,68.8,68.8,117.45,45.2,34358,2391175.4,381.0,69.6,BE
05-01-2022,68.8,68.8,65.4,65.4,65.4,117.45,45.2,32722,2155577.3,233.0,65.88,BE
06-01-2022,62.25,66.75,62.25,65.75,65.0,117.45,45.2,28833,1852577.45,248.0,64.25,BE
07-01-2022,65.8,67.8,62.5,62.6,63.4,117.45,45.2,69882,4413922.95,385.0,63.16,BE
10-01-2022,62.65,63.85,60.5,61.05,61.95,117.45,45.2,34147,2111636.35,282.0,61.84,BE
11-01-2022,60.25,61.95,60.0,60.6,60.3,117.45,45.2,22572,1374975.25,243.0,60.92,BE
12-01-2022,61.6,63.6,60.0,62.5,63.45,117.45,45.2,24868,1552139.55,281.0,62.42,BE
13-01-2022,62.95,63.8,61.0,62.85,63.15,117.45,45.2,14562,906808.85,161.0,62.27,BE
14-01-2022,62.85,63.7,60.8,62.85,63.05,117.45,45.2,11229,702087.2,158.0,62.52,BE
17-01-2022,63.2,63.9,62.0,63.5,63.75,117.45,45.2,11939,749281.35,163.0,62.76,BE
18-01-2022,62.25,63.75,60.35,60.35,60.35,117.45,45.2,19146,1172151.85,252.0,61.22,BE
19-01-2022,60.3,60.3,57.35,58.25,58.15,117.45,45.2,21734,1267263.95,248.0,58.31,BE
20-01-2022,57.55,58.3,56.2,57.7,57.9,117.45,45.2,17918,1020658.1,228.0,56.96,BE
21-01-2022,55.75,58.9,55.75,57.65,58.0,117.45,45.2,13419,776930.55,197.0,57.9,BE
24-01-2022,59.1,59.1,54.8,54.85,54.8,117.45,45.2,15938,886287.1,249.0,55.61,BE
25-01-2022,52.3,56.35,52.3,55.9,55.9,117.45,45.2,7043,393466.15,101.0,55.87,BE
27-01-2022,56.0,57.7,55.0,57.65,57.7,117.45,45.2,9495,540167.35,120.0,56.89,BE
28-01-2022,59.3,59.3,56.25,58.95,59.3,117.45,45.2,19344,1130910.5,127.0,58.46,BE
31-01-2022,57.1,59.8,57.1,58.8,58.15,117.45,45.2,9176,537410.95,94.0,58.57,BE
01-02-2022,58.9,58.9,57.0,58.5,58.5,117.45,45.2,8704,500928.3,79.0,57.55,BE
02-02-2022,58.5,61.0,57.3,59.65,60.0,117.45,45.2,9844,581802.9,124.0,59.1,BE
03-02-2022,58.2,60.5,58.2,58.75,58.55,117.45,45.2,6694,395069.05,94.0,59.02,BE
04-02-2022,58.4,59.9,57.5,58.5,58.25,117.45,45.2,2833,166539.25,79.0,58.79,BE
07-02-2022,58.0,59.1,55.6,56.25,56.55,117.45,45.2,10840,614717.65,122.0,56.71,BE
08-02-2022,56.9,58.15,55.0,56.4,57.4,117.45,45.2,5985,333896.5,92.0,55.79,BE
09-02-2022,55.3,56.75,54.55,55.7,55.75,117.45,45.2,6426,357270.35,79.0,55.6,BE
10-02-2022,56.9,56.9,54.25,55.25,55.85,117.45,45.2,3528,193886.3,67.0,54.96,BE
11-02-2022,55.95,57.35,54.1,55.9,56.7,117.45,45.2,4419,247226.2,81.0,55.95,BE
14-02-2022,55.85,55.85,53.3,53.7,53.7,117.45,45.2,2847,153710.95,50.0,53.99,BE
15-02-2022,54.8,54.8,51.05,52.2,53.55,117.45,45.2,6484,338001.6,117.0,52.13,BE
16-02-2022,53.9,54.8,52.3,54.0,54.0,117.45,45.2,6773,367799.35,56.0,54.3,BE
17-02-2022,54.05,54.05,52.15,53.45,53.0,117.45,45.2,4379,232734.25,50.0,53.15,BE
18-02-2022,52.0,54.3,52.0,52.95,52.95,117.45,45.2,5203,277044.5,67.0,53.25,BE
21-02-2022,52.9,52.9,50.35,50.35,50.35,117.45,50.0,13606,692495.9,178.0,50.9,BE
22-02-2022,50.35,50.35,48.0,49.4,49.4,117.45,48.0,7749,375804.45,103.0,48.5,BE
23-02-2022,49.4,50.0,48.05,49.15,49.15,117.45,48.0,4944,241810.75,76.0,48.91,BE
24-02-2022,47.65,47.7,46.7,46.7,46.7,117.45,46.7,6759,317806.8,126.0,47.02,BE
25-02-2022,47.95,48.85,45.1,48.75,48.75,105.0,45.1,7569,361681.05,112.0,47.78,BE
28-02-2022,49.9,49.9,46.6,49.45,49.5,98.9,45.1,4109,201486.95,60.0,49.04,BE
02-03-2022,50.4,50.4,47.0,49.7,49.7,98.7,45.1,8595,413917.1,92.0,48.16,BE
03-03-2022,49.95,50.95,48.1,49.7,50.3,98.7,45.1,2327,115508.85,46.0,49.64,BE
04-03-2022,50.7,50.7,47.65,48.3,48.5,96.0,45.1,5103,248520.4,64.0,48.7,BE
07-03-2022,50.0,50.0,45.9,45.9,45.9,85.5,45.1,10331,474568.75,97.0,45.94,BE
08-03-2022,45.9,45.9,43.65,44.75,45.4,82.5,43.65,23840,1051134.9,128.0,44.09,BE
09-03-2022,45.95,46.95,45.9,46.95,46.95,82.5,43.65,7300,339401.7,44.0,46.49,BE
10-03-2022,49.0,49.25,49.0,49.25,49.25,82.5,43.65,14178,697905.25,73.0,49.22,BE
11-03-2022,51.45,51.45,48.8,50.2,50.2,82.5,43.65,7646,387778.0,64.0,50.72,BE
14-03-2022,51.9,51.9,49.15,49.85,49.15,82.5,43.65,969,49134.05,39.0,50.71,BE
15-03-2022,50.8,51.4,48.1,49.1,49.45,82.5,43.65,2097,103353.0,40.0,49.29,BE
16-03-2022,50.8,50.8,48.05,49.0,49.0,72.65,43.65,6261,305216.35,87.0,48.75,BE
17-03-2022,49.0,51.0,47.5,49.45,49.45,72.1,43.65,4352,215956.35,68.0,49.62,BE
21-03-2022,47.2,51.0,47.1,47.55,47.1,72.1,43.65,8132,391489.35,94.0,48.14,BE
22-03-2022,48.75,49.65,47.6,49.35,49.35,72.1,43.65,6289,304227.25,68.0,48.37,BE
23-03-2022,49.5,51.0,47.55,49.2,47.9,68.8,43.65,21613,1073044.15,102.0,49.65,BE
24-03-2022,50.0,50.0,48.0,48.2,48.1,67.8,43.65,8980,435293.1,56.0,48.47,BE
25-03-2022,47.5,49.6,47.5,48.85,49.0,67.8,43.65,8292,403085.15,72.0,48.61,BE
28-03-2022,49.0,49.0,47.0,47.25,47.15,63.9,43.65,18256,865851.3,87.0,47.43,BE
29-03-2022,47.15,48.0,44.9,44.9,44.9,88.9,41.7,29829,1374824.8,314.0,46.09,EQ
30-03-2022,44.9,47.1,44.9,46.45,46.45,88.9,41.7,32158,1502994.05,277.0,46.74,EQ
31-03-2022,46.2,47.85,44.65,45.3,45.35,88.9,41.7,15863,727860.9,190.0,45.88,EQ
01-04-2022,45.6,47.55,45.6,47.15,47.3,88.9,42.3,12515,588590.15,120.0,47.03,EQ
04-04-2022,47.0,49.45,47.0,48.85,49.0,88.9,42.3,16852,812842.4,269.0,48.23,EQ
05-04-2022,49.9,50.55,48.55,50.3,50.4,88.9,42.8,35662,1784073.75,266.0,50.03,EQ
06-04-2022,49.95,51.7,48.2,50.85,51.7,88.9,42.8,34523,1727470.05,441.0,50.04,EQ
07-04-2022,50.85,51.5,49.3,51.25,51.5,88.9,43.2,19164,969631.4,264.0,50.6,EQ
08-04-2022,51.65,53.45,51.3,52.8,53.05,88.9,44.65,20905,1095235.7,300.0,52.39,EQ
11-04-2022,55.8,57.2,53.6,56.05,57.0,88.9,44.65,39544,2217466.1,514.0,56.08,EQ
12-04-2022,57.25,59.0,53.0,56.2,57.95,88.9,44.65,52515,2949797.25,786.0,56.17,EQ
13-04-2022,59.5,60.15,57.6,58.45,58.7,88.9,44.65,35721,2099923.75,406.0,58.79,EQ
18-04-2022,58.95,59.05,55.1,57.3,57.05,88.9,44.65,12766,738901.55,223.0,57.88,EQ
19-04-2022,58.85,58.85,51.6,52.95,54.0,88.9,44.65,27618,1522142.2,342.0,55.11,EQ
20-04-2022,54.9,54.9,50.5,51.5,52.95,88.9,44.65,25187,1319271.0,382.0,52.38,EQ
21-04-2022,51.5,54.5,51.5,54.15,54.5,88.9,44.65,11442,610992.9,179.0,53.4,EQ
22-04-2022,54.8,56.25,53.2,55.6,55.75,88.9,44.65,23182,1280072.3,262.0,55.22,EQ
25-04-2022,54.2,57.85,53.8,54.05,54.1,88.9,44.65,21186,1167978.3,315.0,55.13,EQ
26-04-2022,55.15,56.7,54.5,55.4,55.4,88.9,44.65,11400,633975.9,191.0,55.61,EQ
27-04-2022,55.75,55.8,53.75,54.1,54.15,88.9,44.65,9532,521018.95,215.0,54.66,EQ
28-04-2022,54.3,55.75,53.25,53.5,53.5,88.9,44.65,19734,1076146.65,205.0,54.53,EQ
29-04-2022,54.85,54.85,52.2,52.95,52.95,88.9,44.65,6850,366544.0,161.0,53.51,EQ
02-05-2022,51.65,53.75,50.3,50.95,50.65,88.9,44.65,8761,454394.7,161.0,51.87,EQ
04-05-2022,52.05,56.0,51.3,53.65,53.55,88.9,44.65,89079,4936341.35,853.0,55.42,EQ
05-05-2022,55.0,56.7,52.0,54.45,54.1,88.9,44.65,34335,1854326.55,522.0,54.01,EQ
06-05-2022,54.45,54.9,51.55,53.3,54.9,88.9,44.65,15203,801440.05,248.0,52.72,EQ
09-05-2022,53.9,54.95,50.0,50.55,50.9,88.9,44.65,42176,2196105.0,460.0,52.07,EQ
10-05-2022,51.5,51.5,47.3,48.05,47.4,88.9,44.65,24960,1220363.6,374.0,48.89,EQ
11-05-2022,48.6,48.7,43.25,43.3,43.25,88.9,43.25,85977,3837670.15,968.0,44.64,EQ
12-05-2022,43.0,43.25,40.05,41.7,41.85,88.9,40.05,22963,961116.0,431.0,41.85,EQ
13-05-2022,42.0,43.75,41.25,43.75,43.75,88.9,40.05,15252,662075.5,154.0,43.41,EQ
16-05-2022,45.0,45.9,44.1,45.75,45.75,88.9,40.05,7732,353187.4,272.0,45.68,EQ
17-05-2022,46.75,47.0,45.65,46.9,47.0,88.9,40.05,7997,372143.7,137.0,46.54,EQ
18-05-2022,47.45,47.45,44.65,44.7,45.2,88.9,40.05,23214,1053047.9,238.0,45.36,EQ
19-05-2022,44.6,44.6,42.6,43.55,43.8,88.9,40.05,8714,376854.8,142.0,43.25,EQ
20-05-2022,44.95,44.95,43.25,43.6,43.3,88.9,40.05,20301,885093.25,178.0,43.6,EQ
23-05-2022,43.95,44.5,42.6,42.9,43.65,88.9,40.05,10067,437799.05,176.0,43.49,EQ
24-05-2022,43.85,44.7,42.85,44.35,44.2,88.9,40.05,5094,223250.9,108.0,43.83,EQ
25-05-2022,43.85,44.0,42.35,43.05,42.8,88.9,40.05,4834,208632.5,154.0,43.16,EQ
26-05-2022,42.85,44.9,41.4,44.15,44.2,88.9,40.05,11285,476420.0,164.0,42.22,EQ
27-05-2022,44.2,45.35,43.6,44.45,45.35,88.9,40.05,7325,326124.9,117.0,44.52,EQ
30-05-2022,45.9,45.9,43.6,44.8,44.55,88.9,40.05,5244,235653.15,145.0,44.94,EQ
31-05-2022,45.0,47.0,45.0,47.0,46.55,88.9,40.05,21384,998886.2,318.0,46.71,EQ
01-06-2022,46.3,47.0,45.6,46.2,46.3,88.9,40.05,13917,642830.55,248.0,46.19,EQ
02-06-2022,45.7,48.5,44.5,47.7,47.25,88.9,40.05,15211,715166.9,234.0,47.02,EQ
03-06-2022,48.85,48.85,45.5,45.8,46.0,88.9,40.05,8098,378411.25,188.0,46.73,EQ
06-06-2022,46.0,46.5,44.55,45.1,45.85,88.9,40.05,9922,452739.45,173.0,45.63,EQ
07-06-2022,44.25,45.8,43.7,44.3,43.9,88.9,40.05,10511,467873.15,212.0,44.51,EQ
08-06-2022,45.9,46.0,43.0,45.6,45.0,88.9,40.05,4932,221000.4,121.0,44.81,EQ
09-06-2022,46.65,46.65,45.0,45.9,45.55,88.9,40.05,3236,148003.05,70.0,45.74,EQ
10-06-2022,46.85,47.1,44.5,46.5,46.5,88.9,40.05,3089,140250.0,91.0,45.4,EQ
13-06-2022,44.5,48.5,44.5,46.05,46.25,88.9,40.05,3616,167328.85,120.0,46.27,EQ
14-06-2022,45.0,45.9,44.0,45.2,44.6,88.9,40.05,4819,217478.45,126.0,45.13,EQ
15-06-2022,45.2,46.95,44.1,45.8,45.95,88.9,40.05,5722,260731.4,140.0,45.57,EQ
16-06-2022,46.75,48.8,42.2,43.25,43.45,88.9,40.05,17275,773179.3,302.0,44.76,EQ
17-06-2022,44.15,44.15,41.4,42.8,42.05,88.9,40.05,3935,166556.3,107.0,42.33,EQ
20-06-2022,44.25,44.25,39.65,40.25,40.05,88.9,39.65,13287,544681.6,194.0,40.99,EQ
21-06-2022,40.5,42.8,40.5,41.95,41.7,88.9,39.65,3431,144073.55,88.0,41.99,EQ
22-06-2022,43.35,43.35,41.15,41.8,42.0,88.9,39.65,1362,56910.9,66.0,41.78,EQ
23-06-2022,42.05,43.5,42.05,42.55,42.5,88.9,39.65,2404,103342.05,51.0,42.99,EQ
24-06-2022,43.0,44.8,42.05,42.3,42.3,88.9,39.65,2975,126549.6,71.0,42.54,EQ
27-06-2022,42.3,44.35,40.35,43.05,43.0,88.9,39.65,9264,397275.2,166.0,42.88,EQ
28-06-2022,43.9,43.9,42.0,42.3,42.2,88.9,39.65,9575,407031.0,149.0,42.51,EQ
29-06-2022,42.3,43.9,41.5,43.55,43.65,88.9,39.65,6276,270718.75,140.0,43.14,EQ
30-06-2022,43.95,43.95,42.55,43.0,42.75,88.9,39.65,6023,260203.45,131.0,43.2,EQ
01-07-2022,43.0,44.75,42.35,44.15,44.75,88.9,39.65,2303,99926.35,80.0,43.39,EQ
04-07-2022,43.15,44.2,43.15,44.05,44.15,88.9,39.65,3278,143506.85,90.0,43.78,EQ
05-07-2022,44.25,46.0,44.15,45.55,45.3,88.9,39.65,5212,235566.3,141.0,45.2,EQ
06-07-2022,44.5,47.0,44.5,46.45,46.5,88.9,39.65,3582,166706.1,89.0,46.54,EQ
07-07-2022,46.0,48.55,45.4,45.85,46.0,88.9,39.65,4211,194914.6,126.0,46.29,EQ
08-07-2022,45.85,45.85,44.0,44.2,44.25,88.9,39.65,8832,393040.65,209.0,44.5,EQ
11-07-2022,46.0,46.0,44.1,44.25,44.25,88.9,39.65,4098,183110.55,100.0,44.68,EQ
12-07-2022,45.0,45.5,43.3,44.3,44.4,88.9,39.65,9743,433398.4,115.0,44.48,EQ
13-07-2022,44.4,48.7,44.4,48.7,48.7,88.9,39.65,33027,1579716.7,340.0,47.83,EQ
14-07-2022,49.6,49.6,45.5,46.05,46.0,88.9,39.65,22089,1044964.15,421.0,47.31,EQ
15-07-2022,47.2,47.2,44.05,45.05,45.15,88.9,39.65,5083,229656.2,152.0,45.18,EQ
18-07-2022,46.95,46.95,45.65,46.1,45.75,88.9,39.65,11888,550276.0,106.0,46.29,EQ
19-07-2022,45.75,46.8,45.5,46.7,46.5,88.9,39.65,5951,275235.9,110.0,46.25,EQ
20-07-2022,47.4,47.4,46.05,46.35,46.7,88.9,39.65,3695,171916.75,85.0,46.53,EQ
21-07-2022,46.35,47.25,45.55,46.95,47.25,88.9,39.65,8384,391671.8,139.0,46.72,EQ
22-07-2022,47.6,47.8,46.6,47.2,47.65,88.9,39.65,9334,440956.0,217.0,47.24,EQ
25-07-2022,47.55,47.55,46.2,46.8,46.5,88.9,39.65,2368,111370.55,85.0,47.03,EQ
26-07-2022,46.75,47.3,45.3,47.05,47.3,88.9,39.65,11022,507683.4,150.0,46.06,EQ
27-07-2022,44.65,47.25,43.6,47.0,47.25,88.9,39.65,4554,212978.1,104.0,46.77,EQ
28-07-2022,46.5,47.0,45.9,46.0,45.9,88.9,39.65,7144,331179.9,123.0,46.36,EQ
29-07-2022,46.1,47.5,45.3,46.2,46.0,88.9,39.65,13949,645209.5,177.0,46.25,EQ
01-08-2022,47.0,49.9,45.5,47.3,46.5,88.9,39.65,10235,480451.6,169.0,46.94,EQ
02-08-2022,48.0,48.0,46.05,47.15,46.6,88.9,39.65,10650,499937.2,315.0,46.94,EQ
03-08-2022,47.8,47.8,46.05,46.55,46.55,88.9,39.65,7384,344381.45,125.0,46.64,EQ
04-08-2022,45.85,51.2,45.85,49.55,49.75,88.9,39.65,40367,1956400.3,424.0,48.47,EQ
05-08-2022,51.35,55.4,49.35,50.35,50.05,88.9,39.65,115883,6079004.1,1479.0,52.46,EQ
08-08-2022,51.0,52.25,50.4,50.75,50.4,88.9,39.65,17114,877955.6,315.0,51.3,EQ
10-08-2022,52.7,52.7,50.05,50.8,51.4,88.9,39.65,12242,624139.1,243.0,50.98,EQ
11-08-2022,50.2,51.9,48.4,49.4,49.2,88.9,39.65,12170,608274.55,280.0,49.98,EQ
12-08-2022,49.9,51.9,49.25,51.2,51.9,88.9,39.65,14834,753998.0,303.0,50.83,EQ
16-08-2022,50.05,51.7,47.55,48.2,48.35,88.9,39.65,29378,1429813.8,464.0,48.67,EQ
17-08-2022,48.1,51.3,48.1,49.8,49.55,88.9,39.65,13736,681805.0,233.0,49.64,EQ
18-08-2022,52.0,52.0,48.6,49.35,49.0,88.9,39.65,12006,593989.65,270.0,49.47,EQ
19-08-2022,49.4,50.0,48.5,48.65,48.9,88.9,39.65,12248,601114.5,203.0,49.08,EQ
22-08-2022,48.9,58.35,47.85,58.35,58.35,88.9,39.65,585435,33351052.7,2737.0,56.97,EQ
23-08-2022,58.0,61.5,53.85,55.05,54.65,88.9,39.65,295839,17159512.9,3169.0,58.0,EQ
24-08-2022,55.0,60.7,54.0,55.3,55.1,88.9,39.65,205401,11875313.4,2721.0,57.82,EQ
25-08-2022,55.9,55.95,53.2,54.05,53.5,88.9,39.65,37627,2058241.35,861.0,54.7,EQ
26-08-2022,54.7,56.7,52.7,53.75,53.6,88.9,39.65,44012,2392886.2,844.0,54.37,EQ
29-08-2022,52.0,52.9,50.8,52.1,52.0,88.9,39.65,21524,1119549.1,468.0,52.01,EQ
30-08-2022,53.4,61.0,51.55,57.4,57.15,88.9,39.65,200689,11701053.4,2088.0,58.3,EQ
01-09-2022,57.4,57.75,55.4,55.75,57.0,88.9,39.65,41152,2323057.45,522.0,56.45,EQ
02-09-2022,57.25,58.4,54.2,54.4,54.2,88.9,39.65,28221,1569490.4,420.0,55.61,EQ
05-09-2022,54.2,55.95,54.2,55.15,55.3,88.9,39.65,11849,655241.7,198.0,55.3,EQ
06-09-2022,55.15,55.9,54.4,54.65,54.4,88.9,39.65,11889,652299.55,189.0,54.87,EQ
07-09-2022,54.95,56.95,54.65,55.75,56.75,88.9,39.65,14759,820787.95,267.0,55.61,EQ
08-09-2022,56.9,58.0,55.5,56.2,55.5,88.9,39.65,18207,1036431.8,250.0,56.92,EQ
09-09-2022,57.35,62.7,55.15,56.75,56.4,88.9,39.65,144777,8588462.05,1382.0,59.32,EQ
12-09-2022,56.85,61.9,56.7,59.0,58.65,88.9,39.65,154802,9241490.65,1342.0,59.7,EQ
13-09-2022,59.0,60.8,57.1,57.85,57.7,88.9,39.65,60605,3583060.75,879.0,59.12,EQ
14-09-2022,55.7,59.15,55.7,57.5,57.25,88.9,39.65,34931,2020626.45,589.0,57.85,EQ
15-09-2022,58.5,59.75,57.65,58.55,58.0,88.9,39.65,42912,2511240.15,354.0,58.52,EQ
16-09-2022,57.75,68.5,57.75,64.25,62.3,88.9,39.65,630424,40965233.9,7113.0,64.98,EQ
19-09-2022,64.8,70.8,63.1,66.35,66.3,88.9,39.65,372314,25212975.7,4430.0,67.72,EQ
20-09-2022,66.55,68.45,63.1,63.65,63.45,88.9,39.65,89682,5929546.25,1136.0,66.12,EQ
21-09-2022,65.45,69.25,62.25,63.65,62.6,88.9,39.65,209412,13889813.15,2436.0,66.33,EQ
22-09-2022,63.0,64.9,61.0,62.55,62.2,88.9,39.65,38231,2415098.05,743.0,63.17,EQ
23-09-2022,62.95,62.95,59.8,60.1,60.35,88.9,39.65,33288,2020695.45,502.0,60.7,EQ
26-09-2022,58.7,60.0,57.55,58.25,58.0,88.9,39.65,25610,1495478.35,418.0,58.39,EQ
27-09-2022,61.85,61.85,58.1,59.15,59.5,88.9,39.65,14318,847947.7,194.0,59.22,EQ
28-09-2022,57.6,66.45,57.55,60.95,60.9,88.9,39.65,218192,13773027.25,2164.0,63.12,EQ
29-09-2022,62.2,64.45,60.35,60.75,61.0,88.9,39.65,19549,1202165.3,236.0,61.49,EQ
30-09-2022,60.75,63.0,58.5,61.25,61.7,88.9,39.65,21119,1279421.35,309.0,60.58,EQ
03-10-2022,61.8,61.85,59.15,59.65,59.15,88.9,39.65,14796,890549.85,349.0,60.19,EQ
04-10-2022,62.4,62.4,60.5,61.7,61.95,88.9,39.65,13950,857893.45,201.0,61.5,EQ
06-10-2022,62.05,62.05,60.85,60.9,60.95,88.9,39.65,12305,752623.1,153.0,61.16,EQ
07-10-2022,61.3,61.4,58.6,59.35,59.8,88.9,39.65,14111,843912.0,247.0,59.81,EQ
10-10-2022,59.35,59.7,58.35,59.55,59.6,88.9,39.65,9582,567621.05,161.0,59.24,EQ
11-10-2022,58.6,59.9,58.15,58.35,58.3,88.9,39.65,11259,660655.2,223.0,58.68,EQ
12-10-2022,60.85,60.85,57.25,57.65,58.2,88.9,39.65,8302,482050.0,138.0,58.06,EQ
13-10-2022,59.0,59.0,56.75,57.2,56.8,88.9,39.65,7890,451659.0,189.0,57.24,EQ
14-10-2022,58.35,58.4,56.6,57.15,57.6,88.9,39.65,7124,408118.85,111.0,57.29,EQ
17-10-2022,59.2,59.2,54.35,56.15,56.15,88.9,39.65,21467,1208746.4,392.0,56.31,EQ
18-10-2022,58.2,58.2,57.0,57.4,57.3,88.9,39.65,8617,496421.5,186.0,57.61,EQ
19-10-2022,57.4,58.8,56.3,56.65,57.35,88.9,39.65,5963,342019.15,123.0,57.36,EQ
20-10-2022,56.9,57.5,55.25,56.1,56.0,88.9,39.65,11544,651367.95,234.0,56.42,EQ
21-10-2022,56.25,56.6,55.15,55.3,55.15,88.9,39.65,15903,885774.05,201.0,55.7,EQ
24-10-2022,55.3,57.9,55.0,57.05,57.5,88.9,39.65,8127,461545.35,159.0,56.79,EQ
25-10-2022,57.95,57.95,53.2,53.7,53.9,88.9,39.65,16088,877224.45,278.0,54.53,EQ
27-10-2022,54.65,54.65,53.55,53.9,54.55,88.9,39.65,4666,253081.7,98.0,54.24,EQ
28-10-2022,53.75,54.9,51.0,52.35,51.25,88.9,39.65,19266,1015891.75,357.0,52.73,EQ
31-10-2022,52.35,53.5,51.3,52.15,51.9,88.9,39.65,14163,740564.85,171.0,52.29,EQ
01-11-2022,52.0,53.7,51.25,52.4,52.25,88.9,39.65,8430,441214.5,196.0,52.34,EQ
02-11-2022,52.4,54.2,52.4,52.95,53.3,88.9,39.65,14262,757873.15,226.0,53.14,EQ
03-11-2022,53.4,53.9,53.0,53.25,53.05,88.9,39.65,4209,224687.55,113.0,53.38,EQ
04-11-2022,53.2,54.85,53.2,54.2,54.65,88.9,39.65,12900,697837.45,184.0,54.1,EQ
07-11-2022,55.0,55.2,53.6,53.9,53.6,88.9,39.65,5668,307581.75,132.0,54.27,EQ
09-11-2022,53.25,56.5,52.55,54.4,54.1,88.9,39.65,10353,562928.8,173.0,54.37,EQ
10-11-2022,55.75,55.75,53.4,53.9,53.4,88.9,39.65,7661,417590.65,189.0,54.51,EQ
11-11-2022,55.0,58.8,47.3,54.5,53.55,88.9,39.65,114157,6334614.5,1126.0,55.49,EQ
14-11-2022,52.6,54.6,52.6,53.8,53.8,88.9,39.65,9818,528533.6,188.0,53.83,EQ
15-11-2022,53.8,54.95,51.1,54.25,54.9,88.9,39.65,25069,1324932.35,369.0,52.85,EQ
16-11-2022,54.0,55.75,53.5,53.75,54.0,88.9,39.65,11064,600651.35,173.0,54.29,EQ
17-11-2022,52.8,54.8,51.1,51.9,51.55,88.9,39.65,12891,673701.05,285.0,52.26,EQ
18-11-2022,52.4,53.3,50.0,50.65,50.55,88.9,39.65,17326,887587.85,262.0,51.23,EQ
21-11-2022,50.6,51.45,50.5,50.8,50.5,88.9,39.65,4902,249598.25,186.0,50.92,EQ
22-11-2022,52.4,52.4,49.85,50.65,50.05,88.9,39.65,5856,297740.85,139.0,50.84,EQ
23-11-2022,50.05,56.95,49.6,52.35,52.65,88.9,39.65,137839,7541960.6,1501.0,54.72,EQ
24-11-2022,53.7,53.7,51.75,52.1,52.65,88.9,39.65,7296,381200.5,165.0,52.25,EQ
25-11-2022,53.15,53.45,51.65,51.85,51.75,88.9,39.65,7332,383285.35,170.0,52.28,EQ
28-11-2022,52.8,54.85,51.55,53.3,53.15,88.9,39.65,18029,966917.4,334.0,53.63,EQ
29-11-2022,53.3,54.5,51.15,51.95,52.1,88.9,39.65,11102,584478.85,342.0,52.65,EQ
30-11-2022,53.6,53.6,51.65,52.9,52.5,88.9,39.65,17739,933831.1,240.0,52.64,EQ
01-12-2022,53.8,53.8,50.2,51.8,51.55,88.9,39.65,12551,650073.7,252.0,51.79,EQ
02-12-2022,52.2,52.85,51.4,52.15,52.05,88.9,39.65,9530,497248.05,127.0,52.18,EQ
05-12-2022,52.15,53.65,52.0,52.9,53.5,88.9,39.65,6578,345814.6,160.0,52.57,EQ
06-12-2022,53.45,54.9,52.25,53.85,53.6,88.9,39.65,14920,801106.1,328.0,53.69,EQ
07-12-2022,55.5,55.5,52.25,53.95,54.0,88.9,39.65,10225,552780.0,263.0,54.06,EQ
08-12-2022,53.65,55.45,53.6,53.95,53.75,88.9,39.65,3849,208372.6,101.0,54.14,EQ
09-12-2022,53.5,54.7,50.85,51.45,52.0,88.9,39.65,30068,1569336.2,407.0,52.19,EQ
12-12-2022,52.55,54.9,52.0,53.3,53.0,88.9,39.65,12132,646518.1,268.0,53.29,EQ
13-12-2022,53.5,53.5,52.05,52.6,52.5,88.9,39.65,9269,488208.6,165.0,52.67,EQ
14-12-2022,52.4,53.25,51.0,51.5,51.4,88.9,39.65,18715,970560.3,393.0,51.86,EQ
15-12-2022,52.75,54.95,51.5,54.3,54.9,88.9,39.65,27547,1478505.0,337.0,53.67,EQ
16-12-2022,56.3,63.8,56.2,56.9,57.4,88.9,39.65,440711,26318989.75,4920.0,59.72,EQ
19-12-2022,56.55,58.6,55.7,56.35,56.9,88.9,39.65,32673,1853259.3,522.0,56.72,EQ
20-12-2022,55.4,57.3,55.1,55.85,55.7,88.9,39.65,12281,685963.7,342.0,55.86,EQ
21-12-2022,57.0,57.0,51.7,52.3,51.8,88.9,39.65,34611,1864515.45,631.0,53.87,EQ
22-12-2022,51.35,54.15,50.8,52.35,52.35,88.9,39.65,23788,1238136.55,340.0,52.05,EQ
23-12-2022,51.25,52.0,48.85,49.4,48.9,88.9,39.65,18782,950724.95,372.0,50.62,EQ
26-12-2022,49.4,56.3,48.0,53.05,52.4,88.9,39.65,61840,3338764.25,686.0,53.99,EQ
27-12-2022,52.1,56.0,52.1,54.9,54.25,88.9,39.65,25338,1386322.65,319.0,54.71,EQ
28-12-2022,55.9,55.9,54.25,54.45,54.3,88.9,39.65,19405,1067066.45,219.0,54.99,EQ
29-12-2022,55.5,55.5,53.8,54.8,55.3,88.9,39.65,12295,670650.1,136.0,54.55,EQ
30-12-2022,55.3,55.6,53.1,53.85,53.55,88.9,39.65,20136,1098071.45,352.0,54.53,EQ
02-01-2023,55.4,55.4,53.65,54.2,54.2,75.8,39.65,5816,316111.6,146.0,54.35,EQ
03-01-2023,55.75,55.75,53.25,53.5,53.25,75.8,39.65,7679,412566.65,181.0,53.73,EQ
04-01-2023,55.0,55.0,53.05,53.25,53.1,75.8,39.65,6087,327776.65,234.0,53.85,EQ
05-01-2023,53.35,58.0,53.35,55.6,55.9,75.8,39.65,53543,3009522.15,1025.0,56.21,EQ
06-01-2023,55.6,57.5,55.05,55.25,55.1,75.8,39.65,17701,995333.65,447.0,56.23,EQ
09-01-2023,57.0,57.0,54.35,55.4,55.15,70.8,39.65,8002,445449.65,167.0,55.67,EQ
10-01-2023,55.0,56.6,54.0,54.65,54.1,70.8,39.65,4412,242514.4,167.0,54.97,EQ
11-01-2023,54.1,54.6,52.7,53.25,52.7,70.8,39.65,5075,273792.05,125.0,53.95,EQ
12-01-2023,53.75,59.5,53.5,54.95,54.95,70.8,39.65,188304,10832884.35,2708.0,57.53,EQ
13-01-2023,54.7,58.3,54.5,56.15,57.0,70.8,39.65,55954,3148067.8,870.0,56.26,EQ
16-01-2023,56.95,63.55,56.25,58.0,57.55,70.8,39.65,349946,21279390.6,4057.0,60.81,EQ
17-01-2023,58.9,62.25,57.45,58.5,59.0,70.8,39.65,98713,5952801.75,1839.0,60.3,EQ
18-01-2023,58.5,59.8,56.1,57.15,56.2,70.8,39.65,37014,2124021.25,765.0,57.38,EQ
19-01-2023,57.0,57.3,56.1,56.4,56.6,70.8,39.65,7939,449767.25,261.0,56.65,EQ
20-01-2023,55.55,57.8,55.3,56.3,56.5,70.8,39.65,12843,726878.8,338.0,56.6,EQ
23-01-2023,56.35,57.9,54.75,56.35,55.65,70.8,39.65,29427,1646844.1,461.0,55.96,EQ
24-01-2023,56.5,57.0,55.15,55.4,55.55,70.8,39.65,10054,562750.0,285.0,55.97,EQ
25-01-2023,55.9,55.9,54.1,54.25,54.1,70.8,39.65,7168,391878.35,202.0,54.67,EQ
27-01-2023,54.25,54.3,53.15,53.45,53.15,70.8,39.65,5261,281572.6,122.0,53.52,EQ
30-01-2023,53.45,54.3,52.0,53.05,53.45,70.8,39.65,14235,754450.7,531.0,53.0,EQ
31-01-2023,52.8,53.65,51.6,52.7,52.65,70.8,39.65,6759,355890.2,165.0,52.65,EQ
01-02-2023,54.2,59.5,52.0,53.1,53.0,70.8,39.65,156660,8908959.35,2047.0,56.87,EQ
02-02-2023,54.7,54.8,51.15,52.15,51.6,70.8,39.65,32865,1733761.05,847.0,52.75,EQ
03-02-2023,53.25,54.6,52.35,53.25,53.0,70.8,39.65,13046,696714.75,210.0,53.4,EQ
06-02-2023,55.4,59.4,52.3,55.55,56.0,70.8,39.65,185014,10502588.85,3532.0,56.77,EQ
07-02-2023,55.55,57.1,54.55,55.5,56.6,70.8,39.65,18901,1060089.9,373.0,56.09,EQ
08-02-2023,55.9,57.05,55.3,56.2,56.2,70.8,39.65,11102,625276.7,188.0,56.32,EQ
09-02-2023,56.05,58.4,55.15,55.85,55.15,70.8,39.65,32254,1839097.35,641.0,57.02,EQ
10-02-2023,55.95,56.95,54.0,55.1,54.3,70.8,39.65,7920,439801.2,163.0,55.53,EQ
13-02-2023,55.0,56.7,53.6,54.2,55.4,70.8,39.65,11637,641264.6,371.0,55.11,EQ
14-02-2023,56.95,56.95,52.7,53.65,53.0,70.8,39.65,10617,573940.15,311.0,54.06,EQ
15-02-2023,53.15,54.9,53.1,53.65,54.65,70.8,39.65,12482,674609.7,166.0,54.05,EQ
16-02-2023,55.7,56.0,54.25,54.5,54.65,70.8,39.65,8506,466749.25,405.0,54.87,EQ
17-02-2023,54.5,54.5,54.05,54.3,54.1,70.8,39.65,1167,63491.75,49.0,54.41,EQ
20-02-2023,54.55,56.35,53.55,54.85,54.3,70.8,39.65,14506,797153.4,308.0,54.95,EQ
21-02-2023,55.7,55.75,53.0,53.3,53.0,70.8,39.65,9625,523538.9,322.0,54.39,EQ
22-02-2023,54.35,54.5,51.1,52.1,52.45,70.8,39.65,9122,482333.35,200.0,52.88,EQ
23-02-2023,52.5,58.7,52.4,57.55,58.6,70.8,39.65,100218,5671530.85,998.0,56.59,EQ
24-02-2023,62.0,63.35,54.8,55.8,56.5,70.8,39.65,524334,31606624.7,6778.0,60.28,EQ
27-02-2023,56.1,57.8,54.35,55.45,55.9,70.8,39.65,29152,1637341.2,772.0,56.17,EQ
28-02-2023,55.95,55.95,52.95,53.4,53.1,70.8,39.65,34474,1859961.0,437.0,53.95,EQ
01-03-2023,55.25,55.25,53.05,53.85,54.0,70.8,39.65,11769,634176.7,366.0,53.89,EQ
02-03-2023,53.9,54.8,52.65,52.95,53.05,70.8,39.65,15308,816434.4,284.0,53.33,EQ
03-03-2023,52.45,57.0,52.3,54.7,54.1,70.8,39.65,44408,2398743.2,655.0,54.02,EQ
06-03-2023,55.5,55.5,53.5,54.0,54.0,70.8,39.65,16140,874147.55,397.0,54.16,EQ
08-03-2023,54.2,57.5,53.9,57.1,56.9,70.8,39.65,37466,2110108.3,432.0,56.32,EQ
09-03-2023,56.0,59.9,56.0,57.65,58.5,70.8,39.65,34101,1987907.1,590.0,58.29,EQ
10-03-2023,57.6,59.3,56.05,58.1,58.5,70.8,39.65,56737,3296067.6,680.0,58.09,EQ
13-03-2023,59.35,59.35,55.7,56.5,57.05,70.8,39.65,34580,2004851.15,573.0,57.98,EQ
14-03-2023,56.5,59.85,53.7,54.05,53.7,70.8,39.65,17400,947875.95,474.0,54.48,EQ
15-03-2023,54.2,55.7,53.5,53.65,53.5,70.8,39.65,18853,1028962.8,249.0,54.58,EQ
16-03-2023,53.15,54.85,53.0,54.1,53.9,70.8,39.65,20171,1082044.25,180.0,53.64,EQ
17-03-2023,54.0,55.35,53.8,54.2,54.75,70.8,39.65,9202,497670.7,135.0,54.08,EQ
20-03-2023,51.9,54.9,51.9,52.85,52.8,70.8,39.65,15983,846793.5,348.0,52.98,EQ
21-03-2023,53.95,54.4,52.45,53.3,53.35,70.8,39.65,7116,377734.9,141.0,53.08,EQ
22-03-2023,53.35,55.05,53.25,54.4,54.8,70.8,39.65,11522,624241.8,146.0,54.18,EQ
23-03-2023,54.8,55.0,53.45,54.2,54.2,70.8,39.65,11224,608699.05,161.0,54.23,EQ
24-03-2023,55.0,55.35,53.0,53.5,53.55,70.8,39.65,7857,421327.65,131.0,53.62,EQ
27-03-2023,52.55,54.55,52.45,53.5,53.5,70.8,39.65,15475,824168.1,198.0,53.26,EQ
28-03-2023,53.5,54.3,50.2,51.4,51.4,70.8,39.65,39179,2046430.9,313.0,52.23,EQ
29-03-2023,51.55,53.9,50.75,52.2,52.3,70.8,39.65,21641,1122082.8,232.0,51.85,EQ
31-03-2023,53.35,53.65,52.25,52.7,52.9,70.8,39.65,4482,236883.3,87.0,52.85,EQ
03-04-2023,54.0,54.0,53.2,53.45,53.4,70.8,39.65,3417,182969.15,54.0,53.55,EQ
05-04-2023,54.5,55.2,53.1,53.75,54.0,70.8,39.65,15600,846293.0,276.0,54.25,EQ
06-04-2023,54.0,55.35,53.45,54.45,54.6,70.8,39.65,11832,642716.1,154.0,54.32,EQ
10-04-2023,55.2,55.2,53.55,53.8,53.7,70.8,39.65,5823,314835.6,144.0,54.07,EQ
11-04-2023,53.8,55.0,53.8,54.4,55.0,70.8,39.65,22495,1222589.05,192.0,54.35,EQ
12-04-2023,54.4,55.5,54.0,54.35,54.5,70.8,39.65,4942,268684.55,78.0,54.37,EQ
13-04-2023,54.5,54.65,54.2,54.3,54.5,70.8,39.65,6028,327291.05,42.0,54.3,EQ
17-04-2023,54.05,57.5,54.0,55.3,55.0,70.8,39.65,38825,2162191.55,449.0,55.69,EQ
18-04-2023,55.5,56.0,54.75,55.0,54.8,70.8,39.65,7689,426627.6,221.0,55.49,EQ
19-04-2023,54.05,57.55,54.05,56.55,56.1,70.8,39.65,17137,972346.6,307.0,56.74,EQ
20-04-2023,56.9,59.3,56.05,57.1,57.35,70.8,39.65,54766,3186129.85,690.0,58.18,EQ
21-04-2023,57.0,57.0,55.2,55.4,55.4,70.8,39.65,8880,495146.6,129.0,55.76,EQ
24-04-2023,56.5,57.35,54.5,56.3,56.5,70.8,39.65,8170,455291.9,308.0,55.73,EQ
25-04-2023,56.3,59.4,55.2,57.65,57.95,70.8,39.65,15155,869028.3,228.0,57.34,EQ
26-04-2023,58.55,58.65,55.85,56.4,56.25,70.8,39.65,50979,2888744.3,536.0,56.67,EQ
27-04-2023,55.55,57.45,55.55,56.65,56.65,70.8,39.65,14583,828779.35,573.0,56.83,EQ
28-04-2023,58.4,58.4,56.7,57.8,58.0,70.8,39.65,20793,1193670.55,479.0,57.41,EQ
02-05-2023,58.8,59.0,56.85,58.35,58.5,70.8,39.65,36246,2107350.25,717.0,58.14,EQ
03-05-2023,58.5,60.7,57.5,58.7,59.5,70.8,39.65,39265,2330205.9,552.0,59.35,EQ
04-05-2023,59.8,60.9,58.25,59.85,60.0,70.8,39.65,48819,2920674.75,714.0,59.83,EQ
05-05-2023,60.0,61.0,59.1,60.15,60.45,70.8,39.65,21489,1293438.15,237.0,60.19,EQ
08-05-2023,59.85,62.45,58.2,58.65,58.25,70.8,39.65,48852,2970132.0,482.0,60.8,EQ
09-05-2023,59.8,60.4,58.3,59.3,60.4,70.8,39.65,24309,1438712.35,574.0,59.18,EQ
10-05-2023,58.5,60.25,58.5,59.25,59.65,70.8,39.65,22719,1349515.5,774.0,59.4,EQ
11-05-2023,58.65,59.85,58.5,59.4,59.8,70.8,39.65,32196,1904975.55,755.0,59.17,EQ
12-05-2023,59.75,59.95,57.4,57.8,57.55,70.8,39.65,24431,1438352.2,509.0,58.87,EQ
15-05-2023,57.5,59.65,56.5,57.3,57.2,70.8,39.65,23334,1357424.85,683.0,58.17,EQ
16-05-2023,58.0,59.0,56.0,56.35,56.0,70.8,39.65,30175,1748634.95,954.0,57.95,EQ
17-05-2023,56.35,57.8,56.3,57.1,57.3,70.8,39.65,11965,683826.6,329.0,57.15,EQ
18-05-2023,56.6,61.85,56.6,60.15,60.7,70.8,39.65,48826,2891559.4,1005.0,59.22,EQ
19-05-2023,60.95,60.95,58.7,59.5,59.35,70.8,39.65,21333,1274700.9,593.0,59.75,EQ
22-05-2023,59.5,64.35,59.25,61.9,62.0,70.8,39.65,119876,7477313.15,1635.0,62.38,EQ
23-05-2023,62.0,63.75,61.05,61.25,61.05,70.8,39.65,17126,1067281.65,327.0,62.32,EQ
24-05-2023,61.9,63.5,60.2,61.35,61.1,70.8,39.65,50056,3112647.5,1016.0,62.18,EQ
25-05-2023,61.65,64.35,61.6,63.45,63.5,70.8,39.65,44132,2780895.1,1097.0,63.01,EQ
26-05-2023,64.0,64.0,61.0,61.3,61.6,70.8,39.65,13631,843386.3,364.0,61.87,EQ
29-05-2023,62.7,62.7,61.25,61.3,61.25,70.8,39.65,6579,406444.8,199.0,61.78,EQ
30-05-2023,61.85,61.85,59.4,59.9,59.65,70.8,39.65,13498,809677.25,158.0,59.98,EQ
31-05-2023,59.9,61.1,58.05,58.35,58.8,70.8,39.65,23670,1404035.1,306.0,59.32,EQ
01-06-2023,60.5,60.9,58.1,58.55,58.1,70.8,39.65,25050,1479925.7,398.0,59.08,EQ
02-06-2023,58.55,61.0,58.55,60.3,60.5,70.8,39.65,12938,775722.35,268.0,59.96,EQ
05-06-2023,60.55,61.75,59.65,61.35,61.75,70.8,39.65,18472,1120226.0,277.0,60.64,EQ
06-06-2023,62.35,62.35,58.55,59.4,59.2,70.8,39.65,31195,1898968.7,512.0,60.87,EQ
07-06-2023,59.4,63.6,59.4,62.25,61.7,70.8,39.65,49384,3055446.65,801.0,61.87,EQ
08-06-2023,62.4,62.45,60.35,60.75,61.9,70.8,39.65,15183,932383.65,378.0,61.41,EQ
09-06-2023,60.5,62.8,60.5,61.7,62.0,70.8,39.65,13441,829270.0,253.0,61.7,EQ
12-06-2023,62.95,64.3,60.1,60.5,60.4,70.8,39.65,26662,1649663.05,586.0,61.87,EQ
13-06-2023,60.95,62.35,60.5,61.75,61.7,70.8,39.65,15300,938741.1,318.0,61.36,EQ
14-06-2023,60.5,63.35,60.0,60.2,60.0,70.8,39.65,46708,2866336.65,702.0,61.37,EQ
15-06-2023,60.6,63.0,60.6,62.1,62.5,70.8,39.65,30672,1904007.35,554.0,62.08,EQ
16-06-2023,63.35,63.95,61.3,62.0,61.3,70.8,39.65,51364,3226201.65,731.0,62.81,EQ
19-06-2023,62.9,63.8,61.4,63.05,63.3,70.8,39.65,51540,3239486.95,694.0,62.85,EQ
20-06-2023,63.55,70.55,63.3,70.1,70.2,70.8,39.65,659162,45143890.75,5323.0,68.49,EQ
21-06-2023,71.4,73.8,70.6,71.4,71.0,73.8,39.65,437897,31516876.5,4072.0,71.97,EQ
22-06-2023,71.8,73.0,67.15,68.05,67.8,73.8,39.65,115325,8064152.0,1477.0,69.93,EQ
23-06-2023,68.85,71.85,67.3,68.5,68.5,73.8,39.65,117803,8165271.05,1873.0,69.31,EQ
26-06-2023,69.85,70.9,67.1,68.7,68.35,73.8,40.35,41837,2885206.2,744.0,68.96,EQ
27-06-2023,68.7,72.05,68.3,69.0,69.5,73.8,40.35,46483,3285455.75,556.0,70.68,EQ
28-06-2023,70.4,74.95,69.05,69.25,69.2,74.95,40.35,260459,18826313.3,2821.0,72.28,EQ
30-06-2023,70.8,76.5,70.3,73.2,72.9,76.5,40.35,401227,29862183.95,4521.0,74.43,EQ
03-07-2023,74.9,78.95,72.2,72.9,74.0,78.95,43.15,206052,15576925.6,2406.0,75.6,EQ
04-07-2023,75.0,75.3,69.0,72.3,70.5,78.95,43.15,101014,7260523.0,1592.0,71.88,EQ
05-07-2023,72.3,74.0,71.0,71.9,71.55,78.95,43.15,61952,4495293.25,1126.0,72.56,EQ
06-07-2023,71.9,75.5,70.8,71.3,71.0,78.95,43.15,58750,4283143.45,1116.0,72.9,EQ
07-07-2023,72.5,73.0,69.4,70.45,70.2,78.95,43.15,73470,5221529.6,1142.0,71.07,EQ
10-07-2023,70.05,72.2,69.6,70.25,70.6,78.95,43.3,28242,1986671.65,655.0,70.34,EQ
11-07-2023,69.8,73.0,69.8,70.95,70.8,78.95,43.3,38599,2760293.4,414.0,71.51,EQ
12-07-2023,70.65,76.95,68.1,74.1,73.0,78.95,43.3,152891,11147447.75,1246.0,72.91,EQ
13-07-2023,74.7,80.5,73.45,76.4,77.4,80.5,43.3,465803,36354573.3,4433.0,78.05,EQ
14-07-2023,77.5,87.15,76.4,85.5,85.9,87.15,43.3,677336,56957411.8,7934.0,84.09,EQ
17-07-2023,86.15,94.65,85.5,93.1,93.95,94.65,43.6,571847,51875244.35,7061.0,90.72,EQ
18-07-2023,94.95,96.0,85.75,88.4,88.0,96.0,43.6,299350,26899804.8,4796.0,89.86,EQ
19-07-2023,86.1,92.9,85.1,86.25,85.85,96.0,43.6,189580,16745019.85,2507.0,88.33,EQ
20-07-2023,87.0,88.9,81.95,82.05,82.0,88.9,43.65,33741,2819164.7,298.0,83.55,BE
21-07-2023,82.9,82.9,78.0,80.3,80.45,88.9,43.65,38856,3081414.6,294.0,79.3,BE
24-07-2023,80.6,81.8,78.15,78.75,78.8,88.9,43.65,14039,1123661.7,148.0,80.04,BE
25-07-2023,78.8,79.0,74.85,75.7,76.75,88.9,43.65,58433,4418576.5,299.0,75.62,BE
26-07-2023,75.7,78.65,74.85,76.6,76.05,88.9,43.65,22166,1692724.6,126.0,76.37,BE
27-07-2023,78.0,79.7,76.3,77.6,76.5,88.9,43.65,11742,919828.1,157.0,78.34,BE
28-07-2023,77.6,77.85,74.15,74.45,74.3,88.9,43.65,11981,905981.0,118.0,75.62,BE
31-07-2023,73.15,77.0,73.15,75.15,76.4,88.9,43.65,36485,2713996.95,178.0,74.39,BE
01-08-2023,75.2,76.95,73.1,75.2,75.0,88.9,43.65,20726,1546805.4,129.0,74.63,BE
02-08-2023,74.9,76.45,74.1,76.15,76.0,88.9,43.65,9716,728537.0,61.0,74.98,BE
03-08-2023,76.6,77.65,75.4,76.9,76.1,88.9,43.65,7959,610902.9,71.0,76.76,BE
04-08-2023,76.1,77.0,74.2,76.3,76.4,88.9,43.65,5602,426127.95,76.0,76.07,BE
07-08-2023,76.3,79.5,76.3,78.65,78.15,88.9,43.65,17888,1401992.85,120.0,78.38,BE
08-08-2023,79.0,79.0,76.55,78.25,78.25,88.9,43.65,4131,323281.95,68.0,78.26,BE
09-08-2023,78.0,78.25,76.0,77.1,77.0,88.9,43.65,11798,909373.2,83.0,77.08,BE
10-08-2023,77.1,78.7,76.0,76.75,77.0,88.9,43.65,7639,585409.3,58.0,76.63,BE
11-08-2023,77.0,77.25,75.5,75.95,75.7,88.9,43.65,22525,1714385.45,84.0,76.11,BE
14-08-2023,74.05,76.8,73.0,76.35,76.8,88.9,43.65,6970,526504.05,69.0,75.54,BE
16-08-2023,77.9,80.0,76.1,79.3,78.0,88.9,43.65,28024,2182704.25,110.0,77.89,BE
17-08-2023,78.0,81.0,77.0,77.6,77.0,88.9,43.65,6417,501842.35,75.0,78.21,BE
18-08-2023,78.0,78.9,77.2,77.25,77.25,88.9,43.65,6688,518194.95,38.0,77.48,BE
21-08-2023,77.5,78.5,77.2,77.2,77.2,88.9,43.65,19208,1490134.35,54.0,77.58,BE
22-08-2023,77.2,79.9,77.0,77.5,77.2,88.9,43.65,6542,512552.75,82.0,78.35,BE
23-08-2023,77.5,78.75,77.2,77.2,77.2,88.9,43.65,6204,479564.85,33.0,77.3,BE
24-08-2023,78.2,78.7,77.2,77.2,77.2,88.9,43.65,4816,372966.8,51.0,77.44,BE
25-08-2023,78.4,78.45,75.0,77.3,78.2,88.9,43.65,3364,258797.95,46.0,76.93,BE
28-08-2023,78.0,79.25,76.25,76.95,77.95,88.9,43.65,2885,223668.05,28.0,77.53,BE
29-08-2023,76.3,78.25,76.3,76.8,76.7,88.9,43.65,18134,1396574.85,80.0,77.01,BE
30-08-2023,80.6,80.6,77.25,78.6,78.4,88.9,43.65,14021,1103121.1,89.0,78.68,BE
31-08-2023,77.2,79.75,76.0,76.9,78.0,88.9,43.65,20924,1610463.15,105.0,76.97,BE
01-09-2023,78.45,80.7,77.6,80.7,80.7,88.9,43.65,36901,2951426.4,153.0,79.98,BE
04-09-2023,84.0,84.7,83.0,84.55,84.7,88.9,43.65,30151,2546800.85,260.0,84.47,BE
05-09-2023,88.4,88.4,83.1,85.9,84.5,88.9,43.65,37037,3189161.35,221.0,86.11,BE
06-09-2023,86.5,86.5,82.1,83.95,84.0,88.9,43.65,14673,1231684.55,138.0,83.94,BE
07-09-2023,84.9,84.9,79.8,81.85,81.9,88.9,43.65,22013,1796489.75,142.0,81.61,BE
08-09-2023,82.05,83.25,78.15,80.9,80.8,88.9,43.65,22586,1822971.7,140.0,80.71,BE
11-09-2023,81.95,82.5,80.0,81.75,80.4,88.9,43.65,16023,1301598.75,116.0,81.23,BE
12-09-2023,82.9,82.9,77.7,78.05,78.5,88.9,43.65,19134,1515807.75,155.0,79.22,BE
13-09-2023,78.5,80.0,77.0,77.3,77.1,88.9,43.65,7118,552541.15,74.0,77.63,BE
14-09-2023,77.5,78.8,77.2,78.6,78.8,88.9,45.9,5933,463680.05,61.0,78.15,BE
15-09-2023,79.4,79.4,77.05,78.2,78.4,88.9,47.0,3580,280058.15,36.0,78.23,BE
18-09-2023,78.2,79.4,77.05,78.75,78.95,88.9,47.0,6555,512554.85,74.0,78.19,BE
20-09-2023,79.3,79.3,77.05,77.65,77.9,88.9,47.0,24739,1911259.25,48.0,77.26,BE
21-09-2023,77.65,78.55,76.55,77.0,77.0,88.9,47.0,4053,312303.1,59.0,77.05,BE
22-09-2023,77.0,77.0,74.35,75.35,75.5,88.9,47.0,10682,806858.9,99.0,75.53,BE
25-09-2023,75.35,77.95,75.35,76.65,76.9,88.9,47.0,6995,534829.35,53.0,76.46,BE
26-09-2023,77.0,77.95,76.65,77.7,77.7,88.9,47.0,4037,312318.65,42.0,77.36,BE
27-09-2023,77.8,78.5,76.35,77.5,77.55,88.9,47.0,8655,671122.25,35.0,77.54,BE
28-09-2023,77.5,77.8,74.2,76.85,77.5,88.9,47.0,5647,433420.35,65.0,76.75,BE
29-09-2023,77.5,79.0,75.5,78.15,78.15,88.9,47.0,9062,706230.95,41.0,77.93,BE
03-10-2023,76.1,79.0,76.1,78.95,78.9,88.9,47.0,4704,369960.95,52.0,78.65,BE
04-10-2023,77.1,78.6,77.0,77.0,77.0,88.9,47.0,7389,570571.05,43.0,77.22,BE
05-10-2023,78.75,79.0,76.5,77.65,78.35,88.9,73.0,7925,615673.0,45.0,77.69,BE
06-10-2023,78.35,79.0,77.3,77.5,77.45,88.4,73.0,3443,268435.05,48.0,77.97,BE
09-10-2023,77.5,78.9,77.05,78.05,77.6,88.4,73.0,6765,529357.7,54.0,78.25,BE
10-10-2023,78.05,81.95,78.05,80.3,80.55,88.4,73.0,18090,1465453.5,113.0,81.01,BE
11-10-2023,79.2,80.95,78.15,80.2,80.2,88.4,73.0,14681,1159518.8,73.0,78.98,BE
12-10-2023,83.8,83.8,80.25,82.95,83.0,88.4,73.0,13794,1135145.8,103.0,82.29,BE
13-10-2023,83.0,85.4,83.0,83.8,83.7,88.4,73.0,29565,2499393.0,231.0,84.54,BE
16-10-2023,86.0,87.95,83.8,86.15,87.35,88.4,73.0,36592,3164495.5,230.0,86.48,BE
17-10-2023,87.9,88.65,86.0,87.9,88.0,88.65,73.0,29161,2546416.9,163.0,87.32,BE
18-10-2023,89.8,89.8,86.25,87.25,87.65,89.8,73.0,14797,1287837.45,117.0,87.03,BE
19-10-2023,87.65,89.7,85.15,88.05,88.75,89.8,73.0,22159,1941108.05,138.0,87.6,BE
20-10-2023,88.0,89.0,87.0,88.05,88.3,89.8,73.0,13617,1198068.05,63.0,87.98,BE
23-10-2023,92.0,105.65,89.0,100.05,100.85,105.65,73.0,1039816,106097572.3,6441.0,102.03,EQ
25-10-2023,103.45,103.45,83.25,90.75,91.45,105.65,73.0,270872,25200905.3,3780.0,93.04,EQ
26-10-2023,91.9,91.9,83.3,86.55,85.9,105.65,73.0,78677,6804687.05,1359.0,86.49,EQ
27-10-2023,85.65,94.8,85.6,91.0,92.0,105.65,73.0,124439,11486233.4,2201.0,92.3,EQ
30-10-2023,91.0,94.0,87.55,91.8,91.05,105.65,73.0,31359,2859334.55,795.0,91.18,EQ
31-10-2023,91.05,98.0,89.55,96.45,97.45,105.65,73.0,107437,10230839.1,1417.0,95.23,EQ
01-11-2023,99.0,101.0,97.0,97.6,97.25,105.65,74.2,81200,8066073.0,1871.0,99.34,EQ
02-11-2023,100.0,101.55,93.65,95.05,95.9,105.65,74.2,58276,5744671.0,1418.0,98.58,EQ
03-11-2023,95.1,97.95,95.1,96.2,97.05,105.65,74.2,17158,1654869.9,450.0,96.45,EQ
06-11-2023,100.95,104.9,97.1,98.0,97.5,105.65,74.2,120610,12182065.35,1320.0,101.0,EQ
07-11-2023,97.3,99.2,94.45,97.7,98.45,105.65,74.2,33953,3301035.4,666.0,97.22,EQ
08-11-2023,98.8,101.0,96.2,98.25,98.0,105.65,74.2,33921,3340927.5,753.0,98.49,EQ
09-11-2023,96.95,99.35,92.5,94.25,94.35,105.65,74.2,30960,2950431.35,708.0,95.3,EQ
10-11-2023,94.35,96.5,93.25,93.65,93.5,105.65,74.2,14082,1330538.05,227.0,94.49,EQ
12-11-2023,92.1,93.0,89.6,90.1,91.0,105.65,74.2,30571,2771444.0,442.0,90.66,EQ
13-11-2023,94.0,94.0,90.1,90.6,91.25,105.65,74.2,26589,2429294.9,367.0,91.36,EQ
15-11-2023,90.6,93.45,88.95,90.9,91.0,105.65,74.2,32049,2925983.45,520.0,91.3,EQ
16-11-2023,93.4,93.4,89.1,90.9,90.65,105.65,74.2,18829,1702592.5,468.0,90.42,EQ
17-11-2023,92.45,93.6,89.45,89.95,89.45,105.65,74.2,18177,1646855.05,308.0,90.6,EQ
20-11-2023,90.0,91.95,87.1,87.9,87.1,105.65,74.2,27318,2435581.95,450.0,89.16,EQ
21-11-2023,87.2,95.0,87.0,91.95,91.85,105.65,74.2,94173,8647816.55,950.0,91.83,EQ
22-11-2023,94.0,104.45,91.8,98.6,99.45,105.65,74.2,356321,35822611.75,3650.0,100.53,EQ
23-11-2023,98.6,101.25,97.25,98.95,99.6,105.65,74.2,42150,4191170.85,745.0,99.43,EQ
24-11-2023,99.15,107.0,99.1,102.1,102.4,107.0,74.2,395941,41222296.75,4785.0,104.11,EQ
28-11-2023,103.9,107.8,102.55,106.05,105.0,107.8,74.2,329428,34927213.4,3521.0,106.02,EQ
29-11-2023,106.9,107.0,98.85,101.05,99.1,107.8,74.2,74406,7623184.45,1680.0,102.45,EQ
30-11-2023,101.95,102.95,95.0,98.2,97.7,107.8,74.2,87709,8682179.95,2356.0,98.99,EQ
01-12-2023,98.0,100.4,97.0,98.05,98.0,107.8,74.2,33666,3317200.4,910.0,98.53,EQ
04-12-2023,98.05,103.75,98.0,100.1,100.75,107.8,74.2,62541,6338252.8,1524.0,101.35,EQ
05-12-2023,102.85,102.85,98.85,99.6,99.0,107.8,74.2,26570,2659846.25,554.0,100.11,EQ
06-12-2023,101.0,101.7,97.8,98.85,100.3,107.8,74.2,23413,2318923.85,554.0,99.04,EQ
07-12-2023,98.85,102.1,98.35,98.7,98.55,107.8,74.2,24901,2487630.65,458.0,99.9,EQ
08-12-2023,100.0,101.8,95.2,96.1,96.0,107.8,74.2,21553,2108561.05,673.0,97.83,EQ
11-12-2023,98.95,115.3,97.0,114.45,115.3,115.3,74.2,565024,62704692.0,5726.0,110.98,EQ
12-12-2023,116.5,120.05,108.55,110.0,110.5,120.05,74.2,558222,64714190.95,6335.0,115.93,EQ
13-12-2023,111.0,116.0,107.3,114.6,115.45,120.05,74.2,202328,23087868.65,2547.0,114.11,EQ
14-12-2023,115.95,115.95,111.1,112.2,112.7,120.05,74.2,60693,6854119.35,816.0,112.93,EQ
15-12-2023,113.05,113.9,109.0,110.3,110.6,120.05,75.5,56235,6238724.05,905.0,110.94,EQ
18-12-2023,111.0,119.0,108.0,114.45,115.0,120.05,76.1,281896,32606097.95,2322.0,115.67,EQ
19-12-2023,115.7,115.75,104.6,108.25,107.2,120.05,76.5,150712,16364066.55,1856.0,108.58,EQ
20-12-2023,109.2,110.15,102.3,103.75,102.3,120.05,76.5,78712,8427416.8,790.0,107.07,EQ
21-12-2023,102.4,107.0,101.45,105.25,106.0,120.05,77.05,40647,4256966.0,548.0,104.73,EQ
22-12-2023,107.7,108.8,104.3,106.8,105.3,120.05,77.05,29307,3133013.85,428.0,106.9,EQ
26-12-2023,105.85,113.8,105.05,110.8,110.65,120.05,78.05,92774,10313955.1,927.0,111.17,EQ
27-12-2023,111.8,132.95,107.55,132.95,132.95,132.95,78.15,1154478,148060425.4,7476.0,128.25,EQ
28-12-2023,136.8,136.8,118.85,125.0,126.0,136.8,80.25,693457,87337123.15,9505.0,125.94,EQ
29-12-2023,127.5,134.4,120.3,131.15,130.0,136.8,83.0,553125,71844733.25,6257.0,129.89,EQ
01-01-2024,133.15,136.0,128.2,129.6,129.0,136.8,83.25,177013,23336785.7,2175.0,131.84,EQ
02-01-2024,130.95,131.95,123.7,126.85,126.95,136.8,83.25,73259,9321359.65,1192.0,127.24,EQ
03-01-2024,126.45,131.85,125.3,130.85,129.75,136.8,83.25,107325,13965632.05,1104.0,130.12,EQ
04-01-2024,133.65,134.0,130.0,132.5,132.5,136.8,83.25,67821,8994689.35,1375.0,132.62,EQ
05-01-2024,134.0,148.0,131.55,142.85,143.8,148.0,83.25,401557,57009552.4,5504.0,141.97,EQ
08-01-2024,148.0,149.95,140.5,142.45,145.8,149.95,83.25,82562,11900070.8,1650.0,144.13,EQ
09-01-2024,148.8,148.8,139.0,140.0,143.0,149.95,83.25,56139,7954393.75,1403.0,141.69,EQ
10-01-2024,142.95,142.95,137.3,138.1,138.0,149.95,83.3,40936,5691093.5,838.0,139.02,EQ
11-01-2024,134.0,139.75,134.0,136.4,135.5,149.95,85.6,17398,2365296.4,274.0,135.95,BE
12-01-2024,129.6,135.5,129.6,131.85,132.0,149.95,87.0,30650,4026577.65,279.0,131.37,BE
15-01-2024,134.95,134.95,126.55,129.8,129.8,149.95,87.0,23488,3034273.35,269.0,129.18,BE
16-01-2024,125.5,130.5,124.1,128.7,130.0,149.95,87.0,22497,2857210.2,319.0,127.0,BE
17-01-2024,128.65,128.65,122.55,124.05,123.55,149.95,87.0,14410,1793515.5,270.0,124.46,BE
18-01-2024,123.55,125.05,119.7,122.85,123.0,149.95,87.0,20164,2448178.7,247.0,121.41,BE
19-01-2024,120.1,128.95,120.1,128.95,128.95,149.95,87.0,22162,2843699.35,161.0,128.31,BE
20-01-2024,131.0,133.85,126.5,129.45,129.0,149.95,87.0,19694,2547749.0,228.0,129.37,BE
23-01-2024,133.0,133.0,123.0,123.0,123.0,149.95,87.0,11965,1515532.25,219.0,126.66,BE
24-01-2024,123.95,128.8,123.95,125.9,126.35,149.95,87.0,17366,2201243.55,149.0,126.76,BE
25-01-2024,123.5,128.9,123.5,124.95,125.0,149.95,87.0,24194,3030026.65,215.0,125.24,BE
29-01-2024,128.85,130.0,123.0,127.9,125.0,149.95,87.0,22797,2889387.25,176.0,126.74,BE
30-01-2024,129.5,129.5,124.2,124.8,126.8,149.95,87.0,8811,1114788.8,146.0,126.52,BE
31-01-2024,128.9,128.9,122.85,125.9,125.4,149.95,87.0,11216,1405419.95,112.0,125.3,BE
01-02-2024,128.0,128.0,125.0,125.4,125.3,149.95,87.0,12369,1554583.7,112.0,125.68,BE
02-02-2024,125.4,127.3,122.7,126.35,126.1,149.95,87.0,27150,3408106.0,161.0,125.53,BE
05-02-2024,127.0,127.95,124.0,124.4,125.0,149.95,87.0,29009,3638521.1,176.0,125.43,BE
06-02-2024,126.9,126.9,122.05,125.25,125.75,149.95,87.0,12204,1523391.5,153.0,124.83,BE
07-02-2024,123.25,126.55,123.25,125.55,125.6,149.95,91.8,8886,1112359.15,128.0,125.18,BE
08-02-2024,126.4,126.4,124.2,125.15,124.8,149.95,95.0,7310,919486.15,117.0,125.78,BE
09-02-2024,126.4,126.4,120.0,125.5,126.0,149.95,95.0,15951,1984296.4,142.0,124.4,BE
12-02-2024,126.75,126.75,123.0,124.7,124.0,149.95,95.0,20500,2557858.8,163.0,124.77,BE
13-02-2024,126.0,126.0,122.2,124.65,125.0,149.95,95.0,9444,1169364.05,76.0,123.82,BE
14-02-2024,130.85,130.85,118.45,127.8,130.8,149.95,95.0,73214,9089564.75,375.0,124.15,BE
15-02-2024,127.9,127.9,122.0,122.7,122.0,149.95,95.2,17271,2147540.6,199.0,124.34,BE
16-02-2024,122.7,128.8,122.7,126.05,126.85,149.95,95.2,21174,2666774.95,167.0,125.95,BE
19-02-2024,128.0,132.0,126.1,131.25,132.0,149.95,95.2,31218,4062730.75,222.0,130.14,BE
20-02-2024,132.0,135.5,125.0,128.15,130.0,149.95,95.2,23441,3045365.25,214.0,129.92,BE
21-02-2024,128.9,129.9,124.5,125.6,125.1,149.95,95.2,10373,1320465.65,99.0,127.3,BE
22-02-2024,128.8,128.8,122.35,126.3,126.9,149.95,95.2,11822,1472432.15,107.0,124.55,BE
23-02-2024,127.0,128.7,122.1,123.6,124.85,149.95,97.0,15034,1865917.15,207.0,124.11,BE
26-02-2024,126.8,126.8,124.2,125.2,125.0,149.95,101.45,7324,919395.8,103.0,125.53,BE
27-02-2024,126.5,126.5,123.05,124.25,124.85,149.95,101.45,5383,670750.5,97.0,124.61,BE
28-02-2024,125.05,126.8,120.25,120.7,120.6,149.95,101.45,8506,1036794.35,139.0,121.89,BE
29-02-2024,120.7,124.6,118.05,118.55,119.95,149.95,101.45,6154,733375.1,83.0,119.17,BE
01-03-2024,120.95,122.95,119.95,120.45,120.6,149.95,101.45,6370,772464.65,102.0,121.27,BE
02-03-2024,123.5,123.5,120.5,121.55,122.7,149.95,101.45,1249,153001.4,31.0,122.5,BE
04-03-2024,120.2,123.85,118.1,119.05,119.75,149.95,101.45,14094,1687194.3,113.0,119.71,BE
05-03-2024,118.25,120.0,117.0,118.65,119.7,149.95,101.45,7382,878660.8,78.0,119.03,BE
06-03-2024,114.5,121.95,114.0,115.65,116.4,149.95,104.3,8043,931488.0,109.0,115.81,BE
07-03-2024,120.85,120.85,118.0,118.45,118.45,149.95,105.05,11371,1356966.65,105.0,119.34,BE
11-03-2024,118.05,124.3,116.05,120.3,121.85,149.95,107.55,27959,3364358.95,237.0,120.33,BE
12-03-2024,121.85,122.9,114.3,116.85,114.3,149.95,114.0,19266,2289027.1,215.0,118.81,BE
13-03-2024,119.95,119.95,111.0,111.0,111.0,149.95,111.0,15245,1710669.25,170.0,112.21,BE
14-03-2024,105.65,113.75,105.65,108.5,108.1,149.95,105.65,82506,9143235.4,131.0,110.82,BE
15-03-2024,110.7,112.5,108.5,110.75,111.8,149.95,105.65,76039,8435048.75,83.0,110.93,BE
18-03-2024,110.9,116.0,109.1,115.5,116.0,149.95,105.65,15289,1743230.7,128.0,114.02,BE
19-03-2024,116.95,119.5,112.1,117.1,117.75,149.95,105.65,74821,8615824.6,106.0,115.15,BE
20-03-2024,117.1,118.9,114.65,115.7,115.5,149.95,105.65,72851,8446434.95,74.0,115.94,BE
21-03-2024,118.9,121.45,117.0,119.4,120.95,149.95,105.65,83582,9989716.1,114.0,119.52,BE
22-03-2024,120.95,125.2,119.0,124.95,124.0,148.8,105.65,17925,2196801.55,120.0,122.56,BE
26-03-2024,128.8,128.8,122.0,125.2,126.4,142.95,105.65,19353,2417886.65,162.0,124.94,BE
27-03-2024,129.0,129.0,124.55,125.0,125.4,139.75,105.65,11294,1414738.85,64.0,125.26,BE
28-03-2024,125.1,127.0,120.3,123.3,125.8,135.5,105.65,14175,1779558.05,81.0,125.54,BE
01-04-2024,123.0,125.0,123.0,125.0,125.0,135.5,105.65,4738,589022.9,77.0,124.32,BE
02-04-2024,127.0,131.25,124.0,130.15,131.25,135.5,105.65,28933,3725808.2,169.0,128.77,BE
03-04-2024,130.0,136.65,128.0,133.25,133.0,136.65,105.65,41991,5654351.65,304.0,134.66,BE
04-04-2024,133.25,137.9,130.5,132.75,136.5,137.9,105.65,11972,1600957.7,142.0,133.73,BE
05-04-2024,133.0,137.2,132.0,136.1,135.8,137.9,105.65,25380,3449811.85,135.0,135.93,BE
08-04-2024,136.5,142.9,129.3,142.15,142.9,142.9,105.65,68785,9499428.05,321.0,138.1,BE
09-04-2024,143.85,149.25,140.0,148.55,147.1,149.25,105.65,71231,10556381.95,337.0,148.2,BE
10-04-2024,151.15,154.1,142.55,151.2,150.25,154.1,105.65,65545,9822895.75,397.0,149.86,BE
12-04-2024,158.75,158.75,158.75,158.75,158.75,158.75,105.65,39502,6270942.5,173.0,158.75,BE
15-04-2024,166.65,166.65,166.65,166.65,166.65,166.65,105.65,30959,5159317.35,151.0,166.65,BE
16-04-2024,174.95,174.95,174.95,174.95,174.95,174.95,105.65,18119,3169919.05,118.0,174.95,BE
18-04-2024,183.65,183.65,183.65,183.65,183.65,183.65,105.65,11810,2168906.5,121.0,183.65,BE
19-04-2024,192.8,192.8,192.8,192.8,192.8,192.8,105.65,21396,4125148.8,149.0,192.8,BE
22-04-2024,202.4,202.4,202.4,202.4,202.4,202.4,105.65,43733,8851559.2,181.0,202.4,BE
23-04-2024,212.5,212.5,206.0,212.5,212.5,212.5,105.65,331621,70428345.05,1106.0,212.38,BE
24-04-2024,219.8,223.1,201.9,223.1,223.1,223.1,105.65,306861,67630587.05,2402.0,220.39,BE
25-04-2024,233.0,234.25,225.0,234.25,234.25,234.25,105.65,88182,20601889.05,730.0,233.63,BE
26-04-2024,234.0,234.0,229.6,229.6,229.6,234.25,105.65,38617,8951996.8,464.0,231.81,BE
29-04-2024,225.0,225.0,225.0,225.0,225.0,234.25,105.65,13851,3116475.0,255.0,225.0,BE
30-04-2024,220.5,220.5,220.5,220.5,220.5,234.25,105.65,5580,1230390.0,180.0,220.5,BE
02-05-2024,216.1,216.1,216.1,216.1,216.1,234.25,105.65,4995,1079419.5,122.0,216.1,BE
03-05-2024,211.8,211.8,211.8,211.8,211.8,234.25,105.65,6434,1362721.2,94.0,211.8,BE
06-05-2024,207.6,207.6,207.6,207.6,207.6,234.25,105.65,2177,451945.2,69.0,207.6,BE
07-05-2024,203.45,203.45,203.45,203.45,203.45,234.25,105.65,1221,248412.45,67.0,203.45,BE
08-05-2024,199.4,199.4,199.4,199.4,199.4,234.25,105.65,1551,309269.4,60.0,199.4,BE
09-05-2024,195.45,195.45,195.45,195.45,195.45,234.25,105.65,2741,535728.45,51.0,195.45,BE
10-05-2024,191.55,191.55,191.55,191.55,191.55,234.25,105.65,1265,242310.75,59.0,191.55,BE
13-05-2024,187.75,187.75,187.75,187.75,187.75,234.25,105.65,2527,474444.25,58.0,187.75,BE
14-05-2024,184.0,184.0,184.0,184.0,184.0,234.25,105.65,10627,1955368.0,97.0,184.0,BE
15-05-2024,187.5,187.65,187.5,187.65,187.65,234.25,105.65,51793,9716709.15,260.0,187.61,BE
16-05-2024,191.4,191.4,191.4,191.4,191.4,234.25,105.65,8346,1597424.4,68.0,191.4,BE
17-05-2024,195.2,195.2,195.2,195.2,195.2,234.25,105.65,3675,717360.0,50.0,195.2,BE
18-05-2024,199.1,199.1,199.1,199.1,199.1,234.25,105.65,6374,1269063.4,11.0,199.1,BE
21-05-2024,195.15,195.15,195.15,195.15,195.15,234.25,105.65,28040,5472006.0,246.0,195.15,BE
22-05-2024,191.25,191.25,191.25,191.25,191.25,234.25,105.65,10287,1967388.75,122.0,191.25,BE
23-05-2024,187.45,187.45,187.45,187.45,187.45,234.25,105.65,9441,1769715.45,134.0,187.45,BE
24-05-2024,183.7,183.7,183.7,183.7,183.7,234.25,105.65,16660,3060442.0,215.0,183.7,BE
27-05-2024,180.2,184.0,180.2,184.0,184.0,234.25,105.65,15639,2865839.6,184.0,183.25,BE
28-05-2024,183.1,183.1,180.35,180.35,180.35,234.25,105.65,7653,1392931.25,109.0,182.01,BE
29-05-2024,180.35,183.95,180.35,183.95,183.95,234.25,105.65,10308,1875510.45,100.0,181.95,BE
30-05-2024,187.6,187.6,187.6,187.6,187.6,234.25,105.65,8883,1666450.8,90.0,187.6,BE
31-05-2024,187.5,187.5,184.2,184.25,184.25,234.25,105.65,8486,1575407.45,74.0,185.65,BE
03-06-2024,193.35,193.45,175.05,180.45,179.0,234.25,105.65,79675,14375613.75,819.0,180.43,BE
04-06-2024,177.0,179.8,171.45,171.45,171.45,234.25,105.65,37896,6573328.05,442.0,173.46,BE
05-06-2024,165.3,178.95,162.9,174.2,175.0,234.25,105.65,35916,5990312.25,412.0,166.79,BE
06-06-2024,174.2,182.9,170.2,182.9,182.9,234.25,105.65,18695,3374819.0,198.0,180.52,BE
07-06-2024,187.0,192.0,187.0,192.0,192.0,234.25,105.65,15749,3019288.25,119.0,191.71,BE
10-06-2024,199.0,201.6,197.0,201.6,201.6,234.25,105.65,16337,3273365.65,207.0,200.37,BE
11-06-2024,211.68,211.68,211.68,211.68,211.68,234.25,105.65,6797,1438788.96,76.0,211.68,BE
12-06-2024,222.26,222.26,222.26,222.26,222.26,234.25,105.65,8267,1837423.42,78.0,222.26,BE
13-06-2024,217.81,217.81,217.81,217.81,217.81,234.25,105.65,15777,3436388.37,146.0,217.81,BE
14-06-2024,215.0,222.16,215.0,222.16,222.16,234.25,105.65,33759,7428583.74,170.0,220.05,BE
18-06-2024,226.6,226.6,225.5,225.5,225.5,234.25,105.65,20847,4719263.65,140.0,226.38,BE
19-06-2024,223.9,223.9,220.99,220.99,220.99,234.25,105.65,4327,961417.95,80.0,222.19,BE
20-06-2024,216.57,216.57,216.57,216.57,216.57,234.25,105.65,2907,629568.99,81.0,216.57,BE
21-06-2024,220.9,220.9,217.01,220.9,220.9,234.25,105.65,23379,5160710.04,164.0,220.74,BE
24-06-2024,221.0,221.0,220.9,220.9,220.9,234.25,105.65,8395,1855257.2,181.0,221.0,BE
25-06-2024,220.9,220.9,216.48,216.48,216.48,234.25,105.65,3958,860991.1,83.0,217.53,BE
26-06-2024,213.0,213.0,212.15,212.15,212.15,234.25,105.65,4303,914878.2,92.0,212.61,BE
27-06-2024,210.0,210.0,207.9,207.9,207.9,234.25,105.65,4127,864237.0,79.0,209.41,BE
28-06-2024,207.9,212.0,204.5,204.5,204.5,234.25,105.65,6004,1255577.6,93.0,209.12,BE
01-07-2024,203.1,206.0,201.1,206.0,206.0,234.25,105.65,10696,2174026.7,99.0,203.26,BE
02-07-2024,210.0,210.12,210.0,210.12,210.12,234.25,105.65,15523,3260304.12,98.0,210.03,BE
03-07-2024,214.32,214.32,214.0,214.32,214.32,234.25,105.65,11359,2433477.84,101.0,214.23,BE
04-07-2024,211.0,214.33,211.0,214.33,214.33,234.25,105.65,7085,1513986.32,91.0,213.69,BE
05-07-2024,214.5,218.61,214.5,218.61,218.61,234.25,105.65,9550,2082468.81,111.0,218.06,BE
08-07-2024,218.61,218.61,216.0,216.05,216.05,234.25,105.65,5982,1299268.68,99.0,217.2,BE
09-07-2024,216.2,218.9,214.0,214.0,214.0,234.25,105.65,3765,812352.9,69.0,215.76,BE
10-07-2024,210.05,210.05,209.72,209.72,209.72,234.25,105.65,5319,1116776.54,71.0,209.96,BE
11-07-2024,209.72,209.72,207.95,207.95,207.95,234.25,105.65,2674,557589.22,54.0,208.52,BE
12-07-2024,203.79,203.79,203.79,203.79,203.79,234.25,105.65,6500,1324635.0,101.0,203.79,BE
15-07-2024,203.0,207.86,203.0,207.86,207.86,234.25,105.65,10991,2280589.48,76.0,207.5,BE
16-07-2024,212.01,212.01,212.01,212.01,212.01,234.25,105.65,2814,596596.14,38.0,212.01,BE
18-07-2024,216.25,216.25,216.25,216.25,216.25,234.25,105.65,17624,3811190.0,58.0,216.25,BE
19-07-2024,220.57,220.57,220.57,220.57,220.57,234.25,105.65,7652,1687801.64,60.0,220.57,BE
22-07-2024,229.99,231.59,224.0,231.59,231.59,234.25,105.65,52626,12151098.91,354.0,230.9,BE
23-07-2024,243.16,243.16,243.16,243.16,243.16,243.16,105.65,15461,3759496.76,167.0,243.16,BE
24-07-2024,255.31,255.31,255.31,255.31,255.31,255.31,105.65,4660,1189744.6,105.0,255.31,BE
25-07-2024,268.07,268.07,268.07,268.07,268.07,268.07,105.65,42216,11316843.12,210.0,268.07,BE
26-07-2024,281.47,281.47,270.0,281.47,281.47,281.47,105.65,78515,22094281.47,852.0,281.4,BE
29-07-2024,295.54,295.54,285.0,295.54,295.54,295.54,105.65,38759,11432615.02,469.0,294.97,BE
30-07-2024,310.31,310.31,300.0,310.3,310.31,310.31,105.65,110113,34096144.27,1528.0,309.65,BE
31-07-2024,304.09,304.09,304.09,304.09,304.09,310.31,105.65,12728,3870457.52,247.0,304.09,BE
01-08-2024,298.05,298.05,298.05,298.05,298.05,310.31,105.65,4254,1267904.7,131.0,298.05,BE
02-08-2024,292.1,292.1,292.1,292.1,292.1,310.31,105.65,3434,1003071.4,124.0,292.1,BE
05-08-2024,286.25,286.25,286.25,286.25,286.25,310.31,105.65,6493,1858621.25,144.0,286.25,BE
06-08-2024,280.55,280.55,280.55,280.55,280.55,310.31,105.65,6016,1687788.8,111.0,280.55,BE
07-08-2024,274.95,274.95,274.95,274.95,274.95,310.31,105.65,3780,1039311.0,123.0,274.95,BE
08-08-2024,269.45,280.4,269.45,280.4,280.4,310.31,105.65,44559,12252903.55,308.0,274.98,BE
09-08-2024,286.0,286.0,283.95,283.95,283.95,310.31,105.65,27542,7829507.35,189.0,284.28,BE
12-08-2024,282.4,282.4,278.3,278.3,278.3,310.31,105.65,18412,5179874.9,156.0,281.33,BE
13-08-2024,272.75,272.75,272.75,272.75,272.75,310.31,105.65,14483,3950238.25,106.0,272.75,BE
14-08-2024,268.0,268.0,267.3,268.0,268.0,310.31,105.65,9217,2467004.6,116.0,267.66,BE
16-08-2024,262.65,262.65,262.65,262.65,262.65,310.31,105.65,2554,670808.1,90.0,262.65,BE
19-08-2024,257.4,257.4,257.4,257.4,257.4,310.31,105.65,4910,1263834.0,122.0,257.4,BE
20-08-2024,253.1,253.1,252.25,252.25,252.25,310.31,105.65,33095,8369975.1,208.0,252.91,BE
21-08-2024,257.0,257.0,255.9,255.9,255.9,310.31,105.65,21808,5590221.8,232.0,256.34,BE
22-08-2024,250.8,250.8,250.8,250.8,250.8,310.31,105.65,7967,1998123.6,159.0,250.8,BE
23-08-2024,245.8,245.8,245.8,245.8,245.8,310.31,105.65,5750,1413350.0,117.0,245.8,BE
26-08-2024,240.9,240.9,240.9,240.9,240.9,310.31,105.65,4143,998048.7,146.0,240.9,BE
27-08-2024,238.1,245.7,238.1,245.7,245.7,310.31,105.65,12513,3030310.5,124.0,242.17,BE
28-08-2024,250.6,250.6,250.6,250.6,250.6,310.31,105.65,10808,2708484.8,62.0,250.6,BE
29-08-2024,255.6,255.6,255.6,255.6,255.6,310.31,105.65,3382,864439.2,30.0,255.6,BE
30-08-2024,260.7,260.7,260.7,260.7,260.7,310.31,105.65,3456,900979.2,28.0,260.7,BE
02-09-2024,265.9,265.9,265.0,265.9,265.9,310.31,105.65,35497,9435370.9,220.0,265.81,BE
03-09-2024,271.2,271.2,271.2,271.2,271.2,310.31,105.65,12333,3344709.6,140.0,271.2,BE
04-09-2024,276.6,276.6,276.6,276.6,276.6,310.31,105.65,9284,2567954.4,81.0,276.6,BE
05-09-2024,282.1,282.1,282.1,282.1,282.1,310.31,105.65,3939,1111191.9,56.0,282.1,BE
06-09-2024,287.7,287.7,287.7,287.7,287.7,310.31,105.65,3241,932435.7,36.0,287.7,BE
09-09-2024,300.0,302.05,298.0,302.05,302.05,310.31,105.65,35051,10566995.95,385.0,301.47,BE
10-09-2024,311.0,317.15,309.0,317.15,317.15,317.15,105.65,20175,6349967.45,403.0,314.74,BE
11-09-2024,329.9,332.5,301.3,301.3,301.3,332.5,105.65,44636,14129687.05,1114.0,316.55,BE
12-09-2024,295.0,316.35,286.25,316.15,316.35,332.5,105.65,47683,14255310.0,1040.0,298.96,BE
13-09-2024,314.45,324.0,302.2,309.6,309.0,332.5,105.65,22694,7093103.9,684.0,312.55,BE
16-09-2024,314.9,314.9,294.15,295.1,294.2,332.5,105.65,26204,7846444.4,601.0,299.44,BE
17-09-2024,286.05,297.35,280.35,295.5,296.0,332.5,105.65,17169,4942683.3,521.0,287.88,BE
18-09-2024,298.45,298.45,280.75,284.15,283.75,332.5,105.65,19743,5624842.05,573.0,284.9,BE
19-09-2024,282.15,282.15,269.95,271.9,272.0,332.5,105.65,38591,10509871.1,765.0,272.34,BE
20-09-2024,270.0,284.0,264.1,271.2,272.95,332.5,105.65,37856,10468540.6,634.0,276.54,BE
23-09-2024,274.95,284.75,274.0,284.75,284.75,332.5,108.5,16877,4742705.6,350.0,281.02,BE
24-09-2024,293.0,298.95,293.0,298.95,298.95,332.5,108.5,12139,3606436.75,263.0,297.1,BE
25-09-2024,304.95,313.85,304.95,313.4,313.85,332.5,108.5,49286,15395014.85,871.0,312.36,BE
26-09-2024,327.8,329.05,313.45,329.05,329.05,332.5,108.5,37568,12267933.8,787.0,326.55,BE
27-09-2024,345.2,345.5,335.0,345.5,345.5,345.5,108.5,43259,14897091.25,727.0,344.37,BE
30-09-2024,338.6,338.6,338.6,338.6,338.6,345.5,109.1,4681,1584986.6,110.0,338.6,BE
01-10-2024,331.85,331.85,331.85,331.85,331.85,345.5,109.1,3017,1001191.45,69.0,331.85,BE
03-10-2024,325.25,325.25,325.25,325.25,325.25,345.5,109.1,2993,973473.25,78.0,325.25,BE
04-10-2024,318.75,318.75,318.75,318.75,318.75,345.5,109.1,2213,705393.75,75.0,318.75,BE
07-10-2024,312.4,312.4,312.4,312.4,312.4,345.5,112.1,675,210870.0,50.0,312.4,BE
08-10-2024,306.15,306.15,306.15,306.15,306.15,345.5,112.1,4006,1226436.9,79.0,306.15,BE
09-10-2024,300.05,300.05,300.05,300.05,300.05,345.5,112.1,12301,3690915.05,127.0,300.05,BE
10-10-2024,294.05,294.4,294.05,294.4,294.4,345.5,112.1,9267,2726426.45,154.0,294.21,BE
11-10-2024,293.9,293.9,290.0,290.0,290.0,345.5,112.1,7603,2220948.5,152.0,292.11,BE
14-10-2024,290.0,290.0,284.2,284.2,284.2,345.5,114.65,13232,3788609.0,229.0,286.32,BE
15-10-2024,284.2,284.2,278.55,279.0,279.0,345.5,114.65,7639,2145002.6,167.0,280.8,BE
16-10-2024,279.0,284.55,279.0,284.55,284.55,345.5,114.65,3411,964832.6,58.0,282.86,BE
17-10-2024,290.2,290.2,290.2,290.2,290.2,345.5,114.65,2727,791375.4,25.0,290.2,BE
18-10-2024,296.0,296.0,296.0,296.0,296.0,345.5,114.65,4129,1222184.0,23.0,296.0,BE
21-10-2024,297.0,297.0,290.1,290.1,290.1,345.5,117.0,10429,3050625.45,136.0,292.51,BE
22-10-2024,284.3,284.3,284.3,284.3,284.3,345.5,117.0,2876,817646.8,78.0,284.3,BE
23-10-2024,283.5,283.9,280.5,280.5,280.5,345.5,117.0,4512,1277352.65,90.0,283.1,BE
24-10-2024,280.0,280.0,280.0,280.0,280.0,345.5,117.0,3198,895440.0,71.0,280.0,BE
25-10-2024,274.4,274.4,274.4,274.4,274.4,345.5,117.0,1438,394587.2,88.0,274.4,BE
28-10-2024,270.2,272.0,268.95,272.0,272.0,345.5,119.0,10201,2761146.95,160.0,270.67,BE
29-10-2024,274.0,277.4,274.0,277.4,277.4,345.5,119.0,3683,1016589.2,82.0,276.02,BE
30-10-2024,282.9,282.9,282.9,282.9,282.9,345.5,119.0,4206,1189877.4,34.0,282.9,BE
31-10-2024,288.55,288.55,288.55,288.55,288.55,345.5,119.0,2781,802457.55,27.0,288.55,BE
01-11-2024,302.95,302.95,302.0,302.95,302.95,345.5,119.0,10269,3110391.25,175.0,302.89,BE
04-11-2024,315.95,315.95,288.0,291.25,297.0,345.5,120.3,29473,8758151.45,546.0,297.16,BE
05-11-2024,295.6,305.8,288.0,303.3,300.0,345.5,120.3,11062,3292535.2,222.0,297.64,BE
06-11-2024,303.0,303.2,291.2,294.7,297.4,345.5,120.3,8285,2442935.2,285.0,294.86,BE
07-11-2024,295.5,295.5,283.15,287.65,288.95,345.5,120.3,12713,3676705.25,247.0,289.21,BE
08-11-2024,287.6,287.6,275.5,278.35,279.75,345.5,120.3,11653,3257936.85,306.0,279.58,BE
11-11-2024,278.35,283.95,271.65,277.3,275.05,345.5,120.3,7213,2008175.65,226.0,278.41,BE
12-11-2024,284.0,284.0,270.0,271.75,276.95,345.5,120.3,5963,1649404.55,170.0,276.61,BE
13-11-2024,266.0,271.0,258.2,258.2,258.2,345.5,120.3,15691,4074880.1,346.0,259.7,BE
14-11-2024,248.55,261.85,248.2,254.6,254.05,345.5,120.3,15945,4084785.05,243.0,256.18,BE
18-11-2024,254.6,254.6,241.9,242.25,242.35,345.5,120.3,19538,4757499.05,339.0,243.5,BE
19-11-2024,242.3,242.3,230.25,234.45,234.7,345.5,120.3,17352,4057410.3,339.0,233.83,BE
21-11-2024,225.05,233.65,222.75,222.75,222.75,345.5,120.3,19903,4469703.15,492.0,224.57,BE
22-11-2024,222.7,229.35,215.0,225.75,227.9,345.5,120.3,16272,3591825.05,415.0,220.74,BE
25-11-2024,229.9,237.0,229.9,237.0,237.0,345.5,123.0,4107,968130.6,60.0,235.73,BE
26-11-2024,248.0,248.85,247.0,248.85,248.85,345.5,123.0,5057,1254499.25,80.0,248.07,BE
27-11-2024,254.0,261.25,254.0,261.25,261.25,345.5,123.0,6603,1714840.3,156.0,259.71,BE
28-11-2024,269.85,270.0,249.3,250.6,249.3,345.5,123.0,18468,4797654.7,410.0,259.78,BE
29-11-2024,245.1,260.0,245.1,258.55,260.0,345.5,123.0,8527,2161406.8,169.0,253.48,BE
02-12-2024,259.7,271.45,258.55,271.45,271.45,345.5,124.0,10729,2891686.25,234.0,269.52,BE
03-12-2024,279.95,285.0,272.25,282.1,285.0,345.5,124.0,23353,6583802.05,407.0,281.93,BE
04-12-2024,289.95,290.0,272.0,288.0,289.0,345.5,124.0,10763,3069826.85,339.0,285.22,BE
05-12-2024,295.0,299.8,280.6,285.3,283.35,345.5,124.0,10725,3081168.55,206.0,287.29,BE
06-12-2024,287.0,292.8,282.6,285.8,286.0,345.5,124.0,4378,1260744.4,169.0,287.97,BE
09-12-2024,286.0,300.05,285.8,300.05,300.05,345.5,128.0,26244,7777752.05,722.0,296.36,BE
10-12-2024,300.05,315.05,300.05,315.05,315.05,345.5,128.0,22302,6980743.25,611.0,313.01,BE
11-12-2024,326.5,330.8,320.1,330.7,330.8,345.5,128.0,38358,12566554.2,1174.0,327.61,BE
12-12-2024,337.35,340.0,314.2,328.3,328.0,345.5,128.0,33701,10937831.95,974.0,324.56,BE
13-12-2024,328.0,328.0,311.9,318.5,318.0,345.5,128.0,13768,4382761.75,488.0,318.33,BE
16-12-2024,312.15,312.15,312.15,312.15,312.15,345.5,129.3,6991,2182240.65,155.0,312.15,BE
17-12-2024,305.9,305.9,305.9,305.9,305.9,345.5,129.3,2085,637801.5,122.0,305.9,BE
18-12-2024,299.8,299.8,299.8,299.8,299.8,345.5,129.3,1529,458394.2,105.0,299.8,BE
19-12-2024,293.8,293.8,293.8,293.8,293.8,345.5,129.3,2444,718047.2,94.0,293.8,BE
20-12-2024,288.05,290.0,288.0,288.0,288.0,345.5,129.3,4087,1178914.75,128.0,288.45,BE
23-12-2024,290.0,290.0,282.25,285.0,285.0,345.5,129.3,3487,999765.0,133.0,286.71,BE
24-12-2024,286.05,287.0,280.0,280.1,280.1,345.5,129.3,2471,702578.0,93.0,284.33,BE
26-12-2024,285.7,285.7,280.0,280.0,280.0,345.5,129.3,2237,633116.0,96.0,283.02,BE
27-12-2024,280,280,277,277,277,345.5,129.3,3109,864348.55,93,278.01,BE
