DATE,OPEN,HIGH,LOW,CLOSE,LTP,52WEEK_HIGH_PRICE,52WEEK_LOW_PRICE,TOT_TRADED_QTY,TOT_TRADED_VAL,TOTAL_TRADES,VWAP,SERIES
01-01-1996,26.75,27.0,26.5,26.75,,,,5600,149435.0,,26.68,EQ
02-01-1996,26.75,26.9,26.25,26.25,,,,11800,312455.0,,26.48,EQ
03-01-1996,26.25,26.9,26.25,26.3,,,,6300,167405.0,,26.57,EQ
04-01-1996,26.3,26.5,26.0,26.5,,,,6700,176035.0,,26.27,EQ
05-01-1996,26.5,26.8,26.25,26.3,,,,4200,111165.0,,26.47,EQ
08-01-1996,26.3,26.45,25.0,25.05,,,,8100,211565.0,,26.12,EQ
09-01-1996,25.05,26.0,25.0,25.3,,,,12200,308290.0,,25.27,EQ
10-01-1996,25.5,25.9,25.1,25.35,,,,3200,81335.0,,25.42,EQ
11-01-1996,25.65,25.8,25.1,25.5,,,,4200,106760.0,,25.42,EQ
12-01-1996,25.5,25.9,25.5,25.9,,,,7800,200515.0,,25.71,EQ
15-01-1996,25.9,26.0,25.25,25.75,,,,3400,87115.0,,25.62,EQ
16-01-1996,26.2,26.2,25.0,25.25,,,,11000,278445.0,,25.31,EQ
17-01-1996,25.25,25.5,25.3,25.3,,,,2800,71070.0,,25.38,EQ
18-01-1996,25.95,25.95,24.65,24.75,,,,3200,80075.0,,25.02,EQ
19-01-1996,24.75,24.75,24.0,24.35,,,,7200,174800.0,,24.28,EQ
22-01-1996,24.35,24.5,24.0,24.25,,,,4100,98775.0,,24.09,EQ
23-01-1996,23.5,24.95,23.0,23.8,,,,5200,123150.0,,23.68,EQ
24-01-1996,23.8,23.75,22.55,23.5,,,,7100,165340.0,,23.29,EQ
25-01-1996,23.75,23.75,23.15,23.35,,,,7600,177520.0,,23.36,EQ
29-01-1996,23.35,23.95,23.25,23.6,,,,2800,66150.0,,23.63,EQ
30-01-1996,23.6,24.9,23.65,24.6,,,,9300,228020.0,,24.52,EQ
31-01-1996,24.6,26.0,23.6,24.9,,,,20900,524155.0,,25.08,EQ
01-02-1996,24.9,25.6,25.1,25.55,,,,4700,119325.0,,25.39,EQ
02-02-1996,25.55,27.45,25.25,26.9,,,,18100,484415.0,,26.76,EQ
05-02-1996,26.9,29.45,28.0,28.6,,,,28000,803420.0,,28.69,EQ
06-02-1996,28.6,29.5,27.55,28.25,,,,23800,675860.0,,28.4,EQ
07-02-1996,28.25,28.85,26.75,27.85,,,,10300,284345.0,,27.61,EQ
08-02-1996,27.85,30.65,27.25,29.8,,,,24200,709070.0,,29.3,EQ
09-02-1996,29.8,32.95,30.0,32.95,,,,71700,2254055.0,,31.44,EQ
12-02-1996,32.95,33.5,30.0,30.65,,,,75400,2453270.0,,32.54,EQ
13-02-1996,30.65,32.0,30.0,30.35,,,,32500,1010955.0,,31.11,EQ
14-02-1996,30.35,33.25,31.9,32.15,,,,25100,816870.0,,32.54,EQ
15-02-1996,32.15,34.5,32.0,33.1,,,,61500,2041485.0,,33.19,EQ
16-02-1996,33.1,33.75,31.0,31.55,,,,44300,1420310.0,,32.06,EQ
19-02-1996,31.55,31.9,30.75,30.95,,,,15000,470085.0,,31.34,EQ
20-02-1996,30.95,31.35,28.55,29.0,,,,33900,1011445.0,,29.84,EQ
22-02-1996,30.5,31.9,30.0,30.7,,,,29200,906200.0,,31.03,EQ
23-02-1996,30.7,30.5,29.75,29.85,,,,18000,541650.0,,30.09,EQ
26-02-1996,29.85,31.0,30.0,30.6,,,,21500,661405.0,,30.76,EQ
27-02-1996,30.6,30.3,29.6,30.2,,,,27500,826590.0,,30.06,EQ
28-02-1996,30.2,30.6,29.95,29.95,,,,13900,419840.0,,30.2,EQ
29-02-1996,29.95,29.3,27.0,27.65,,,,14100,399095.0,,28.3,EQ
01-03-1996,28.0,28.6,27.8,28.4,,,,12900,363160.0,,28.15,EQ
04-03-1996,28.4,30.0,28.05,29.55,,,,29500,863400.0,,29.27,EQ
06-03-1996,29.55,30.15,29.5,29.85,,,,15800,470605.0,,29.79,EQ
07-03-1996,30.1,30.9,29.15,30.2,,,,37300,1115495.0,,29.91,EQ
08-03-1996,30.2,30.0,28.55,29.6,,,,53700,1579560.0,,29.41,EQ
11-03-1996,29.6,29.1,28.4,28.5,,,,36900,1055150.0,,28.59,EQ
12-03-1996,28.5,28.5,26.5,27.6,,,,21600,598650.0,,27.72,EQ
13-03-1996,27.6,28.0,27.0,27.6,,,,13100,361810.0,,27.62,EQ
14-03-1996,27.6,28.5,27.5,27.8,,,,6300,177135.0,,28.12,EQ
15-03-1996,27.8,28.0,27.4,27.6,,,,8200,227470.0,,27.74,EQ
18-03-1996,27.6,27.55,26.75,27.0,,,,47700,1290740.0,,27.06,EQ
19-03-1996,27.0,27.25,26.0,26.9,,,,10700,284885.0,,26.62,EQ
21-03-1996,26.9,27.5,26.85,27.1,,,,13700,371930.0,,27.15,EQ
22-03-1996,27.1,27.25,26.35,26.5,,,,8200,219980.0,,26.83,EQ
25-03-1996,26.5,27.5,26.15,26.35,,,,9200,245265.0,,26.66,EQ
26-03-1996,26.35,26.95,26.0,26.7,,,,41400,1091035.0,,26.35,EQ
27-03-1996,26.7,28.9,27.25,27.8,,,,52600,1476320.0,,28.07,EQ
28-03-1996,27.8,28.45,27.85,28.15,,,,17700,497920.0,,28.13,EQ
29-03-1996,28.15,28.25,27.6,27.85,,,,22500,625350.0,,27.79,EQ
01-04-1996,27.85,28.25,27.75,27.95,,,,22500,630120.0,,28.01,EQ
02-04-1996,27.95,30.0,27.6,29.65,,,,423200,12652930.0,,29.9,EQ
03-04-1996,29.65,32.0,29.75,31.15,,,,348900,10821570.0,,31.02,EQ
04-04-1996,31.15,30.6,29.3,29.75,,,,22500,669450.0,,29.75,EQ
08-04-1996,29.75,30.85,29.75,30.0,,,,14300,430810.0,,30.13,EQ
09-04-1996,30.0,30.5,27.65,29.9,,,,28400,854095.0,,30.07,EQ
10-04-1996,29.9,31.0,29.75,30.0,,,,182600,5633060.0,,30.85,EQ
11-04-1996,30.0,30.0,29.1,29.4,,,,35200,1037430.0,,29.47,EQ
12-04-1996,29.4,29.45,29.25,29.4,,,,6000,175955.0,,29.33,EQ
15-04-1996,29.85,29.9,29.25,29.8,,,,12200,361575.0,,29.64,EQ
16-04-1996,29.8,30.15,29.0,29.15,,,,19100,564105.0,,29.53,EQ
17-04-1996,29.15,31.35,30.1,31.1,,,,39600,1222850.0,,30.88,EQ
18-04-1996,31.1,34.0,32.15,32.95,,,,86700,2857375.0,,32.96,EQ
19-04-1996,32.95,34.15,32.8,33.05,,,,70000,2349905.0,,33.57,EQ
22-04-1996,33.05,33.5,32.0,32.25,,,,30900,1004275.0,,32.5,EQ
23-04-1996,32.25,32.5,31.25,31.6,,,,56700,1802930.0,,31.8,EQ
24-04-1996,31.6,34.8,33.0,34.55,,,,1029100,35520280.0,,34.52,EQ
25-04-1996,34.55,35.0,33.05,33.35,,,,111400,3807475.0,,34.18,EQ
26-04-1996,33.35,33.9,32.0,32.8,,,,54500,1784800.0,,32.75,EQ
29-04-1996,32.8,32.8,31.6,32.35,,,,18800,605680.0,,32.22,EQ
30-04-1996,32.35,32.0,31.5,31.75,,,,43600,1385225.0,,31.77,EQ
01-05-1996,31.75,32.9,31.8,32.25,,,,17200,558390.0,,32.46,EQ
02-05-1996,32.25,33.1,31.95,32.15,,,,22100,711705.0,,32.2,EQ
03-05-1996,32.15,32.5,31.75,31.75,,,,10700,341785.0,,31.94,EQ
06-05-1996,31.75,31.55,30.0,30.85,,,,26500,823760.0,,31.09,EQ
07-05-1996,30.85,31.0,30.4,30.6,,,,31200,956940.0,,30.67,EQ
08-05-1996,30.6,31.7,29.5,31.6,,,,28700,889005.0,,30.98,EQ
09-05-1996,31.6,31.45,30.65,30.8,,,,13400,416270.0,,31.06,EQ
10-05-1996,30.8,29.95,28.8,29.9,,,,23900,705550.0,,29.52,EQ
13-05-1996,29.9,30.45,29.7,30.15,,,,19600,588510.0,,30.03,EQ
14-05-1996,30.15,30.5,30.1,30.4,,,,30600,927475.0,,30.31,EQ
15-05-1996,30.4,31.2,30.2,30.85,,,,36800,1131505.0,,30.75,EQ
16-05-1996,30.85,33.5,31.0,31.05,,,,53300,1679665.0,,31.51,EQ
17-05-1996,31.05,30.7,30.3,30.7,,,,12000,366560.0,,30.55,EQ
20-05-1996,29.0,30.8,29.0,29.75,,,,19800,600925.0,,30.35,EQ
21-05-1996,29.75,30.2,29.15,29.4,,,,33300,988705.0,,29.69,EQ
22-05-1996,29.4,30.25,28.05,29.3,,,,46800,1374245.0,,29.36,EQ
23-05-1996,29.3,29.4,28.7,28.95,,,,13200,381675.0,,28.91,EQ
24-05-1996,28.95,29.0,28.65,28.95,,,,20700,597650.0,,28.87,EQ
27-05-1996,28.95,28.95,28.05,28.3,,,,15200,430320.0,,28.31,EQ
28-05-1996,28.3,28.6,27.5,28.5,,,,28200,784845.0,,27.83,EQ
29-05-1996,28.5,29.0,28.0,28.3,,,,77300,2185200.0,,28.27,EQ
30-05-1996,28.3,29.75,28.0,28.05,,,,91200,2580245.0,,28.29,EQ
31-05-1996,28.05,28.2,26.85,27.0,,,,134400,3679640.0,,27.38,EQ
03-06-1996,27.0,28.0,27.25,27.5,,,,62900,1733515.0,,27.56,EQ
04-06-1996,27.5,27.9,27.1,27.35,,,,68500,1881930.0,,27.47,EQ
05-06-1996,27.7,28.8,27.3,27.8,,,,80500,2229055.0,,27.69,EQ
06-06-1996,27.9,28.25,27.7,27.85,,,,155900,4342345.0,,27.85,EQ
07-06-1996,28.05,28.2,27.75,27.8,,,,29100,814115.0,,27.98,EQ
10-06-1996,28.1,29.0,27.7,28.45,,,,1268500,36734260.0,,28.96,EQ
11-06-1996,28.0,28.4,28.0,28.25,,,,178300,5000195.0,,28.04,EQ
12-06-1996,29.0,29.75,29.0,29.5,,,,100400,2948140.0,,29.36,EQ
13-06-1996,29.5,30.5,29.5,30.15,,,,70600,2132150.0,,30.2,EQ
14-06-1996,30.85,31.7,30.5,31.35,,,,1307100,40541275.0,,31.02,EQ
17-06-1996,31.95,33.7,31.25,33.05,,,,597300,19586680.0,,32.79,EQ
18-06-1996,32.75,33.3,32.5,33.2,,,,213800,7031890.0,,32.89,EQ
19-06-1996,34.0,35.25,33.75,34.15,,,,465300,16042755.0,,34.48,EQ
20-06-1996,34.0,34.2,32.5,33.75,,,,151000,5039465.0,,33.37,EQ
21-06-1996,33.9,33.9,32.7,32.85,,,,136800,4529040.0,,33.11,EQ
24-06-1996,32.5,34.0,32.3,34.0,,,,276600,9242165.0,,33.41,EQ
25-06-1996,34.05,34.1,32.5,32.85,,,,174200,5801750.0,,33.31,EQ
26-06-1996,33.1,33.4,32.5,32.65,,,,101000,3316415.0,,32.84,EQ
27-06-1996,32.0,33.25,31.5,33.0,,,,87200,2837695.0,,32.54,EQ
28-06-1996,33.0,33.5,32.8,32.9,,,,60700,2009855.0,,33.11,EQ
01-07-1996,32.5,32.85,31.95,32.25,,,,33100,1072155.0,,32.39,EQ
02-07-1996,32.35,33.0,31.6,32.0,,,,298200,9775355.0,,32.78,EQ
03-07-1996,31.0,31.5,29.75,31.35,,,,75300,2335015.0,,31.01,EQ
04-07-1996,31.4,31.4,29.55,30.55,,,,122200,3720205.0,,30.44,EQ
05-07-1996,30.3,30.95,30.1,30.3,,,,54600,1670105.0,,30.59,EQ
08-07-1996,31.2,31.2,30.0,30.35,,56.25,22.55,43700,1323935.0,,30.3,EQ
09-07-1996,30.0,30.25,29.4,29.55,,56.25,22.55,54800,1638570.0,,29.9,EQ
10-07-1996,29.3,31.0,29.1,30.0,,56.25,22.55,21900,652295.0,,29.79,EQ
11-07-1996,30.0,30.6,30.0,30.05,,56.25,22.55,34800,1048575.0,,30.13,EQ
12-07-1996,30.0,30.2,29.8,30.0,,56.25,22.55,11200,335735.0,,29.98,EQ
15-07-1996,29.75,30.0,29.4,29.55,,56.25,22.55,269300,7947860.0,,29.51,EQ
16-07-1996,29.1,30.0,29.0,29.65,,56.25,22.55,313000,9238275.0,,29.52,EQ
17-07-1996,30.45,30.45,29.3,29.9,,56.25,22.55,62500,1879105.0,,30.07,EQ
18-07-1996,29.5,30.4,29.3,29.55,,56.25,22.55,39000,1156760.0,,29.66,EQ
19-07-1996,29.9,30.15,29.25,30.15,,56.25,22.55,519200,15476250.0,,29.81,EQ
22-07-1996,29.4,30.0,29.15,29.45,,56.25,22.55,17300,510060.0,,29.48,EQ
23-07-1996,29.5,29.5,26.5,26.6,,56.25,22.55,60600,1654175.0,,27.3,EQ
24-07-1996,26.5,26.5,24.25,25.7,,56.25,22.55,55300,1407060.0,,25.44,EQ
25-07-1996,25.0,25.9,25.0,25.5,,56.25,22.55,38600,985490.0,,25.53,EQ
26-07-1996,26.0,26.0,25.25,25.35,,56.25,22.55,22300,567170.0,,25.43,EQ
29-07-1996,25.1,25.45,24.65,24.7,,56.25,22.55,29600,740775.0,,25.03,EQ
30-07-1996,25.5,26.0,22.75,23.45,,56.25,22.55,63300,1471970.0,,23.25,EQ
31-07-1996,23.3,25.9,22.5,25.8,,56.25,22.55,158500,3859875.0,,24.35,EQ
01-08-1996,25.85,26.0,24.6,24.7,,56.25,22.5,90800,2270830.0,,25.01,EQ
02-08-1996,24.9,24.9,24.35,24.65,,56.25,22.5,174500,4297405.0,,24.63,EQ
05-08-1996,25.75,25.95,24.55,25.0,,56.25,22.5,194300,4916150.0,,25.3,EQ
06-08-1996,25.25,25.75,24.7,25.35,,56.25,22.5,233700,5954740.0,,25.48,EQ
07-08-1996,25.0,26.95,25.0,26.05,,56.25,22.5,111200,2869295.0,,25.8,EQ
08-08-1996,25.65,26.5,25.5,25.5,,56.25,22.5,80100,2082945.0,,26.0,EQ
09-08-1996,25.75,26.0,25.5,25.85,,56.25,22.5,67200,1731195.0,,25.76,EQ
12-08-1996,25.6,25.85,25.55,25.6,,56.25,22.5,19100,489800.0,,25.64,EQ
13-08-1996,25.5,25.55,25.05,25.2,,56.25,22.5,48600,1229785.0,,25.3,EQ
14-08-1996,25.55,26.0,25.25,25.35,,56.25,22.5,51800,1328270.0,,25.64,EQ
16-08-1996,25.9,25.95,25.0,25.05,,56.25,22.5,77500,1944090.0,,25.09,EQ
19-08-1996,25.0,25.45,25.0,25.0,,56.25,22.5,99100,2481710.0,,25.04,EQ
20-08-1996,25.0,25.15,24.9,25.15,,56.25,22.5,115500,2888385.0,,25.01,EQ
21-08-1996,25.6,25.6,25.15,25.45,,56.25,22.5,38400,972705.0,,25.33,EQ
22-08-1996,25.6,25.6,25.15,25.25,,56.25,22.5,26800,679150.0,,25.34,EQ
23-08-1996,25.2,26.0,25.2,25.6,,56.25,22.5,334600,8681540.0,,25.95,EQ
26-08-1996,25.75,27.0,25.75,26.05,,56.25,22.5,103800,2721145.0,,26.22,EQ
27-08-1996,26.05,26.4,26.0,26.25,,56.25,22.5,66500,1742850.0,,26.21,EQ
28-08-1996,26.6,26.6,26.0,26.2,,56.25,22.5,93900,2465715.0,,26.26,EQ
29-08-1996,27.0,28.7,26.9,27.2,,56.25,22.5,433200,11980385.0,,27.66,EQ
30-08-1996,27.75,27.75,27.05,27.45,,56.25,22.5,298000,8173580.0,,27.43,EQ
02-09-1996,27.9,28.2,27.15,27.5,,56.25,22.5,372700,10321795.0,,27.69,EQ
03-09-1996,27.85,27.9,25.15,25.55,,56.25,22.5,488900,12923050.0,,26.43,EQ
04-09-1996,26.5,26.5,25.8,26.05,,56.25,22.5,177800,4654655.0,,26.18,EQ
05-09-1996,26.5,27.2,26.3,26.95,,56.25,22.5,1887800,50846305.0,,26.93,EQ
06-09-1996,26.75,26.8,26.2,26.75,,56.25,22.5,716900,19148010.0,,26.71,EQ
09-09-1996,26.2,26.25,25.6,25.7,,56.25,22.5,102000,2650830.0,,25.99,EQ
10-09-1996,25.4,26.8,24.8,25.45,,56.25,22.5,823600,21750590.0,,26.41,EQ
11-09-1996,25.8,25.85,25.0,25.2,,56.25,22.5,60100,1514730.0,,25.2,EQ
12-09-1996,25.0,25.5,24.7,25.0,,56.25,22.5,43100,1078485.0,,25.02,EQ
13-09-1996,25.0,25.1,24.9,25.0,,56.25,22.5,79700,1991815.0,,24.99,EQ
16-09-1996,25.45,25.45,24.45,24.8,,56.25,22.5,67500,1677700.0,,24.85,EQ
17-09-1996,24.75,25.2,24.7,25.05,,56.25,22.5,165600,4138145.0,,24.99,EQ
18-09-1996,25.1,25.25,25.05,25.2,,56.25,22.5,12400,311595.0,,25.13,EQ
19-09-1996,25.3,25.3,25.0,25.0,,56.25,22.5,39600,991595.0,,25.04,EQ
20-09-1996,25.0,25.2,25.0,25.0,,56.25,22.5,11900,297920.0,,25.04,EQ
23-09-1996,24.9,25.05,24.75,24.95,,56.25,22.5,88900,2221575.0,,24.99,EQ
24-09-1996,25.0,25.05,24.65,25.0,,56.25,22.5,33200,827325.0,,24.92,EQ
25-09-1996,25.3,25.3,24.85,24.85,,56.25,22.5,12100,302900.0,,25.03,EQ
26-09-1996,24.95,24.95,24.55,24.75,,56.25,22.5,16100,398495.0,,24.75,EQ
27-09-1996,24.1,24.1,23.05,23.1,,56.25,22.5,23800,557025.0,,23.4,EQ
30-09-1996,23.5,23.5,22.6,22.9,,56.25,22.5,16400,376085.0,,22.93,EQ
01-10-1996,23.4,23.4,22.15,22.65,,56.25,22.5,25300,574130.0,,22.69,EQ
03-10-1996,22.95,23.15,22.75,23.0,,56.25,22.15,12400,284165.0,,22.92,EQ
04-10-1996,22.9,22.9,22.4,22.85,,56.25,22.15,10900,246495.0,,22.61,EQ
07-10-1996,22.15,22.5,21.7,21.85,,35.25,22.15,33300,732050.0,,21.98,EQ
08-10-1996,21.75,22.0,21.1,21.9,,35.25,21.7,32700,707425.0,,21.63,EQ
09-10-1996,21.5,21.9,21.25,21.75,,35.25,21.1,10800,233000.0,,21.57,EQ
10-10-1996,22.0,22.25,21.8,22.05,,35.25,21.1,23000,508275.0,,22.1,EQ
11-10-1996,22.0,22.5,21.9,21.9,,35.25,21.1,33600,743910.0,,22.14,EQ
14-10-1996,22.1,22.1,21.65,21.8,,35.25,21.1,19100,417715.0,,21.87,EQ
15-10-1996,21.95,21.95,21.1,21.65,,35.25,21.1,16500,355785.0,,21.56,EQ
16-10-1996,22.0,22.95,21.5,21.85,,35.25,21.1,35900,793885.0,,22.11,EQ
17-10-1996,21.5,21.9,21.25,21.75,,35.25,21.1,7800,169560.0,,21.74,EQ
18-10-1996,21.75,21.9,21.5,21.7,,35.25,21.1,12900,281255.0,,21.8,EQ
22-10-1996,21.5,22.5,21.0,21.5,,35.25,21.1,88800,1952705.0,,21.99,EQ
23-10-1996,22.5,23.55,21.75,22.55,,35.25,21.0,392000,9051335.0,,23.09,EQ
24-10-1996,23.5,24.15,23.25,23.6,,35.25,21.0,278800,6582890.0,,23.61,EQ
25-10-1996,23.5,23.95,23.1,23.6,,35.25,21.0,40000,934450.0,,23.36,EQ
28-10-1996,23.5,23.6,22.0,22.35,,35.25,21.0,283100,6578360.0,,23.24,EQ
29-10-1996,22.25,23.15,21.75,22.6,,35.25,21.0,45900,1019975.0,,22.22,EQ
31-10-1996,21.95,22.15,21.05,22.15,,35.25,21.0,535800,11839145.0,,22.1,EQ
01-11-1996,22.7,22.7,21.1,22.15,,35.25,21.0,591900,13052170.0,,22.05,EQ
04-11-1996,21.1,21.5,21.1,21.25,,35.25,21.0,54100,1151600.0,,21.29,EQ
05-11-1996,20.8,21.45,20.8,21.1,,35.25,21.0,30000,637835.0,,21.26,EQ
06-11-1996,21.0,21.5,21.0,21.15,,35.25,20.8,21800,464365.0,,21.3,EQ
07-11-1996,21.2,21.45,21.0,21.25,,35.25,20.8,35500,752800.0,,21.21,EQ
08-11-1996,20.0,21.65,20.0,21.35,,35.25,20.8,17000,362870.0,,21.35,EQ
10-11-1996,21.55,21.75,21.15,21.25,,35.25,20.0,20900,447075.0,,21.39,EQ
11-11-1996,21.1,21.45,21.1,21.35,,35.25,20.0,10800,230255.0,,21.32,EQ
13-11-1996,19.95,21.7,19.95,21.4,,35.25,20.0,9800,209850.0,,21.41,EQ
14-11-1996,21.35,21.75,21.0,21.7,,35.25,19.95,333800,7186505.0,,21.53,EQ
15-11-1996,21.4,21.45,21.0,21.1,,35.25,19.95,27800,587630.0,,21.14,EQ
18-11-1996,21.2,21.25,21.0,21.1,,35.25,19.95,35400,746430.0,,21.09,EQ
19-11-1996,21.45,21.45,20.0,20.15,,35.25,19.95,36700,754685.0,,20.56,EQ
20-11-1996,19.0,20.65,19.0,20.3,,35.25,19.95,16700,340195.0,,20.37,EQ
21-11-1996,19.6,20.3,19.6,20.25,,35.25,19.0,12200,244905.0,,20.07,EQ
22-11-1996,20.0,20.25,19.45,19.8,,35.25,19.0,21800,432780.0,,19.85,EQ
25-11-1996,19.65,19.65,18.85,19.2,,35.25,19.0,22000,425015.0,,19.32,EQ
26-11-1996,19.25,19.75,18.3,18.55,,35.25,18.85,40300,766125.0,,19.01,EQ
27-11-1996,18.5,19.0,17.3,17.55,,35.25,18.3,25300,458405.0,,18.12,EQ
28-11-1996,17.7,17.7,16.35,16.6,,35.25,17.3,43600,740080.0,,16.97,EQ
29-11-1996,16.0,16.95,15.8,16.7,,35.25,16.35,78800,1300525.0,,16.5,EQ
02-12-1996,16.6,16.95,16.5,16.7,,35.25,15.8,54100,897200.0,,16.58,EQ
03-12-1996,16.75,16.75,16.0,16.15,,35.25,15.8,34400,563200.0,,16.37,EQ
04-12-1996,16.25,16.25,15.7,16.1,,35.25,15.8,19200,307690.0,,16.03,EQ
05-12-1996,16.3,17.1,16.2,16.95,,35.25,15.7,25600,430005.0,,16.8,EQ
06-12-1996,17.1,17.25,16.5,16.6,,35.25,15.7,106500,1786900.0,,16.78,EQ
09-12-1996,16.7,16.75,16.25,16.3,,35.25,15.7,498000,8162060.0,,16.39,EQ
10-12-1996,16.5,16.5,15.35,15.55,,35.25,15.7,95700,1498030.0,,15.65,EQ
11-12-1996,15.8,16.65,15.8,16.55,,35.25,15.35,64700,1055035.0,,16.31,EQ
12-12-1996,16.5,17.0,16.25,16.4,,35.25,15.35,516100,8549250.0,,16.57,EQ
13-12-1996,15.55,16.5,15.55,16.25,,35.25,15.35,46800,762385.0,,16.29,EQ
16-12-1996,15.3,16.9,15.3,16.6,,35.25,15.35,40500,671720.0,,16.59,EQ
17-12-1996,16.75,16.8,16.3,16.55,,35.25,15.3,493300,8140300.0,,16.5,EQ
18-12-1996,16.85,17.5,16.75,17.1,,35.25,15.3,108900,1855545.0,,17.04,EQ
19-12-1996,17.0,18.25,17.0,17.6,,35.25,15.3,65500,1151685.0,,17.58,EQ
20-12-1996,18.0,18.85,18.0,18.85,,35.25,15.3,61000,1129420.0,,18.52,EQ
23-12-1996,19.25,19.7,18.65,18.9,,35.25,15.3,46500,890065.0,,19.14,EQ
24-12-1996,18.25,19.0,18.05,18.8,,35.25,15.3,39400,730620.0,,18.54,EQ
26-12-1996,19.0,20.1,19.0,20.1,,35.25,15.3,39100,774700.0,,19.81,EQ
31-12-1996,20.95,21.3,20.0,20.3,,35.25,15.3,128900,2658595.0,,20.63,EQ
01-01-1997,21.0,21.75,21.0,21.75,,35.25,15.3,45200,980920.0,,21.7,EQ
02-01-1997,23.0,23.25,22.05,22.65,,35.25,15.3,771700,17836465.0,,23.11,EQ
03-01-1997,22.5,23.3,22.15,23.2,,35.25,15.3,121900,2787790.0,,22.87,EQ
06-01-1997,22.8,23.5,22.75,22.95,,35.25,15.3,45200,1046300.0,,23.15,EQ
07-01-1997,22.85,23.5,22.65,23.2,,35.25,15.3,160900,3712155.0,,23.07,EQ
08-01-1997,24.05,24.8,23.25,23.35,,35.25,15.3,139000,3297165.0,,23.72,EQ
09-01-1997,23.0,23.6,23.0,23.1,,35.25,15.3,30700,715225.0,,23.3,EQ
10-01-1997,23.6,24.15,23.45,23.75,,35.25,15.3,78600,1874265.0,,23.85,EQ
13-01-1997,23.75,23.75,22.95,23.45,,35.25,15.3,27400,641685.0,,23.42,EQ
14-01-1997,23.7,24.0,23.4,23.55,,35.25,15.3,128500,3060375.0,,23.82,EQ
15-01-1997,23.5,25.2,23.5,25.2,,35.25,15.3,254000,6329135.0,,24.92,EQ
16-01-1997,26.25,27.0,23.5,23.7,,35.25,15.3,303900,7667210.0,,25.23,EQ
17-01-1997,23.25,24.15,22.1,23.0,,35.25,15.3,110000,2533310.0,,23.03,EQ
20-01-1997,23.3,23.35,21.85,22.0,,35.25,15.3,58500,1316000.0,,22.5,EQ
21-01-1997,21.95,23.5,20.5,20.9,,35.25,15.3,284800,6108945.0,,21.45,EQ
22-01-1997,21.5,22.4,21.5,22.4,,35.25,15.3,141200,3146945.0,,22.29,EQ
24-01-1997,23.3,23.75,22.6,23.65,,35.25,15.3,141900,3275560.0,,23.08,EQ
27-01-1997,23.7,24.65,23.5,23.6,,35.25,15.3,51800,1238920.0,,23.92,EQ
28-01-1997,24.15,24.15,23.25,23.45,,35.25,15.3,73900,1732815.0,,23.45,EQ
29-01-1997,24.0,24.5,23.75,24.5,,35.25,15.3,525700,12779765.0,,24.31,EQ
30-01-1997,23.4,23.5,23.0,23.05,,35.25,15.3,51500,1199290.0,,23.29,EQ
31-01-1997,22.7,22.75,21.5,21.6,,35.25,15.3,58300,1277185.0,,21.91,EQ
03-02-1997,20.45,21.25,20.45,20.9,,35.25,15.3,24100,500870.0,,20.78,EQ
04-02-1997,21.0,21.3,20.6,21.15,,35.25,15.3,38700,813440.0,,21.02,EQ
05-02-1997,22.0,22.35,21.8,21.9,,35.25,15.3,41500,916195.0,,22.08,EQ
06-02-1997,22.05,22.15,21.55,22.0,,35.25,15.3,22300,488770.0,,21.92,EQ
07-02-1997,21.75,22.1,21.75,21.95,,35.25,15.3,16400,359560.0,,21.92,EQ
10-02-1997,21.9,22.2,21.75,22.05,,35.25,15.3,28500,628175.0,,22.04,EQ
11-02-1997,22.05,22.25,21.85,22.15,,35.25,15.3,36400,803970.0,,22.09,EQ
12-02-1997,22.2,22.9,22.2,22.45,,35.25,15.3,23900,538050.0,,22.51,EQ
13-02-1997,22.2,22.65,22.2,22.5,,35.25,15.3,28100,631450.0,,22.47,EQ
14-02-1997,22.7,23.25,22.5,22.75,,35.25,15.3,91200,2081005.0,,22.82,EQ
17-02-1997,23.0,23.25,22.3,22.55,,35.25,15.3,93300,2102765.0,,22.54,EQ
18-02-1997,22.35,22.65,22.0,22.25,,35.25,15.3,97700,2190770.0,,22.42,EQ
19-02-1997,22.0,22.55,21.5,22.4,,35.25,15.3,1042400,22924630.0,,21.99,EQ
20-02-1997,22.15,22.35,21.5,22.0,,35.25,15.3,1042300,22920930.0,,21.99,EQ
21-02-1997,22.15,22.25,21.6,22.0,,35.25,15.3,731600,16089585.0,,21.99,EQ
24-02-1997,21.65,22.15,20.5,20.55,,35.25,15.3,34200,722665.0,,21.13,EQ
25-02-1997,20.0,20.75,19.15,19.85,,35.25,15.3,328300,6544280.0,,19.93,EQ
26-02-1997,19.0,19.25,18.5,18.55,,35.25,15.3,457800,8568350.0,,18.72,EQ
27-02-1997,18.55,19.85,18.55,19.45,,35.25,15.3,953100,18367015.0,,19.27,EQ
28-02-1997,21.75,21.9,21.05,21.85,,35.25,15.3,76800,1672005.0,,21.77,EQ
01-03-1997,23.4,23.4,21.9,22.15,,35.25,15.3,273900,6199065.0,,22.63,EQ
03-03-1997,22.0,23.7,22.0,23.6,,35.25,15.3,1122000,26336915.0,,23.47,EQ
04-03-1997,23.05,24.1,22.9,23.85,,35.25,15.3,844800,19957780.0,,23.62,EQ
05-03-1997,24.75,25.45,23.5,23.8,,35.25,15.3,385400,9244530.0,,23.99,EQ
06-03-1997,23.5,23.6,22.15,22.15,,35.25,15.3,126800,2859555.0,,22.55,EQ
10-03-1997,21.5,21.5,20.6,20.65,,35.25,15.3,45500,942890.0,,20.72,EQ
11-03-1997,20.25,20.6,19.65,20.4,,35.25,15.3,85000,1713695.0,,20.16,EQ
12-03-1997,21.1,21.8,20.75,21.75,,35.25,15.3,100200,2138330.0,,21.34,EQ
13-03-1997,21.8,22.4,21.25,22.0,,35.25,15.3,105200,2289730.0,,21.77,EQ
14-03-1997,21.75,21.85,21.3,21.4,,35.25,15.3,34300,738685.0,,21.54,EQ
17-03-1997,21.45,21.6,21.05,21.25,,35.25,15.3,28000,594885.0,,21.25,EQ
18-03-1997,21.3,21.4,21.05,21.15,,35.25,15.3,63700,1350485.0,,21.2,EQ
19-03-1997,21.8,21.8,20.75,21.0,,35.25,15.3,25200,529940.0,,21.03,EQ
20-03-1997,20.55,21.15,20.55,21.05,,35.25,15.3,25600,537335.0,,20.99,EQ
21-03-1997,20.95,21.2,20.75,21.1,,35.25,15.3,18600,390505.0,,20.99,EQ
25-03-1997,20.7,21.15,20.7,21.0,,35.25,15.3,94400,1981650.0,,20.99,EQ
26-03-1997,20.7,21.5,20.7,21.25,,35.25,15.3,14700,312160.0,,21.24,EQ
27-03-1997,20.9,21.45,20.9,21.15,,35.25,15.3,17500,370805.0,,21.19,EQ
31-03-1997,19.7,19.7,19.7,19.7,,35.25,15.3,6100,120170.0,,19.7,EQ
01-04-1997,19.0,21.0,18.5,18.85,,35.25,15.3,38200,722370.0,,18.91,EQ
02-04-1997,19.85,19.95,19.0,19.2,,35.25,15.3,77300,1496220.0,,19.36,EQ
03-04-1997,19.5,19.6,18.75,18.8,,35.25,15.3,95500,1839130.0,,19.26,EQ
04-04-1997,19.0,19.2,18.75,18.85,,35.25,15.3,18400,347080.0,,18.86,EQ
07-04-1997,18.5,19.0,18.5,18.9,,35.25,15.3,71500,1347650.0,,18.85,EQ
09-04-1997,19.6,20.25,19.6,20.25,,35.25,15.3,67300,1343095.0,,19.96,EQ
10-04-1997,20.0,21.6,20.0,21.05,,35.25,15.3,294100,6152680.0,,20.92,EQ
11-04-1997,20.2,22.5,20.2,22.4,,35.25,15.3,969900,20739100.0,,21.38,EQ
12-04-1997,22.05,22.25,21.35,21.5,,35.25,15.3,38000,826380.0,,21.75,EQ
15-04-1997,22.35,22.65,21.8,22.6,,35.25,15.3,158700,3549150.0,,22.36,EQ
17-04-1997,22.25,23.45,21.8,23.3,,35.25,15.3,123700,2799620.0,,22.63,EQ
21-04-1997,23.6,23.75,23.2,23.55,,35.25,15.3,116900,2753680.0,,23.56,EQ
22-04-1997,23.1,24.8,23.1,24.4,,35.25,15.3,844900,20036925.0,,23.72,EQ
23-04-1997,24.0,24.4,22.7,22.7,,35.25,15.3,948200,22453980.0,,23.68,EQ
24-04-1997,21.15,21.5,21.15,21.3,,35.25,15.3,502400,10650325.0,,21.2,EQ
25-04-1997,20.85,22.75,20.8,22.05,,35.25,15.3,289400,6361470.0,,21.98,EQ
28-04-1997,22.0,22.75,22.0,22.5,,35.25,15.3,457200,10269440.0,,22.46,EQ
29-04-1997,22.35,24.0,22.3,23.75,,35.25,15.3,928800,21266980.0,,22.9,EQ
30-04-1997,24.5,24.5,22.1,22.1,,35.25,15.3,259400,5888695.0,,22.7,EQ
02-05-1997,21.0,21.75,20.6,21.35,,35.25,15.3,187400,3983050.0,,21.25,EQ
05-05-1997,20.95,21.1,20.5,20.8,,35.25,15.3,40000,832120.0,,20.8,EQ
06-05-1997,20.9,21.0,20.0,20.5,,35.25,15.3,87400,1790885.0,,20.49,EQ
07-05-1997,20.75,20.8,20.5,20.6,,35.25,15.3,42800,882450.0,,20.62,EQ
08-05-1997,20.6,20.8,20.5,20.6,,35.25,15.3,25000,526360.0,,21.05,EQ
09-05-1997,20.65,20.85,20.5,20.5,,35.25,15.3,17600,361975.0,,20.57,EQ
12-05-1997,20.6,20.6,20.3,20.35,,35.25,15.3,27600,564710.0,,20.46,EQ
13-05-1997,20.5,20.5,20.0,20.2,,35.25,15.3,28100,568745.0,,20.24,EQ
14-05-1997,20.0,20.2,19.75,20.1,,35.25,15.3,17800,355730.0,,19.98,EQ
15-05-1997,20.4,20.85,20.1,20.4,,35.25,15.3,23300,478070.0,,20.52,EQ
16-05-1997,20.5,20.5,20.0,20.05,,35.25,15.3,11500,232595.0,,20.23,EQ
19-05-1997,20.0,20.2,19.85,19.95,,35.25,15.3,12200,243905.0,,19.99,EQ
20-05-1997,19.75,19.85,19.5,19.65,,35.25,15.3,14500,284820.0,,19.64,EQ
21-05-1997,19.85,21.0,19.4,20.3,,35.25,15.3,68900,1383345.0,,20.08,EQ
22-05-1997,20.45,20.75,20.1,20.6,,35.25,15.3,34100,697635.0,,20.46,EQ
23-05-1997,20.7,21.2,20.55,21.0,,35.25,15.3,33500,698815.0,,20.86,EQ
26-05-1997,20.8,21.1,20.75,20.85,,35.25,15.3,25400,532045.0,,20.95,EQ
27-05-1997,20.7,20.9,20.2,20.25,,35.25,15.3,24200,497940.0,,20.58,EQ
28-05-1997,19.5,20.05,18.85,18.85,,35.25,15.3,89600,1713205.0,,19.12,EQ
29-05-1997,17.55,18.4,17.55,18.0,,35.25,15.3,114200,2029580.0,,17.77,EQ
30-05-1997,18.15,18.65,18.1,18.25,,35.25,15.3,35200,646990.0,,18.38,EQ
02-06-1997,18.2,18.4,18.0,18.3,,35.25,15.3,38200,696820.0,,18.24,EQ
03-06-1997,18.45,18.7,18.25,18.35,,35.25,15.3,89000,1640385.0,,18.43,EQ
04-06-1997,18.5,18.85,18.15,18.35,,35.25,15.3,12400,227355.0,,18.34,EQ
05-06-1997,18.5,18.8,18.2,18.35,,35.25,15.3,8000,147610.0,,18.45,EQ
06-06-1997,18.25,18.4,18.05,18.1,,35.25,15.3,9300,168925.0,,18.16,EQ
09-06-1997,17.85,18.2,17.85,18.05,,35.25,15.3,6100,110090.0,,18.05,EQ
10-06-1997,18.05,18.25,17.9,18.0,,35.25,15.3,37400,674690.0,,18.04,EQ
11-06-1997,18.5,19.25,18.35,19.05,,35.25,15.3,47900,892945.0,,18.64,EQ
12-06-1997,19.2,19.6,18.9,19.4,,35.25,15.3,41900,809235.0,,19.31,EQ
13-06-1997,18.55,19.5,18.55,19.2,,35.25,15.3,20900,403830.0,,19.32,EQ
16-06-1997,19.45,19.5,18.5,18.6,,35.25,15.3,18100,345425.0,,19.08,EQ
17-06-1997,18.65,18.85,17.9,18.05,,35.25,15.3,84800,1536365.0,,18.12,EQ
18-06-1997,18.45,19.35,18.0,18.15,,35.25,15.3,113700,2105255.0,,18.52,EQ
19-06-1997,18.0,18.45,17.5,17.6,,35.25,15.3,567200,10093180.0,,17.79,EQ
20-06-1997,18.0,18.0,17.0,17.3,,35.25,15.3,94600,1636000.0,,17.29,EQ
23-06-1997,17.4,17.4,16.75,17.3,,35.25,15.3,26500,457080.0,,17.25,EQ
24-06-1997,17.25,17.85,17.15,17.4,,35.25,15.3,973600,16910390.0,,17.37,EQ
25-06-1997,17.4,17.4,17.0,17.2,,35.25,15.3,73000,1255960.0,,17.2,EQ
26-06-1997,17.4,17.4,17.15,17.35,,35.25,15.3,16000,277815.0,,17.36,EQ
27-06-1997,17.65,18.6,17.25,18.5,,35.25,15.3,137100,2480250.0,,18.09,EQ
30-06-1997,19.2,19.2,18.4,18.95,,34.2,15.3,59000,1106445.0,,18.75,EQ
01-07-1997,19.25,20.3,19.2,20.3,,34.2,15.3,112500,2237650.0,,19.89,EQ
02-07-1997,20.3,21.75,20.3,21.75,,34.2,15.3,47600,1028020.0,,21.6,EQ
03-07-1997,22.0,23.3,22.0,23.3,,34.2,15.3,59400,1380015.0,,23.23,EQ
04-07-1997,23.95,24.3,23.3,24.1,,34.2,15.3,417700,9925795.0,,23.76,EQ
07-07-1997,23.25,23.4,22.45,22.45,,33.5,15.3,119100,2696025.0,,22.64,EQ
08-07-1997,21.1,24.0,21.1,24.0,,33.5,15.3,343600,8122660.0,,23.64,EQ
09-07-1997,24.25,25.65,23.75,25.05,,33.5,15.3,298500,7288475.0,,24.42,EQ
10-07-1997,26.1,26.1,25.0,25.7,,33.5,15.3,588000,15085360.0,,25.66,EQ
11-07-1997,25.1,25.1,24.2,25.0,,33.5,15.3,179400,4456325.0,,24.84,EQ
14-07-1997,24.75,25.8,24.4,24.9,,31.4,15.3,131300,3303290.0,,25.16,EQ
15-07-1997,25.35,26.0,24.85,25.4,,31.4,15.3,217600,5497700.0,,25.27,EQ
16-07-1997,25.6,26.1,24.0,24.2,,31.4,15.3,32300,796235.0,,24.65,EQ
17-07-1997,24.0,24.3,23.6,23.7,,31.4,15.3,29400,703110.0,,23.92,EQ
21-07-1997,24.25,24.4,23.8,24.15,,31.4,15.3,29000,697160.0,,24.04,EQ
22-07-1997,24.0,24.3,23.8,24.1,,30.6,15.3,47300,1137585.0,,24.05,EQ
23-07-1997,24.9,24.9,24.0,24.2,,30.6,15.3,21500,523390.0,,24.34,EQ
24-07-1997,23.35,24.75,23.35,23.85,,30.6,15.3,13400,324800.0,,24.24,EQ
25-07-1997,23.8,24.05,23.1,23.25,,30.6,15.3,54300,1272350.0,,23.43,EQ
28-07-1997,23.5,24.0,22.75,22.9,,30.6,15.3,7900,182205.0,,23.06,EQ
29-07-1997,22.75,22.9,22.25,22.6,,30.5,15.3,15800,358145.0,,22.67,EQ
30-07-1997,23.7,24.1,23.3,23.8,,30.5,15.3,66500,1585835.0,,23.85,EQ
31-07-1997,23.8,24.5,23.55,24.15,,30.5,15.3,54200,1302075.0,,24.02,EQ
01-08-1997,24.0,24.4,23.45,23.55,,30.5,15.3,56000,1332135.0,,23.79,EQ
04-08-1997,24.25,24.25,23.7,24.0,,30.5,15.3,55200,1323930.0,,23.98,EQ
05-08-1997,24.4,24.55,23.5,23.6,,28.7,15.3,155000,3681870.0,,23.75,EQ
06-08-1997,23.9,24.1,23.75,24.0,,28.7,15.3,37200,889855.0,,23.92,EQ
07-08-1997,25.0,25.7,24.2,24.9,,28.7,15.3,132600,3352635.0,,25.28,EQ
08-08-1997,25.0,25.1,24.1,24.3,,28.7,15.3,43100,1054300.0,,24.46,EQ
11-08-1997,24.25,24.75,24.0,24.35,,28.7,15.3,37100,902845.0,,24.34,EQ
12-08-1997,24.2,24.9,24.05,24.45,,28.7,15.3,46200,1134040.0,,24.55,EQ
13-08-1997,24.2,24.45,22.75,22.8,,28.7,15.3,116500,2747905.0,,23.59,EQ
14-08-1997,22.9,23.4,22.3,22.5,,28.7,15.3,79300,1805055.0,,22.76,EQ
18-08-1997,22.15,22.8,21.5,21.65,,28.7,15.3,43500,947680.0,,21.79,EQ
19-08-1997,21.6,21.9,21.0,21.35,,28.7,15.3,108500,2324850.0,,21.43,EQ
20-08-1997,21.2,22.0,21.2,21.9,,28.7,15.3,33900,733285.0,,21.63,EQ
21-08-1997,21.75,21.95,21.25,21.4,,28.7,15.3,24200,521095.0,,21.53,EQ
22-08-1997,22.15,22.15,20.85,21.05,,28.7,15.3,30500,641660.0,,21.04,EQ
25-08-1997,20.0,20.75,19.8,20.5,,28.7,15.3,32900,667935.0,,20.3,EQ
26-08-1997,21.3,21.7,20.5,21.3,,28.7,15.3,42000,886665.0,,21.11,EQ
27-08-1997,21.6,22.1,21.35,21.4,,28.7,15.3,101600,2190835.0,,21.56,EQ
28-08-1997,21.2,21.6,20.6,20.65,,28.7,15.3,55300,1167435.0,,21.11,EQ
29-08-1997,20.3,20.65,19.5,20.05,,28.7,15.3,55800,1124890.0,,20.16,EQ
01-09-1997,21.3,21.35,19.0,19.6,,28.7,15.3,50400,994345.0,,19.73,EQ
02-09-1997,19.65,20.25,18.3,18.55,,28.7,15.3,159900,3065835.0,,19.17,EQ
03-09-1997,18.7,19.8,18.7,19.4,,28.7,15.3,47600,926460.0,,19.46,EQ
04-09-1997,18.75,19.7,18.75,19.4,,28.7,15.3,22100,427965.0,,19.36,EQ
05-09-1997,18.95,20.0,18.95,19.8,,28.7,15.3,28900,566530.0,,19.6,EQ
08-09-1997,19.75,20.4,19.5,20.15,,28.7,15.3,25600,511465.0,,19.98,EQ
09-09-1997,20.1,20.4,19.5,20.0,,28.2,15.3,37300,742140.0,,19.9,EQ
10-09-1997,19.85,19.85,18.6,18.65,,28.2,15.3,83000,1563760.0,,18.84,EQ
11-09-1997,18.9,19.0,18.25,18.5,,28.2,15.3,98800,1831335.0,,18.54,EQ
12-09-1997,18.25,18.6,17.25,17.3,,28.2,15.3,227000,4020190.0,,17.71,EQ
15-09-1997,16.55,17.9,16.4,16.6,,28.2,15.3,369900,6223730.0,,16.83,EQ
16-09-1997,16.75,17.1,16.35,16.5,,27.0,15.3,489100,8076690.0,,16.51,EQ
17-09-1997,16.9,16.9,16.35,16.45,,27.0,15.3,122400,2030550.0,,16.59,EQ
18-09-1997,16.4,16.4,15.4,15.6,,27.0,15.3,483000,7613515.0,,15.76,EQ
19-09-1997,15.8,15.8,15.35,15.45,,27.0,15.3,303400,4723215.0,,15.57,EQ
22-09-1997,15.5,15.5,14.75,14.85,,27.0,15.3,238200,3571200.0,,14.99,EQ
23-09-1997,14.75,14.95,14.4,14.5,,27.0,14.75,275400,4032860.0,,14.64,EQ
24-09-1997,14.95,15.55,14.5,14.6,,27.0,14.4,558200,8339670.0,,14.94,EQ
25-09-1997,14.85,14.85,14.3,14.5,,27.0,14.4,207000,3010375.0,,14.54,EQ
26-09-1997,14.65,15.1,14.6,14.75,,27.0,14.3,270200,4021455.0,,14.88,EQ
29-09-1997,14.95,15.25,14.6,15.0,,27.0,14.3,442000,6629145.0,,15.0,EQ
30-09-1997,15.2,15.5,14.85,15.3,,27.0,14.3,2776900,43069750.0,,15.51,EQ
01-10-1997,15.15,15.5,15.05,15.25,,27.0,14.3,375000,5718265.0,,15.25,EQ
09-10-1997,15.7,16.05,15.35,15.95,,27.0,14.3,94500,1486045.0,,15.73,EQ
10-10-1997,15.95,16.3,15.9,16.25,,27.0,14.3,117300,1891440.0,,16.12,EQ
13-10-1997,16.6,16.65,15.85,16.05,,27.0,14.3,130800,2121520.0,,16.22,EQ
14-10-1997,15.95,16.2,15.35,15.45,,27.0,14.3,145800,2287430.0,,15.69,EQ
15-10-1997,15.95,16.15,15.75,15.8,,27.0,14.3,85800,1364790.0,,15.91,EQ
16-10-1997,16.05,16.4,15.8,15.95,,27.0,14.3,72000,1153540.0,,16.02,EQ
17-10-1997,16.2,16.25,15.95,16.0,,27.0,14.3,79800,1280255.0,,16.04,EQ
20-10-1997,16.0,16.1,15.75,15.95,,27.0,14.3,35800,570835.0,,15.95,EQ
21-10-1997,15.8,16.0,15.5,15.65,,27.0,14.3,95000,1495335.0,,15.74,EQ
22-10-1997,15.7,15.85,15.6,15.65,,27.0,14.3,32500,510025.0,,15.69,EQ
23-10-1997,15.9,15.9,15.0,15.2,,27.0,14.3,93200,1431135.0,,15.36,EQ
24-10-1997,15.0,15.35,15.0,15.25,,27.0,14.3,26700,404625.0,,15.15,EQ
27-10-1997,15.0,15.3,15.0,15.1,,27.0,14.3,31700,480690.0,,15.16,EQ
28-10-1997,15.0,15.3,14.05,14.15,,27.0,14.3,293400,4260720.0,,14.52,EQ
29-10-1997,14.4,15.0,14.3,14.95,,27.0,14.05,810800,11781760.0,,14.53,EQ
30-10-1997,14.15,15.25,14.15,14.9,,27.0,14.05,20000,299615.0,,14.98,EQ
03-11-1997,14.75,15.1,14.6,14.8,,27.0,14.05,87100,1295170.0,,14.87,EQ
04-11-1997,15.15,15.15,14.55,14.75,,27.0,14.05,64900,954885.0,,14.71,EQ
05-11-1997,14.9,14.9,14.2,14.2,,27.0,14.05,113100,1630810.0,,14.42,EQ
06-11-1997,14.25,14.25,13.75,13.85,,27.0,14.05,756900,10505525.0,,13.88,EQ
07-11-1997,13.9,14.3,13.8,14.25,,27.0,13.75,43500,615295.0,,14.14,EQ
10-11-1997,14.2,14.5,13.7,13.95,,27.0,13.75,259900,3668770.0,,14.12,EQ
11-11-1997,13.95,14.1,13.8,14.0,,27.0,13.7,301000,4214565.0,,14.0,EQ
12-11-1997,13.9,14.1,13.8,13.9,,27.0,13.7,42700,596365.0,,13.97,EQ
13-11-1997,13.8,13.95,13.5,13.5,,27.0,13.7,470200,6374460.0,,13.56,EQ
17-11-1997,13.9,13.95,13.75,13.85,,27.0,13.5,34500,478505.0,,13.87,EQ
18-11-1997,13.8,14.0,13.6,13.8,,27.0,13.5,62100,860050.0,,13.85,EQ
19-11-1997,13.65,13.95,13.55,13.85,,27.0,13.5,16300,224500.0,,13.77,EQ
20-11-1997,13.75,14.0,13.7,13.95,,27.0,13.5,33900,472260.0,,13.93,EQ
21-11-1997,13.8,14.0,13.7,14.0,,27.0,13.5,43300,600645.0,,13.87,EQ
24-11-1997,14.0,14.0,13.6,13.6,,27.0,13.5,17900,245770.0,,13.73,EQ
25-11-1997,14.5,14.5,13.75,14.25,,27.0,13.5,1960400,27963355.0,,14.26,EQ
26-11-1997,13.8,14.0,13.8,13.9,,27.0,13.5,25500,355065.0,,13.92,EQ
27-11-1997,13.95,14.0,13.25,13.4,,27.0,13.5,1653800,22243800.0,,13.45,EQ
28-11-1997,13.15,13.8,12.5,12.5,,27.0,13.25,198300,2530170.0,,12.76,EQ
01-12-1997,11.9,11.9,11.65,11.65,,27.0,12.5,94900,1108275.0,,11.68,EQ
02-12-1997,11.45,11.85,11.45,11.45,,27.0,11.65,69000,793365.0,,11.5,EQ
03-12-1997,10.7,10.85,10.65,10.65,,27.0,11.45,273500,2916950.0,,10.67,EQ
04-12-1997,10.5,10.7,10.35,10.65,,27.0,10.65,138500,1464410.0,,10.57,EQ
05-12-1997,10.5,10.95,10.45,10.8,,27.0,10.35,35600,381965.0,,10.73,EQ
08-12-1997,10.85,10.85,10.05,10.15,,27.0,10.35,141700,1477835.0,,10.43,EQ
09-12-1997,9.95,10.5,9.45,9.9,,27.0,10.05,829300,8199870.0,,9.89,EQ
10-12-1997,9.95,10.65,9.75,10.55,,27.0,9.45,1408800,14798890.0,,10.5,EQ
11-12-1997,10.25,10.25,9.85,10.1,,27.0,9.45,105200,1044615.0,,9.93,EQ
12-12-1997,10.1,10.55,10.0,10.15,,27.0,9.45,123700,1277390.0,,10.33,EQ
15-12-1997,10.45,10.5,9.95,10.0,,27.0,9.45,151300,1542750.0,,10.2,EQ
16-12-1997,10.1,10.25,9.5,9.6,,27.0,9.45,245100,2408130.0,,9.83,EQ
17-12-1997,9.85,10.1,9.85,10.0,,27.0,9.45,130200,1300485.0,,9.99,EQ
18-12-1997,10.05,10.15,9.7,9.95,,27.0,9.45,300400,2995485.0,,9.97,EQ
19-12-1997,9.75,9.95,9.7,9.75,,27.0,9.45,84100,828475.0,,9.85,EQ
22-12-1997,10.0,10.1,9.7,10.0,,27.0,9.45,61900,614275.0,,9.92,EQ
23-12-1997,10.0,10.1,9.9,10.0,,27.0,9.45,84000,841585.0,,10.02,EQ
24-12-1997,10.15,10.15,9.75,10.0,,27.0,9.45,102200,1008585.0,,9.87,EQ
26-12-1997,10.1,10.4,9.8,9.95,,27.0,9.45,158900,1598020.0,,10.06,EQ
29-12-1997,10.0,10.15,9.75,9.8,,27.0,9.45,219600,2166745.0,,9.87,EQ
30-12-1997,9.95,10.0,9.6,9.7,,27.0,9.45,299700,2934590.0,,9.79,EQ
31-12-1997,9.9,9.9,9.7,9.8,,27.0,9.45,166200,1628765.0,,9.8,EQ
01-01-1998,9.85,11.3,9.75,11.1,,27.0,9.45,575400,6165460.0,,10.72,EQ
02-01-1998,11.25,11.6,10.85,10.95,,27.0,9.45,613400,6926220.0,,11.29,EQ
05-01-1998,11.3,11.3,10.5,10.75,,27.0,9.45,607700,6698280.0,,11.02,EQ
06-01-1998,10.8,11.0,10.4,10.75,,27.0,9.45,347400,3725785.0,,10.72,EQ
07-01-1998,11.1,11.25,10.75,10.9,,27.0,9.45,469900,5093275.0,,10.84,EQ
08-01-1998,10.9,10.9,10.25,10.25,,27.0,9.45,198600,2099085.0,,10.57,EQ
09-01-1998,10.05,10.15,9.75,9.9,,27.0,9.45,200300,2002115.0,,10.0,EQ
12-01-1998,10.3,10.3,9.55,9.65,,27.0,9.45,160400,1559325.0,,9.72,EQ
13-01-1998,9.65,10.1,9.6,9.85,,27.0,9.45,368500,3657825.0,,9.93,EQ
14-01-1998,10.1,10.15,9.7,9.75,,27.0,9.45,131200,1296015.0,,9.88,EQ
15-01-1998,9.65,9.65,8.5,8.95,,27.0,9.45,549800,4985840.0,,9.07,EQ
16-01-1998,9.2,9.25,8.95,9.0,,27.0,8.5,285100,2582225.0,,9.06,EQ
19-01-1998,9.0,9.1,8.8,9.1,,27.0,8.5,401000,3623930.0,,9.04,EQ
20-01-1998,9.1,9.15,8.8,8.85,,27.0,8.5,145500,1303935.0,,8.96,EQ
21-01-1998,9.05,9.1,8.95,9.1,,27.0,8.5,61500,557470.0,,9.06,EQ
22-01-1998,9.0,9.0,8.85,8.85,,27.0,8.5,66700,595080.0,,8.92,EQ
23-01-1998,8.85,8.95,8.75,8.85,,27.0,8.5,66700,589845.0,,8.84,EQ
27-01-1998,8.75,8.9,8.6,8.7,,27.0,8.5,78800,683455.0,,8.67,EQ
28-01-1998,8.7,8.85,8.5,8.8,,26.1,8.5,58200,510295.0,,8.77,EQ
29-01-1998,8.8,8.8,8.55,8.7,,26.1,8.5,82600,715790.0,,8.67,EQ
30-01-1998,8.9,9.15,8.8,8.95,,26.1,8.5,57800,518820.0,,8.98,EQ
02-02-1998,9.1,9.2,8.8,9.1,,26.1,8.5,47600,431595.0,,9.07,EQ
03-02-1998,9.0,9.1,8.8,8.85,,26.1,8.5,67800,605880.0,,8.94,EQ
04-02-1998,8.95,8.95,7.9,8.0,,26.1,8.5,293800,2478905.0,,8.44,EQ
05-02-1998,8.35,8.35,7.85,8.0,,26.1,7.9,329500,2639760.0,,8.01,EQ
06-02-1998,7.9,8.05,7.7,7.95,,26.1,7.85,155800,1236985.0,,7.94,EQ
09-02-1998,7.75,7.85,7.5,7.65,,26.1,7.7,184300,1408090.0,,7.64,EQ
10-02-1998,7.6,7.65,7.4,7.45,,26.1,7.5,355300,2670970.0,,7.52,EQ
11-02-1998,7.55,7.7,7.45,7.5,,26.1,7.4,166800,1254435.0,,7.52,EQ
12-02-1998,7.5,7.6,7.45,7.5,,26.1,7.4,116800,877490.0,,7.51,EQ
13-02-1998,7.55,7.6,7.45,7.5,,26.1,7.4,155500,1166510.0,,7.5,EQ
17-02-1998,7.6,7.65,7.3,7.35,,26.1,7.4,159000,1180610.0,,7.43,EQ
18-02-1998,7.45,7.5,7.4,7.5,,26.1,7.3,85600,640440.0,,7.48,EQ
19-02-1998,7.5,7.55,7.45,7.5,,26.1,7.3,90900,682010.0,,7.5,EQ
20-02-1998,7.6,7.6,7.35,7.4,,26.1,7.3,114600,857490.0,,7.48,EQ
23-02-1998,7.45,7.5,7.35,7.4,,26.1,7.3,99300,738375.0,,7.44,EQ
24-02-1998,7.4,7.4,6.9,6.95,,26.1,7.3,286200,2028600.0,,7.09,EQ
25-02-1998,7.2,7.5,7.0,7.1,,26.1,6.9,568600,4106205.0,,7.22,EQ
26-02-1998,7.25,7.3,7.0,7.1,,26.1,6.9,600000,4267535.0,,7.11,EQ
27-02-1998,7.25,7.55,7.2,7.25,,26.1,6.9,720000,5311295.0,,7.38,EQ
02-03-1998,7.4,8.1,7.4,7.7,,26.1,6.9,1607600,12317795.0,,7.66,EQ
03-03-1998,7.8,8.0,7.25,7.35,,26.1,6.9,612800,4568635.0,,7.46,EQ
04-03-1998,7.5,8.45,7.5,8.3,,26.1,6.9,1074400,8774215.0,,8.17,EQ
05-03-1998,9.35,9.35,7.5,7.55,,26.1,6.9,1326700,10470710.0,,7.89,EQ
06-03-1998,7.6,8.0,7.5,7.75,,26.1,6.9,516100,4017230.0,,7.78,EQ
09-03-1998,7.9,8.15,7.9,8.15,,26.1,6.9,490000,3922575.0,,8.01,EQ
10-03-1998,8.25,8.65,8.1,8.15,,26.1,6.9,1965100,16345695.0,,8.32,EQ
11-03-1998,8.3,8.6,7.7,8.4,,26.1,6.9,1205300,9799505.0,,8.13,EQ
12-03-1998,8.5,9.7,8.4,9.3,,26.1,6.9,3300100,30784860.0,,9.33,EQ
16-03-1998,9.45,10.6,9.45,10.55,,26.1,6.9,2214100,23311575.0,,10.53,EQ
17-03-1998,10.45,10.6,10.25,10.6,,26.1,6.9,987100,10348170.0,,10.48,EQ
18-03-1998,11.65,11.7,11.5,11.65,,26.1,6.9,1754200,20499340.0,,11.69,EQ
19-03-1998,12.0,12.15,10.8,11.25,,26.1,6.9,1570600,17903950.0,,11.4,EQ
20-03-1998,11.2,11.35,10.8,11.05,,26.1,6.9,1169900,12987285.0,,11.1,EQ
23-03-1998,11.25,11.5,11.05,11.4,11.4,26.1,6.9,216800,2460480.0,,11.35,EQ
24-03-1998,11.6,11.85,10.6,10.8,10.75,26.1,6.9,3810000,42444390.0,,11.14,EQ
25-03-1998,11.05,11.3,10.5,11.1,11.1,26.1,6.9,1339100,14604065.0,,10.91,EQ
26-03-1998,10.9,11.2,10.3,10.45,10.4,26.1,6.9,710000,7650465.0,,10.78,EQ
27-03-1998,10.35,10.65,10.25,10.55,10.55,26.1,6.9,546200,5732595.0,,10.5,EQ
30-03-1998,10.7,11.0,10.3,10.35,10.35,26.1,6.9,434200,4613820.0,,10.63,EQ
31-03-1998,10.4,10.4,9.55,9.75,9.85,26.1,6.9,955000,9526280.0,,9.98,EQ
01-04-1998,10.25,10.5,10.15,10.4,10.45,26.1,6.9,297500,3073930.0,,10.33,EQ
02-04-1998,10.65,11.25,10.4,10.8,10.75,26.1,6.9,1520300,16589315.0,,10.91,EQ
03-04-1998,11.0,11.9,11.0,11.9,11.9,26.1,6.9,1916400,22319820.0,,11.65,EQ
06-04-1998,12.65,12.7,12.65,12.7,12.7,26.1,6.9,189600,2407460.0,,12.7,EQ
07-04-1998,12.7,12.7,12.7,12.7,12.7,26.1,6.9,21400,271780.0,,12.7,EQ
09-04-1998,13.9,14.0,13.5,13.75,13.75,26.1,6.9,1958500,27044430.0,,13.81,EQ
10-04-1998,13.7,14.75,13.5,14.1,14.15,26.1,6.9,2145300,30652410.0,,14.29,EQ
13-04-1998,13.75,14.25,13.5,13.7,13.7,26.1,6.9,1758600,24400025.0,,13.87,EQ
15-04-1998,14.5,15.1,14.25,15.1,15.1,26.1,6.9,576900,8603490.0,,14.91,EQ
16-04-1998,16.4,16.6,14.5,14.8,14.75,26.1,6.9,1899500,29073660.0,,15.31,EQ
17-04-1998,14.6,15.3,14.4,15.2,15.25,26.1,6.9,1333400,19790815.0,,14.84,EQ
20-04-1998,15.25,16.55,14.7,14.85,14.85,26.1,6.9,1550900,23965295.0,,15.45,EQ
21-04-1998,15.25,15.25,14.75,14.85,15.0,26.1,6.9,1161700,17309495.0,,14.9,EQ
22-04-1998,15.8,16.0,14.2,14.4,14.4,26.1,6.9,1591500,23766595.0,,14.93,EQ
23-04-1998,14.3,14.45,13.6,13.75,13.8,26.1,6.9,736700,10334990.0,,14.03,EQ
24-04-1998,13.65,13.9,12.4,13.35,13.35,26.1,6.9,1205300,15772520.0,,13.09,EQ
27-04-1998,13.75,14.5,13.0,13.25,13.25,26.1,6.9,767100,10301655.0,,13.43,EQ
28-04-1998,13.0,13.25,12.75,12.9,13.0,26.1,6.9,1101500,14273765.0,,12.96,EQ
29-04-1998,13.25,13.95,12.0,12.2,12.15,26.1,6.9,689700,8827835.0,,12.8,EQ
30-04-1998,12.0,12.8,11.5,12.6,12.55,26.1,6.9,1011600,12386590.0,,12.24,EQ
04-05-1998,12.95,13.9,12.85,13.8,13.6,26.1,6.9,1460600,19786610.0,,13.55,EQ
05-05-1998,14.2,14.2,13.3,13.4,13.45,26.1,6.9,841400,11349635.0,,13.49,EQ
06-05-1998,14.0,14.0,12.8,12.9,12.9,26.1,6.9,833400,11119160.0,,13.34,EQ
08-05-1998,12.8,13.75,12.65,13.35,13.2,26.1,6.9,1080400,14280670.0,,13.22,EQ
11-05-1998,13.55,13.65,12.9,13.0,12.9,26.1,6.9,967000,12780630.0,,13.22,EQ
12-05-1998,12.9,12.9,11.7,12.65,12.55,26.1,6.9,1670500,20541375.0,,12.3,EQ
13-05-1998,12.15,12.7,11.85,12.0,11.85,26.1,6.9,853400,10480440.0,,12.28,EQ
14-05-1998,11.8,12.9,11.8,12.75,12.9,26.1,6.9,751400,9273550.0,,12.34,EQ
15-05-1998,12.95,13.0,12.3,12.35,12.4,26.1,6.9,695700,8798620.0,,12.65,EQ
18-05-1998,12.7,12.75,12.5,12.6,12.6,26.1,6.9,384200,4850835.0,,12.63,EQ
19-05-1998,12.7,13.05,12.45,12.9,13.0,26.1,6.9,943800,12123345.0,,12.85,EQ
20-05-1998,13.45,13.5,12.95,13.05,13.15,26.1,6.9,2032000,26710590.0,,13.14,EQ
21-05-1998,13.3,13.4,12.6,12.75,12.75,26.1,6.9,929500,12058825.0,,12.97,EQ
22-05-1998,12.6,12.95,12.6,12.9,12.85,26.1,6.9,487300,6262385.0,,12.85,EQ
25-05-1998,12.65,12.7,12.0,12.35,12.25,26.1,6.9,818600,10118335.0,,12.36,EQ
26-05-1998,12.1,12.4,11.95,12.0,12.05,26.1,6.9,1092500,13270205.0,,12.15,EQ
27-05-1998,12.25,12.65,11.9,12.0,12.05,26.1,6.9,1353200,16596995.0,,12.26,EQ
28-05-1998,12.2,12.35,11.75,11.85,11.9,26.1,6.9,1093600,13095570.0,,11.97,EQ
29-05-1998,11.55,13.05,11.15,12.95,12.9,26.1,6.9,4292400,53989055.0,,12.58,EQ
01-06-1998,13.4,13.75,11.7,12.05,11.8,26.1,6.9,5329400,68331440.0,,12.82,EQ
02-06-1998,12.5,12.5,11.1,11.5,11.9,26.1,6.9,2609500,30774560.0,,11.79,EQ
03-06-1998,12.15,12.65,11.45,12.45,12.65,26.1,6.9,2244400,27125210.0,,12.09,EQ
04-06-1998,13.0,13.0,12.0,12.5,12.65,26.1,6.9,3672800,45626135.0,,12.42,EQ
05-06-1998,12.25,12.5,11.6,11.95,12.1,26.1,6.9,2755700,33377375.0,,12.11,EQ
08-06-1998,12.1,12.25,11.25,12.0,11.9,26.1,6.9,1208700,14157940.0,,11.71,EQ
09-06-1998,11.9,12.1,11.35,11.45,11.5,26.1,6.9,1372300,15941460.0,,11.62,EQ
10-06-1998,11.5,11.5,10.55,10.7,10.6,26.1,6.9,931000,10293410.0,,11.06,EQ
11-06-1998,10.5,10.8,9.65,10.65,10.45,26.1,6.9,1091400,11167870.0,,10.23,EQ
12-06-1998,10.5,10.8,9.9,10.0,10.0,26.1,6.9,796900,8249640.0,,10.35,EQ
15-06-1998,10.35,10.35,9.0,9.0,9.0,26.1,6.9,668800,6227305.0,,9.31,EQ
16-06-1998,9.0,10.35,8.6,10.25,10.25,26.1,6.9,3113600,30215755.0,,9.7,EQ
17-06-1998,10.1,11.6,10.1,11.35,11.5,26.1,6.9,4488200,49719910.0,,11.08,EQ
18-06-1998,11.5,11.6,10.8,11.3,11.5,26.1,6.9,3021700,33949400.0,,11.24,EQ
19-06-1998,11.0,11.05,10.5,10.8,10.8,26.1,6.9,576000,6211690.0,,10.78,EQ
22-06-1998,10.25,10.4,9.35,10.0,10.25,26.1,6.9,537500,5326680.0,,9.91,EQ
23-06-1998,10.0,10.0,9.5,9.75,9.75,26.1,6.9,1294500,12584060.0,,9.72,EQ
24-06-1998,10.0,10.2,9.75,9.85,9.85,26.1,6.9,539700,5368025.0,,9.95,EQ
25-06-1998,10.15,10.15,9.85,9.95,9.85,26.1,6.9,633500,6332605.0,,10.0,EQ
26-06-1998,9.65,10.05,9.5,9.6,9.6,26.1,6.9,1671100,16341325.0,,9.78,EQ
29-06-1998,9.15,9.75,9.15,9.45,9.45,26.1,6.9,478500,4563925.0,,9.54,EQ
30-06-1998,9.45,10.0,8.7,9.25,9.1,26.1,6.9,2135100,19548405.0,,9.16,EQ
01-07-1998,9.1,9.25,8.75,9.0,8.95,26.1,6.9,433200,3882055.0,,8.96,EQ
02-07-1998,8.95,9.15,8.45,8.65,8.7,26.1,6.9,651300,5697365.0,,8.75,EQ
03-07-1998,8.9,8.9,8.4,8.5,8.5,26.1,6.9,585300,5002880.0,,8.55,EQ
06-07-1998,8.7,8.9,8.65,8.75,8.7,26.1,6.9,414000,3621135.0,,8.75,EQ
07-07-1998,8.7,9.05,8.6,8.85,8.8,26.1,6.9,705700,6281520.0,,8.9,EQ
08-07-1998,9.0,9.05,8.85,8.95,8.9,26.1,6.9,537800,4822460.0,,8.97,EQ
09-07-1998,9.0,9.15,8.9,8.95,9.0,26.1,6.9,318100,2870675.0,,9.02,EQ
10-07-1998,9.05,9.45,8.8,8.95,8.95,26.1,6.9,1035100,9375380.0,,9.06,EQ
13-07-1998,9.1,9.2,8.8,8.85,8.85,26.1,6.9,632300,5712570.0,,9.03,EQ
14-07-1998,8.8,8.9,8.7,8.75,8.75,26.1,6.9,446400,3923735.0,,8.79,EQ
15-07-1998,8.85,9.0,8.7,8.8,8.8,26.1,6.9,381000,3372495.0,,8.85,EQ
16-07-1998,8.75,8.9,8.7,8.85,8.9,26.1,6.9,320900,2826705.0,,8.81,EQ
17-07-1998,8.95,9.05,8.55,8.6,8.6,26.1,6.9,812200,7112295.0,,8.76,EQ
20-07-1998,8.75,8.75,8.3,8.35,8.3,26.1,6.9,344900,2923195.0,,8.48,EQ
21-07-1998,8.25,8.4,7.9,7.95,8.0,25.7,6.9,767500,6277855.0,,8.18,EQ
22-07-1998,8.0,8.2,7.95,8.0,8.0,25.7,6.9,301200,2422210.0,,8.04,EQ
23-07-1998,8.05,8.05,7.65,7.7,7.7,25.7,6.9,450500,3528095.0,,7.83,EQ
24-07-1998,7.65,7.85,7.6,7.65,7.65,25.7,6.9,291500,2236900.0,,7.67,EQ
27-07-1998,7.55,7.8,7.4,7.55,7.5,25.7,6.9,375800,2826360.0,,7.52,EQ
28-07-1998,7.5,7.65,7.45,7.5,7.5,25.7,6.9,524600,3947060.0,,7.52,EQ
29-07-1998,7.55,8.0,7.5,7.55,7.6,25.7,6.9,436300,3312050.0,,7.59,EQ
30-07-1998,7.55,7.6,7.3,7.3,7.3,25.7,6.9,336600,2507680.0,,7.45,EQ
31-07-1998,7.2,7.2,6.6,7.0,7.1,25.7,6.9,372300,2600925.0,,6.99,EQ
03-08-1998,6.9,6.9,6.6,6.8,6.8,25.7,6.6,375100,2551875.0,,6.8,EQ
04-08-1998,6.75,6.8,6.55,6.6,6.65,25.7,6.6,1085600,7239735.0,,6.67,EQ
05-08-1998,7.0,7.3,7.0,7.15,7.15,25.7,6.55,850600,6061610.0,,7.13,EQ
06-08-1998,7.15,7.4,7.15,7.2,7.25,25.7,6.55,616300,4483310.0,,7.27,EQ
07-08-1998,7.25,7.35,7.2,7.25,7.25,25.7,6.55,198800,1441285.0,,7.25,EQ
10-08-1998,7.25,7.3,7.15,7.2,7.25,25.7,6.55,200900,1447935.0,,7.21,EQ
11-08-1998,7.2,7.2,7.05,7.1,7.1,24.9,6.55,212000,1508405.0,,7.12,EQ
12-08-1998,7.2,7.2,6.7,6.75,6.75,24.9,6.55,1002700,6897660.0,,6.88,EQ
13-08-1998,6.8,6.85,6.5,6.75,6.75,24.9,6.55,649800,4342280.0,,6.68,EQ
14-08-1998,6.8,6.85,6.6,6.7,6.7,24.9,6.5,575200,3838490.0,,6.67,EQ
17-08-1998,6.8,6.8,6.55,6.6,6.6,24.9,6.5,349000,2318155.0,,6.64,EQ
18-08-1998,6.65,6.65,6.45,6.55,6.6,22.8,6.5,635000,4175610.0,,6.58,EQ
19-08-1998,6.65,6.7,6.4,6.5,6.45,22.8,6.45,410100,2671350.0,,6.51,EQ
20-08-1998,6.55,6.6,6.2,6.35,6.5,22.8,6.4,983900,6220745.0,,6.32,EQ
21-08-1998,6.45,6.5,6.35,6.35,6.4,22.8,6.2,473900,3035580.0,,6.41,EQ
24-08-1998,6.4,6.4,6.25,6.3,6.3,22.8,6.2,295300,1856180.0,,6.29,EQ
25-08-1998,6.35,6.45,6.15,6.2,6.25,22.1,6.2,411900,2600635.0,,6.31,EQ
27-08-1998,6.3,6.4,6.25,6.4,6.4,22.1,6.15,420800,2664555.0,,6.33,EQ
28-08-1998,6.25,6.25,6.0,6.15,6.15,22.1,6.15,387500,2387310.0,,6.16,EQ
31-08-1998,6.2,6.25,6.0,6.15,6.15,22.1,6.0,289700,1781960.0,,6.15,EQ
01-09-1998,6.1,6.1,5.7,5.75,5.8,21.35,6.0,2376000,13978435.0,,5.88,EQ
02-09-1998,5.8,5.9,5.55,5.7,5.75,21.35,5.7,734000,4170945.0,,5.68,EQ
03-09-1998,5.85,5.9,5.65,5.65,5.65,21.35,5.55,404500,2323535.0,,5.74,EQ
04-09-1998,5.75,5.75,5.55,5.7,5.7,21.35,5.55,769200,4357210.0,,5.66,EQ
07-09-1998,5.75,6.25,5.7,6.15,6.15,21.35,5.55,974900,5794260.0,,5.94,EQ
08-09-1998,6.15,6.25,5.85,5.95,5.95,20.4,5.55,1432600,8599485.0,,6.0,EQ
09-09-1998,6.1,6.1,5.95,5.95,6.0,20.4,5.55,1324300,7954740.0,,6.01,EQ
10-09-1998,6.15,6.15,5.85,5.9,5.9,20.4,5.55,665100,3941775.0,,5.93,EQ
11-09-1998,5.9,5.9,5.5,5.55,5.6,20.4,5.55,1166200,6563110.0,,5.63,EQ
14-09-1998,5.65,5.8,5.55,5.65,5.65,20.4,5.5,988600,5630850.0,,5.7,EQ
15-09-1998,5.6,5.95,5.6,5.8,5.8,17.9,5.5,637800,3689410.0,,5.78,EQ
16-09-1998,6.0,6.8,5.95,6.1,6.1,17.9,5.5,1573500,10004315.0,,6.36,EQ
17-09-1998,6.2,6.3,6.0,6.05,6.1,17.9,5.5,725600,4451485.0,,6.13,EQ
18-09-1998,6.25,6.8,6.05,6.6,6.65,17.9,5.5,1436300,9335065.0,,6.5,EQ
21-09-1998,6.85,7.0,6.65,6.8,6.85,17.9,5.5,1554200,10625570.0,,6.84,EQ
22-09-1998,6.8,6.9,6.6,6.8,6.9,16.65,5.5,963700,6475700.0,,6.72,EQ
23-09-1998,7.0,7.0,6.75,6.9,6.9,16.65,5.5,753200,5164520.0,,6.86,EQ
24-09-1998,7.0,7.1,6.75,6.85,6.8,16.65,5.5,755700,5212700.0,,6.9,EQ
25-09-1998,6.85,7.0,6.65,6.7,6.7,16.65,5.5,1029300,7006300.0,,6.81,EQ
28-09-1998,6.8,6.9,6.55,6.55,6.6,16.65,5.5,465100,3115495.0,,6.7,EQ
29-09-1998,6.6,6.6,6.25,6.3,6.35,16.65,5.5,704200,4498655.0,,6.39,EQ
30-09-1998,6.35,6.7,6.3,6.6,6.6,16.65,5.5,288900,1890735.0,,6.54,EQ
05-10-1998,6.35,6.35,6.0,6.0,6.0,16.65,5.5,346100,2100950.0,,6.07,EQ
06-10-1998,6.2,6.2,5.9,5.95,6.0,16.65,5.5,412900,2474540.0,,5.99,EQ
07-10-1998,6.1,6.2,6.05,6.1,6.1,16.65,5.5,283700,1729420.0,,6.1,EQ
08-10-1998,6.15,6.15,6.0,6.0,6.0,16.65,5.5,101400,615305.0,,6.07,EQ
09-10-1998,6.0,6.05,5.8,5.85,5.85,16.65,5.5,453600,2680975.0,,5.91,EQ
12-10-1998,5.85,5.85,5.55,5.6,5.6,16.65,5.5,387700,2193150.0,,5.66,EQ
13-10-1998,5.5,5.65,5.35,5.4,5.45,16.65,5.5,626300,3426555.0,,5.47,EQ
14-10-1998,5.5,5.55,5.05,5.4,5.35,16.65,5.35,708400,3746695.0,,5.29,EQ
15-10-1998,5.4,5.5,5.3,5.35,5.4,16.65,5.05,369000,1993935.0,,5.4,EQ
16-10-1998,5.4,5.4,5.1,5.3,5.35,16.65,5.05,284500,1494365.0,,5.25,EQ
19-10-1998,5.3,5.35,5.2,5.2,5.25,16.65,5.05,103200,541505.0,,5.25,EQ
20-10-1998,5.15,5.15,5.0,5.0,5.05,16.6,5.05,448600,2264800.0,,5.05,EQ
22-10-1998,5.2,5.45,5.05,5.35,5.4,16.6,5.0,298900,1563150.0,,5.23,EQ
23-10-1998,5.25,5.45,5.15,5.25,5.3,16.6,5.0,358600,1905880.0,,5.31,EQ
26-10-1998,5.65,6.5,5.45,5.75,5.75,16.6,5.0,1103900,6244415.0,,5.66,EQ
27-10-1998,5.75,5.8,5.5,5.6,5.75,16.6,5.0,330400,1859415.0,,5.63,EQ
28-10-1998,5.85,5.85,5.5,5.55,5.5,16.6,5.0,279600,1572180.0,,5.62,EQ
29-10-1998,5.45,5.45,5.3,5.4,5.4,16.6,5.0,239000,1287120.0,,5.39,EQ
30-10-1998,5.35,5.35,5.1,5.15,5.1,16.6,5.0,435400,2269580.0,,5.21,EQ
31-10-1998,5.05,5.15,4.9,5.05,5.1,16.6,5.0,167900,842400.0,,5.02,EQ
02-11-1998,5.0,5.15,5.0,5.1,5.05,16.6,4.9,234000,1183485.0,,5.06,EQ
03-11-1998,5.1,5.15,5.0,5.05,5.05,16.6,4.9,441600,2246860.0,,5.09,EQ
05-11-1998,5.05,5.25,5.05,5.15,5.15,16.6,4.9,405100,2090610.0,,5.16,EQ
06-11-1998,5.2,5.3,5.1,5.15,5.15,16.6,4.9,253100,1308405.0,,5.17,EQ
09-11-1998,5.2,5.6,5.2,5.35,5.4,16.6,4.9,684200,3681675.0,,5.38,EQ
10-11-1998,5.45,5.6,5.3,5.5,5.55,16.6,4.9,370200,2015360.0,,5.44,EQ
11-11-1998,5.6,5.8,5.55,5.6,5.6,16.6,4.9,707500,4033260.0,,5.7,EQ
12-11-1998,5.5,5.65,5.45,5.6,5.6,16.6,4.9,243200,1345920.0,,5.53,EQ
13-11-1998,5.5,5.95,5.5,5.8,5.8,16.6,4.9,671100,3897140.0,,5.81,EQ
16-11-1998,5.75,5.95,4.95,5.0,5.0,16.6,4.9,1499500,7969440.0,,5.31,EQ
17-11-1998,5.0,5.3,4.95,5.0,5.0,16.6,4.9,1021000,5165905.0,,5.06,EQ
18-11-1998,5.2,5.5,5.15,5.25,5.25,16.6,4.9,1179400,6252610.0,,5.3,EQ
19-11-1998,5.35,5.75,5.2,5.5,5.5,16.6,4.9,2066500,11420150.0,,5.53,EQ
20-11-1998,5.7,5.8,5.25,5.25,5.25,16.6,4.9,1397100,7670705.0,,5.49,EQ
21-11-1998,5.4,5.45,5.3,5.45,5.45,16.6,4.9,112900,606535.0,,5.37,EQ
23-11-1998,5.45,5.45,5.15,5.25,5.25,16.6,4.9,651900,3409760.0,,5.23,EQ
24-11-1998,5.25,5.35,5.15,5.25,5.25,16.6,4.9,891200,4654865.0,,5.22,EQ
26-11-1998,5.15,5.45,5.15,5.2,5.2,16.6,4.9,522700,2754720.0,,5.27,EQ
27-11-1998,5.25,5.25,5.1,5.2,5.2,16.6,4.9,452000,2339045.0,,5.17,EQ
28-11-1998,5.15,5.25,5.05,5.2,5.2,16.6,4.9,303800,1569460.0,,5.17,EQ
30-11-1998,5.15,5.2,5.1,5.2,5.2,16.6,4.9,243500,1257460.0,,5.16,EQ
01-12-1998,5.2,5.25,5.1,5.15,5.15,16.6,4.9,568700,2927290.0,,5.15,EQ
02-12-1998,5.2,5.25,5.15,5.15,5.15,16.6,4.9,221500,1150370.0,,5.19,EQ
03-12-1998,5.25,5.25,5.05,5.1,5.1,16.6,4.9,738700,3789595.0,,5.13,EQ
04-12-1998,5.1,5.15,5.0,5.05,5.05,16.6,4.9,469400,2383055.0,,5.08,EQ
07-12-1998,5.05,5.2,5.0,5.15,5.15,16.6,4.9,524400,2694295.0,,5.14,EQ
08-12-1998,5.1,5.15,5.05,5.1,5.1,16.6,4.9,578000,2945230.0,,5.1,EQ
09-12-1998,5.15,5.2,5.1,5.15,5.15,16.6,4.9,270700,1394185.0,,5.15,EQ
10-12-1998,5.15,5.15,5.1,5.1,5.1,16.6,4.9,156500,799955.0,,5.11,EQ
11-12-1998,5.15,5.3,5.1,5.3,5.3,16.6,4.9,1344100,6958070.0,,5.18,EQ
14-12-1998,5.25,5.35,5.1,5.15,5.15,16.6,4.9,890400,4654370.0,,5.23,EQ
15-12-1998,5.15,5.2,5.1,5.1,5.1,16.6,4.9,759700,3902655.0,,5.14,EQ
16-12-1998,5.15,5.25,5.1,5.15,5.15,16.6,4.9,456500,2356890.0,,5.16,EQ
17-12-1998,5.1,5.2,5.05,5.05,5.05,16.6,4.9,202500,1033835.0,,5.11,EQ
18-12-1998,5.1,5.1,5.05,5.05,5.05,16.6,4.9,131800,669875.0,,5.08,EQ
21-12-1998,5.1,5.2,5.1,5.2,5.2,16.6,4.9,233800,1202405.0,,5.14,EQ
22-12-1998,5.15,5.15,4.95,5.0,5.0,16.6,4.9,666400,3348980.0,,5.03,EQ
23-12-1998,5.1,5.15,5.05,5.1,5.1,16.6,4.9,261000,1335160.0,,5.12,EQ
24-12-1998,5.1,5.15,5.05,5.05,5.05,16.6,4.9,204600,1040275.0,,5.08,EQ
28-12-1998,5.1,5.9,5.05,5.75,5.75,16.6,4.9,1529600,8520805.0,,5.57,EQ
29-12-1998,5.65,6.05,5.55,5.9,5.9,16.6,4.9,924400,5374425.0,,5.81,EQ
30-12-1998,6.15,6.3,5.75,5.85,5.85,16.6,4.9,1369800,8203085.0,,5.99,EQ
31-12-1998,5.75,5.85,5.65,5.7,5.7,16.6,4.9,283500,1634505.0,,5.77,EQ
01-01-1999,5.7,6.15,5.55,6.0,6.0,16.6,4.9,782600,4600585.0,,5.88,EQ
04-01-1999,6.05,6.15,5.9,6.0,6.0,16.6,4.9,699300,4201745.0,,6.01,EQ
05-01-1999,5.85,6.0,5.75,5.85,5.85,16.6,4.9,686400,4034765.0,,5.88,EQ
06-01-1999,6.0,6.1,5.95,6.05,6.05,16.6,4.9,538000,3251055.0,,6.04,EQ
07-01-1999,6.05,6.45,6.05,6.3,6.3,16.6,4.9,1168100,7323420.0,,6.27,EQ
08-01-1999,6.4,7.45,6.35,7.45,7.45,16.6,4.9,2859300,19852855.0,,6.94,EQ
11-01-1999,7.9,8.2,7.45,7.5,7.5,16.6,4.9,3146000,24445875.0,,7.77,EQ
12-01-1999,7.35,7.35,6.65,7.0,7.0,16.6,4.9,2037400,14243035.0,,6.99,EQ
13-01-1999,7.15,7.45,6.75,6.75,6.75,16.6,4.9,1390700,9876850.0,,7.1,EQ
14-01-1999,6.55,6.9,6.5,6.75,6.75,16.6,4.9,610800,4118390.0,,6.74,EQ
15-01-1999,6.7,6.8,6.35,6.4,6.4,16.6,4.9,747400,4884075.0,,6.53,EQ
18-01-1999,6.4,6.55,6.3,6.5,6.5,16.6,4.9,565000,3644755.0,,6.45,EQ
19-01-1999,6.4,6.45,5.7,5.8,5.8,16.6,4.9,1375200,8267745.0,,6.01,EQ
21-01-1999,6.15,6.4,5.9,6.3,6.3,16.6,4.9,1105000,6786810.0,,6.14,EQ
22-01-1999,6.35,6.55,6.05,6.1,6.1,16.6,4.9,606900,3811210.0,,6.28,EQ
25-01-1999,6.15,6.2,6.0,6.05,6.05,16.6,4.9,554100,3363335.0,,6.07,EQ
27-01-1999,6.25,6.95,6.15,6.6,6.6,16.6,4.9,1249500,8283270.0,,6.63,EQ
28-01-1999,6.65,6.8,6.4,6.4,6.4,16.6,4.9,605800,3975005.0,,6.56,EQ
29-01-1999,6.4,6.6,6.25,6.4,6.4,16.6,4.9,527300,3367980.0,,6.39,EQ
01-02-1999,6.05,6.2,5.9,6.0,6.0,16.6,4.9,762900,4618900.0,,6.05,EQ
02-02-1999,5.9,6.0,5.7,5.75,5.75,16.6,4.9,760000,4432060.0,,5.83,EQ
03-02-1999,5.95,6.3,5.95,6.25,6.25,16.6,4.9,786100,4791530.0,,6.1,EQ
04-02-1999,6.1,6.5,6.1,6.35,6.35,16.6,4.9,887900,5640210.0,,6.35,EQ
05-02-1999,6.25,6.35,6.2,6.25,6.25,16.6,4.9,409900,2567645.0,,6.26,EQ
08-02-1999,6.3,6.3,6.05,6.1,6.1,16.6,4.9,468100,2892315.0,,6.18,EQ
09-02-1999,6.0,6.0,5.75,5.9,5.9,16.6,4.9,744800,4373505.0,,5.87,EQ
10-02-1999,6.25,6.25,5.9,6.15,6.15,16.6,4.9,326300,1977505.0,,6.06,EQ
11-02-1999,6.15,6.6,6.15,6.55,6.55,16.6,4.9,786800,5044990.0,,6.41,EQ
12-02-1999,6.5,7.4,6.5,7.4,7.4,16.6,4.9,2235300,15839385.0,,7.09,EQ
15-02-1999,7.45,8.15,7.25,7.3,7.3,16.6,4.9,3233900,25007885.0,,7.73,EQ
16-02-1999,7.25,8.0,7.0,8.0,8.0,16.6,4.9,1410400,10607495.0,,7.52,EQ
17-02-1999,7.8,8.15,7.5,7.85,7.85,16.6,4.9,2404400,18883695.0,,7.85,EQ
18-02-1999,7.85,8.05,7.7,7.75,7.75,16.6,4.9,941600,7463265.0,,7.93,EQ
19-02-1999,7.95,8.0,7.5,7.6,7.6,16.6,4.9,556800,4262120.0,,7.65,EQ
22-02-1999,7.65,7.9,7.4,7.45,7.45,16.6,4.9,668900,5090320.0,,7.61,EQ
23-02-1999,7.2,7.5,7.1,7.2,7.2,16.6,4.9,1029400,7454760.0,,7.24,EQ
24-02-1999,7.4,7.75,7.35,7.6,7.6,16.6,4.9,746900,5676330.0,,7.6,EQ
25-02-1999,7.75,8.0,7.45,7.5,7.5,16.6,4.9,1702400,13218820.0,,7.76,EQ
26-02-1999,7.7,7.7,7.35,7.5,7.5,16.6,4.9,1104300,8271090.0,,7.49,EQ
27-02-1999,7.8,8.0,6.1,6.8,6.8,16.6,4.9,2828100,20781695.0,,7.35,EQ
01-03-1999,6.55,6.8,5.8,5.85,5.85,16.6,4.9,2090900,12529430.0,,5.99,EQ
03-03-1999,6.25,6.45,6.05,6.15,6.15,16.6,4.9,1070100,6662950.0,,6.23,EQ
04-03-1999,6.15,6.2,5.95,6.1,6.1,16.6,4.9,264000,1601810.0,,6.07,EQ
05-03-1999,6.05,6.1,5.85,5.85,5.85,16.6,4.9,425300,2525435.0,,5.94,EQ
08-03-1999,5.8,5.9,5.45,5.6,5.6,16.6,4.9,732900,4153645.0,,5.67,EQ
09-03-1999,5.75,6.15,5.65,5.95,5.95,16.6,4.9,1471800,8751160.0,,5.95,EQ
10-03-1999,6.2,6.6,6.0,6.1,6.1,16.6,4.9,1240300,7635280.0,,6.16,EQ
11-03-1999,6.25,6.4,6.0,6.0,6.0,16.6,4.9,778400,4779430.0,,6.14,EQ
12-03-1999,5.9,6.1,5.75,6.0,6.0,16.6,4.9,685000,4095105.0,,5.98,EQ
15-03-1999,6.1,6.1,5.8,5.9,5.9,16.6,4.9,338500,1994365.0,,5.89,EQ
16-03-1999,5.8,6.15,5.75,5.85,5.85,16.6,4.9,4564500,27282080.0,,5.98,EQ
17-03-1999,6.0,6.05,5.85,5.9,5.9,16.6,4.9,507400,3027975.0,,5.97,EQ
18-03-1999,5.85,7.5,5.75,6.95,6.95,16.6,4.9,3798000,26314380.0,,6.93,EQ
19-03-1999,7.2,7.2,6.35,6.4,6.4,16.6,4.9,1630500,10917200.0,,6.7,EQ
20-03-1999,6.3,6.55,6.2,6.5,6.5,16.6,4.9,43800,280385.0,,6.4,EQ
22-03-1999,6.8,6.8,6.2,6.4,6.4,16.6,4.9,339700,2178625.0,,6.41,EQ
23-03-1999,6.3,6.55,6.2,6.2,6.2,16.6,4.9,2235900,14224870.0,,6.36,EQ
24-03-1999,6.5,6.5,6.1,6.15,6.15,16.6,4.9,614300,3877700.0,,6.31,EQ
25-03-1999,6.4,6.4,6.2,6.2,6.2,16.6,4.9,166700,1042895.0,,6.26,EQ
26-03-1999,6.25,6.25,5.95,6.0,6.0,16.6,4.9,280300,1696370.0,,6.05,EQ
30-03-1999,5.9,6.05,5.65,5.75,5.75,16.6,4.9,875400,5056725.0,,5.78,EQ
31-03-1999,5.95,6.1,5.9,5.9,5.9,16.6,4.9,756500,4504115.0,,5.95,EQ
01-04-1999,5.9,5.95,5.75,5.8,5.8,16.6,4.9,365500,2131910.0,,5.83,EQ
05-04-1999,5.75,5.85,5.55,5.7,5.7,16.6,4.9,425400,2443350.0,,5.74,EQ
06-04-1999,5.65,5.8,5.55,5.65,5.65,16.6,4.9,327600,1863595.0,,5.69,EQ
07-04-1999,5.75,5.75,5.55,5.6,5.6,16.6,4.9,460700,2591675.0,,5.63,EQ
08-04-1999,5.6,5.65,5.5,5.55,5.55,16.6,4.9,189800,1051240.0,,5.54,EQ
09-04-1999,5.5,5.5,5.25,5.25,5.25,16.6,4.9,396100,2112450.0,,5.33,EQ
12-04-1999,5.2,5.4,5.15,5.25,5.25,16.6,4.9,1071100,5629820.0,,5.26,EQ
13-04-1999,5.2,5.3,5.15,5.15,5.15,16.6,4.9,333800,1732255.0,,5.19,EQ
15-04-1999,5.05,5.35,5.05,5.25,5.25,16.6,4.9,206500,1076230.0,,5.21,EQ
16-04-1999,5.2,5.8,5.15,5.7,5.7,16.6,4.9,951200,5239285.0,,5.51,EQ
17-04-1999,5.8,5.85,5.1,5.15,5.15,16.6,4.9,418500,2258435.0,,5.4,EQ
19-04-1999,5.05,5.35,5.05,5.3,5.3,16.6,4.9,358300,1870155.0,,5.22,EQ
20-04-1999,5.35,5.65,5.35,5.5,5.5,16.55,4.9,674100,3698725.0,,5.49,EQ
21-04-1999,5.55,5.6,5.45,5.5,5.5,16.55,4.9,1204800,6625820.0,,5.5,EQ
22-04-1999,5.5,5.55,5.2,5.25,5.25,16.55,4.9,215900,1164260.0,,5.39,EQ
23-04-1999,5.3,5.3,5.05,5.15,5.15,16.55,4.9,355600,1837495.0,,5.17,EQ
26-04-1999,5.05,5.1,4.9,5.0,5.0,16.55,4.9,812600,4046475.0,,4.98,EQ
28-04-1999,4.95,5.15,4.9,5.05,5.05,14.5,4.9,297000,1484845.0,,5.0,EQ
29-04-1999,5.05,5.05,4.9,5.05,5.05,14.5,4.9,313000,1558940.0,,4.98,EQ
30-04-1999,5.1,5.3,5.0,5.15,5.15,14.5,4.9,537300,2738375.0,,5.1,EQ
03-05-1999,5.1,5.2,5.0,5.05,5.05,14.5,4.9,162000,820900.0,,5.07,EQ
04-05-1999,5.0,5.05,4.9,5.05,5.05,14.2,4.9,1594200,7989795.0,,5.01,EQ
05-05-1999,5.05,5.15,5.05,5.05,5.05,14.2,4.9,165000,844265.0,,5.12,EQ
06-05-1999,5.05,5.1,4.95,5.0,5.0,14.2,4.9,441700,2207405.0,,5.0,EQ
07-05-1999,5.0,5.15,5.0,5.0,5.0,14.2,4.9,255300,1288865.0,,5.05,EQ
10-05-1999,5.05,5.25,5.0,5.15,5.15,14.2,4.9,364000,1867705.0,,5.13,EQ
11-05-1999,5.2,5.6,5.1,5.35,5.35,13.75,4.9,910400,4901930.0,,5.38,EQ
12-05-1999,5.8,5.8,5.15,5.3,5.3,13.75,4.9,643400,3526570.0,,5.48,EQ
13-05-1999,5.35,5.5,5.3,5.4,5.4,13.75,4.9,277200,1497630.0,,5.4,EQ
14-05-1999,5.45,5.6,5.3,5.35,5.35,13.75,4.9,356600,1931275.0,,5.42,EQ
17-05-1999,5.3,5.45,5.2,5.3,5.3,13.75,4.9,325400,1728000.0,,5.31,EQ
18-05-1999,5.25,5.35,5.1,5.2,5.2,13.75,4.9,778200,4115570.0,,5.29,EQ
19-05-1999,5.4,7.1,5.3,6.6,6.6,13.75,4.9,2925800,18857140.0,,6.45,EQ
20-05-1999,6.95,7.1,5.95,6.0,6.0,13.75,4.9,1742700,11542300.0,,6.62,EQ
21-05-1999,6.0,6.0,5.65,5.7,5.7,13.75,4.9,508100,2946615.0,,5.8,EQ
24-05-1999,5.85,5.9,5.5,5.65,5.65,13.75,4.9,850900,4835150.0,,5.68,EQ
25-05-1999,5.45,5.85,5.45,5.8,5.8,13.75,4.9,1267500,7206105.0,,5.69,EQ
26-05-1999,6.2,6.3,5.85,6.1,6.1,13.75,4.9,384681,2318553.05,,6.03,EQ
27-05-1999,5.9,6.25,5.9,6.0,6.0,13.75,4.9,366612,2236099.15,,6.1,EQ
28-05-1999,5.8,5.85,5.4,5.55,5.55,13.75,4.9,488350,2726993.7,,5.58,EQ
31-05-1999,5.6,5.9,5.5,5.8,5.8,13.75,4.9,494118,2805107.95,,5.68,EQ
01-06-1999,5.8,6.0,5.45,5.6,5.6,13.75,4.9,516861,2931904.8,,5.67,EQ
02-06-1999,5.7,5.8,5.4,5.5,5.5,13.75,4.9,246401,1355390.5,,5.5,EQ
03-06-1999,5.45,5.7,5.45,5.6,5.6,13.75,4.9,75750,424435.0,,5.6,EQ
04-06-1999,5.6,5.9,5.6,5.8,5.8,13.75,4.9,657990,3812688.0,,5.79,EQ
07-06-1999,5.75,5.95,5.75,5.95,5.95,13.75,4.9,302812,1780075.4,,5.88,EQ
08-06-1999,5.9,6.4,5.75,6.4,6.4,12.25,4.9,428379,2608227.95,,6.09,EQ
09-06-1999,6.25,6.55,6.15,6.3,6.3,12.25,4.9,591151,3745129.2,,6.34,EQ
10-06-1999,6.35,6.5,6.2,6.2,6.25,12.25,4.9,308421,1959280.85,,6.35,EQ
11-06-1999,6.15,6.2,5.85,5.9,5.9,12.25,4.9,384201,2308646.05,,6.01,EQ
14-06-1999,5.6,5.9,5.6,5.75,5.8,12.25,4.9,1083899,6268539.25,,5.78,EQ
15-06-1999,5.85,6.7,5.85,6.25,6.1,11.6,4.9,1305937,8274827.75,,6.34,EQ
16-06-1999,6.35,6.5,6.25,6.45,6.45,11.6,4.9,1121146,7145684.6,,6.37,EQ
17-06-1999,6.55,6.75,6.45,6.6,6.65,11.6,4.9,776357,5130677.65,,6.61,EQ
18-06-1999,6.7,7.6,6.7,7.35,7.35,11.6,4.9,3218794,23062080.6,,7.16,EQ
21-06-1999,7.55,8.25,7.55,8.0,7.95,11.6,4.9,3703107,29735854.6,,8.03,EQ
22-06-1999,8.2,8.2,7.45,7.75,7.85,10.4,4.9,1773811,13800113.65,,7.78,EQ
23-06-1999,8.0,8.0,7.1,7.25,7.2,10.4,4.9,1117278,8374945.15,,7.5,EQ
24-06-1999,7.0,7.55,6.9,7.35,7.4,10.4,4.9,719742,5226238.1,,7.26,EQ
25-06-1999,7.25,7.65,7.2,7.2,7.2,10.4,4.9,625546,4650354.1,,7.43,EQ
28-06-1999,7.0,7.3,7.0,7.15,7.15,10.4,4.9,487997,3515203.6,,7.2,EQ
29-06-1999,7.4,7.4,7.0,7.05,7.05,10.0,4.9,613005,4343118.85,,7.08,EQ
30-06-1999,7.2,7.35,7.0,7.3,7.3,10.0,4.9,466101,3329893.95,,7.14,EQ
01-07-1999,7.3,7.45,7.1,7.15,7.15,10.0,4.9,399713,2912672.95,,7.29,EQ
02-07-1999,7.4,7.7,7.15,7.45,7.5,10.0,4.9,1121895,8375776.75,,7.47,EQ
05-07-1999,7.6,8.0,7.55,7.9,7.85,10.0,4.9,1252275,9802678.85,,7.83,EQ
06-07-1999,8.0,8.0,7.6,7.8,7.75,9.45,4.9,1122309,8777422.9,,7.82,EQ
07-07-1999,7.85,7.95,7.45,7.5,7.45,9.45,4.9,767438,5859176.3,,7.63,EQ
08-07-1999,7.5,7.65,7.35,7.45,7.45,9.45,4.9,417195,3124027.85,,7.49,EQ
09-07-1999,7.35,8.1,7.35,7.95,7.95,9.45,4.9,1256552,9793672.9,,7.79,EQ
12-07-1999,8.0,10.75,8.0,10.45,10.5,9.45,4.9,7149329,66834403.05,,9.35,EQ
13-07-1999,10.95,12.25,10.65,11.05,11.2,10.75,4.9,7824362,89891468.45,,11.49,EQ
14-07-1999,11.45,11.8,10.5,11.4,11.3,12.25,4.9,3256791,36421734.9,,11.18,EQ
15-07-1999,12.0,12.4,10.35,11.0,10.85,12.25,4.9,4676221,53913528.85,,11.53,EQ
16-07-1999,10.8,11.15,10.1,10.75,10.75,12.4,4.9,1769139,18997625.65,,10.74,EQ
19-07-1999,10.75,11.0,10.4,10.55,10.5,12.4,4.9,1643843,17512463.4,,10.65,EQ
20-07-1999,10.35,10.5,9.25,9.45,9.3,12.4,4.9,2396097,23739307.75,,9.91,EQ
21-07-1999,8.95,9.9,8.95,9.8,9.85,12.4,4.9,715279,6842687.65,,9.57,EQ
22-07-1999,9.8,10.0,9.4,9.45,9.55,12.4,4.9,559033,5410868.85,,9.68,EQ
23-07-1999,9.4,9.7,8.75,8.9,8.9,12.4,4.9,633168,5793672.3,,9.15,EQ
26-07-1999,9.2,9.3,8.75,8.95,8.95,12.4,4.9,647872,5835086.6,,9.01,EQ
27-07-1999,9.0,9.55,8.8,9.0,9.1,12.4,4.9,1079062,9922471.85,,9.2,EQ
28-07-1999,9.4,9.4,8.65,8.9,8.95,12.4,4.9,728497,6606255.25,,9.07,EQ
29-07-1999,8.95,9.0,8.5,8.6,8.5,12.4,4.9,382076,3334782.65,,8.73,EQ
30-07-1999,8.25,8.65,8.1,8.2,8.15,12.4,4.9,674321,5596485.85,,8.3,EQ
02-08-1999,8.05,8.05,5.0,6.45,6.45,12.4,4.9,1456549,9399638.2,,6.45,EQ
03-08-1999,6.45,7.5,6.3,7.3,7.2,12.4,4.9,1113765,7742006.9,,6.95,EQ
04-08-1999,7.25,7.9,7.25,7.6,7.65,12.4,4.9,1022554,7802330.75,,7.63,EQ
05-08-1999,7.95,7.95,6.95,7.1,7.1,12.4,4.9,855417,6190834.5,,7.24,EQ
06-08-1999,7.35,7.4,7.0,7.1,7.15,12.4,4.9,616771,4381417.35,,7.1,EQ
09-08-1999,7.0,7.95,7.0,7.85,7.85,12.4,4.9,1160939,8979786.25,,7.73,EQ
10-08-1999,7.95,8.0,7.4,7.65,7.75,12.4,4.9,1345553,10392266.15,,7.72,EQ
11-08-1999,7.8,7.95,7.5,7.85,7.8,12.4,4.9,1702554,13231763.45,,7.77,EQ
12-08-1999,7.8,8.15,7.8,7.85,7.9,12.4,4.9,1244587,9916208.6,,7.97,EQ
13-08-1999,8.0,8.0,7.45,7.5,7.6,12.4,4.9,782412,5952723.75,,7.61,EQ
16-08-1999,7.3,7.85,7.3,7.75,7.75,12.4,4.9,318236,2459695.8,,7.73,EQ
17-08-1999,7.95,8.7,7.8,8.0,8.1,12.4,4.9,2306543,18952516.3,,8.22,EQ
18-08-1999,8.5,8.85,8.0,8.55,8.7,12.4,4.9,3728618,31315735.45,,8.4,EQ
19-08-1999,8.85,8.95,8.25,8.35,8.4,12.4,4.9,1828347,15769818.55,,8.63,EQ
20-08-1999,8.35,8.5,8.25,8.35,8.35,12.4,4.9,730527,6098815.05,,8.35,EQ
23-08-1999,8.65,9.8,8.5,9.6,9.6,12.4,4.9,6883395,64806635.8,,9.41,EQ
24-08-1999,9.65,10.4,9.5,9.8,9.95,12.4,4.9,3160641,31071356.6,,9.83,EQ
25-08-1999,10.25,10.25,8.4,9.05,9.05,12.4,4.9,3217119,29919179.35,,9.3,EQ
26-08-1999,8.4,9.4,7.7,8.9,8.95,12.4,4.9,1429424,12612976.3,,8.82,EQ
27-08-1999,9.1,9.1,8.0,8.95,9.0,12.4,4.9,1978892,17309897.35,,8.75,EQ
30-08-1999,9.0,9.4,8.6,8.9,8.8,12.4,4.9,2008113,18068290.4,,9.0,EQ
31-08-1999,9.1,9.1,8.3,8.5,8.4,12.4,4.9,2293334,19631211.4,,8.56,EQ
01-09-1999,8.0,9.0,8.0,8.25,8.2,12.4,4.9,981227,8152663.5,,8.31,EQ
02-09-1999,8.2,8.2,7.65,7.7,7.7,12.4,4.9,881484,6960766.05,,7.9,EQ
03-09-1999,7.85,8.0,7.65,7.7,7.75,12.4,4.9,730282,5702127.2,,7.81,EQ
06-09-1999,7.85,8.1,7.8,8.0,8.0,12.4,4.9,464110,3718318.8,,8.01,EQ
07-09-1999,8.0,8.15,7.75,7.85,7.85,12.4,4.9,1170155,9368780.85,,8.01,EQ
08-09-1999,8.4,8.4,7.8,7.85,7.85,12.4,4.9,637523,5077281.9,,7.96,EQ
09-09-1999,7.95,8.0,7.65,7.7,7.7,12.4,4.9,384879,2991633.5,,7.77,EQ
10-09-1999,7.85,8.7,7.7,8.45,8.4,12.4,4.9,2746099,22802843.15,,8.3,EQ
14-09-1999,8.5,9.0,8.3,8.4,8.45,12.4,4.9,2022279,17409051.95,,8.61,EQ
15-09-1999,8.75,9.15,8.45,8.85,8.8,12.4,4.9,2507480,22158496.25,,8.84,EQ
16-09-1999,8.95,8.95,8.25,8.3,8.3,12.4,4.9,965354,8132835.15,,8.42,EQ
17-09-1999,8.3,8.35,8.1,8.15,8.15,12.4,4.9,843276,6921805.3,,8.21,EQ
20-09-1999,8.25,8.45,7.8,7.85,7.85,12.4,4.9,808274,6537479.0,,8.09,EQ
21-09-1999,7.85,8.0,7.5,7.6,7.75,12.4,4.9,1064307,8191280.95,,7.7,EQ
22-09-1999,8.0,8.0,7.8,7.8,7.8,12.4,4.9,378303,2991613.95,,7.91,EQ
23-09-1999,7.9,8.0,7.6,7.75,7.75,12.4,4.9,496339,3885224.15,,7.83,EQ
24-09-1999,7.9,8.0,7.5,7.55,7.55,12.4,4.9,762974,5875383.7,,7.7,EQ
27-09-1999,7.6,7.7,7.4,7.4,7.45,12.4,4.9,642727,4851022.9,,7.55,EQ
28-09-1999,7.4,7.4,7.05,7.2,7.25,12.4,4.9,1032695,7451019.7,,7.22,EQ
29-09-1999,7.4,7.65,7.35,7.55,7.5,12.4,4.9,728048,5479455.65,,7.53,EQ
30-09-1999,7.4,7.9,7.4,7.55,7.6,12.4,4.9,821831,6281881.8,,7.64,EQ
01-10-1999,7.85,7.85,7.1,7.25,7.2,12.4,4.9,1378766,10134805.9,,7.35,EQ
04-10-1999,7.1,7.5,7.1,7.25,7.25,12.4,4.9,1251528,9217556.7,,7.37,EQ
05-10-1999,7.3,7.5,7.2,7.35,7.4,12.4,4.9,1774046,13059390.4,,7.36,EQ
06-10-1999,7.5,8.0,7.3,7.55,7.55,12.4,4.9,1324258,10086127.8,,7.62,EQ
07-10-1999,7.85,9.4,7.65,8.85,8.85,12.4,4.9,3773509,32144235.35,,8.52,EQ
08-10-1999,9.1,12.15,9.0,11.85,11.75,12.4,4.9,16144093,171940284.4,,10.65,EQ
11-10-1999,12.1,12.9,11.15,11.35,11.2,12.4,4.9,5837124,69304440.6,,11.87,EQ
12-10-1999,11.25,12.4,11.05,11.9,11.95,12.9,4.9,5592334,66348013.05,,11.86,EQ
13-10-1999,12.0,12.0,11.15,11.75,11.7,12.9,4.9,3008623,35305323.15,,11.73,EQ
14-10-1999,11.95,12.45,11.5,11.65,11.6,12.9,4.9,2435845,29196095.55,,11.99,EQ
15-10-1999,11.5,11.65,10.25,10.85,11.0,12.9,4.9,2103969,22951972.65,,10.91,EQ
18-10-1999,11.15,13.2,10.5,12.8,12.9,12.9,4.9,6288910,77251244.75,,12.28,EQ
20-10-1999,13.9,14.0,12.95,13.5,13.3,13.2,4.9,7453899,100424471.75,,13.47,EQ
21-10-1999,13.7,13.75,12.0,12.2,12.3,14.0,4.9,3842837,48969184.85,,12.74,EQ
22-10-1999,12.05,13.6,11.6,13.35,13.5,14.0,4.9,7295103,94564358.7,,12.96,EQ
23-10-1999,13.6,14.4,13.35,14.15,14.05,14.0,4.9,3613161,50246173.8,,13.91,EQ
25-10-1999,14.5,14.95,13.85,14.1,14.1,14.4,4.9,8123385,116900724.95,,14.39,EQ
26-10-1999,14.4,16.2,13.75,15.85,16.0,14.95,4.9,12920138,195907310.15,,15.16,EQ
27-10-1999,16.6,16.75,14.5,14.95,15.1,16.2,4.9,19583563,309283764.45,,15.79,EQ
28-10-1999,14.85,15.25,13.7,14.2,14.2,16.75,4.9,6543654,95455769.2,,14.59,EQ
29-10-1999,14.1,14.2,10.85,12.8,12.8,16.75,4.9,9682824,123599153.85,,12.76,EQ
01-11-1999,11.5,12.2,9.6,9.75,10.1,16.75,4.9,8881331,94989574.0,,10.7,EQ
02-11-1999,10.5,12.0,9.5,11.75,11.65,16.75,4.9,9710985,108004942.35,,11.12,EQ
03-11-1999,11.9,12.15,10.8,11.25,11.2,16.75,4.9,4388804,50388721.8,,11.48,EQ
04-11-1999,11.65,12.45,10.85,12.05,11.85,16.75,4.9,6019920,71406728.55,,11.86,EQ
05-11-1999,12.1,12.35,11.6,12.0,11.9,16.75,4.9,4864275,58645581.95,,12.06,EQ
07-11-1999,12.4,12.45,11.95,12.15,12.0,16.75,4.9,2069526,25255355.45,,12.2,EQ
09-11-1999,12.4,12.5,11.9,12.0,12.1,16.75,4.9,5550451,67512262.15,,12.16,EQ
10-11-1999,12.3,12.4,11.9,12.05,12.1,16.75,4.9,2017320,24575272.4,,12.18,EQ
11-11-1999,12.1,12.1,11.3,11.45,11.4,16.75,4.9,1740022,20230955.75,,11.63,EQ
12-11-1999,11.5,11.5,11.0,11.05,11.2,16.75,4.9,1349606,15139289.85,,11.22,EQ
15-11-1999,11.25,11.4,11.0,11.1,11.05,16.75,4.9,995399,11099198.75,,11.15,EQ
16-11-1999,11.1,11.2,10.8,10.95,10.95,16.75,4.9,1757576,19262516.6,,10.96,EQ
17-11-1999,11.0,11.3,10.15,10.35,10.35,16.75,4.9,1152316,12494622.25,,10.84,EQ
18-11-1999,10.5,10.7,10.3,10.4,10.45,16.75,4.9,1066075,11126915.45,,10.44,EQ
19-11-1999,10.45,10.8,10.15,10.25,10.25,16.75,4.9,1720958,18081592.25,,10.51,EQ
22-11-1999,10.4,10.55,10.15,10.35,10.4,16.75,4.9,1398896,14459896.75,,10.34,EQ
24-11-1999,10.6,12.6,10.5,12.15,12.0,16.75,4.9,7559420,89888681.35,,11.89,EQ
25-11-1999,12.25,12.7,11.9,12.25,12.1,16.75,4.9,5221560,64459648.7,,12.34,EQ
26-11-1999,12.25,12.25,11.6,11.75,11.75,16.75,4.9,2142383,25287328.05,,11.8,EQ
29-11-1999,11.9,12.05,11.45,11.5,11.5,16.75,4.9,1258088,14646853.15,,11.64,EQ
30-11-1999,11.7,11.7,10.95,11.1,11.05,16.75,4.9,2599458,29379277.5,,11.3,EQ
01-12-1999,11.3,11.6,11.1,11.3,11.25,16.75,4.9,945937,10775851.5,,11.39,EQ
02-12-1999,11.4,12.0,11.2,11.85,11.8,16.75,4.9,1871106,21911473.0,,11.71,EQ
03-12-1999,12.0,12.15,11.4,11.5,11.5,16.75,4.9,1050347,12357916.2,,11.77,EQ
06-12-1999,11.6,11.95,11.2,11.35,11.3,16.75,4.9,1596124,18375095.5,,11.51,EQ
07-12-1999,11.65,12.6,11.55,11.7,11.8,16.75,4.9,4492609,54071237.7,,12.04,EQ
08-12-1999,11.5,12.25,10.95,11.2,11.25,16.75,4.9,4159494,48747427.85,,11.72,EQ
09-12-1999,11.3,11.8,10.9,11.2,11.2,16.75,4.9,805177,9057158.9,,11.25,EQ
10-12-1999,11.45,11.7,11.0,11.1,11.1,16.75,4.9,1740156,19427116.35,,11.16,EQ
13-12-1999,11.35,11.35,10.8,10.9,10.9,16.75,4.9,1044440,11447675.15,,10.96,EQ
14-12-1999,10.85,11.0,10.3,10.4,10.5,16.75,4.9,2144928,22559693.35,,10.52,EQ
15-12-1999,10.8,10.95,10.25,10.45,10.45,16.75,4.9,1924384,20457929.2,,10.63,EQ
16-12-1999,10.5,10.8,10.25,10.45,10.4,16.75,4.9,757577,7923687.85,,10.46,EQ
17-12-1999,10.55,10.6,10.15,10.25,10.3,16.75,4.9,1468321,15271905.7,,10.4,EQ
20-12-1999,10.65,10.95,10.45,10.65,10.7,16.75,4.9,1899781,20287787.8,,10.68,EQ
21-12-1999,10.9,12.1,10.85,11.55,11.65,16.75,4.9,5424013,62770497.9,,11.57,EQ
22-12-1999,13.8,14.4,12.55,12.9,13.0,16.75,4.9,9073004,118565623.35,,13.07,EQ
23-12-1999,12.95,13.0,12.25,12.35,12.3,16.75,4.9,976644,12268558.8,,12.56,EQ
24-12-1999,12.0,12.2,11.7,11.85,11.9,16.75,4.9,1654332,19632164.45,,11.87,EQ
27-12-1999,11.65,11.65,10.9,11.0,10.95,16.75,4.9,1804698,20172573.0,,11.18,EQ
28-12-1999,10.85,11.4,10.45,10.85,11.15,16.75,4.9,3693007,40550067.75,,10.98,EQ
29-12-1999,11.3,11.6,11.1,11.4,11.35,16.75,4.9,475701,5431234.35,,11.42,EQ
30-12-1999,11.4,11.5,11.0,11.3,11.3,16.75,4.9,550291,6185942.6,,11.24,EQ
03-01-2000,12.25,13.95,11.8,13.2,13.2,16.75,4.9,3890030,50871787.35,,13.08,EQ
04-01-2000,13.5,13.5,12.6,12.85,13.1,16.75,4.9,2194861,28243399.8,,12.87,EQ
05-01-2000,13.0,13.75,12.0,12.85,12.9,16.75,4.9,3123967,40765561.2,,13.05,EQ
06-01-2000,13.2,14.0,13.05,13.3,13.4,16.75,4.9,4432475,60337622.05,,13.61,EQ
07-01-2000,13.5,13.65,12.75,12.9,13.05,16.75,4.9,2528164,33184120.25,,13.13,EQ
10-01-2000,13.95,14.2,13.35,13.65,13.6,16.75,4.9,3940185,54006762.45,,13.71,EQ
11-01-2000,13.6,13.6,12.3,12.5,12.4,16.75,4.9,3158058,40138678.5,,12.71,EQ
12-01-2000,13.0,13.0,12.4,12.6,12.65,16.75,4.9,1066776,13535843.7,,12.69,EQ
13-01-2000,12.7,12.9,12.3,12.4,12.35,16.75,4.9,633585,7953941.4,,12.55,EQ
14-01-2000,12.6,12.6,11.75,12.15,12.15,16.75,4.9,789084,9547920.15,,12.1,EQ
17-01-2000,12.4,12.7,12.05,12.3,12.3,16.75,4.9,1083445,13470038.9,,12.43,EQ
18-01-2000,12.3,12.4,11.95,12.15,12.3,16.75,4.9,1288023,15653863.4,,12.15,EQ
19-01-2000,12.9,12.9,12.3,12.35,12.3,16.75,4.9,587096,7299794.45,,12.43,EQ
20-01-2000,12.3,12.85,12.0,12.3,12.2,16.75,4.9,1538093,19127303.75,,12.44,EQ
21-01-2000,12.05,12.25,12.0,12.1,12.15,16.75,4.9,820954,9925927.35,,12.09,EQ
24-01-2000,12.3,12.3,11.35,11.4,11.45,16.75,4.9,1139416,13359385.15,,11.72,EQ
25-01-2000,11.3,11.45,10.8,10.9,10.9,16.75,4.9,1112692,12306769.3,,11.06,EQ
27-01-2000,11.55,11.55,10.9,10.95,10.95,16.75,4.9,686797,7583981.1,,11.04,EQ
28-01-2000,10.85,11.2,10.55,10.7,10.75,16.75,4.9,986578,10538056.5,,10.68,EQ
31-01-2000,10.5,10.5,9.55,9.6,9.65,16.75,4.9,1016400,9998431.75,,9.84,EQ
01-02-2000,9.4,9.9,9.0,9.75,9.8,16.75,4.9,1169531,11106293.15,,9.5,EQ
02-02-2000,9.55,10.4,9.55,10.25,10.1,16.75,4.9,813049,8311560.3,,10.22,EQ
03-02-2000,10.4,10.5,10.0,10.1,10.15,16.75,4.9,494834,5019053.4,,10.14,EQ
04-02-2000,10.35,12.35,10.35,11.6,11.45,16.75,4.9,2027586,22367516.75,,11.03,EQ
07-02-2000,11.9,11.9,11.0,11.1,11.1,16.75,4.9,742080,8341307.8,,11.24,EQ
08-02-2000,11.85,12.0,11.2,11.4,11.35,16.75,4.9,1744586,19894526.1,,11.4,EQ
09-02-2000,11.75,11.75,11.2,11.25,11.2,16.75,4.9,1339381,15308309.9,,11.43,EQ
10-02-2000,11.4,11.4,10.85,10.9,10.95,16.75,4.9,396713,4363885.75,,11.0,EQ
11-02-2000,11.0,11.2,10.25,10.3,10.35,16.75,4.9,667567,7001813.9,,10.49,EQ
14-02-2000,10.8,11.15,10.25,10.6,10.55,16.75,4.9,736257,7834141.9,,10.64,EQ
15-02-2000,10.8,13.25,10.5,12.75,12.55,16.75,4.9,4935439,58910167.05,,11.94,EQ
16-02-2000,14.9,15.9,13.6,14.05,14.0,16.75,4.9,14760808,210510288.45,,14.26,EQ
17-02-2000,14.45,14.5,13.65,13.9,13.9,16.75,4.9,3807004,52836776.2,,13.88,EQ
18-02-2000,14.1,14.2,12.25,12.3,12.45,16.75,4.9,4603808,58189793.7,,12.64,EQ
21-02-2000,12.85,12.85,10.9,11.35,11.35,16.75,4.9,3391028,38910275.1,,11.47,EQ
22-02-2000,11.15,11.45,10.6,10.7,10.85,16.75,4.9,3324102,36208132.8,,10.89,EQ
23-02-2000,11.45,11.5,10.8,10.9,10.8,16.75,4.9,1348343,15064643.8,,11.17,EQ
24-02-2000,11.4,11.4,10.8,11.05,11.15,16.75,4.9,665854,7348311.55,,11.04,EQ
25-02-2000,11.3,11.35,10.85,10.9,11.0,16.75,4.9,861253,9486603.2,,11.01,EQ
28-02-2000,11.2,11.75,10.85,11.6,11.65,16.75,4.9,1505269,17064713.5,,11.34,EQ
29-02-2000,12.0,12.5,10.4,10.55,10.55,16.75,4.9,3677808,42508780.05,,11.56,EQ
01-03-2000,10.25,11.15,10.25,10.85,10.85,16.75,4.9,1012068,11023380.6,,10.89,EQ
02-03-2000,10.5,11.4,10.0,10.15,10.2,16.75,4.9,1334302,14035446.15,,10.52,EQ
03-03-2000,11.2,11.4,9.25,9.4,9.4,16.75,4.9,1305938,12353976.6,,9.46,EQ
06-03-2000,9.65,9.9,9.35,9.45,9.5,16.75,4.9,765689,7315865.65,,9.55,EQ
07-03-2000,9.3,9.45,8.5,8.65,8.5,16.75,4.9,1736839,15387398.0,,8.86,EQ
08-03-2000,8.95,9.1,8.6,8.65,8.7,16.75,4.9,627554,5533500.0,,8.82,EQ
09-03-2000,8.9,8.9,8.1,8.35,8.4,16.75,4.9,643200,5377875.6,,8.36,EQ
10-03-2000,8.85,10.0,8.0,8.55,8.65,16.75,4.9,1430321,12356810.35,,8.64,EQ
13-03-2000,8.8,9.2,8.6,8.65,8.7,16.75,4.9,923056,8149757.0,,8.83,EQ
14-03-2000,8.55,8.9,8.1,8.6,8.6,16.75,4.9,2104712,17711400.0,,8.42,EQ
15-03-2000,8.6,9.0,8.6,8.75,8.6,16.75,4.9,918501,8087448.05,,8.81,EQ
16-03-2000,8.7,8.7,8.2,8.4,8.5,16.75,4.9,1254629,10530743.35,,8.39,EQ
21-03-2000,8.65,8.9,8.25,8.35,8.3,16.75,4.9,1821954,15426209.05,,8.47,EQ
22-03-2000,8.6,9.6,8.45,8.85,8.85,16.75,4.9,1641614,14622841.9,,8.91,EQ
23-03-2000,9.0,9.0,8.2,8.3,8.25,16.75,4.9,869624,7371417.55,,8.48,EQ
24-03-2000,8.2,8.3,8.05,8.1,8.1,16.75,4.9,878735,7159731.75,,8.15,EQ
27-03-2000,8.25,8.3,8.05,8.1,8.1,16.75,4.9,461685,3756753.7,,8.14,EQ
28-03-2000,8.2,8.2,7.8,7.9,8.0,16.75,4.9,1299018,10304715.9,,7.93,EQ
29-03-2000,8.1,8.2,8.0,8.1,8.1,16.75,4.9,712704,5774887.85,,8.1,EQ
30-03-2000,8.1,8.15,7.95,8.05,8.1,16.75,4.9,592108,4760086.7,,8.04,EQ
31-03-2000,8.0,8.15,7.85,8.05,8.1,16.75,4.9,910699,7334155.55,,8.05,EQ
03-04-2000,8.1,8.8,8.05,8.5,8.5,16.75,4.9,1414318,12060277.4,,8.53,EQ
04-04-2000,8.25,8.25,6.9,7.05,7.05,16.75,4.9,3840783,28385242.4,,7.39,EQ
05-04-2000,7.1,7.9,7.1,7.75,7.75,16.75,4.9,1329394,10170618.7,,7.65,EQ
06-04-2000,7.85,8.25,7.35,7.55,7.65,16.75,4.9,822187,6262430.75,,7.62,EQ
07-04-2000,7.85,8.25,7.65,8.2,8.2,16.75,4.9,2527394,20215509.5,,8.0,EQ
10-04-2000,8.2,8.4,7.8,7.85,7.9,16.75,4.9,1664500,13385816.1,,8.04,EQ
11-04-2000,7.7,7.95,7.5,7.8,7.8,16.75,4.9,1794781,13879271.6,,7.73,EQ
12-04-2000,7.85,7.85,7.6,7.75,7.75,16.75,4.9,477328,3704824.25,,7.76,EQ
13-04-2000,7.5,7.6,7.3,7.45,7.5,16.75,4.9,903392,6752955.15,,7.48,EQ
17-04-2000,7.1,7.8,6.5,7.45,7.35,16.75,4.9,1419398,10620368.9,,7.48,EQ
18-04-2000,7.6,7.65,7.25,7.35,7.3,16.75,4.9,1739871,12939850.65,,7.44,EQ
19-04-2000,7.3,7.6,7.15,7.3,7.25,16.75,4.9,735503,5410005.65,,7.36,EQ
20-04-2000,7.25,7.25,6.9,7.0,7.0,16.75,4.9,1348583,9462984.0,,7.02,EQ
24-04-2000,7.45,7.45,6.9,6.95,6.95,16.75,4.9,503816,3512792.9,,6.97,EQ
25-04-2000,7.1,7.2,6.2,6.45,6.65,16.75,4.9,1565435,10101942.1,,6.45,EQ
26-04-2000,6.9,7.25,6.75,7.15,7.15,16.75,4.9,958438,6717711.15,,7.01,EQ
27-04-2000,7.1,7.3,6.85,6.9,6.9,16.75,4.9,560543,3938874.65,,7.03,EQ
28-04-2000,7.1,7.1,6.65,6.7,6.7,16.75,4.9,662328,4497524.05,,6.79,EQ
02-05-2000,6.7,6.85,6.4,6.4,6.45,16.75,4.9,1216053,7928137.3,,6.52,EQ
03-05-2000,6.2,6.55,6.2,6.3,6.3,16.75,4.9,842797,5396488.85,,6.4,EQ
04-05-2000,6.4,6.7,6.3,6.45,6.45,16.75,4.9,548314,3564351.7,,6.5,EQ
05-05-2000,6.4,6.65,6.4,6.5,6.55,16.75,4.9,607511,3945403.45,,6.49,EQ
08-05-2000,6.5,6.65,6.35,6.45,6.4,16.75,4.9,509244,3296571.15,,6.47,EQ
09-05-2000,6.55,6.55,6.3,6.4,6.45,16.75,5.0,548430,3501846.25,,6.39,EQ
10-05-2000,7.0,7.0,6.4,6.45,6.4,16.75,5.0,599468,3928778.6,,6.55,EQ
11-05-2000,6.4,6.4,6.2,6.3,6.25,16.75,5.0,435923,2755931.6,,6.32,EQ
12-05-2000,6.3,6.35,6.2,6.25,6.25,16.75,5.0,620678,3888119.85,,6.26,EQ
15-05-2000,6.2,6.35,5.95,6.15,6.1,16.75,5.0,711342,4364767.8,,6.14,EQ
16-05-2000,6.5,6.65,6.1,6.1,6.15,16.75,5.0,640753,3957763.5,,6.18,EQ
17-05-2000,6.0,6.45,6.0,6.3,6.25,16.75,5.0,554069,3519572.45,,6.35,EQ
18-05-2000,6.3,6.55,6.25,6.35,6.35,16.75,5.0,749903,4777537.15,,6.37,EQ
19-05-2000,6.3,6.35,6.1,6.15,6.2,16.75,5.0,601983,3725451.8,,6.19,EQ
22-05-2000,6.2,6.25,6.1,6.1,6.1,16.75,5.0,405209,2493434.05,,6.15,EQ
23-05-2000,6.1,6.15,6.0,6.05,6.05,16.75,5.0,687166,4170472.35,,6.07,EQ
24-05-2000,6.1,6.3,6.0,6.2,6.15,16.75,5.0,581961,3578280.5,,6.15,EQ
25-05-2000,6.2,6.3,6.1,6.15,6.15,16.75,5.0,535171,3313291.1,,6.19,EQ
26-05-2000,6.15,6.25,6.1,6.2,6.25,16.75,5.0,362562,2239765.0,,6.18,EQ
29-05-2000,6.15,6.45,6.15,6.35,6.4,16.75,5.0,589389,3698102.45,,6.27,EQ
30-05-2000,6.3,6.4,6.25,6.35,6.3,16.75,5.0,680623,4316236.9,,6.34,EQ
31-05-2000,7.5,7.5,6.4,6.6,6.65,16.75,5.0,1383602,9133496.55,,6.6,EQ
01-06-2000,6.5,6.65,6.35,6.35,6.4,16.75,5.0,668319,4324491.95,,6.47,EQ
02-06-2000,6.5,6.9,6.4,6.8,6.8,16.75,5.0,2024707,13605619.05,,6.72,EQ
05-06-2000,6.95,7.1,6.65,6.7,6.7,16.75,5.0,1409193,9731113.25,,6.91,EQ
06-06-2000,6.7,6.85,6.6,6.75,6.75,16.75,5.0,672894,4534985.85,,6.74,EQ
07-06-2000,6.9,6.9,6.65,6.7,6.7,16.75,5.0,478276,3211139.75,,6.71,EQ
08-06-2000,6.75,6.8,6.6,6.7,6.7,16.75,5.0,354207,2377926.1,,6.71,EQ
09-06-2000,6.75,6.8,6.55,6.55,6.55,16.75,5.0,486429,3236186.7,,6.65,EQ
12-06-2000,6.7,6.7,6.5,6.55,6.55,16.75,5.0,438808,2886459.15,,6.58,EQ
13-06-2000,6.55,6.7,6.45,6.65,6.7,16.75,5.0,820973,5390189.75,,6.57,EQ
14-06-2000,6.85,6.9,6.5,6.55,6.5,16.75,5.0,334137,2215615.55,,6.63,EQ
15-06-2000,6.55,6.65,6.5,6.5,6.5,16.75,5.0,222469,1456492.6,,6.55,EQ
16-06-2000,6.45,6.6,6.4,6.55,6.55,16.75,5.0,312206,2037217.7,,6.53,EQ
19-06-2000,6.6,7.55,6.55,7.15,7.1,16.75,5.0,1323957,9478362.25,,7.16,EQ
20-06-2000,7.2,7.35,7.05,7.1,7.1,16.75,5.0,1082113,7738725.0,,7.15,EQ
21-06-2000,7.2,7.3,6.8,6.95,6.95,16.75,5.0,690552,4827010.95,,6.99,EQ
22-06-2000,7.0,7.05,6.85,7.0,7.0,16.75,5.0,595693,4127878.9,,6.93,EQ
23-06-2000,7.0,7.3,6.7,6.75,6.75,16.75,5.0,1512699,10680948.55,,7.06,EQ
26-06-2000,7.0,7.0,6.55,6.65,6.6,16.75,5.0,448858,2992162.75,,6.67,EQ
27-06-2000,6.5,6.95,6.45,6.5,6.45,16.75,5.0,738513,4844924.3,,6.56,EQ
28-06-2000,7.0,7.0,6.5,6.55,6.6,16.75,5.0,301820,1985671.35,,6.58,EQ
29-06-2000,6.5,6.75,6.5,6.5,6.5,16.75,5.0,350840,2312240.35,,6.59,EQ
30-06-2000,6.55,6.6,6.4,6.45,6.45,16.75,5.0,444501,2889954.2,,6.5,EQ
03-07-2000,6.4,6.75,6.4,6.55,6.55,16.75,5.0,871755,5744689.55,,6.59,EQ
04-07-2000,6.45,6.7,6.4,6.45,6.4,16.75,5.0,490530,3200980.7,,6.53,EQ
05-07-2000,6.6,6.6,6.45,6.55,6.55,16.75,5.0,312255,2040874.2,,6.54,EQ
06-07-2000,6.55,6.6,6.4,6.45,6.5,16.75,5.0,584867,3800491.25,,6.5,EQ
07-07-2000,6.5,6.55,6.4,6.45,6.45,16.75,5.0,366270,2366914.15,,6.46,EQ
10-07-2000,6.5,6.5,6.35,6.4,6.4,16.75,5.0,418517,2694262.35,,6.44,EQ
11-07-2000,6.45,6.45,6.15,6.25,6.3,16.75,5.0,1242786,7790433.3,,6.27,EQ
12-07-2000,6.6,6.6,6.25,6.45,6.45,16.75,5.0,462318,2982575.6,,6.45,EQ
13-07-2000,6.5,6.8,6.4,6.6,6.6,16.75,5.0,1281815,8473781.75,,6.61,EQ
14-07-2000,6.45,6.8,6.4,6.5,6.55,16.75,5.0,1395444,9115610.1,,6.53,EQ
17-07-2000,6.6,6.7,6.45,6.55,6.55,16.75,5.0,691998,4532894.8,,6.55,EQ
18-07-2000,6.5,6.6,6.35,6.35,6.4,16.75,5.0,1078719,6930173.15,,6.42,EQ
19-07-2000,6.55,6.55,6.25,6.25,6.3,16.75,5.0,1148665,7296102.9,,6.35,EQ
20-07-2000,6.35,6.5,6.3,6.35,6.4,16.75,5.0,697944,4470874.15,,6.41,EQ
21-07-2000,6.4,6.4,6.15,6.2,6.25,16.75,5.0,967644,6050212.55,,6.25,EQ
24-07-2000,6.3,6.3,5.95,6.0,5.95,16.75,5.0,982532,5927541.1,,6.03,EQ
25-07-2000,5.9,6.0,5.8,5.9,5.85,16.75,5.0,1119098,6634240.15,,5.93,EQ
26-07-2000,6.1,6.1,5.95,5.95,5.95,16.75,5.0,357844,2150494.0,,6.01,EQ
27-07-2000,6.05,6.05,5.9,5.95,5.95,16.75,5.0,245183,1457879.65,,5.95,EQ
28-07-2000,6.0,6.45,6.0,6.2,6.2,16.75,5.0,1935029,12077099.9,,6.24,EQ
31-07-2000,6.3,6.45,6.15,6.2,6.25,16.75,5.0,1339737,8482338.65,,6.33,EQ
01-08-2000,6.3,6.45,6.25,6.3,6.3,16.75,5.0,1072310,6776147.8,,6.32,EQ
02-08-2000,6.35,6.4,6.0,6.05,6.05,16.75,5.0,1399455,8622792.9,,6.16,EQ
03-08-2000,6.05,6.1,6.0,6.0,6.05,16.75,5.0,1021270,6165697.1,,6.04,EQ
04-08-2000,6.05,6.05,5.85,5.95,5.95,16.75,5.0,677923,4039314.5,,5.96,EQ
07-08-2000,5.95,5.95,5.85,5.9,5.9,16.75,5.0,316967,1873021.7,,5.91,EQ
08-08-2000,5.95,5.95,5.8,5.85,5.8,16.75,5.8,711446,4179778.85,,5.88,EQ
09-08-2000,6.5,6.5,5.9,6.05,6.05,16.75,5.8,310358,1866366.55,,6.01,EQ
10-08-2000,6.0,6.2,5.95,5.95,5.95,16.75,5.8,204489,1231864.2,,6.02,EQ
11-08-2000,5.95,6.0,5.9,5.95,5.9,16.75,5.8,265397,1577506.7,,5.94,EQ
14-08-2000,6.0,6.0,5.9,5.95,5.9,16.75,5.8,298529,1770278.5,,5.93,EQ
16-08-2000,6.25,6.25,5.95,6.0,6.0,16.75,5.8,203545,1224336.65,,6.02,EQ
17-08-2000,6.05,6.5,5.95,6.0,5.95,16.75,5.8,743799,4569011.85,,6.14,EQ
18-08-2000,6.1,6.1,5.95,5.95,5.95,16.75,5.8,190350,1139309.15,,5.99,EQ
21-08-2000,6.05,6.05,5.95,5.95,5.95,16.75,5.8,361621,2158726.9,,5.97,EQ
22-08-2000,5.95,6.0,5.9,5.95,6.0,16.75,5.8,839522,4990736.5,,5.94,EQ
23-08-2000,6.0,6.05,5.9,5.95,5.95,16.75,5.8,551228,3269040.95,,5.93,EQ
24-08-2000,6.0,6.0,5.8,5.85,5.85,16.75,5.8,441406,2595023.45,,5.88,EQ
25-08-2000,5.8,5.9,5.7,5.75,5.75,16.75,5.8,814359,4713397.35,,5.79,EQ
28-08-2000,5.85,5.85,5.7,5.75,5.75,16.75,5.7,235770,1361835.5,,5.78,EQ
29-08-2000,5.8,5.8,5.7,5.7,5.75,16.75,5.7,308233,1765811.65,,5.73,EQ
30-08-2000,5.75,5.75,5.6,5.65,5.65,16.75,5.7,483618,2752027.3,,5.69,EQ
31-08-2000,5.7,5.75,5.6,5.65,5.65,16.75,5.6,333463,1894294.2,,5.68,EQ
04-09-2000,5.6,5.8,5.6,5.75,5.7,16.75,5.6,442861,2543450.9,,5.74,EQ
05-09-2000,5.8,6.5,5.7,6.05,6.1,16.75,5.6,1563586,9616095.65,,6.15,EQ
06-09-2000,6.25,6.9,5.75,6.65,6.6,16.75,5.6,5527328,36740888.6,,6.65,EQ
07-09-2000,6.6,6.85,6.35,6.5,6.5,16.75,5.6,1936724,12951217.75,,6.69,EQ
08-09-2000,6.6,6.6,6.2,6.2,6.25,16.75,5.6,1377887,8733204.85,,6.34,EQ
11-09-2000,6.15,6.35,6.05,6.1,6.1,16.75,5.6,744320,4601272.45,,6.18,EQ
12-09-2000,6.1,6.15,5.9,5.95,6.0,16.75,5.6,1276025,7649139.8,,5.99,EQ
13-09-2000,6.15,6.15,5.8,5.85,5.8,16.75,5.6,728787,4310101.95,,5.91,EQ
14-09-2000,5.75,5.95,5.75,5.9,5.95,16.75,5.6,288102,1699023.1,,5.9,EQ
15-09-2000,5.95,5.95,5.75,5.8,5.85,16.75,5.6,506474,2949788.5,,5.82,EQ
18-09-2000,5.65,5.9,5.6,5.65,5.65,16.75,5.6,510645,2908920.5,,5.7,EQ
19-09-2000,5.6,5.7,5.5,5.55,5.55,16.75,5.6,970068,5421553.1,,5.59,EQ
20-09-2000,5.7,5.85,5.65,5.75,5.75,16.75,5.5,359989,2068220.9,,5.75,EQ
21-09-2000,5.9,5.9,5.7,5.75,5.7,16.75,5.5,204372,1175194.8,,5.75,EQ
22-09-2000,5.7,5.75,5.45,5.5,5.45,16.75,5.5,975461,5424034.85,,5.56,EQ
25-09-2000,5.7,5.7,5.5,5.5,5.55,16.75,5.45,315464,1754643.0,,5.56,EQ
26-09-2000,5.6,5.6,5.35,5.4,5.4,16.75,5.45,673361,3680942.1,,5.47,EQ
27-09-2000,5.5,5.5,5.25,5.35,5.35,16.75,5.35,894616,4824310.2,,5.39,EQ
28-09-2000,5.35,5.45,5.25,5.4,5.35,16.75,5.25,234272,1262276.25,,5.39,EQ
29-09-2000,5.4,5.4,5.2,5.35,5.4,16.75,5.25,426348,2262194.15,,5.31,EQ
03-10-2000,5.3,5.4,5.2,5.25,5.2,16.75,5.2,365753,1943480.45,,5.31,EQ
04-10-2000,5.2,5.5,5.2,5.25,5.25,16.75,5.2,616261,3298307.65,,5.35,EQ
05-10-2000,5.25,5.35,5.2,5.3,5.3,16.75,5.2,237006,1252791.9,,5.29,EQ
06-10-2000,5.25,5.25,5.1,5.1,5.15,16.75,5.2,703205,3614714.05,,5.14,EQ
09-10-2000,5.15,5.15,5.05,5.15,5.15,16.75,5.1,319831,1635649.25,,5.11,EQ
10-10-2000,5.1,5.15,5.0,5.0,5.0,16.75,5.05,902100,4541728.15,,5.03,EQ
11-10-2000,5.05,5.05,4.9,5.0,5.0,16.75,5.0,516326,2568438.9,,4.97,EQ
12-10-2000,4.95,5.0,4.85,4.9,4.9,16.75,4.9,625972,3085356.9,,4.93,EQ
13-10-2000,4.9,5.0,4.85,4.9,4.9,16.75,4.85,478883,2352340.75,,4.91,EQ
16-10-2000,4.95,5.05,4.75,4.9,4.85,16.75,4.85,373584,1849896.5,,4.95,EQ
17-10-2000,4.95,4.95,4.75,4.8,4.75,16.75,4.75,483479,2332540.8,,4.82,EQ
18-10-2000,5.3,5.3,4.75,4.85,4.85,16.75,4.75,431059,2082262.1,,4.83,EQ
19-10-2000,4.9,4.95,4.8,4.85,4.85,16.75,4.75,486672,2368925.5,,4.87,EQ
20-10-2000,4.9,5.05,4.8,4.9,4.8,16.75,4.75,922252,4557874.4,,4.94,EQ
23-10-2000,4.85,4.9,4.75,4.8,4.8,16.75,4.75,295612,1423019.7,,4.81,EQ
24-10-2000,4.8,4.9,4.75,4.75,4.75,16.75,4.75,714621,3429227.9,,4.8,EQ
25-10-2000,4.8,4.9,4.8,4.9,4.9,16.75,4.75,285834,1385303.6,,4.85,EQ
26-10-2000,5.0,5.0,4.85,5.0,5.0,16.75,4.75,75477,374760.25,,4.97,EQ
27-10-2000,5.0,5.05,4.9,5.0,5.0,16.75,4.75,179563,896622.9,,4.99,EQ
30-10-2000,5.0,5.0,4.9,4.9,4.9,16.75,4.75,174552,867558.25,,4.97,EQ
31-10-2000,4.9,4.95,4.8,4.85,4.85,15.9,4.75,311431,1511673.85,,4.85,EQ
01-11-2000,4.9,5.15,4.9,5.05,5.05,15.9,4.75,421697,2133955.55,,5.06,EQ
02-11-2000,5.15,5.2,5.05,5.15,5.15,15.9,4.75,431471,2222282.15,,5.15,EQ
03-11-2000,5.1,5.45,5.1,5.4,5.4,15.9,4.75,1025030,5439753.0,,5.31,EQ
06-11-2000,5.4,5.65,5.3,5.35,5.35,15.9,4.75,620233,3386402.45,,5.46,EQ
07-11-2000,5.55,5.55,5.3,5.3,5.35,15.9,4.75,395640,2107647.75,,5.33,EQ
08-11-2000,5.55,7.75,5.3,5.55,5.55,15.9,4.75,713019,3983718.95,,5.59,EQ
09-11-2000,5.55,5.65,5.45,5.5,5.55,15.9,4.75,367506,2030996.05,,5.53,EQ
10-11-2000,5.6,5.6,5.35,5.35,5.45,15.9,4.75,228339,1244702.75,,5.45,EQ
13-11-2000,5.4,5.4,5.25,5.25,5.25,15.9,4.75,268848,1417984.55,,5.27,EQ
14-11-2000,5.3,5.4,5.2,5.35,5.35,15.9,4.75,681252,3622929.8,,5.32,EQ
15-11-2000,5.45,5.55,5.35,5.4,5.4,15.9,4.75,466313,2549182.8,,5.47,EQ
16-11-2000,5.45,5.5,5.35,5.35,5.35,15.9,4.75,273930,1482910.9,,5.41,EQ
17-11-2000,5.35,5.4,5.3,5.35,5.3,15.9,4.75,125982,672413.25,,5.34,EQ
20-11-2000,5.3,5.4,5.3,5.35,5.35,15.9,4.75,128447,688668.65,,5.36,EQ
21-11-2000,5.4,5.45,5.3,5.35,5.35,15.9,4.75,446286,2393085.0,,5.36,EQ
22-11-2000,5.45,6.45,5.4,5.8,5.8,15.9,4.75,3738860,22574851.45,,6.04,EQ
23-11-2000,5.85,6.2,5.75,6.05,6.05,15.9,4.75,2127373,12905403.1,,6.07,EQ
24-11-2000,6.05,6.25,6.05,6.15,6.2,15.9,4.75,1734160,10725934.65,,6.19,EQ
27-11-2000,6.15,7.1,6.15,6.85,6.9,15.9,4.75,5946739,39913206.85,,6.71,EQ
28-11-2000,6.9,7.0,6.6,6.7,6.8,15.9,4.75,2943741,19980910.5,,6.79,EQ
29-11-2000,6.85,6.85,6.35,6.45,6.45,15.9,4.75,2251200,14705288.2,,6.53,EQ
30-11-2000,6.45,6.85,6.4,6.6,6.55,15.9,4.75,1555363,10427330.75,,6.7,EQ
01-12-2000,6.6,6.65,6.25,6.3,6.35,15.9,4.75,1214905,7876015.95,,6.48,EQ
04-12-2000,6.45,6.65,6.4,6.45,6.4,15.9,4.75,1042116,6800740.8,,6.53,EQ
05-12-2000,6.45,6.6,6.4,6.45,6.5,15.9,4.75,1275084,8279239.9,,6.49,EQ
06-12-2000,6.7,7.25,6.35,6.4,6.4,15.9,4.75,1302142,8486340.05,,6.52,EQ
07-12-2000,6.4,6.95,6.3,6.75,6.75,15.9,4.75,2778489,18699391.05,,6.73,EQ
08-12-2000,6.75,7.1,6.7,6.85,6.85,15.9,4.75,2195024,15167738.45,,6.91,EQ
11-12-2000,6.8,7.05,6.7,6.85,6.9,15.9,4.75,1174951,8125788.75,,6.92,EQ
12-12-2000,6.9,7.0,6.75,6.8,6.85,15.9,4.75,1269696,8674964.5,,6.83,EQ
13-12-2000,6.95,7.0,6.8,6.9,6.9,15.9,4.75,1004408,6932343.3,,6.9,EQ
14-12-2000,6.95,7.0,6.8,6.8,6.8,15.9,4.75,516624,3555636.75,,6.88,EQ
15-12-2000,6.75,6.8,6.45,6.5,6.45,15.9,4.75,962705,6341639.75,,6.59,EQ
18-12-2000,6.3,6.6,6.3,6.55,6.5,15.9,4.75,6283119,40003057.0,,6.37,EQ
19-12-2000,6.45,6.6,6.35,6.4,6.4,15.9,4.75,1047583,6767424.45,,6.46,EQ
20-12-2000,6.5,6.5,6.3,6.4,6.4,15.9,4.75,433417,2768323.35,,6.39,EQ
21-12-2000,6.3,6.4,6.25,6.35,6.35,15.9,4.75,486509,3063620.65,,6.3,EQ
22-12-2000,6.35,6.4,6.0,6.0,6.0,15.9,4.75,1122444,6926780.8,,6.17,EQ
26-12-2000,6.15,6.15,5.8,5.85,5.85,15.9,4.75,1084253,6449805.8,,5.95,EQ
27-12-2000,5.85,6.15,5.8,6.05,6.05,15.9,4.75,533843,3201737.25,,6.0,EQ
28-12-2000,6.1,6.15,6.0,6.05,6.1,15.9,4.75,309901,1887731.65,,6.09,EQ
29-12-2000,6.05,6.45,6.05,6.4,6.45,15.9,4.75,985556,6218564.7,,6.31,EQ
01-01-2001,6.3,6.65,6.3,6.4,6.45,15.9,4.75,674201,4382083.2,,6.5,EQ
02-01-2001,6.4,6.6,6.35,6.45,6.5,15.9,4.75,967263,6242795.8,,6.45,EQ
03-01-2001,6.55,6.9,6.45,6.65,6.65,15.9,4.75,1499252,10002004.9,,6.67,EQ
04-01-2001,6.75,6.85,6.5,6.55,6.5,15.9,4.75,712808,4750289.45,,6.66,EQ
05-01-2001,6.6,6.6,6.45,6.5,6.5,15.9,4.75,329821,2150684.8,,6.52,EQ
08-01-2001,6.5,6.65,6.4,6.45,6.45,15.9,4.75,497370,3239657.3,,6.51,EQ
09-01-2001,6.4,6.5,6.3,6.3,6.35,15.9,4.75,674232,4285288.65,,6.36,EQ
10-01-2001,6.4,6.5,6.3,6.35,6.35,15.9,4.75,379464,2435624.6,,6.42,EQ
11-01-2001,6.5,6.5,6.25,6.25,6.25,15.9,4.75,317928,2008824.9,,6.32,EQ
12-01-2001,6.35,6.35,6.25,6.25,6.25,15.9,4.75,474047,2981695.45,,6.29,EQ
15-01-2001,6.3,6.8,6.2,6.55,6.55,15.9,4.75,825762,5313988.2,,6.44,EQ
16-01-2001,6.5,6.65,6.4,6.45,6.4,15.9,4.75,699661,4533575.4,,6.48,EQ
17-01-2001,6.55,6.6,6.25,6.35,6.3,15.9,4.75,582530,3719089.45,,6.38,EQ
18-01-2001,6.35,6.4,6.25,6.3,6.3,15.9,4.75,484104,3057474.45,,6.32,EQ
19-01-2001,6.35,6.45,6.25,6.3,6.25,15.9,4.75,511236,3231102.95,,6.32,EQ
22-01-2001,6.35,6.45,6.3,6.35,6.4,15.9,4.75,626131,3997490.05,,6.38,EQ
23-01-2001,6.45,6.55,6.3,6.35,6.4,15.9,4.75,646341,4154375.2,,6.43,EQ
24-01-2001,6.45,6.65,6.35,6.5,6.45,15.9,4.75,883045,5727058.6,,6.49,EQ
25-01-2001,6.65,6.65,6.35,6.4,6.4,15.9,4.75,364782,2347684.2,,6.44,EQ
29-01-2001,6.45,6.45,6.2,6.35,6.4,15.9,4.75,327405,2070276.9,,6.32,EQ
30-01-2001,6.4,7.1,6.3,7.05,7.05,15.9,4.75,3088066,21019198.9,,6.81,EQ
31-01-2001,7.2,7.4,6.9,6.95,6.95,15.9,4.75,4011674,28725964.7,,7.16,EQ
01-02-2001,6.9,7.15,6.7,6.85,6.75,15.9,4.75,1407037,9734521.25,,6.92,EQ
02-02-2001,6.8,7.2,6.8,6.95,7.05,15.9,4.75,2027988,14234809.75,,7.02,EQ
05-02-2001,7.1,7.75,7.05,7.5,7.45,15.9,4.75,5329575,39571787.1,,7.42,EQ
06-02-2001,7.5,8.05,7.5,7.9,7.95,15.9,4.75,4761610,37541278.85,,7.88,EQ
07-02-2001,8.1,8.25,7.9,8.05,8.05,15.9,4.75,6435671,51894615.35,,8.06,EQ
08-02-2001,8.1,8.6,8.1,8.5,8.55,15.9,4.75,4332075,36272401.5,,8.37,EQ
09-02-2001,8.6,9.6,8.55,9.25,9.3,15.9,4.75,11973502,110073780.3,,9.19,EQ
12-02-2001,9.5,10.05,9.5,9.75,9.65,15.9,4.75,12583932,123453312.3,,9.81,EQ
13-02-2001,9.7,9.8,8.75,9.1,9.2,15.9,4.75,8490100,78967641.6,,9.3,EQ
14-02-2001,9.2,9.3,8.6,8.95,8.95,15.9,4.75,4281705,38309866.75,,8.95,EQ
15-02-2001,9.0,9.45,8.95,9.15,9.15,15.9,4.75,3321528,30443703.75,,9.17,EQ
16-02-2001,9.2,9.25,8.5,8.55,8.55,15.9,4.75,3775927,33202477.0,,8.79,EQ
19-02-2001,8.6,9.05,8.6,8.8,8.95,15.9,4.75,2805435,24676414.9,,8.8,EQ
20-02-2001,9.0,9.0,8.7,8.85,8.75,12.85,4.75,3648904,32210896.85,,8.83,EQ
21-02-2001,9.0,9.15,8.65,8.9,8.85,12.85,4.75,2889629,25919429.2,,8.97,EQ
22-02-2001,8.95,8.95,8.45,8.65,8.65,12.85,4.75,2074148,17971675.15,,8.66,EQ
23-02-2001,8.6,9.1,8.3,8.35,8.3,12.85,4.75,3902633,34248456.1,,8.78,EQ
26-02-2001,8.45,8.55,7.4,7.95,8.0,12.85,4.75,5429610,42444869.3,,7.82,EQ
27-02-2001,8.0,8.15,7.55,7.9,7.9,12.5,4.75,3571457,27958708.05,,7.83,EQ
28-02-2001,7.15,8.9,7.15,7.75,7.85,12.5,4.75,5218342,42620562.55,,8.17,EQ
01-03-2001,7.95,8.5,7.9,8.25,8.45,12.5,4.75,4784703,39359500.4,,8.23,EQ
02-03-2001,8.5,9.0,8.0,8.1,8.15,12.5,4.75,4597258,38997846.25,,8.48,EQ
05-03-2001,8.15,8.4,7.4,7.45,7.55,12.5,4.75,3493426,27023908.95,,7.74,EQ
07-03-2001,8.0,8.45,7.25,7.6,7.6,10.05,4.75,1408506,10662614.0,,7.57,EQ
08-03-2001,7.5,7.65,7.35,7.4,7.4,10.05,4.75,951023,7113293.3,,7.48,EQ
09-03-2001,7.3,7.3,6.55,6.75,6.85,10.05,4.75,2130998,14405373.1,,6.76,EQ
12-03-2001,7.1,7.1,5.7,5.8,5.85,10.05,4.75,3497087,21956524.4,,6.28,EQ
13-03-2001,5.7,6.1,5.0,5.1,5.2,10.05,4.75,4129167,22319159.5,,5.41,EQ
14-03-2001,5.4,6.15,5.1,6.05,6.1,10.05,4.75,2523634,14718729.0,,5.83,EQ
15-03-2001,5.85,6.4,5.8,6.1,6.1,10.05,4.75,2277581,13786294.65,,6.05,EQ
16-03-2001,6.0,6.15,5.75,5.8,5.8,10.05,4.75,1540176,9148534.55,,5.94,EQ
19-03-2001,6.0,6.05,5.8,5.95,5.95,10.05,4.75,907760,5389257.55,,5.94,EQ
20-03-2001,6.0,6.05,5.7,5.75,5.75,10.05,4.75,1917264,11106650.3,,5.79,EQ
21-03-2001,5.75,6.1,5.7,6.0,6.1,10.05,4.75,755319,4452307.3,,5.89,EQ
22-03-2001,6.05,6.15,5.9,5.95,6.0,10.05,4.75,689179,4141394.15,,6.01,EQ
23-03-2001,6.1,6.1,5.65,5.75,5.8,10.05,4.75,714884,4142514.9,,5.79,EQ
26-03-2001,5.75,5.95,5.7,5.85,5.85,10.05,4.75,624638,3652617.85,,5.85,EQ
27-03-2001,5.9,5.9,5.8,5.8,5.8,10.05,4.75,1153839,6757724.65,,5.86,EQ
28-03-2001,5.95,6.05,5.85,5.95,5.95,10.05,4.75,401624,2398099.8,,5.97,EQ
29-03-2001,5.9,5.95,5.8,5.85,5.85,10.05,4.75,909809,5331444.8,,5.86,EQ
30-03-2001,5.9,5.9,5.6,5.65,5.7,10.05,4.75,715944,4085741.75,,5.71,EQ
02-04-2001,5.6,5.75,5.5,5.65,5.7,10.05,4.75,483796,2712976.1,,5.61,EQ
03-04-2001,5.55,5.75,5.55,5.6,5.65,10.05,4.75,535466,3025601.45,,5.65,EQ
04-04-2001,5.6,5.75,5.6,5.7,5.65,10.05,4.75,647092,3661930.25,,5.66,EQ
06-04-2001,5.75,5.9,5.75,5.75,5.75,10.05,4.75,901157,5244675.3,,5.82,EQ
09-04-2001,5.85,5.95,5.65,5.85,5.9,10.05,4.75,465020,2729881.7,,5.87,EQ
10-04-2001,5.95,5.95,5.7,5.7,5.75,10.05,4.75,4891889,28340843.65,,5.79,EQ
11-04-2001,5.75,5.75,5.6,5.65,5.6,10.05,4.75,378272,2139262.35,,5.66,EQ
12-04-2001,5.6,5.6,5.25,5.3,5.35,10.05,4.75,1772855,9586894.6,,5.41,EQ
16-04-2001,5.35,5.5,5.25,5.45,5.45,10.05,4.75,705706,3789059.55,,5.37,EQ
17-04-2001,5.4,5.65,5.35,5.6,5.6,10.05,4.75,834081,4602552.15,,5.52,EQ
18-04-2001,5.65,6.0,5.65,5.95,5.95,10.05,4.75,1556134,9110088.2,,5.85,EQ
19-04-2001,6.05,6.2,5.85,6.0,5.95,10.05,4.75,2612347,15801977.35,,6.05,EQ
20-04-2001,6.05,6.05,5.8,5.85,5.85,10.05,4.75,700960,4107552.8,,5.86,EQ
23-04-2001,5.9,5.95,5.75,5.9,5.85,10.05,4.75,482183,2839684.7,,5.89,EQ
24-04-2001,5.9,5.9,5.75,5.75,5.75,10.05,4.75,557044,3221240.3,,5.78,EQ
25-04-2001,5.9,6.2,5.8,6.15,6.15,10.05,4.75,1828664,11045561.65,,6.04,EQ
26-04-2001,6.2,6.4,5.9,5.95,5.9,10.05,4.75,1330110,8135776.95,,6.12,EQ
27-04-2001,5.9,5.9,5.55,5.7,5.7,10.05,4.75,1181771,6763686.5,,5.72,EQ
30-04-2001,5.7,5.8,5.6,5.7,5.7,10.05,4.75,850838,4879371.15,,5.73,EQ
02-05-2001,5.85,5.95,5.75,5.85,5.8,10.05,4.75,600389,3515024.7,,5.85,EQ
03-05-2001,5.8,5.85,5.7,5.7,5.7,10.05,4.75,719819,4148693.3,,5.76,EQ
04-05-2001,5.7,5.75,5.65,5.75,5.75,10.05,4.75,396500,2273200.7,,5.73,EQ
07-05-2001,5.8,5.85,5.75,5.75,5.75,10.05,4.75,557407,3238160.35,,5.81,EQ
08-05-2001,5.8,5.8,5.65,5.7,5.75,10.05,4.75,470027,2686767.55,,5.72,EQ
09-05-2001,5.8,5.8,5.65,5.7,5.65,10.05,4.75,412086,2358299.65,,5.72,EQ
10-05-2001,5.7,5.7,5.6,5.65,5.65,10.05,4.75,376115,2122343.65,,5.64,EQ
11-05-2001,5.7,5.7,5.55,5.6,5.65,10.05,4.75,418441,2347431.3,,5.61,EQ
14-05-2001,5.55,5.6,5.55,5.6,5.6,10.05,4.75,180747,1009523.85,,5.59,EQ
15-05-2001,5.55,5.55,5.35,5.45,5.5,10.05,4.75,643035,3499283.8,,5.44,EQ
16-05-2001,5.5,5.7,5.4,5.65,5.55,10.05,4.75,791464,4421249.65,,5.59,EQ
17-05-2001,5.7,5.75,5.6,5.7,5.65,10.05,4.75,684580,3885727.7,,5.68,EQ
18-05-2001,5.75,5.8,5.7,5.75,5.75,10.05,4.75,791660,4557559.85,,5.76,EQ
21-05-2001,5.7,6.15,5.7,5.95,5.9,10.05,4.75,1785588,10625021.75,,5.95,EQ
22-05-2001,5.9,6.0,5.85,5.85,5.85,10.05,4.75,535449,3154175.6,,5.89,EQ
23-05-2001,5.9,6.0,5.9,5.95,5.95,10.05,4.75,384003,2293008.8,,5.97,EQ
24-05-2001,6.0,6.05,5.9,5.9,5.9,10.05,4.75,555932,3332454.25,,5.99,EQ
25-05-2001,5.95,5.95,5.85,5.85,5.85,10.05,4.75,562517,3313810.3,,5.89,EQ
28-05-2001,5.85,6.05,5.85,5.9,5.95,10.05,4.75,1680470,10027828.5,,5.97,EQ
29-05-2001,6.0,6.2,6.0,6.05,6.05,10.05,4.75,1873492,11428391.95,,6.1,EQ
30-05-2001,6.15,6.15,5.9,5.95,5.9,10.05,4.75,881458,5314604.15,,6.03,EQ
31-05-2001,5.9,6.0,5.85,5.9,5.9,10.05,4.75,453069,2680981.0,,5.92,EQ
01-06-2001,5.95,5.95,5.75,5.8,5.8,10.05,4.75,642316,3754960.1,,5.85,EQ
04-06-2001,5.8,5.85,5.65,5.7,5.7,10.05,4.75,458974,2635655.2,,5.74,EQ
05-06-2001,5.7,5.8,5.65,5.75,5.75,10.05,4.75,1290644,7421091.75,,5.75,EQ
06-06-2001,5.85,5.9,5.8,5.8,5.8,10.05,4.75,199976,1166938.75,,5.84,EQ
07-06-2001,5.85,5.85,5.8,5.85,5.85,10.05,4.75,491859,2856686.15,,5.81,EQ
08-06-2001,5.85,5.85,5.8,5.8,5.8,10.05,4.75,121687,708723.3,,5.82,EQ
11-06-2001,5.8,5.85,5.75,5.8,5.85,10.05,4.75,253991,1477495.05,,5.82,EQ
12-06-2001,5.8,5.85,5.8,5.8,5.85,10.05,4.75,377798,2195404.35,,5.81,EQ
13-06-2001,5.85,5.85,5.8,5.8,5.85,10.05,4.75,110772,645902.7,,5.83,EQ
14-06-2001,5.85,5.85,5.8,5.8,5.8,10.05,4.75,180617,1051160.6,,5.82,EQ
15-06-2001,5.8,5.85,5.75,5.75,5.75,10.05,4.75,773297,4474183.35,,5.79,EQ
18-06-2001,5.8,5.8,5.7,5.75,5.8,10.05,4.75,1307245,7517493.05,,5.75,EQ
19-06-2001,5.8,5.8,5.75,5.75,5.8,10.05,4.75,413513,2385668.35,,5.77,EQ
20-06-2001,5.75,5.8,5.7,5.75,5.75,10.05,4.75,162753,936348.15,,5.75,EQ
21-06-2001,5.75,5.75,5.6,5.6,5.6,10.05,4.75,477973,2697538.9,,5.64,EQ
22-06-2001,5.65,5.65,5.55,5.55,5.55,10.05,4.75,365439,2038948.55,,5.58,EQ
25-06-2001,5.55,5.6,5.4,5.45,5.5,10.05,4.75,551262,3017614.3,,5.47,EQ
26-06-2001,5.45,5.55,5.45,5.45,5.5,10.05,4.75,572965,3143867.75,,5.49,EQ
27-06-2001,5.55,5.55,5.45,5.5,5.5,10.05,4.75,166866,919497.3,,5.51,EQ
28-06-2001,5.55,5.55,5.45,5.45,5.45,10.05,4.75,177028,972324.65,,5.49,EQ
29-06-2001,5.5,5.5,5.35,5.4,5.45,10.05,4.75,543771,2945934.65,,5.42,EQ
02-07-2001,5.65,5.65,5.25,5.4,5.35,10.05,4.75,171610,930636.5,,5.42,EQ
03-07-2001,5.4,5.45,5.35,5.4,5.45,10.05,4.75,470085,2539366.9,,5.4,EQ
04-07-2001,5.45,5.45,5.4,5.4,5.45,10.05,4.75,342827,1852253.0,,5.4,EQ
05-07-2001,5.45,5.45,5.4,5.4,5.4,10.05,4.75,250874,1357260.45,,5.41,EQ
06-07-2001,5.45,5.45,5.3,5.3,5.35,10.05,4.75,216361,1158019.8,,5.35,EQ
09-07-2001,5.35,5.35,5.25,5.25,5.25,10.05,4.75,132600,699047.0,,5.27,EQ
10-07-2001,5.35,5.4,5.25,5.35,5.3,10.05,4.75,250337,1339335.05,,5.35,EQ
11-07-2001,5.25,5.4,5.25,5.3,5.3,10.05,4.75,119048,629311.2,,5.29,EQ
12-07-2001,5.35,5.35,5.2,5.25,5.25,10.05,4.75,1026584,5426935.65,,5.29,EQ
13-07-2001,5.35,5.35,5.25,5.25,5.25,10.05,4.75,218753,1155317.85,,5.28,EQ
16-07-2001,5.35,5.35,5.1,5.1,5.15,10.05,4.75,368142,1917495.4,,5.21,EQ
17-07-2001,5.15,5.25,5.1,5.2,5.2,10.05,4.75,86133,446538.15,,5.18,EQ
18-07-2001,5.25,5.3,5.2,5.2,5.2,10.05,4.75,102589,536582.75,,5.23,EQ
19-07-2001,5.25,5.25,5.1,5.15,5.1,10.05,4.75,132499,684338.45,,5.16,EQ
20-07-2001,5.2,5.2,5.1,5.1,5.1,10.05,4.75,144075,738105.3,,5.12,EQ
23-07-2001,5.25,5.25,5.05,5.05,5.05,10.05,4.75,5464,27802.9,,5.09,EQ
24-07-2001,5.15,5.15,5.05,5.1,5.15,10.05,4.75,247320,1262505.3,,5.1,EQ
25-07-2001,5.1,5.1,5.0,5.05,5.05,10.05,4.75,833681,4199202.55,,5.04,EQ
26-07-2001,5.05,5.1,5.0,5.05,5.05,10.05,4.75,500533,2525332.45,,5.05,EQ
27-07-2001,5.1,5.1,4.95,5.0,5.05,10.05,4.75,343334,1717830.2,,5.0,EQ
30-07-2001,5.05,5.05,4.95,5.0,5.0,10.05,4.75,77371,388826.2,,5.03,EQ
31-07-2001,5.05,5.1,5.0,5.0,5.0,10.05,4.75,140324,705923.9,,5.03,EQ
01-08-2001,5.0,5.1,4.95,5.0,5.05,10.05,4.75,405958,2030771.1,,5.0,EQ
02-08-2001,5.0,5.05,5.0,5.0,5.0,10.05,4.75,214869,1075632.85,,5.01,EQ
03-08-2001,5.05,5.1,5.0,5.0,5.0,10.05,4.75,238611,1201761.8,,5.04,EQ
06-08-2001,5.1,5.1,4.95,5.0,5.0,10.05,4.75,313036,1565472.85,,5.0,EQ
07-08-2001,5.05,5.05,5.0,5.0,5.0,10.05,4.75,251506,1258969.1,,5.01,EQ
08-08-2001,5.05,5.1,5.0,5.05,5.05,10.05,4.75,279182,1400533.55,,5.02,EQ
09-08-2001,5.0,5.1,5.0,5.05,5.05,10.05,4.75,362483,1820702.6,,5.02,EQ
10-08-2001,5.0,5.1,5.0,5.1,5.05,10.05,4.75,662732,3353320.5,,5.06,EQ
13-08-2001,5.1,5.15,5.0,5.1,5.15,10.05,4.75,375548,1897963.65,,5.05,EQ
14-08-2001,5.15,5.15,5.05,5.1,5.1,10.05,4.75,218194,1108688.7,,5.08,EQ
16-08-2001,5.1,5.15,5.0,5.0,5.05,10.05,4.75,182280,919416.6,,5.04,EQ
17-08-2001,5.05,5.05,5.0,5.0,5.0,10.05,4.75,379193,1898468.6,,5.01,EQ
20-08-2001,5.05,5.1,5.0,5.05,5.05,10.05,4.75,336568,1694157.55,,5.03,EQ
21-08-2001,5.05,5.1,4.95,5.05,5.1,10.05,4.75,1074560,5410890.8,,5.04,EQ
23-08-2001,5.1,5.1,5.0,5.0,5.05,10.05,4.75,1056588,5336116.5,,5.05,EQ
24-08-2001,5.0,5.05,4.95,4.95,4.95,10.05,4.75,240612,1202259.5,,5.0,EQ
27-08-2001,5.0,5.0,4.95,4.95,4.95,10.05,4.75,148914,741164.6,,4.98,EQ
28-08-2001,5.0,5.0,4.95,4.95,4.95,10.05,4.75,79194,393254.7,,4.97,EQ
29-08-2001,5.0,5.0,4.9,4.9,4.95,10.05,4.75,176881,875649.35,,4.95,EQ
30-08-2001,4.95,5.0,4.9,4.95,5.0,10.05,4.75,110055,544958.7,,4.95,EQ
31-08-2001,5.0,5.0,4.9,4.95,4.9,10.05,4.75,120840,599603.8,,4.96,EQ
03-09-2001,4.9,4.95,4.85,4.85,4.9,10.05,4.75,171136,835344.85,,4.88,EQ
04-09-2001,4.95,4.95,4.8,4.85,4.85,10.05,4.75,292525,1420869.7,,4.86,EQ
05-09-2001,4.85,4.9,4.85,4.85,4.9,10.05,4.75,128054,623200.2,,4.87,EQ
06-09-2001,4.9,4.9,4.8,4.8,4.8,10.05,4.75,146934,709958.65,,4.83,EQ
07-09-2001,4.8,4.85,4.8,4.85,4.85,10.05,4.75,113108,546770.3,,4.83,EQ
10-09-2001,4.9,4.9,4.8,4.8,4.8,10.05,4.75,107779,519479.3,,4.82,EQ
11-09-2001,4.85,5.0,4.8,4.95,4.95,10.05,4.75,627148,3088633.6,,4.92,EQ
12-09-2001,4.65,4.9,4.65,4.75,4.75,10.05,4.75,301236,1438664.95,,4.78,EQ
13-09-2001,4.0,4.8,4.0,4.7,4.75,10.05,4.65,129526,614974.7,,4.75,EQ
14-09-2001,4.65,4.75,4.3,4.4,4.45,10.05,4.0,805996,3636103.7,,4.51,EQ
17-09-2001,4.65,4.65,3.95,4.0,4.0,10.05,4.0,624633,2553401.35,,4.09,EQ
18-09-2001,4.0,4.4,4.0,4.25,4.35,10.05,3.95,239700,1017599.3,,4.25,EQ
19-09-2001,4.4,4.45,4.15,4.25,4.25,10.05,3.95,192326,825751.6,,4.29,EQ
20-09-2001,4.2,4.25,4.1,4.15,4.2,10.05,3.95,133632,556286.95,,4.16,EQ
21-09-2001,4.1,4.15,4.05,4.05,4.1,10.05,3.95,137952,564742.1,,4.09,EQ
24-09-2001,4.1,4.2,4.05,4.15,4.15,10.05,3.95,153995,632455.65,,4.11,EQ
25-09-2001,4.25,4.25,4.15,4.15,4.2,10.05,3.95,141414,592606.7,,4.19,EQ
26-09-2001,4.1,4.2,4.1,4.15,4.1,10.05,3.95,47433,197443.3,,4.16,EQ
27-09-2001,4.15,4.15,4.05,4.1,4.1,10.05,3.95,165690,683084.7,,4.12,EQ
28-09-2001,4.25,4.35,4.15,4.2,4.3,10.05,3.95,184594,779209.9,,4.22,EQ
01-10-2001,4.5,4.5,4.2,4.2,4.25,10.05,3.95,84021,355499.4,,4.23,EQ
03-10-2001,4.4,4.4,4.15,4.2,4.25,10.05,3.95,176227,747874.75,,4.24,EQ
04-10-2001,4.25,4.25,4.1,4.15,4.2,10.05,3.95,86101,359136.1,,4.17,EQ
05-10-2001,4.2,4.25,4.15,4.2,4.25,10.05,3.95,90904,382040.9,,4.2,EQ
08-10-2001,4.25,4.3,4.05,4.25,4.25,10.05,3.95,158113,662149.6,,4.19,EQ
09-10-2001,4.3,4.3,4.2,4.3,4.3,10.05,3.95,52226,222710.95,,4.26,EQ
10-10-2001,4.3,4.45,4.25,4.35,4.4,10.05,3.95,131730,569305.85,,4.32,EQ
11-10-2001,4.4,4.5,4.3,4.4,4.45,10.05,3.95,105757,469717.9,,4.44,EQ
12-10-2001,4.5,4.5,4.4,4.45,4.45,10.05,3.95,88360,393140.2,,4.45,EQ
15-10-2001,4.4,4.5,4.4,4.45,4.4,10.05,3.95,154281,683618.6,,4.43,EQ
16-10-2001,4.5,4.6,4.3,4.55,4.6,10.05,3.95,119175,536611.9,,4.5,EQ
17-10-2001,4.5,4.8,4.5,4.75,4.7,10.05,3.95,184366,866759.7,,4.7,EQ
18-10-2001,4.8,4.8,4.65,4.7,4.65,10.05,3.95,142138,673311.45,,4.74,EQ
19-10-2001,4.65,4.8,4.65,4.65,4.65,10.05,3.95,107095,504623.05,,4.71,EQ
22-10-2001,4.95,4.95,4.75,4.85,4.85,10.05,3.95,241913,1170381.4,,4.84,EQ
23-10-2001,4.8,4.95,4.65,4.75,4.75,10.05,3.95,231162,1113497.15,,4.82,EQ
24-10-2001,4.95,4.95,4.7,4.7,4.7,10.05,3.95,163009,776392.75,,4.76,EQ
25-10-2001,4.8,4.8,4.65,4.65,4.65,10.05,3.95,59838,281880.8,,4.71,EQ
29-10-2001,4.7,4.75,4.65,4.65,4.65,10.05,3.95,86002,402968.75,,4.69,EQ
30-10-2001,4.7,4.7,4.6,4.6,4.6,10.05,3.95,61938,285935.65,,4.62,EQ
31-10-2001,4.6,4.7,4.55,4.65,4.7,10.05,3.95,80250,371559.95,,4.63,EQ
01-11-2001,4.7,4.8,4.45,4.5,4.5,10.05,3.95,313383,1430962.35,,4.57,EQ
02-11-2001,4.55,4.7,4.55,4.55,4.55,10.05,3.95,116032,531330.15,,4.58,EQ
05-11-2001,4.65,4.65,4.45,4.45,4.5,10.05,3.95,157754,710079.55,,4.5,EQ
06-11-2001,4.5,4.55,4.45,4.5,4.5,10.05,3.95,251428,1131991.9,,4.5,EQ
07-11-2001,4.5,4.6,4.4,4.45,4.4,10.05,3.95,212711,951700.65,,4.47,EQ
08-11-2001,4.5,4.55,4.4,4.5,4.55,10.05,3.95,71235,319501.45,,4.49,EQ
09-11-2001,4.5,4.5,4.4,4.45,4.5,10.05,3.95,245544,1098011.55,,4.47,EQ
12-11-2001,4.5,4.55,4.4,4.5,4.5,10.05,3.95,200001,898910.05,,4.49,EQ
13-11-2001,4.55,4.55,4.45,4.5,4.5,10.05,3.95,104138,469818.8,,4.51,EQ
14-11-2001,4.55,4.65,4.5,4.6,4.65,10.05,3.95,123325,566831.0,,4.6,EQ
15-11-2001,4.65,4.7,4.6,4.65,4.65,10.05,3.95,134170,623608.8,,4.65,EQ
19-11-2001,4.75,4.85,4.6,4.85,4.85,10.05,3.95,298047,1420872.0,,4.77,EQ
20-11-2001,4.95,5.0,4.75,4.85,4.85,10.05,3.95,338144,1639257.4,,4.85,EQ
21-11-2001,4.8,4.95,4.8,4.9,4.95,10.05,3.95,276868,1356763.15,,4.9,EQ
22-11-2001,5.0,5.2,4.9,5.05,5.1,10.05,3.95,610592,3112170.1,,5.1,EQ
23-11-2001,5.0,5.3,5.0,5.1,5.05,10.05,3.95,661813,3408459.3,,5.15,EQ
26-11-2001,5.1,5.35,5.1,5.1,5.15,10.05,3.95,373980,1925945.55,,5.15,EQ
27-11-2001,5.2,5.25,5.05,5.1,5.15,10.05,3.95,400057,2043200.9,,5.11,EQ
28-11-2001,5.2,5.2,5.1,5.1,5.1,10.05,3.95,226874,1158589.75,,5.11,EQ
29-11-2001,5.1,5.1,4.95,5.0,5.05,10.05,3.95,669977,3383246.05,,5.05,EQ
03-12-2001,5.3,5.3,4.95,5.0,5.0,10.05,3.95,154477,776762.8,,5.03,EQ
04-12-2001,5.0,5.15,5.0,5.1,5.15,10.05,3.95,284289,1444061.1,,5.08,EQ
05-12-2001,5.2,5.2,5.1,5.1,5.1,10.05,3.95,238183,1217651.45,,5.11,EQ
06-12-2001,5.1,5.25,5.05,5.15,5.15,10.05,3.95,497196,2567000.6,,5.16,EQ
07-12-2001,5.2,5.2,5.1,5.2,5.2,10.05,3.95,293076,1514920.5,,5.17,EQ
10-12-2001,5.6,5.6,5.15,5.15,5.2,10.05,3.95,182011,944115.0,,5.19,EQ
11-12-2001,5.2,5.25,5.15,5.15,5.25,10.05,3.95,328917,1707361.25,,5.19,EQ
12-12-2001,5.2,5.25,5.15,5.15,5.15,10.05,3.95,581823,3001179.25,,5.16,EQ
13-12-2001,5.15,5.2,5.1,5.1,5.1,10.05,3.95,752664,3873119.45,,5.15,EQ
14-12-2001,5.1,5.2,5.1,5.15,5.15,10.05,3.95,296075,1520041.55,,5.13,EQ
18-12-2001,5.2,5.2,5.05,5.1,5.15,10.05,3.95,1362007,6963810.85,,5.11,EQ
19-12-2001,5.1,5.15,5.05,5.1,5.1,10.05,3.95,816071,4163214.4,,5.1,EQ
20-12-2001,5.05,5.1,5.0,5.05,5.05,10.05,3.95,802773,4053786.45,,5.05,EQ
21-12-2001,5.1,5.1,4.9,5.0,5.05,10.05,3.95,1264692,6322373.05,,5.0,EQ
24-12-2001,5.0,5.0,4.65,4.75,4.8,10.05,3.95,183204,875653.15,,4.78,EQ
26-12-2001,4.95,4.95,4.65,4.7,4.7,10.05,3.95,113262,538377.6,,4.75,EQ
27-12-2001,4.7,4.8,4.55,4.6,4.65,10.05,3.95,122019,569320.6,,4.67,EQ
28-12-2001,4.65,4.85,4.55,4.8,4.75,10.05,3.95,131161,614407.65,,4.68,EQ
31-12-2001,4.85,4.9,4.75,4.85,4.8,10.05,3.95,115762,557977.7,,4.82,EQ
01-01-2002,4.75,5.0,4.75,4.85,4.9,10.05,3.95,224308,1098909.35,,4.9,EQ
02-01-2002,4.8,4.9,4.6,4.85,4.9,10.05,3.95,199613,950291.45,,4.76,EQ
03-01-2002,4.9,4.9,4.8,4.85,4.85,10.05,3.95,76890,373531.65,,4.86,EQ
04-01-2002,4.9,5.0,4.8,4.9,4.85,10.05,3.95,785781,3855432.65,,4.91,EQ
07-01-2002,4.85,5.0,4.85,4.9,4.95,10.05,3.95,172584,847050.05,,4.91,EQ
08-01-2002,5.0,5.05,4.9,5.0,5.05,10.05,3.95,289762,1443911.0,,4.98,EQ
09-01-2002,5.0,5.1,4.85,4.85,4.85,10.05,3.95,176985,870327.8,,4.92,EQ
10-01-2002,4.8,4.9,4.8,4.8,4.85,10.05,3.95,84088,407960.25,,4.85,EQ
11-01-2002,4.85,4.95,4.8,4.9,4.95,10.05,3.95,170964,832059.15,,4.87,EQ
14-01-2002,4.85,5.05,4.85,5.0,4.95,10.05,3.95,176871,877484.8,,4.96,EQ
15-01-2002,5.05,5.1,5.0,5.0,5.0,10.05,3.95,113399,570438.05,,5.03,EQ
16-01-2002,5.05,5.1,4.95,5.05,5.1,10.05,3.95,302650,1525320.05,,5.04,EQ
17-01-2002,5.05,5.1,5.0,5.0,5.0,10.05,3.95,133722,674168.35,,5.04,EQ
18-01-2002,5.0,5.05,4.9,4.9,4.9,10.05,3.95,179360,893025.5,,4.98,EQ
21-01-2002,5.05,5.05,4.9,5.0,5.0,10.05,3.95,135694,681299.1,,5.02,EQ
22-01-2002,5.0,5.05,4.9,4.95,4.95,10.05,3.95,141936,709865.8,,5.0,EQ
23-01-2002,5.0,5.0,4.9,4.95,4.95,10.05,3.95,1079624,5348418.7,,4.95,EQ
24-01-2002,5.0,5.05,4.95,5.0,5.0,10.05,3.95,567573,2820458.0,,4.97,EQ
25-01-2002,4.95,5.05,4.95,5.0,5.0,10.05,3.95,189947,947954.05,,4.99,EQ
28-01-2002,5.05,5.05,4.95,4.95,4.95,10.05,3.95,81174,403352.9,,4.97,EQ
29-01-2002,4.95,5.0,4.9,4.95,4.9,10.05,3.95,116410,577769.95,,4.96,EQ
30-01-2002,4.95,5.0,4.85,5.0,5.0,10.05,3.95,423198,2101900.6,,4.97,EQ
31-01-2002,5.0,5.0,4.9,4.9,4.9,10.05,3.95,161964,800808.8,,4.94,EQ
01-02-2002,4.95,4.95,4.8,4.85,4.8,10.05,3.95,146607,713519.95,,4.87,EQ
04-02-2002,4.85,5.0,4.8,4.9,4.95,10.05,3.95,237054,1172516.55,,4.95,EQ
05-02-2002,5.0,5.05,4.9,5.0,5.05,10.05,3.95,566154,2827036.05,,4.99,EQ
06-02-2002,5.1,5.9,5.1,5.55,5.55,10.05,3.95,2017003,11247555.15,,5.58,EQ
07-02-2002,5.75,5.75,5.3,5.4,5.4,10.05,3.95,638992,3505185.65,,5.49,EQ
08-02-2002,5.35,5.4,5.2,5.2,5.2,10.05,3.95,334126,1766246.65,,5.29,EQ
11-02-2002,5.4,5.45,5.15,5.2,5.15,10.05,3.95,309088,1629472.9,,5.27,EQ
12-02-2002,5.25,5.6,5.15,5.2,5.25,10.05,3.95,528932,2844372.5,,5.38,EQ
13-02-2002,5.25,5.5,5.15,5.2,5.25,10.05,3.95,614442,3244118.6,,5.28,EQ
14-02-2002,5.35,5.4,5.25,5.35,5.4,10.05,3.95,503134,2690019.4,,5.35,EQ
15-02-2002,5.5,5.75,5.35,5.6,5.6,10.05,3.95,2819693,15853129.15,,5.62,EQ
18-02-2002,5.75,6.25,5.75,5.9,5.9,10.05,3.95,1981458,11638004.45,,5.87,EQ
19-02-2002,6.0,6.1,5.5,5.55,5.5,9.15,3.95,1116048,6413505.1,,5.75,EQ
20-02-2002,5.45,5.65,5.25,5.35,5.4,9.15,3.95,732782,3973494.5,,5.42,EQ
21-02-2002,5.6,5.6,5.25,5.25,5.25,9.15,3.95,650413,3491687.75,,5.37,EQ
22-02-2002,5.35,6.25,5.25,6.15,6.05,9.15,3.95,4200328,24623946.6,,5.86,EQ
25-02-2002,6.3,6.45,5.7,5.8,5.8,9.15,3.95,2704219,16045561.4,,5.93,EQ
26-02-2002,6.0,6.0,5.55,5.6,5.6,9.0,3.95,2752689,15926540.5,,5.79,EQ
27-02-2002,5.75,5.85,5.55,5.6,5.65,9.0,3.95,1458103,8228652.6,,5.64,EQ
28-02-2002,6.15,6.15,5.0,5.05,5.0,9.0,3.95,3914567,21122067.7,,5.4,EQ
01-03-2002,5.1,5.45,5.05,5.2,5.2,9.0,3.95,1167700,6040069.55,,5.17,EQ
04-03-2002,5.5,5.5,5.1,5.1,5.15,9.0,3.95,610052,3181000.8,,5.21,EQ
05-03-2002,5.2,5.2,5.0,5.05,5.05,8.45,3.95,559382,2845169.85,,5.09,EQ
06-03-2002,5.0,5.1,4.95,5.05,5.05,8.45,3.95,580936,2921882.9,,5.03,EQ
07-03-2002,5.0,5.1,4.95,5.05,5.1,8.45,3.95,468858,2360235.4,,5.03,EQ
08-03-2002,5.1,5.2,5.05,5.1,5.1,8.45,3.95,427903,2180182.85,,5.1,EQ
11-03-2002,5.1,5.15,5.05,5.1,5.1,8.45,3.95,358879,1828131.3,,5.09,EQ
12-03-2002,5.0,5.1,4.95,4.95,4.95,7.1,3.95,317147,1589860.7,,5.01,EQ
13-03-2002,5.0,5.05,4.95,4.95,4.95,7.1,3.95,178681,889159.35,,4.98,EQ
14-03-2002,5.0,5.05,4.95,4.95,5.0,7.1,3.95,411893,2057958.65,,5.0,EQ
15-03-2002,5.05,5.05,4.95,5.0,5.0,7.1,3.95,535546,2680591.7,,5.01,EQ
18-03-2002,5.1,5.15,4.9,4.95,4.95,7.1,3.95,708889,3546774.3,,5.0,EQ
19-03-2002,5.05,5.1,4.95,5.05,5.05,6.45,3.95,796469,3997249.25,,5.02,EQ
20-03-2002,5.05,5.05,4.95,4.95,4.95,6.45,3.95,1141681,5702607.75,,4.99,EQ
21-03-2002,4.95,5.05,4.9,4.95,5.0,6.45,3.95,713718,3541541.5,,4.96,EQ
22-03-2002,5.0,5.0,4.9,4.9,4.95,6.45,3.95,253469,1252540.4,,4.94,EQ
26-03-2002,4.9,4.95,4.7,4.75,4.7,6.45,3.95,380204,1824347.3,,4.8,EQ
27-03-2002,4.8,4.85,4.7,4.75,4.8,6.45,3.95,157111,750188.8,,4.77,EQ
28-03-2002,4.85,4.9,4.7,4.8,4.85,6.45,3.95,232916,1125950.4,,4.83,EQ
01-04-2002,4.9,5.1,4.8,5.0,5.0,,,358553,1786100.45,,4.98,EQ
02-04-2002,5.1,5.1,4.9,4.95,4.9,,,178918,895656.35,,5.01,EQ
03-04-2002,5.05,5.05,4.9,4.9,4.95,,,220492,1088120.6,,4.93,EQ
04-04-2002,5.05,5.05,4.8,4.85,4.8,,,359530,1764054.65,,4.91,EQ
05-04-2002,4.9,4.95,4.85,4.85,4.85,,,207857,1013651.95,,4.88,EQ
08-04-2002,4.9,5.0,4.9,4.9,4.95,,,267192,1320820.95,,4.94,EQ
09-04-2002,4.9,5.0,4.85,4.9,5.0,,,644402,3169403.85,,4.92,EQ
10-04-2002,5.0,5.0,4.9,4.95,4.95,6.45,3.95,354954,1764527.0,,4.97,EQ
11-04-2002,5.0,5.4,4.95,5.15,5.15,6.45,3.95,1450819,7535051.35,,5.19,EQ
12-04-2002,5.15,5.3,5.05,5.1,5.1,,,694773,3620089.8,,5.21,EQ
15-04-2002,5.15,5.2,5.0,5.0,5.0,,,373362,1890204.3,,5.06,EQ
16-04-2002,5.05,5.05,4.95,5.0,5.0,6.45,3.95,135541,679781.05,,5.02,EQ
17-04-2002,5.0,5.1,5.0,5.05,5.0,6.45,3.95,203578,1024540.1,,5.03,EQ
18-04-2002,5.0,5.25,5.0,5.05,5.05,6.45,3.95,790091,4043618.6,,5.12,EQ
19-04-2002,5.15,5.25,4.95,4.95,4.95,6.45,3.95,836432,4190321.05,,5.01,EQ
22-04-2002,5.0,5.05,4.95,4.95,5.0,6.45,3.95,166552,830261.65,,4.98,EQ
23-04-2002,5.0,5.0,4.95,5.0,5.0,6.45,3.95,130116,648551.9,,4.98,EQ
24-04-2002,5.0,5.0,4.9,4.9,4.9,6.45,3.95,131477,647976.0,,4.93,EQ
25-04-2002,4.95,4.95,4.85,4.9,4.9,,,249345,1228097.6,,4.93,EQ
26-04-2002,4.9,5.0,4.9,4.9,4.95,,,126874,626551.95,,4.94,EQ
29-04-2002,4.95,4.95,4.9,4.9,4.9,6.45,3.95,153689,754773.9,,4.91,EQ
30-04-2002,4.9,4.95,4.85,4.85,4.9,,,186048,913868.5,,4.91,EQ
02-05-2002,4.9,4.95,4.85,4.9,4.9,6.45,3.95,508369,2488032.9,,4.89,EQ
03-05-2002,4.95,4.95,4.85,4.9,4.9,6.45,3.95,746862,3657492.65,,4.9,EQ
06-05-2002,4.95,5.0,4.9,4.9,4.95,,,590415,2921054.9,,4.95,EQ
07-05-2002,4.9,4.95,4.9,4.9,4.95,,,538436,2661516.35,,4.94,EQ
08-05-2002,5.0,5.25,5.0,5.1,5.15,,,1605874,8248424.3,,5.14,EQ
09-05-2002,5.25,5.3,4.95,5.0,5.0,6.45,3.95,1600544,8120514.75,,5.07,EQ
10-05-2002,5.05,5.05,4.9,5.0,4.95,,,809312,4032443.0,,4.98,EQ
13-05-2002,5.2,5.2,5.0,5.05,5.1,6.45,3.95,978566,4961818.2,,5.07,EQ
14-05-2002,5.1,5.2,5.05,5.1,5.1,6.45,3.95,669278,3420701.7,,5.11,EQ
15-05-2002,5.05,5.6,5.05,5.35,5.45,6.45,3.95,4284558,22982888.8,,5.36,EQ
16-05-2002,5.45,6.25,5.45,6.05,6.15,6.45,3.95,9062082,54196200.3,,5.98,EQ
17-05-2002,6.0,6.4,5.7,5.85,5.85,6.45,3.95,3625728,21732350.6,,5.99,EQ
20-05-2002,5.85,6.15,5.7,5.8,5.8,6.45,3.95,3192401,18785019.9,,5.88,EQ
21-05-2002,5.85,5.95,5.35,5.55,5.55,6.45,3.95,2532238,14027984.3,,5.54,EQ
22-05-2002,5.6,5.75,5.45,5.65,5.7,6.45,3.95,1282397,7179639.7,,5.6,EQ
23-05-2002,5.6,5.7,5.5,5.55,5.55,6.45,3.95,739664,4117608.85,,5.57,EQ
24-05-2002,5.7,6.7,5.7,6.7,6.7,6.45,3.95,8071845,52112100.1,,6.46,EQ
27-05-2002,7.95,8.05,6.9,8.05,8.05,6.7,3.95,15271491,117332321.65,,7.68,EQ
28-05-2002,8.3,8.85,7.6,7.85,7.8,8.05,3.95,17614649,143870484.4,,8.17,EQ
29-05-2002,7.3,8.0,7.0,7.55,7.55,8.85,3.95,11460625,85188728.15,,7.43,EQ
30-05-2002,7.7,9.05,7.5,8.5,8.75,8.85,3.95,18942648,159269441.5,,8.41,EQ
31-05-2002,8.9,8.9,8.0,8.4,8.3,9.05,3.95,9073632,75753949.2,,8.35,EQ
03-06-2002,8.75,9.65,8.4,9.4,9.65,9.05,3.95,23175680,210386976.15,,9.08,EQ
04-06-2002,9.9,11.3,9.5,11.0,11.3,9.65,3.95,33872952,350828488.1,,10.36,EQ
05-06-2002,11.65,13.2,11.4,11.95,12.15,11.3,3.95,57067464,706706331.7,,12.38,EQ
06-06-2002,12.35,12.4,10.5,12.1,12.2,13.2,3.95,49636069,568877220.0,,11.46,EQ
07-06-2002,12.4,12.8,11.4,11.6,11.5,13.2,3.95,34488449,415562225.95,,12.05,EQ
10-06-2002,12.0,12.4,11.15,11.35,11.65,13.2,3.95,19069114,223866050.6,,11.74,EQ
11-06-2002,11.9,12.2,11.4,12.0,12.0,13.2,3.95,18234439,215211056.2,,11.8,EQ
12-06-2002,12.2,12.9,11.85,12.3,12.2,13.2,3.95,34798060,432037032.65,,12.42,EQ
13-06-2002,12.3,12.6,11.8,12.0,11.85,13.2,3.95,14922773,181854976.85,,12.19,EQ
14-06-2002,11.65,12.25,11.6,11.9,11.85,13.2,3.95,10412247,125148513.1,,12.02,EQ
17-06-2002,12.1,12.4,11.85,11.9,11.85,13.2,3.95,9494317,114840324.1,,12.1,EQ
18-06-2002,12.1,12.1,11.25,11.3,11.3,13.2,3.95,7419102,86042955.3,,11.6,EQ
19-06-2002,12.4,12.4,10.55,10.65,10.55,13.2,3.95,8046817,87592486.4,,10.89,EQ
20-06-2002,12.4,12.4,10.15,10.4,10.45,13.2,3.95,10347719,109434127.15,,10.58,EQ
21-06-2002,10.95,10.95,10.3,10.6,10.65,13.2,3.95,4486383,47767323.65,,10.65,EQ
24-06-2002,10.65,11.35,10.6,11.2,11.25,13.2,3.95,11888514,132169157.1,,11.12,EQ
25-06-2002,11.5,11.8,11.15,11.35,11.35,13.2,3.95,10867179,124805838.0,,11.48,EQ
26-06-2002,11.45,11.45,10.75,10.8,10.85,13.2,3.95,4463756,48944048.3,,10.96,EQ
27-06-2002,10.8,12.0,10.75,11.7,12.0,13.2,3.95,10979503,124611069.1,,11.35,EQ
28-06-2002,12.0,12.6,11.8,12.3,12.2,13.2,3.95,22312827,273614984.3,,12.26,EQ
01-07-2002,12.5,12.7,11.9,12.1,12.2,13.2,3.95,23735447,289430552.5,,12.19,EQ
02-07-2002,12.3,12.55,11.8,11.9,11.9,13.2,3.95,8352501,101463855.25,,12.15,EQ
03-07-2002,12.1,12.2,11.45,11.55,11.6,13.2,3.95,5375532,63353416.7,,11.79,EQ
04-07-2002,11.75,12.0,11.5,11.85,11.95,13.2,3.95,7634099,90251823.8,,11.82,EQ
05-07-2002,12.0,12.2,11.7,11.75,11.8,13.2,3.95,5249630,62724260.35,,11.95,EQ
08-07-2002,11.8,11.95,11.4,11.45,11.4,13.2,3.95,3880276,45083574.85,,11.62,EQ
09-07-2002,11.4,11.85,11.2,11.35,11.4,13.2,3.95,4095153,47211187.25,,11.53,EQ
10-07-2002,11.5,11.55,11.1,11.25,11.25,13.2,3.95,2963888,33376256.1,,11.26,EQ
11-07-2002,11.25,11.6,11.05,11.25,11.25,13.2,3.95,4400238,49811760.5,,11.32,EQ
12-07-2002,11.3,11.55,11.25,11.3,11.4,13.2,3.95,3748136,42559576.55,,11.35,EQ
15-07-2002,11.3,11.4,10.9,11.05,11.1,13.2,3.95,5185670,57331346.85,,11.06,EQ
16-07-2002,11.0,11.45,10.8,11.05,11.1,13.2,3.95,4280268,47579527.75,,11.12,EQ
17-07-2002,11.25,11.45,11.0,11.2,11.2,13.2,3.95,5780448,64901738.15,,11.23,EQ
18-07-2002,11.3,11.4,11.2,11.35,11.3,13.2,3.95,2234569,25283630.6,,11.31,EQ
19-07-2002,11.3,11.55,11.15,11.4,11.45,13.2,3.95,3872793,43781434.4,,11.3,EQ
22-07-2002,11.3,11.3,10.3,10.8,10.8,13.2,3.95,7436069,80892361.5,,10.88,EQ
23-07-2002,10.15,11.0,10.15,10.85,11.0,13.2,3.95,3895413,41799368.0,,10.73,EQ
24-07-2002,10.75,11.2,10.6,10.65,10.65,13.2,3.95,3113014,33641193.2,,10.81,EQ
25-07-2002,10.9,11.1,10.6,10.7,10.7,13.2,3.95,2265822,24392344.1,,10.77,EQ
26-07-2002,10.5,10.7,9.75,9.9,9.9,13.2,3.95,6437069,64757954.55,,10.06,EQ
29-07-2002,9.9,9.9,8.3,8.85,8.7,13.2,3.95,4617069,40729939.95,,8.82,EQ
30-07-2002,9.1,9.25,8.25,8.4,8.4,13.2,3.95,1883836,16734668.95,,8.88,EQ
31-07-2002,8.15,8.4,7.8,8.25,8.3,13.2,3.95,3239022,26321449.1,,8.13,EQ
01-08-2002,8.6,8.95,8.2,8.3,8.3,13.2,3.95,2933884,25144491.9,,8.57,EQ
02-08-2002,8.3,8.35,8.05,8.25,8.35,13.2,3.95,1524913,12479937.25,,8.18,EQ
05-08-2002,8.4,8.85,8.35,8.7,8.85,13.2,3.95,1685002,14502212.25,,8.61,EQ
06-08-2002,8.6,9.25,8.6,9.05,9.0,13.2,3.95,3697161,33246838.1,,8.99,EQ
07-08-2002,9.3,9.55,9.15,9.25,9.2,13.2,3.95,2403546,22517820.95,,9.37,EQ
08-08-2002,9.3,9.45,8.6,8.65,8.6,13.2,3.95,2248520,20139711.65,,8.96,EQ
09-08-2002,8.8,9.0,8.65,8.85,8.9,13.2,3.95,1217842,10726300.5,,8.81,EQ
12-08-2002,8.9,9.0,8.75,8.9,8.9,13.2,3.95,543164,4835840.9,,8.9,EQ
13-08-2002,9.0,9.05,8.9,8.9,8.95,13.2,3.95,270459,2421468.25,,8.95,EQ
14-08-2002,8.9,8.95,8.6,8.65,8.7,13.2,3.95,804355,7006029.55,,8.71,EQ
16-08-2002,8.95,8.95,8.65,8.7,8.75,13.2,3.95,368651,3215991.55,,8.72,EQ
19-08-2002,8.8,8.8,8.5,8.55,8.55,13.2,3.95,367586,3163739.2,,8.61,EQ
20-08-2002,8.65,8.65,8.4,8.45,8.45,13.2,3.95,1059454,8988788.4,,8.48,EQ
21-08-2002,8.5,8.65,8.35,8.45,8.4,13.2,3.95,602503,5129382.15,,8.51,EQ
22-08-2002,8.55,8.65,8.4,8.4,8.4,13.2,3.95,927709,7895759.7,,8.51,EQ
23-08-2002,8.55,8.55,8.3,8.4,8.4,13.2,3.95,497678,4187334.4,,8.41,EQ
26-08-2002,8.45,8.6,8.4,8.55,8.55,13.2,3.95,679840,5790057.6,,8.52,EQ
27-08-2002,8.55,8.65,8.5,8.55,8.55,13.2,3.95,981635,8398662.75,,8.56,EQ
28-08-2002,8.6,8.65,8.45,8.55,8.55,13.2,3.95,452759,3880517.75,,8.57,EQ
29-08-2002,8.6,8.6,8.5,8.55,8.55,13.2,3.95,400444,3421190.6,,8.54,EQ
30-08-2002,8.6,8.7,8.4,8.45,8.5,13.2,3.95,695654,5973099.1,,8.59,EQ
02-09-2002,8.6,8.95,8.55,8.8,8.8,13.2,3.95,1161497,10156232.25,,8.74,EQ
03-09-2002,8.8,8.85,8.45,8.45,8.45,13.2,3.95,372065,3178190.7,,8.54,EQ
04-09-2002,8.35,8.5,8.25,8.3,8.35,13.2,3.95,366613,3069712.35,,8.37,EQ
05-09-2002,8.45,8.7,8.3,8.65,8.6,13.2,3.95,704107,6003051.85,,8.53,EQ
06-09-2002,8.65,8.75,8.2,8.3,8.3,13.2,3.95,667376,5626196.55,,8.43,EQ
09-09-2002,8.2,8.35,7.75,7.8,7.75,13.2,3.95,941916,7430439.35,,7.89,EQ
11-09-2002,7.9,8.15,7.45,7.6,7.5,13.2,3.95,596439,4548520.35,,7.63,EQ
12-09-2002,7.6,8.0,7.5,7.85,7.85,13.2,3.95,1079396,8432443.7,,7.81,EQ
13-09-2002,7.9,7.95,7.65,7.7,7.65,13.2,3.95,574716,4482632.45,,7.8,EQ
16-09-2002,7.95,7.95,7.4,7.45,7.4,13.2,3.95,352205,2668701.9,,7.58,EQ
17-09-2002,7.55,7.55,7.25,7.25,7.35,13.2,3.95,267465,1981101.05,,7.41,EQ
18-09-2002,7.4,7.4,6.9,6.95,6.95,13.2,3.95,780580,5490642.3,,7.03,EQ
19-09-2002,7.0,7.0,6.4,6.75,6.85,13.2,3.95,1498637,9996946.85,,6.67,EQ
20-09-2002,6.6,7.0,6.5,6.85,6.85,13.2,3.95,640926,4349229.55,,6.79,EQ
23-09-2002,6.85,7.0,6.75,6.8,6.8,13.2,3.95,316558,2169266.1,,6.85,EQ
24-09-2002,6.8,6.9,6.55,6.65,6.65,13.2,4.05,569275,3795273.55,,6.67,EQ
25-09-2002,6.7,6.8,6.45,6.75,6.75,13.2,4.05,1161441,7681728.5,,6.61,EQ
26-09-2002,6.6,6.8,6.45,6.5,6.5,13.2,4.05,902629,5957687.95,,6.6,EQ
27-09-2002,6.6,6.75,6.6,6.7,6.65,13.2,4.05,504913,3390471.0,,6.71,EQ
30-09-2002,6.75,6.75,6.35,6.45,6.4,13.2,4.05,682388,4479465.15,,6.56,EQ
01-10-2002,7.5,7.5,6.35,6.45,6.45,13.2,4.05,472797,3043785.15,,6.44,EQ
03-10-2002,6.6,6.8,6.35,6.4,6.4,13.2,4.05,1205302,7919678.2,,6.57,EQ
04-10-2002,6.5,6.55,6.35,6.4,6.4,13.2,4.05,937705,6036388.75,,6.44,EQ
07-10-2002,6.6,7.4,6.5,7.1,7.05,13.2,4.05,4590958,32208295.8,,7.02,EQ
08-10-2002,7.1,7.35,6.85,6.95,7.0,13.2,4.05,3548353,25296467.55,,7.13,EQ
09-10-2002,7.1,7.15,6.65,6.7,6.75,13.2,4.05,1398473,9637884.75,,6.89,EQ
10-10-2002,6.75,6.8,6.45,6.65,6.65,13.2,4.05,1118628,7408356.65,,6.62,EQ
11-10-2002,6.8,6.85,6.5,6.55,6.55,13.2,4.05,1383246,9222443.15,,6.67,EQ
14-10-2002,6.8,6.8,6.5,6.55,6.55,13.2,4.05,642514,4230977.25,,6.59,EQ
16-10-2002,6.65,6.65,6.55,6.55,6.55,13.2,4.3,540603,3567065.95,,6.6,EQ
17-10-2002,6.6,6.6,6.5,6.55,6.5,13.2,4.3,488217,3208097.9,,6.57,EQ
18-10-2002,6.65,6.85,6.55,6.55,6.55,13.2,4.3,1506110,10056097.75,,6.68,EQ
21-10-2002,6.7,6.8,6.5,6.7,6.75,13.2,4.3,877465,5870049.4,,6.69,EQ
22-10-2002,6.85,6.85,6.65,6.7,6.65,13.2,4.4,513426,3454761.6,,6.73,EQ
23-10-2002,6.65,6.75,6.6,6.65,6.6,13.2,4.4,264953,1767117.65,,6.67,EQ
24-10-2002,6.65,6.7,6.55,6.55,6.6,13.2,4.4,450487,2973032.55,,6.6,EQ
25-10-2002,6.6,6.6,6.45,6.5,6.55,13.2,4.4,467726,3039691.4,,6.5,EQ
28-10-2002,6.55,6.6,6.45,6.5,6.5,13.2,4.4,467277,3054357.9,,6.54,EQ
29-10-2002,6.55,6.8,6.5,6.7,6.8,13.2,4.4,539021,3592420.8,,6.66,EQ
30-10-2002,6.9,6.9,6.65,6.7,6.65,13.2,4.4,760806,5156014.4,,6.78,EQ
31-10-2002,6.85,7.1,6.8,7.0,7.05,13.2,4.4,2013159,14047776.5,,6.98,EQ
01-11-2002,7.1,7.25,7.05,7.15,7.2,13.2,4.4,1125900,8045646.95,,7.15,EQ
04-11-2002,7.5,7.65,7.2,7.35,7.35,13.2,4.4,770034,5660218.6,,7.35,EQ
05-11-2002,7.4,7.4,7.15,7.25,7.2,13.2,4.4,924608,6740000.9,,7.29,EQ
07-11-2002,7.2,7.4,7.15,7.3,7.25,13.2,4.4,811604,5935345.7,,7.31,EQ
08-11-2002,7.25,7.5,7.2,7.4,7.5,13.2,4.4,785031,5768153.5,,7.35,EQ
11-11-2002,7.45,7.75,7.4,7.45,7.45,13.2,4.4,1692659,12797610.05,,7.56,EQ
12-11-2002,7.4,7.6,7.25,7.3,7.3,13.2,4.4,1269619,9355289.6,,7.37,EQ
13-11-2002,7.4,7.4,7.25,7.3,7.3,13.2,4.4,532865,3901066.85,,7.32,EQ
14-11-2002,7.3,7.45,7.3,7.4,7.45,13.2,4.4,658277,4864543.05,,7.39,EQ
15-11-2002,7.55,7.65,7.45,7.55,7.6,13.2,4.4,1023557,7726992.35,,7.55,EQ
18-11-2002,7.6,7.9,7.6,7.8,7.85,13.2,4.4,1094113,8494468.1,,7.76,EQ
20-11-2002,7.95,8.2,7.95,8.1,8.15,13.2,4.55,1999809,16173379.85,,8.09,EQ
21-11-2002,8.25,8.35,8.05,8.05,8.05,13.2,4.55,1419104,11650790.05,,8.21,EQ
22-11-2002,8.2,8.2,8.05,8.15,8.15,13.2,4.55,851458,6931424.75,,8.14,EQ
25-11-2002,8.1,8.45,8.1,8.4,8.35,13.2,4.55,1000114,8317873.85,,8.32,EQ
26-11-2002,8.5,8.55,8.35,8.45,8.4,13.2,4.55,1165521,9853976.45,,8.45,EQ
27-11-2002,8.2,8.45,8.2,8.35,8.4,13.2,4.55,1375492,11500702.1,,8.36,EQ
28-11-2002,8.8,8.8,8.35,8.4,8.4,13.2,4.55,1177376,10000878.05,,8.49,EQ
29-11-2002,8.55,8.65,8.4,8.55,8.6,13.2,4.55,949493,8095596.1,,8.53,EQ
02-12-2002,9.55,9.55,8.7,9.05,9.1,13.2,4.55,2746424,24824884.6,,9.04,EQ
03-12-2002,9.2,9.35,8.7,8.8,8.75,13.2,4.55,1979501,17939309.9,,9.06,EQ
04-12-2002,8.7,8.95,8.5,8.6,8.6,13.2,4.55,920156,7992974.6,,8.69,EQ
05-12-2002,8.75,8.95,8.65,8.85,8.9,13.2,4.55,945175,8392429.1,,8.88,EQ
06-12-2002,9.5,9.65,9.1,9.25,9.2,13.2,4.55,2003038,18493500.8,,9.23,EQ
09-12-2002,9.5,9.6,8.65,8.9,8.8,13.2,4.55,3088233,28494194.9,,9.23,EQ
10-12-2002,9.1,9.1,8.65,8.95,9.0,13.2,4.55,1055439,9318365.05,,8.83,EQ
11-12-2002,9.1,9.1,8.75,8.8,8.75,13.2,4.55,742331,6601871.45,,8.89,EQ
12-12-2002,8.8,9.05,8.8,8.85,8.8,13.2,4.55,589840,5235430.8,,8.88,EQ
13-12-2002,8.85,9.0,8.8,8.95,8.95,13.2,4.55,832644,7413812.65,,8.9,EQ
16-12-2002,9.1,9.2,8.9,8.9,8.9,13.2,4.55,1176379,10613187.2,,9.02,EQ
17-12-2002,9.0,9.0,8.6,8.7,8.65,13.2,4.55,648441,5653947.3,,8.72,EQ
18-12-2002,8.7,8.8,8.65,8.7,8.7,13.2,4.55,672548,5875563.45,,8.74,EQ
19-12-2002,8.7,9.8,8.65,9.55,9.6,13.2,4.55,4581497,42870692.4,,9.36,EQ
20-12-2002,9.6,9.8,9.35,9.6,9.6,13.2,4.55,2825002,27107805.35,,9.6,EQ
23-12-2002,9.1,9.85,9.1,9.65,9.6,13.2,4.55,2301578,22309490.3,,9.69,EQ
24-12-2002,9.7,9.75,9.5,9.65,9.65,13.2,4.55,1712298,16501318.85,,9.64,EQ
26-12-2002,9.75,10.25,9.75,10.2,10.2,13.2,4.55,5061781,50969462.15,,10.07,EQ
27-12-2002,10.35,10.45,10.1,10.15,10.2,13.2,4.55,3661831,37740793.5,,10.31,EQ
30-12-2002,9.8,10.15,9.65,9.9,9.9,13.2,4.55,2743123,27208754.95,,9.92,EQ
31-12-2002,9.95,10.35,9.9,10.25,10.25,13.2,4.6,2505504,25425804.8,,10.15,EQ
01-01-2003,10.3,10.45,10.1,10.15,10.1,13.2,4.6,1622720,16611237.8,,10.24,EQ
02-01-2003,10.25,10.35,9.8,9.85,9.8,13.2,4.6,2622231,26289018.45,,10.03,EQ
03-01-2003,10.0,10.05,9.75,9.8,9.8,13.2,4.6,1191626,11817558.85,,9.92,EQ
06-01-2003,9.95,9.95,9.45,9.5,9.5,13.2,4.6,1354504,13020277.85,,9.61,EQ
07-01-2003,9.55,9.7,9.3,9.35,9.4,13.2,4.7,1336640,12599065.8,,9.43,EQ
08-01-2003,9.4,9.7,9.35,9.65,9.7,13.2,4.7,1400662,13428422.2,,9.59,EQ
09-01-2003,10.15,10.15,9.6,9.9,9.95,13.2,4.7,1400815,13789669.6,,9.84,EQ
10-01-2003,10.05,10.1,9.65,9.7,9.75,13.2,4.7,1728913,16986293.55,,9.82,EQ
13-01-2003,9.9,10.1,9.75,9.8,9.8,13.2,4.7,1198647,11857721.65,,9.89,EQ
14-01-2003,9.7,9.9,9.7,9.75,9.75,13.2,4.7,609294,5961654.05,,9.78,EQ
15-01-2003,9.8,9.8,9.5,9.55,9.6,13.2,4.7,748476,7187414.65,,9.6,EQ
16-01-2003,9.55,9.85,9.45,9.75,9.7,13.2,4.7,839578,8182814.5,,9.75,EQ
17-01-2003,9.7,10.1,9.7,10.0,10.05,13.2,4.7,1686831,16768571.3,,9.94,EQ
20-01-2003,10.2,10.45,10.15,10.3,10.35,13.2,4.7,3140744,32298852.85,,10.28,EQ
21-01-2003,10.5,11.35,10.5,11.15,11.25,13.2,4.7,8066433,88305266.95,,10.95,EQ
22-01-2003,11.4,11.7,11.15,11.45,11.4,13.2,4.7,9740403,111469904.5,,11.44,EQ
23-01-2003,11.4,11.5,10.8,11.1,11.1,13.2,4.7,5991798,66568374.45,,11.11,EQ
24-01-2003,11.25,11.25,10.25,10.35,10.35,13.2,4.7,4359915,46676337.45,,10.71,EQ
27-01-2003,10.55,10.55,9.55,9.7,9.75,13.2,4.7,4031615,40359049.4,,10.01,EQ
28-01-2003,9.75,10.45,9.7,10.25,10.35,13.2,4.7,4464550,44796733.9,,10.03,EQ
29-01-2003,10.55,11.1,10.4,10.55,10.5,13.2,4.7,6827144,73165192.15,,10.72,EQ
30-01-2003,10.5,10.8,10.4,10.5,10.55,13.2,4.7,2447837,25948868.05,,10.6,EQ
31-01-2003,10.45,10.5,10.2,10.25,10.25,13.2,4.7,2191403,22596100.05,,10.31,EQ
03-02-2003,10.4,10.8,10.35,10.7,10.75,13.2,4.7,2648770,28167023.9,,10.63,EQ
04-02-2003,10.9,11.1,10.55,10.65,10.6,13.2,4.7,3112034,33638984.15,,10.81,EQ
05-02-2003,10.6,10.7,10.35,10.45,10.5,13.2,4.7,2163146,22674041.75,,10.48,EQ
06-02-2003,10.5,10.55,10.3,10.45,10.5,13.2,4.7,1284851,13389969.85,,10.42,EQ
07-02-2003,10.5,10.6,10.25,10.3,10.35,13.2,4.7,1702661,17786769.2,,10.45,EQ
10-02-2003,10.3,10.4,10.0,10.05,10.0,13.2,4.7,1301861,13228327.7,,10.16,EQ
11-02-2003,10.1,10.25,9.85,9.9,9.85,13.2,4.7,1558728,15580459.9,,10.0,EQ
12-02-2003,9.95,10.0,9.7,9.8,9.8,13.2,4.7,1290073,12691621.9,,9.84,EQ
14-02-2003,9.75,9.8,9.5,9.6,9.7,13.2,4.7,1437204,13835722.75,,9.63,EQ
17-02-2003,9.85,10.25,9.85,10.15,10.2,13.2,4.7,1504986,15117680.2,,10.05,EQ
18-02-2003,10.25,11.15,10.25,11.0,11.05,13.2,4.7,8787196,95370328.5,,10.85,EQ
19-02-2003,11.2,11.5,10.95,11.15,11.2,13.2,4.7,6438052,72437458.65,,11.25,EQ
20-02-2003,10.25,11.45,10.25,11.0,11.05,13.2,4.7,5040428,56098328.65,,11.13,EQ
21-02-2003,11.1,11.1,10.75,10.85,10.95,13.2,4.7,2482279,27150647.95,,10.94,EQ
24-02-2003,11.15,11.4,10.95,11.0,11.0,13.2,4.7,2703715,30199142.6,,11.17,EQ
25-02-2003,10.8,10.95,10.6,10.6,10.65,13.2,4.7,1911131,20532101.75,,10.74,EQ
26-02-2003,10.75,11.1,10.55,10.65,10.65,13.2,4.7,5803076,62928672.1,,10.84,EQ
27-02-2003,10.65,11.05,10.55,10.85,10.9,13.2,4.7,4139130,44836171.2,,10.83,EQ
28-02-2003,11.2,11.25,10.4,10.55,10.45,13.2,4.7,6803010,74055575.35,,10.89,EQ
03-03-2003,10.7,10.75,10.05,10.15,10.2,13.2,4.7,2707164,28210073.0,,10.42,EQ
04-03-2003,10.15,10.15,9.85,9.9,9.9,13.2,4.7,2417692,24117694.95,,9.98,EQ
05-03-2003,9.9,10.15,9.7,10.05,10.1,13.2,4.7,2525286,24926891.9,,9.87,EQ
06-03-2003,10.2,10.2,9.7,9.75,9.75,13.2,4.7,3032959,29927310.25,,9.87,EQ
07-03-2003,9.6,9.7,9.2,9.3,9.25,13.2,4.7,2747283,25812482.3,,9.4,EQ
10-03-2003,9.4,9.4,8.75,8.8,8.8,13.2,4.7,3209532,28852041.4,,8.99,EQ
11-03-2003,8.8,9.3,8.65,9.2,9.25,13.2,4.7,3466350,31138482.5,,8.98,EQ
12-03-2003,9.2,9.5,9.05,9.1,9.15,13.2,4.7,2416052,22411052.05,,9.28,EQ
13-03-2003,9.3,9.3,8.85,9.1,9.15,13.2,4.7,2443993,22150417.8,,9.06,EQ
17-03-2003,9.1,9.3,8.8,9.15,9.25,13.2,4.7,1624556,14676667.15,,9.03,EQ
19-03-2003,9.15,9.5,9.15,9.25,9.25,13.2,4.7,1683028,15709051.75,,9.33,EQ
20-03-2003,9.15,9.5,9.15,9.4,9.45,13.2,4.7,1796702,16802585.05,,9.35,EQ
21-03-2003,9.45,9.75,9.45,9.65,9.7,13.2,4.7,2137838,20620808.65,,9.65,EQ
22-03-2003,9.95,10.05,9.8,10.0,10.0,13.2,4.7,1014003,10055798.6,,9.92,EQ
24-03-2003,10.05,10.2,9.4,9.45,9.5,13.2,4.7,2411949,23274439.55,,9.65,EQ
25-03-2003,9.3,9.45,9.15,9.4,9.4,13.2,4.7,1669766,15551653.6,,9.31,EQ
26-03-2003,9.55,9.6,9.3,9.35,9.3,13.2,4.7,1666078,15729581.65,,9.44,EQ
27-03-2003,9.7,9.7,9.2,9.3,9.35,13.2,4.7,1085388,10109740.05,,9.31,EQ
28-03-2003,9.35,9.35,9.1,9.2,9.2,13.2,4.7,1302856,11975364.85,,9.19,EQ
31-03-2003,9.35,9.35,8.8,8.85,8.85,13.2,4.7,2082474,18681136.15,,8.97,EQ
01-04-2003,8.9,9.55,8.8,9.05,9.1,13.2,4.8,1363814,12336712.25,,9.05,EQ
02-04-2003,9.4,9.5,9.2,9.45,9.5,13.2,4.8,1315994,12337571.15,,9.38,EQ
03-04-2003,9.75,9.75,9.45,9.55,9.55,13.2,4.8,1524084,14607396.35,,9.58,EQ
04-04-2003,9.55,9.75,9.45,9.65,9.65,13.2,4.8,1332204,12847206.85,,9.64,EQ
07-04-2003,9.6,10.1,9.6,10.05,10.05,13.2,4.8,2827801,28172874.45,,9.96,EQ
08-04-2003,11.0,11.0,9.7,9.8,9.75,13.2,4.85,2430548,24103698.55,,9.92,EQ
09-04-2003,9.95,10.05,9.7,9.75,9.7,13.2,4.85,2591669,25536913.95,,9.85,EQ
10-04-2003,9.7,9.9,9.35,9.4,9.4,13.2,4.85,2190803,21007960.9,,9.59,EQ
11-04-2003,9.45,9.7,9.2,9.3,9.4,13.2,4.85,1855646,17455323.9,,9.41,EQ
15-04-2003,9.4,9.4,8.95,9.05,9.1,13.2,4.85,2544973,23148991.25,,9.1,EQ
16-04-2003,9.15,9.3,9.05,9.2,9.2,13.2,4.85,1071229,9826067.7,,9.17,EQ
17-04-2003,9.1,9.4,9.0,9.1,9.2,13.2,4.85,1444082,13243364.3,,9.17,EQ
21-04-2003,9.2,9.25,9.1,9.15,9.1,13.2,4.85,725221,6645885.9,,9.16,EQ
22-04-2003,9.25,9.25,9.05,9.1,9.1,13.2,4.85,703313,6415494.75,,9.12,EQ
23-04-2003,9.2,9.2,8.95,9.0,8.95,13.2,4.85,689440,6241973.4,,9.05,EQ
24-04-2003,9.05,9.1,8.75,8.85,8.95,13.2,4.85,1562210,13935849.2,,8.92,EQ
25-04-2003,8.95,8.95,8.75,8.85,8.9,13.2,4.85,1358068,12020628.3,,8.85,EQ
28-04-2003,8.85,9.3,8.7,9.15,9.1,13.2,4.85,3368263,30422460.4,,9.03,EQ
29-04-2003,9.35,9.35,8.9,8.95,9.0,13.2,4.85,1997278,18066522.7,,9.05,EQ
30-04-2003,9.05,9.25,8.95,9.05,9.15,13.2,4.85,2157180,19537517.3,,9.06,EQ
02-05-2003,9.2,9.3,9.0,9.0,9.05,13.2,4.85,1418185,12942893.3,,9.13,EQ
05-05-2003,9.25,9.25,9.1,9.15,9.2,13.2,4.85,906572,8321176.2,,9.18,EQ
06-05-2003,9.2,9.4,9.15,9.25,9.3,13.2,4.9,1913500,17785029.85,,9.29,EQ
07-05-2003,9.35,9.6,9.25,9.3,9.35,13.2,4.9,3069980,28895729.65,,9.41,EQ
08-05-2003,9.3,9.4,9.0,9.05,9.05,13.2,4.9,1592168,14586030.8,,9.16,EQ
09-05-2003,9.1,9.25,9.0,9.1,9.1,13.2,4.9,763588,6970434.3,,9.13,EQ
12-05-2003,9.3,9.3,8.95,8.95,9.0,13.2,4.9,1482450,13461227.9,,9.08,EQ
13-05-2003,9.05,9.1,8.9,9.05,9.05,13.2,5.0,1318082,11870681.95,,9.01,EQ
14-05-2003,9.15,9.95,9.15,9.7,9.75,13.2,5.0,6260461,60363375.2,,9.64,EQ
15-05-2003,9.85,10.0,9.75,9.8,9.8,13.2,5.0,3080908,30470136.9,,9.89,EQ
16-05-2003,9.9,10.1,9.65,9.75,9.75,13.2,5.0,2496626,24608667.0,,9.86,EQ
19-05-2003,9.9,10.3,9.7,9.8,9.8,13.2,5.0,4912525,49178588.9,,10.01,EQ
20-05-2003,9.75,10.05,9.7,9.8,9.85,13.2,5.35,3270172,32282605.1,,9.87,EQ
21-05-2003,10.0,10.55,9.9,10.45,10.5,13.2,5.35,7637799,79084490.0,,10.35,EQ
22-05-2003,10.6,11.1,10.6,10.85,10.9,13.2,5.35,11129987,121343345.65,,10.9,EQ
23-05-2003,11.05,11.5,10.9,11.4,11.4,13.2,5.35,8910105,100206371.7,,11.25,EQ
26-05-2003,11.5,11.7,10.95,11.15,11.15,13.2,5.35,7298818,82814149.45,,11.35,EQ
27-05-2003,11.3,11.45,10.7,10.75,10.75,13.2,6.35,5328209,58867744.65,,11.05,EQ
28-05-2003,11.0,11.7,11.0,11.35,11.3,13.2,6.35,15745867,178479451.3,,11.34,EQ
29-05-2003,12.0,12.45,11.55,12.25,12.25,13.2,6.35,20980623,254536837.4,,12.13,EQ
30-05-2003,12.5,12.6,12.2,12.3,12.35,13.2,6.35,10329620,128178798.05,,12.41,EQ
02-06-2003,12.35,12.75,12.1,12.25,12.15,13.2,6.35,8840183,110113817.75,,12.46,EQ
03-06-2003,12.3,12.65,11.95,12.35,12.3,13.2,6.35,11568759,142659942.3,,12.33,EQ
04-06-2003,12.5,12.7,12.2,12.35,12.35,13.2,6.35,5584266,69515611.25,,12.45,EQ
05-06-2003,12.5,12.65,12.2,12.3,12.3,13.2,6.35,5720357,71052255.85,,12.42,EQ
06-06-2003,12.4,12.6,12.35,12.45,12.45,13.2,6.35,4984268,62234865.25,,12.49,EQ
09-06-2003,12.45,14.6,12.35,14.35,14.45,13.2,6.35,31647417,429980821.9,,13.59,EQ
10-06-2003,14.0,14.5,13.25,13.35,13.45,14.6,6.35,22059445,307356559.75,,13.93,EQ
11-06-2003,13.6,13.95,13.15,13.4,13.4,14.6,6.35,11705564,158436880.0,,13.54,EQ
12-06-2003,13.55,14.25,13.35,14.0,14.0,14.6,6.35,15078974,210579424.3,,13.97,EQ
13-06-2003,14.2,14.25,13.55,13.75,13.8,14.6,6.35,7144601,98866494.3,,13.84,EQ
16-06-2003,13.9,13.9,13.45,13.7,13.7,14.6,6.35,4624296,63158776.9,,13.66,EQ
17-06-2003,13.8,13.95,13.7,13.8,13.85,14.6,6.35,4467738,61773602.05,,13.83,EQ
18-06-2003,13.9,14.2,13.7,13.8,13.75,14.6,6.35,8013741,111999091.8,,13.98,EQ
19-06-2003,14.0,15.4,13.95,15.15,15.25,14.6,6.35,28338162,419004129.7,,14.79,EQ
20-06-2003,15.35,16.2,15.05,15.95,15.95,15.4,6.35,25051671,395031027.8,,15.77,EQ
23-06-2003,16.15,17.25,16.1,16.35,16.35,16.2,6.35,24223286,403389084.6,,16.65,EQ
24-06-2003,16.5,17.35,16.4,17.05,17.0,17.25,6.35,23914249,406411327.05,,16.99,EQ
25-06-2003,17.45,17.55,16.85,17.0,17.15,17.35,6.35,16253538,280042911.65,,17.23,EQ
26-06-2003,17.1,17.3,16.5,16.6,16.7,17.55,6.35,8831665,148172500.3,,16.78,EQ
27-06-2003,16.85,17.05,16.05,16.85,16.9,17.55,6.35,14367426,240476953.35,,16.74,EQ
30-06-2003,17.3,17.7,17.15,17.25,17.35,17.55,6.35,11901104,207054204.75,,17.4,EQ
01-07-2003,17.45,19.1,16.95,18.4,18.4,17.7,6.35,33679444,615445875.75,,18.27,EQ
02-07-2003,18.75,19.6,18.6,19.25,19.1,19.1,6.35,26437213,505746192.65,,19.13,EQ
03-07-2003,19.55,19.85,18.75,18.85,18.85,19.6,6.35,17784295,341011513.95,,19.17,EQ
04-07-2003,19.5,19.5,18.35,18.75,18.8,19.85,6.35,13288113,249274404.3,,18.76,EQ
07-07-2003,19.45,19.45,18.7,19.25,19.35,19.85,6.35,16390048,312352038.45,,19.06,EQ
08-07-2003,19.5,19.65,18.55,18.8,18.6,19.85,6.35,13067787,249648811.2,,19.1,EQ
09-07-2003,19.0,19.0,17.85,18.05,17.85,19.85,6.35,13583237,248442714.75,,18.29,EQ
10-07-2003,20.0,20.0,17.5,18.1,18.25,19.85,6.35,12551644,226217750.7,,18.02,EQ
11-07-2003,18.5,19.0,18.3,18.65,18.6,20.0,6.35,10998903,206019530.55,,18.73,EQ
14-07-2003,18.9,19.35,18.75,19.2,19.25,20.0,6.35,13155244,250916364.55,,19.07,EQ
15-07-2003,19.45,20.15,18.95,19.8,19.7,20.0,6.35,33656550,660376166.9,,19.62,EQ
16-07-2003,19.8,20.85,19.5,20.65,20.8,20.15,6.35,28348377,578444894.25,,20.4,EQ
17-07-2003,20.75,21.4,20.2,20.35,20.3,20.85,6.35,27616959,577498187.15,,20.91,EQ
18-07-2003,19.8,20.35,19.3,19.9,20.05,21.4,6.35,22066109,438075134.4,,19.85,EQ
21-07-2003,20.3,20.5,19.3,19.45,19.45,21.4,6.35,14430216,287078414.5,,19.89,EQ
22-07-2003,19.2,19.45,18.9,19.2,19.15,21.4,6.35,16641755,318702463.55,,19.15,EQ
23-07-2003,19.2,19.75,18.85,19.2,19.3,21.4,6.35,20136043,388163551.95,,19.28,EQ
24-07-2003,19.3,19.7,19.1,19.5,19.6,21.4,6.35,9106386,177044320.8,,19.44,EQ
25-07-2003,19.6,21.15,19.55,20.75,21.0,21.4,6.35,20861238,423043671.15,,20.28,EQ
28-07-2003,21.5,22.35,21.3,22.05,22.15,21.4,6.35,27275928,599629004.35,,21.98,EQ
29-07-2003,22.2,22.65,21.2,22.3,22.45,22.35,6.35,35744824,788792244.5,,22.07,EQ
30-07-2003,23.25,23.5,22.85,23.3,23.4,22.65,6.35,26769737,620064299.55,,23.16,EQ
31-07-2003,23.6,23.85,22.9,23.0,23.1,23.5,6.35,19324764,452310955.55,,23.41,EQ
01-08-2003,23.25,23.7,22.45,23.25,23.65,23.85,6.35,18202855,418241067.0,,22.98,EQ
04-08-2003,23.5,24.25,23.1,24.05,24.2,23.85,6.35,21921170,522207582.6,,23.82,EQ
05-08-2003,24.4,24.55,23.5,23.6,23.75,24.25,6.35,19645256,470761036.95,,23.96,EQ
06-08-2003,23.45,24.0,23.1,23.45,23.65,24.55,6.35,14383473,339178688.9,,23.58,EQ
07-08-2003,23.55,25.15,23.45,24.75,25.05,24.55,6.35,21629312,522965128.3,,24.18,EQ
08-08-2003,25.35,26.9,25.0,26.65,26.65,25.15,6.35,30314934,783820298.9,,25.86,EQ
11-08-2003,26.85,32.0,26.05,31.6,31.85,26.9,6.35,71071027,2126198783.5,,29.92,EQ
12-08-2003,32.4,34.7,32.4,34.1,34.3,32.0,6.35,58086420,1971325719.0,,33.94,EQ
13-08-2003,35.25,36.25,33.85,35.7,36.15,34.7,6.35,45563468,1585744408.4,,34.8,EQ
14-08-2003,36.4,40.4,36.15,39.55,39.7,36.25,6.35,73248153,2853184025.75,,38.95,EQ
18-08-2003,40.6,53.85,40.0,51.45,51.8,40.4,6.35,139405192,6635122461.85,,47.6,EQ
19-08-2003,55.25,61.75,38.65,43.25,43.35,53.85,6.35,158186175,7629811036.2,,48.23,EQ
20-08-2003,45.8,46.9,36.25,38.35,38.85,61.75,6.35,111385958,4393509173.55,,39.44,EQ
21-08-2003,39.0,41.1,36.15,38.3,38.7,61.75,6.35,66247202,2594857206.75,,39.17,EQ
22-08-2003,39.4,41.8,38.8,40.05,40.4,61.75,6.35,83893830,3382241837.5,,40.32,EQ
25-08-2003,40.7,40.95,35.1,35.9,35.45,61.75,6.35,81487134,3051115143.75,,37.44,EQ
26-08-2003,36.0,43.4,36.0,42.75,42.7,61.75,6.35,113910690,4513352867.6,,39.62,EQ
27-08-2003,44.7,45.0,40.3,41.2,41.1,61.75,6.35,98485402,4204766316.7,,42.69,EQ
28-08-2003,40.95,41.4,38.7,39.25,39.45,61.75,6.35,46797903,1842714765.35,,39.38,EQ
29-08-2003,39.5,42.2,38.5,40.95,40.4,61.75,6.35,80918139,3298537959.25,,40.76,EQ
01-09-2003,40.95,41.2,39.5,40.45,40.5,61.75,6.35,41028025,1662958033.15,,40.53,EQ
02-09-2003,40.7,40.85,38.75,39.3,39.3,61.75,6.35,31642113,1252349212.45,,39.58,EQ
03-09-2003,39.25,40.8,37.9,38.55,38.35,61.75,6.35,77079659,3052377854.55,,39.6,EQ
04-09-2003,38.75,41.45,38.6,39.6,39.5,61.75,6.35,71930935,2884780042.65,,40.1,EQ
05-09-2003,40.4,40.75,39.6,40.2,40.1,61.75,6.35,44130764,1771910329.6,,40.15,EQ
08-09-2003,40.4,40.4,38.7,38.95,38.75,61.75,6.35,30855091,1222711473.65,,39.63,EQ
09-09-2003,39.2,39.2,35.75,36.05,35.85,61.75,6.35,38605667,1444958208.9,,37.43,EQ
10-09-2003,36.1,36.45,31.45,34.9,34.8,61.75,6.35,99536921,3373165335.25,,33.89,EQ
11-09-2003,34.7,37.4,34.1,36.8,36.95,61.75,6.35,69980877,2551264534.75,,36.46,EQ
12-09-2003,37.45,37.45,34.15,34.8,34.35,61.75,6.35,57718274,2069115519.5,,35.85,EQ
15-09-2003,34.5,35.7,33.55,34.0,33.7,61.75,6.35,57522993,1986985265.5,,34.54,EQ
16-09-2003,33.7,37.4,32.8,37.0,36.85,61.75,6.35,73870039,2612247498.35,,35.36,EQ
17-09-2003,37.7,38.75,35.15,36.15,35.55,61.75,6.35,71787720,2670246854.7,,37.2,EQ
18-09-2003,35.75,35.8,33.85,34.05,34.15,61.75,6.35,47064069,1636574284.85,,34.77,EQ
19-09-2003,34.3,35.2,33.55,34.35,34.65,61.75,6.35,49835170,1717329439.1,,34.46,EQ
22-09-2003,32.0,34.0,32.0,32.85,32.8,61.75,6.35,42485884,1417272099.8,,33.36,EQ
23-09-2003,32.95,34.7,32.6,34.2,34.65,61.75,6.35,40487491,1360193607.4,,33.6,EQ
24-09-2003,35.0,35.0,32.9,33.75,33.35,61.75,6.35,41755179,1409185024.6,,33.75,EQ
25-09-2003,33.45,37.3,32.4,36.75,36.6,61.75,6.35,90988672,3232320847.15,,35.52,EQ
26-09-2003,36.9,38.6,36.8,37.7,37.75,61.75,6.35,63259828,2398202757.4,,37.91,EQ
29-09-2003,38.1,39.4,37.1,37.75,37.75,61.75,6.35,59079632,2279964141.0,,38.59,EQ
30-09-2003,37.0,38.25,37.0,37.9,37.95,61.75,6.35,31833872,1199428921.15,,37.68,EQ
01-10-2003,38.15,39.35,37.6,37.95,38.05,61.75,6.35,42002030,1616964063.0,,38.5,EQ
03-10-2003,38.4,38.9,37.95,38.25,38.35,61.75,6.35,30880627,1186361180.2,,38.42,EQ
06-10-2003,39.0,40.35,38.45,39.7,39.8,61.75,6.35,49899306,1971060007.45,,39.5,EQ
07-10-2003,40.3,42.6,39.7,41.4,41.35,61.75,6.45,102258130,4240395356.35,,41.47,EQ
08-10-2003,41.4,43.9,39.8,40.45,40.75,61.75,6.45,56694140,2332259068.4,,41.14,EQ
09-10-2003,48.0,48.0,40.65,41.6,41.75,61.75,6.45,34833696,1443738724.15,,41.45,EQ
10-10-2003,42.0,43.7,41.75,42.55,42.75,61.75,6.45,54194894,2309653555.2,,42.62,EQ
13-10-2003,42.9,43.8,42.5,43.5,43.5,61.75,6.45,43423317,1877666625.9,,43.24,EQ
14-10-2003,43.9,43.95,41.25,41.6,41.45,61.75,6.45,71131794,3038943677.15,,42.72,EQ
15-10-2003,41.55,42.4,40.85,42.0,42.2,61.75,6.45,51081115,2134328520.3,,41.78,EQ
16-10-2003,42.45,43.7,42.3,43.2,42.9,61.75,6.45,49133130,2116997371.9,,43.09,EQ
17-10-2003,43.25,46.45,42.65,46.05,45.85,61.75,6.45,87080223,3927195897.7,,45.1,EQ
20-10-2003,46.25,47.85,45.35,45.8,45.7,61.75,6.45,70471815,3305015801.55,,46.9,EQ
21-10-2003,46.0,46.4,40.75,42.0,42.7,61.75,6.45,85027737,3756528092.55,,44.18,EQ
22-10-2003,43.0,43.85,41.75,42.75,43.3,61.75,6.45,55361777,2371195408.55,,42.83,EQ
23-10-2003,43.2,43.8,41.95,42.3,42.45,61.75,6.45,41239260,1770246515.8,,42.93,EQ
24-10-2003,42.55,43.6,41.2,43.25,43.55,61.75,6.45,43338940,1834530199.65,,42.33,EQ
25-10-2003,43.9,44.45,43.65,44.1,44.25,61.75,6.45,17766530,782598971.6,,44.05,EQ
27-10-2003,44.3,45.5,42.45,42.65,42.8,61.75,6.45,49544194,2171881693.3,,43.84,EQ
28-10-2003,42.65,42.95,41.3,41.8,41.9,61.75,6.45,36374822,1533646559.2,,42.16,EQ
29-10-2003,42.3,43.0,40.5,42.4,42.85,61.75,6.45,39538812,1645867272.2,,41.63,EQ
30-10-2003,42.95,45.9,42.25,45.0,45.1,61.75,6.45,82392626,3640404427.4,,44.18,EQ
31-10-2003,45.2,45.75,44.0,44.75,44.65,61.75,6.45,48859191,2190215734.65,,44.83,EQ
03-11-2003,45.05,45.2,43.55,43.95,43.8,61.75,6.45,41274519,1831164861.2,,44.37,EQ
04-11-2003,44.1,46.7,43.2,45.8,45.55,61.75,7.15,80097167,3640939513.3,,45.46,EQ
05-11-2003,45.8,45.8,44.0,44.35,44.35,61.75,7.15,38971819,1751452026.5,,44.94,EQ
06-11-2003,44.65,47.35,44.5,46.95,46.75,61.75,7.15,75074592,3471776455.7,,46.24,EQ
07-11-2003,47.4,48.9,46.25,46.75,46.3,61.75,7.15,61661879,2950111614.4,,47.84,EQ
10-11-2003,46.6,46.7,45.5,45.85,45.8,61.75,7.15,16753988,772525779.05,,46.11,EQ
11-11-2003,45.7,47.05,45.7,46.05,46.0,61.75,7.25,27904044,1289110729.6,,46.2,EQ
12-11-2003,46.1,46.9,44.75,44.95,44.8,61.75,7.25,24645925,1129817911.15,,45.84,EQ
13-11-2003,45.6,45.65,42.65,43.05,42.8,61.75,7.25,28179000,1249549110.05,,44.34,EQ
14-11-2003,42.6,43.15,40.75,41.2,41.05,61.75,7.25,30495012,1283925153.9,,42.1,EQ
15-11-2003,41.1,42.4,40.5,41.75,42.0,61.75,7.25,12626071,522267898.4,,41.36,EQ
17-11-2003,41.0,42.75,40.5,42.25,42.25,61.75,7.25,24195920,1017872645.65,,42.07,EQ
18-11-2003,42.4,43.45,41.8,42.0,42.2,61.75,7.6,29275950,1245842727.7,,42.56,EQ
19-11-2003,42.1,42.1,39.9,40.2,40.05,61.75,7.6,22671844,928458616.8,,40.95,EQ
20-11-2003,40.4,41.15,38.85,39.15,39.35,61.75,7.6,32733311,1315455794.65,,40.19,EQ
21-11-2003,39.0,39.8,38.7,39.55,39.55,61.75,7.6,27654343,1087866477.9,,39.34,EQ
24-11-2003,40.1,42.85,40.1,42.4,42.7,61.75,7.6,46989929,1964694823.7,,41.81,EQ
25-11-2003,42.4,43.0,41.0,42.15,42.15,61.75,8.1,20755590,874628140.65,,42.14,EQ
27-11-2003,42.5,42.7,41.75,42.2,42.1,61.75,8.1,18181956,767175982.15,,42.19,EQ
28-11-2003,43.0,43.1,41.9,42.1,42.15,61.75,8.1,20990094,892521965.95,,42.52,EQ
01-12-2003,42.5,44.5,42.25,43.75,43.75,61.75,8.1,35604861,1549150140.75,,43.51,EQ
02-12-2003,44.3,44.7,42.65,43.25,43.25,61.75,8.5,27057480,1182907523.05,,43.72,EQ
03-12-2003,43.35,43.5,41.55,42.1,41.7,61.75,8.5,21826918,932364739.4,,42.72,EQ
04-12-2003,42.25,42.35,41.25,41.8,41.6,61.75,8.5,19097981,798711057.95,,41.82,EQ
05-12-2003,42.2,42.7,40.65,40.85,40.9,61.75,8.5,18750410,782968494.75,,41.76,EQ
08-12-2003,41.0,41.45,40.35,41.1,41.2,61.75,8.5,17586079,718864675.4,,40.88,EQ
09-12-2003,41.5,42.2,41.2,41.8,41.8,61.75,8.6,16992448,709092827.85,,41.73,EQ
10-12-2003,41.8,42.75,41.7,42.05,42.15,61.75,8.6,26741486,1130611187.4,,42.28,EQ
11-12-2003,42.4,42.7,41.6,41.85,41.65,61.75,8.6,16809773,707808458.05,,42.11,EQ
12-12-2003,42.05,43.2,41.3,42.7,43.1,61.75,8.6,22911113,966216633.1,,42.17,EQ
15-12-2003,44.7,44.7,43.4,44.25,44.3,61.75,8.6,32722688,1444444184.85,,44.14,EQ
16-12-2003,45.0,45.0,42.85,43.5,43.6,61.75,8.6,22851646,993488875.15,,43.48,EQ
17-12-2003,43.9,44.7,43.5,43.75,43.6,61.75,8.6,29582168,1302703728.2,,44.04,EQ
18-12-2003,44.2,45.55,43.65,45.15,45.35,61.75,8.6,33235509,1484414668.7,,44.66,EQ
19-12-2003,45.6,47.8,45.6,47.0,46.9,61.75,8.6,57418592,2697608795.75,,46.98,EQ
22-12-2003,47.5,47.65,46.75,47.0,46.95,61.75,8.6,26353919,1242821914.1,,47.16,EQ
23-12-2003,47.25,47.3,45.95,46.2,46.65,61.75,8.65,22576869,1053476936.05,,46.66,EQ
24-12-2003,47.2,49.95,46.45,49.7,49.75,61.75,8.65,57586342,2788116753.55,,48.42,EQ
26-12-2003,50.5,52.8,50.2,52.4,52.45,61.75,8.65,50958662,2645066433.8,,51.91,EQ
29-12-2003,53.2,54.0,52.75,53.45,53.45,61.75,8.65,33640169,1797800284.15,,53.44,EQ
30-12-2003,55.0,55.5,44.6,50.9,51.25,61.75,8.65,54987265,2839874886.95,,51.65,EQ
31-12-2003,51.25,51.95,50.35,51.1,51.0,61.75,8.65,33749503,1731710449.85,,51.31,EQ
01-01-2004,51.4,53.2,51.25,52.45,52.5,61.75,8.65,33056479,1731054175.5,,52.37,EQ
02-01-2004,54.0,55.4,53.4,53.6,53.7,61.75,8.65,32343417,1752010410.85,,54.17,EQ
05-01-2004,54.0,54.15,51.1,51.9,51.7,61.75,8.65,31376889,1632766427.55,,52.04,EQ
06-01-2004,52.1,52.25,49.8,50.45,50.0,61.75,8.65,24687042,1265584495.65,,51.27,EQ
07-01-2004,50.1,50.5,48.75,49.85,49.85,61.75,8.65,26245392,1299613624.5,,49.52,EQ
08-01-2004,50.4,54.35,50.25,53.75,53.95,61.75,8.65,35395803,1848156005.05,,52.21,EQ
09-01-2004,54.1,55.25,51.0,51.95,51.8,61.75,8.65,43065845,2262389771.25,,52.53,EQ
12-01-2004,52.0,52.0,50.25,50.7,50.4,61.75,8.65,22223571,1131260273.9,,50.9,EQ
13-01-2004,50.8,50.95,49.65,50.35,50.3,61.75,8.65,17668801,888009880.4,,50.26,EQ
14-01-2004,50.8,51.95,50.2,50.55,50.3,61.75,8.65,16357940,836459211.35,,51.13,EQ
15-01-2004,50.95,51.65,49.6,49.95,49.95,61.75,8.65,19079072,969182300.55,,50.8,EQ
16-01-2004,50.4,50.4,47.25,47.65,47.65,61.75,8.65,17631592,859288055.05,,48.74,EQ
19-01-2004,47.4,50.5,46.2,49.85,50.35,61.75,8.65,28594379,1374825938.1,,48.08,EQ
20-01-2004,50.7,51.4,47.75,48.7,47.9,61.75,8.65,39636157,1974659353.5,,49.82,EQ
21-01-2004,48.25,48.85,44.55,45.2,45.0,61.75,8.65,28176728,1322635794.05,,46.94,EQ
22-01-2004,45.2,46.2,41.1,41.9,41.55,61.75,8.65,33005149,1448622461.2,,43.89,EQ
23-01-2004,42.0,45.5,41.85,44.8,45.4,61.75,8.65,24524071,1064946733.3,,43.42,EQ
27-01-2004,45.9,47.2,44.55,46.3,46.45,61.75,8.65,28950682,1328378824.4,,45.88,EQ
28-01-2004,45.2,47.55,44.4,45.0,45.3,61.75,8.65,33248153,1533127161.5,,46.11,EQ
29-01-2004,45.75,47.0,44.8,45.55,45.85,61.75,8.65,37796060,1738826903.55,,46.01,EQ
30-01-2004,47.1,47.85,44.65,44.85,44.75,61.75,8.65,40321721,1867757949.55,,46.32,EQ
03-02-2004,45.3,45.3,40.85,41.5,41.9,61.75,8.65,32533813,1410062424.45,,43.34,EQ
04-02-2004,42.05,45.45,41.5,44.8,45.35,61.75,8.65,42847386,1854918780.1,,43.29,EQ
05-02-2004,45.3,45.75,43.05,43.75,44.25,61.75,8.65,39878611,1777128712.95,,44.56,EQ
06-02-2004,44.5,44.55,43.35,44.3,44.5,61.75,8.65,24760690,1088134386.9,,43.95,EQ
09-02-2004,45.0,45.25,44.4,45.0,45.2,61.75,8.65,21542394,965331531.45,,44.81,EQ
10-02-2004,45.25,45.4,43.4,43.95,44.05,61.75,8.65,19433213,863168628.4,,44.42,EQ
11-02-2004,43.95,44.85,43.3,44.6,44.55,61.75,8.65,23761345,1048717350.15,,44.14,EQ
12-02-2004,45.1,45.1,43.75,44.15,44.15,61.75,8.65,15443322,684514085.5,,44.32,EQ
13-02-2004,44.15,47.45,43.7,47.1,46.9,61.75,8.65,48225592,2215832234.1,,45.95,EQ
16-02-2004,45.25,48.15,45.25,47.15,46.95,61.75,8.65,38633548,1828084868.05,,47.32,EQ
17-02-2004,47.0,48.4,46.35,47.5,47.5,61.75,8.65,40136109,1906654036.4,,47.5,EQ
18-02-2004,47.7,47.9,46.45,46.65,46.45,61.75,8.65,22215787,1048681915.85,,47.2,EQ
19-02-2004,46.7,46.8,44.0,44.45,44.15,61.75,8.65,33847085,1543917580.15,,45.61,EQ
20-02-2004,44.0,45.4,43.6,44.2,44.45,61.75,8.65,26937200,1196179978.55,,44.41,EQ
23-02-2004,47.0,47.0,42.75,43.15,42.85,61.75,8.65,21939163,974000010.4,,44.4,EQ
24-02-2004,43.0,43.9,42.2,43.7,43.7,61.75,8.65,25228977,1087595384.95,,43.11,EQ
25-02-2004,43.7,43.9,42.2,42.45,42.5,61.75,8.65,15822078,680866263.2,,43.03,EQ
26-02-2004,42.65,43.4,41.8,42.05,42.0,61.75,8.65,12536248,535383468.05,,42.71,EQ
27-02-2004,42.15,42.65,40.2,41.8,41.8,61.75,8.65,30124918,1248473330.8,,41.44,EQ
01-03-2004,41.5,42.0,40.5,41.6,41.55,61.75,8.65,20322716,838215195.3,,41.25,EQ
03-03-2004,41.7,42.75,41.5,41.75,41.7,61.75,8.65,21671802,912205191.95,,42.09,EQ
04-03-2004,41.5,41.7,40.35,40.6,40.6,61.75,8.65,13527867,553274317.3,,40.9,EQ
05-03-2004,40.85,42.1,40.6,41.9,41.75,61.75,8.65,19210565,796242274.35,,41.45,EQ
08-03-2004,42.0,44.1,41.65,43.2,43.25,61.75,8.65,27115964,1163380691.5,,42.9,EQ
09-03-2004,43.2,43.2,41.55,41.95,41.65,61.75,8.65,16357405,689974831.9,,42.18,EQ
10-03-2004,41.7,43.55,41.35,42.1,41.95,61.75,8.65,31654872,1345404958.55,,42.5,EQ
11-03-2004,41.75,42.55,40.85,41.1,41.0,61.75,8.65,19142836,798474132.4,,41.71,EQ
12-03-2004,40.6,41.35,40.35,41.0,40.85,61.75,8.65,17418341,712938423.7,,40.93,EQ
15-03-2004,41.0,41.45,36.25,37.2,36.65,61.75,8.65,28251724,1100832211.1,,38.97,EQ
16-03-2004,36.3,38.4,35.7,36.7,36.6,61.75,8.7,35500462,1311579169.4,,36.95,EQ
17-03-2004,36.9,37.65,36.25,36.8,36.45,61.75,8.7,18306607,678559087.35,,37.07,EQ
18-03-2004,36.9,37.05,35.2,35.4,35.6,61.75,8.7,18954954,685756230.45,,36.18,EQ
19-03-2004,35.65,36.1,34.75,35.3,35.25,61.75,8.7,17482616,619658912.7,,35.44,EQ
22-03-2004,35.3,35.35,32.55,32.75,32.95,61.75,8.7,18133143,613675854.35,,33.84,EQ
23-03-2004,32.55,33.45,30.85,31.55,31.95,61.75,8.7,26073075,827627064.45,,31.74,EQ
24-03-2004,31.9,31.9,30.95,31.7,31.75,61.75,8.7,19936055,626730955.75,,31.44,EQ
25-03-2004,32.0,32.55,31.5,32.2,32.15,61.75,8.7,17776078,570851138.65,,32.11,EQ
26-03-2004,32.5,34.05,32.4,33.35,33.35,61.75,8.7,22151275,735754397.75,,33.21,EQ
29-03-2004,33.5,33.9,32.55,33.65,33.85,61.75,8.7,13548267,450654168.6,,33.26,EQ
30-03-2004,34.0,34.0,33.05,33.15,33.15,61.75,8.7,13122054,440327995.45,,33.56,EQ
31-03-2004,33.25,33.25,32.05,32.25,32.05,61.75,8.7,13807558,449123234.2,,32.53,EQ
01-04-2004,32.4,34.75,32.4,34.35,34.4,61.75,8.7,23718734,802142472.55,,33.82,EQ
02-04-2004,34.7,35.85,34.55,35.6,35.8,61.75,8.7,25237074,886954191.75,,35.14,EQ
05-04-2004,36.0,37.6,35.75,36.45,36.35,61.75,8.7,22996596,845253359.4,,36.76,EQ
06-04-2004,36.65,36.9,34.7,35.25,35.5,61.75,8.7,19173735,683245264.75,,35.63,EQ
07-04-2004,35.5,35.7,33.05,34.15,34.1,61.75,8.7,16899551,581557823.75,,34.41,EQ
08-04-2004,34.15,34.9,33.65,34.55,34.7,61.75,8.7,16391209,562097450.2,,34.29,EQ
12-04-2004,34.9,35.9,34.4,34.7,34.5,61.75,8.7,17036116,597666677.15,,35.08,EQ
13-04-2004,35.3,35.4,34.0,35.2,35.25,61.75,8.7,12917601,448399310.05,,34.71,EQ
15-04-2004,35.3,36.45,34.85,35.05,35.3,61.75,8.7,18255810,649056905.75,,35.55,EQ
16-04-2004,35.3,35.95,35.2,35.55,35.4,61.75,8.7,10346115,367601422.15,,35.53,EQ
17-04-2004,35.65,35.9,35.25,35.6,35.7,61.75,8.7,4345701,154728363.3,,35.6,EQ
19-04-2004,35.8,37.25,35.65,36.35,36.45,61.75,8.7,24961477,909139696.2,,36.42,EQ
20-04-2004,36.95,37.8,35.9,37.4,37.35,61.75,8.7,38114506,1418012337.95,,37.2,EQ
21-04-2004,37.25,40.6,37.15,40.15,40.2,61.75,8.7,42091141,1648589061.9,,39.17,EQ
22-04-2004,40.4,42.0,39.2,39.75,39.95,61.75,8.7,37387154,1519621457.05,,40.65,EQ
23-04-2004,40.2,41.0,39.55,40.05,40.4,61.75,8.7,24627711,989363232.4,,40.17,EQ
27-04-2004,39.8,39.8,36.3,36.85,37.5,61.75,8.7,26523420,991230727.45,,37.37,EQ
28-04-2004,37.1,38.5,36.75,38.1,38.3,61.75,8.7,30588162,1152177226.9,,37.67,EQ
29-04-2004,38.0,38.45,36.5,36.95,36.9,61.75,8.7,23640055,885002972.7,,37.44,EQ
30-04-2004,37.15,37.25,34.65,35.0,34.7,61.75,8.7,28579676,1023861622.1,,35.82,EQ
03-05-2004,34.0,34.9,32.1,33.05,33.0,61.75,8.7,21941748,728879399.75,,33.22,EQ
04-05-2004,33.6,34.8,33.5,34.3,34.45,61.75,8.9,16615472,570920094.15,,34.36,EQ
05-05-2004,34.6,35.2,34.5,34.9,35.1,61.75,8.9,13475397,469532243.55,,34.84,EQ
06-05-2004,35.65,36.45,35.45,35.9,35.95,61.75,8.9,14353228,515642880.2,,35.93,EQ
07-05-2004,36.0,36.15,34.7,34.85,34.75,61.75,8.9,11005632,385813336.1,,35.06,EQ
10-05-2004,34.0,35.9,33.05,35.5,35.15,61.75,8.9,18923106,654798122.3,,34.6,EQ
11-05-2004,34.05,34.6,32.85,33.25,32.95,61.75,8.9,15024473,509509680.2,,33.91,EQ
12-05-2004,33.05,34.3,33.05,33.5,33.45,61.75,8.9,15889298,534153396.2,,33.62,EQ
13-05-2004,31.95,34.7,31.0,34.05,34.4,61.75,8.9,25297172,850280322.75,,33.61,EQ
14-05-2004,34.3,34.35,27.75,28.95,28.7,61.75,8.9,33576586,1023003154.85,,30.47,EQ
17-05-2004,28.5,28.7,20.5,23.7,23.6,61.75,8.9,16772072,409039898.3,,24.39,EQ
18-05-2004,24.0,27.55,24.0,27.25,27.2,61.75,9.7,24381597,643667297.3,,26.4,EQ
19-05-2004,28.4,30.0,28.2,29.35,29.55,61.75,9.7,25143676,735211992.2,,29.24,EQ
20-05-2004,31.2,31.75,29.45,30.7,30.9,61.75,9.7,31487190,970068435.65,,30.81,EQ
21-05-2004,31.35,31.5,29.4,31.0,30.85,61.75,9.7,22330821,676704037.3,,30.3,EQ
24-05-2004,31.4,32.4,31.3,31.9,31.9,61.75,9.7,14359291,458711154.7,,31.95,EQ
25-05-2004,32.0,32.0,30.95,31.5,31.2,61.75,10.7,14060253,441258474.0,,31.38,EQ
26-05-2004,31.9,32.45,31.4,31.65,31.5,61.75,10.7,16373601,524784319.45,,32.05,EQ
27-05-2004,31.65,31.95,30.1,31.2,31.2,61.75,10.7,14271241,447743574.5,,31.37,EQ
28-05-2004,31.2,31.8,28.4,29.25,29.15,61.75,10.7,32479768,981657703.25,,30.22,EQ
31-05-2004,29.5,30.8,28.3,29.5,29.6,61.75,10.7,26951185,801323090.65,,29.73,EQ
01-06-2004,29.85,30.6,29.25,29.5,29.5,61.75,11.95,16170297,483513344.45,,29.9,EQ
02-06-2004,29.6,30.1,29.4,29.85,30.0,61.75,11.95,10679389,318393496.05,,29.81,EQ
03-06-2004,30.25,30.5,28.5,28.7,28.7,61.75,11.95,14822439,435846959.35,,29.4,EQ
04-06-2004,28.6,29.35,27.95,29.05,29.25,61.75,11.95,16692796,478244234.05,,28.65,EQ
07-06-2004,30.0,30.45,29.3,29.8,29.9,61.75,11.95,17409332,520409930.85,,29.89,EQ
08-06-2004,30.45,30.5,29.5,29.7,29.6,61.75,12.35,8178908,242936842.65,,29.7,EQ
09-06-2004,29.7,29.9,29.4,29.65,29.7,61.75,12.35,7343603,217961336.65,,29.68,EQ
10-06-2004,29.5,29.7,29.25,29.5,29.65,61.75,12.35,6041535,178214470.7,,29.5,EQ
11-06-2004,29.7,29.7,28.8,28.95,28.9,61.75,12.35,6961968,204103966.3,,29.32,EQ
14-06-2004,28.9,28.9,26.1,26.45,26.45,61.75,12.35,15016201,399713365.0,,26.62,EQ
15-06-2004,26.5,27.35,26.5,26.95,26.95,61.75,13.45,12343163,333915278.75,,27.05,EQ
16-06-2004,27.0,27.1,25.9,26.0,26.2,61.75,13.45,9969955,262065147.8,,26.29,EQ
17-06-2004,26.1,26.1,25.15,25.75,25.9,61.75,13.45,8603213,220112448.85,,25.58,EQ
18-06-2004,25.85,25.85,24.7,24.95,25.15,61.75,13.45,10685170,269563264.95,,25.23,EQ
21-06-2004,25.5,25.55,24.4,24.5,24.45,61.75,13.45,8981174,224072518.1,,24.95,EQ
22-06-2004,24.4,24.75,24.1,24.3,24.4,61.75,16.05,8451162,206247575.8,,24.4,EQ
23-06-2004,24.6,24.6,22.9,23.0,23.0,61.75,16.05,10402811,246464013.3,,23.69,EQ
24-06-2004,23.15,23.3,22.25,22.75,22.7,61.75,16.05,13490958,307369971.0,,22.78,EQ
25-06-2004,23.0,26.7,22.4,26.15,26.3,61.75,16.05,53848970,1347827472.15,,25.03,EQ
28-06-2004,26.75,28.05,26.55,27.15,27.05,61.75,16.05,44479208,1211020538.75,,27.23,EQ
29-06-2004,27.25,27.85,26.45,27.65,27.5,61.75,16.95,37452194,1018250654.5,,27.19,EQ
30-06-2004,28.1,28.6,27.25,27.4,27.3,61.75,16.95,37783171,1057167372.95,,27.98,EQ
01-07-2004,27.5,27.75,26.75,27.5,27.5,61.75,16.95,19918553,544461405.2,,27.33,EQ
02-07-2004,27.5,28.55,26.95,28.35,28.45,61.75,16.95,34379245,967236518.7,,28.13,EQ
05-07-2004,28.95,29.3,28.1,28.55,28.5,61.75,16.95,29132764,839749952.8,,28.82,EQ
06-07-2004,28.65,30.4,28.15,30.1,30.25,61.75,17.5,41912408,1225614289.55,,29.24,EQ
07-07-2004,30.3,31.45,29.9,31.15,31.15,61.75,17.5,47934679,1484807723.15,,30.98,EQ
08-07-2004,31.65,32.15,26.75,27.2,26.8,61.75,17.5,59262266,1755224032.45,,29.62,EQ
09-07-2004,26.5,29.75,25.15,29.4,29.4,61.75,17.5,27489350,772241145.3,,28.09,EQ
12-07-2004,29.8,30.6,29.05,29.85,29.6,61.75,17.5,22366097,670559682.85,,29.98,EQ
13-07-2004,30.3,31.0,28.75,28.95,29.0,61.75,18.75,20256993,596957844.65,,29.47,EQ
14-07-2004,24.65,30.55,24.65,30.0,30.05,61.75,18.75,35845827,1076870779.2,,30.04,EQ
15-07-2004,30.05,32.75,30.0,32.55,32.6,61.75,18.75,62463575,1977125430.55,,31.65,EQ
16-07-2004,32.8,33.2,31.4,32.55,32.4,61.75,18.75,59724785,1946598294.1,,32.59,EQ
19-07-2004,32.95,33.4,32.2,32.55,32.55,61.75,18.75,41326448,1358469785.9,,32.87,EQ
20-07-2004,32.65,33.75,31.65,32.7,32.7,61.75,18.85,51029264,1666355392.4,,32.65,EQ
21-07-2004,33.0,34.4,32.9,33.75,34.25,61.75,18.85,44142237,1480860558.0,,33.55,EQ
22-07-2004,34.8,36.4,33.95,35.4,35.65,61.75,18.85,72433177,2545322364.35,,35.14,EQ
23-07-2004,35.6,37.5,35.6,37.2,37.4,61.75,18.85,62940034,2311421616.85,,36.72,EQ
26-07-2004,37.4,38.9,37.0,38.45,38.5,61.75,18.85,49497194,1901698573.7,,38.42,EQ
27-07-2004,38.65,39.5,37.1,37.85,37.8,61.75,20.5,65772022,2511223076.1,,38.18,EQ
28-07-2004,38.0,39.0,37.5,38.6,38.75,61.75,20.5,61915205,2368736351.8,,38.26,EQ
29-07-2004,39.15,39.5,38.1,38.95,38.9,61.75,20.5,63783739,2490670242.9,,39.05,EQ
30-07-2004,39.3,40.9,39.1,39.85,39.85,61.75,20.5,62077782,2492059974.3,,40.14,EQ
02-08-2004,40.15,40.45,39.45,39.55,39.55,61.75,20.5,29943788,1194725526.35,,39.9,EQ
03-08-2004,39.85,40.35,38.9,39.2,39.35,61.75,20.5,46464558,1847142030.05,,39.75,EQ
04-08-2004,39.5,39.75,38.9,39.3,39.3,61.75,20.5,29460448,1158279393.65,,39.32,EQ
05-08-2004,39.5,41.45,39.5,41.3,41.35,61.75,20.5,57032787,2322025914.75,,40.71,EQ
06-08-2004,41.2,42.15,40.35,40.8,40.7,61.75,20.5,54480530,2241728163.7,,41.15,EQ
09-08-2004,40.75,40.9,39.8,40.15,40.0,61.75,20.5,34879991,1402666182.3,,40.21,EQ
10-08-2004,40.15,41.55,39.95,41.05,40.9,61.75,20.5,40827217,1665168814.05,,40.79,EQ
11-08-2004,41.4,41.4,38.1,38.45,38.25,61.75,20.5,54409663,2151147554.1,,39.54,EQ
12-08-2004,38.25,39.1,37.8,38.25,38.45,61.75,20.5,48004515,1848124746.55,,38.5,EQ
13-08-2004,38.2,38.75,37.95,38.2,38.2,61.75,20.5,30467476,1167175793.4,,38.31,EQ
16-08-2004,38.5,40.5,37.4,40.25,40.45,61.75,20.5,72253929,2830851758.4,,39.18,EQ
17-08-2004,40.95,42.1,40.8,41.65,41.2,61.75,20.5,67622427,2805833543.65,,41.49,EQ
18-08-2004,41.3,41.45,39.85,40.1,40.0,61.75,20.5,39543038,1611009613.6,,40.74,EQ
19-08-2004,40.6,41.75,40.3,41.5,41.3,61.75,20.5,38882733,1597635551.15,,41.09,EQ
20-08-2004,41.6,41.65,40.1,40.35,40.4,61.75,20.5,44540885,1818718596.1,,40.83,EQ
23-08-2004,39.8,39.8,37.2,37.55,37.6,61.75,20.5,57745869,2188145384.3,,37.89,EQ
24-08-2004,37.55,38.7,37.45,38.4,38.5,55.5,20.5,29068807,1108961228.75,,38.15,EQ
25-08-2004,39.0,39.0,37.9,38.1,38.05,55.5,20.5,17317176,663452105.45,,38.31,EQ
26-08-2004,38.3,38.4,37.7,37.9,38.05,55.5,20.5,13454070,511536454.05,,38.02,EQ
27-08-2004,38.0,38.15,37.4,37.55,37.55,55.5,20.5,12969405,488972153.1,,37.7,EQ
30-08-2004,38.0,38.7,37.8,38.55,38.6,55.5,20.5,11891153,457815562.35,,38.5,EQ
31-08-2004,38.75,40.85,38.1,40.1,40.0,55.5,20.5,39265189,1555814424.7,,39.62,EQ
01-09-2004,40.4,41.05,39.0,39.25,39.3,55.5,20.5,30117095,1207030625.15,,40.08,EQ
02-09-2004,39.4,40.0,38.75,39.0,39.0,55.5,20.5,17925210,705913102.8,,39.38,EQ
03-09-2004,39.25,39.6,38.55,39.4,39.35,55.5,20.5,25666880,1004192960.1,,39.12,EQ
06-09-2004,39.5,40.0,39.2,39.3,39.2,55.5,20.5,15887181,628329265.15,,39.55,EQ
07-09-2004,39.45,39.9,39.35,39.6,39.6,55.5,20.5,14170143,561255643.65,,39.61,EQ
08-09-2004,39.75,39.9,39.1,39.3,39.25,55.5,20.5,15979868,631905434.1,,39.54,EQ
09-09-2004,39.4,39.65,38.85,39.15,39.05,55.5,20.5,25348239,994668568.8,,39.24,EQ
10-09-2004,39.15,39.9,39.0,39.8,39.85,55.5,20.5,17731259,700477127.45,,39.51,EQ
13-09-2004,40.05,40.4,39.55,39.75,39.65,55.5,20.5,18172107,727618116.15,,40.04,EQ
14-09-2004,39.85,39.85,38.65,38.9,38.75,55.5,20.5,15568793,610526514.5,,39.21,EQ
15-09-2004,39.0,40.05,38.95,39.25,39.25,55.5,20.5,25649366,1012167749.95,,39.46,EQ
16-09-2004,39.4,41.4,39.25,41.2,41.2,55.5,20.5,69717140,2824743495.8,,40.52,EQ
17-09-2004,38.1,43.6,38.1,43.25,43.0,55.5,20.5,80744150,3422649136.7,,42.39,EQ
20-09-2004,43.3,44.55,42.55,43.0,42.7,55.5,20.5,55428988,2427165378.0,,43.79,EQ
21-09-2004,42.95,44.2,42.55,43.9,43.95,55.5,20.5,40937255,1789157863.05,,43.7,EQ
22-09-2004,44.1,44.45,43.25,43.8,43.65,55.5,20.5,38482738,1685510042.0,,43.8,EQ
23-09-2004,43.55,45.6,43.35,44.6,44.7,55.5,20.5,62387684,2790028323.25,,44.72,EQ
24-09-2004,44.75,45.35,44.4,44.75,44.8,55.5,20.5,39779726,1787442715.85,,44.93,EQ
27-09-2004,44.8,45.9,44.75,45.3,45.45,55.5,20.5,30798703,1400145163.15,,45.46,EQ
28-09-2004,45.45,45.8,43.05,43.25,43.2,55.5,20.5,40996050,1810195706.7,,44.16,EQ
29-09-2004,44.15,46.6,43.95,46.2,46.45,55.5,20.5,68851717,3118884668.8,,45.3,EQ
30-09-2004,46.7,47.4,46.3,46.7,46.85,55.5,20.5,39936153,1869891739.75,,46.82,EQ
01-10-2004,45.55,47.5,45.35,47.25,47.25,55.5,20.5,27306831,1269870353.35,,46.5,EQ
04-10-2004,48.9,48.9,47.55,47.8,47.85,55.5,20.5,27120501,1305237300.4,,48.13,EQ
05-10-2004,48.0,48.75,47.15,48.3,48.4,55.5,20.5,29300728,1405463280.8,,47.97,EQ
06-10-2004,48.55,49.2,47.35,47.65,47.9,55.5,20.5,35679041,1725133517.85,,48.35,EQ
07-10-2004,47.8,48.7,47.7,48.3,48.65,55.5,20.5,25763120,1241574596.75,,48.19,EQ
08-10-2004,48.65,49.9,48.4,49.6,49.75,55.5,20.5,38379793,1886788535.45,,49.16,EQ
09-10-2004,42.0,50.65,42.0,50.5,50.4,55.5,20.5,13465146,676128061.45,,50.21,EQ
11-10-2004,50.75,51.55,49.8,50.15,50.4,55.5,20.5,29240275,1487290376.7,,50.86,EQ
12-10-2004,50.9,50.9,48.5,48.8,48.65,55.5,20.5,35176661,1732277087.1,,49.25,EQ
14-10-2004,48.0,48.35,45.7,47.45,47.45,55.5,20.5,38279285,1801526402.5,,47.06,EQ
15-10-2004,47.8,48.8,47.25,47.6,47.6,55.5,20.5,26495276,1273851123.35,,48.08,EQ
18-10-2004,48.5,48.5,47.25,47.4,47.35,55.5,20.5,16980116,813440992.1,,47.91,EQ
19-10-2004,47.8,49.65,47.6,49.05,49.4,55.5,20.5,19183340,930416025.8,,48.5,EQ
20-10-2004,49.4,49.5,47.7,47.9,47.75,55.5,20.5,23584985,1145555812.85,,48.57,EQ
21-10-2004,48.2,48.2,46.05,46.35,46.4,55.5,20.5,22544610,1063427489.75,,47.17,EQ
25-10-2004,46.25,46.25,44.45,44.65,44.6,55.5,20.5,20044088,907021867.05,,45.25,EQ
26-10-2004,44.95,47.9,44.95,47.65,47.6,55.5,20.5,32802070,1528044281.8,,46.58,EQ
27-10-2004,47.9,48.55,47.2,48.2,48.45,55.5,20.5,22932929,1104003631.1,,48.14,EQ
28-10-2004,49.25,50.45,48.75,50.1,50.3,55.5,20.5,34453239,1710691261.1,,49.65,EQ
29-10-2004,50.7,50.8,48.65,49.4,49.15,55.5,20.5,64180292,3187776805.55,,49.67,EQ
01-11-2004,50.0,50.15,48.75,49.65,49.65,55.5,20.5,26915320,1331469882.7,,49.47,EQ
02-11-2004,50.25,50.45,49.3,49.5,49.5,55.5,20.5,25055342,1248914349.8,,49.85,EQ
03-11-2004,49.7,50.45,49.35,50.15,49.85,55.5,20.5,25108165,1253641184.15,,49.93,EQ
04-11-2004,50.45,51.05,49.4,49.55,49.6,55.5,20.5,30969564,1555505127.85,,50.23,EQ
05-11-2004,49.6,49.9,49.1,49.5,49.45,55.5,20.5,13896604,689152410.1,,49.59,EQ
08-11-2004,49.75,50.15,49.1,49.3,49.15,55.5,20.5,12971451,644263284.4,,49.67,EQ
09-11-2004,49.5,49.65,48.05,48.2,48.35,55.5,20.5,16899948,825524900.55,,48.85,EQ
10-11-2004,48.65,50.2,48.65,50.05,50.05,55.5,20.5,24005029,1192206050.55,,49.66,EQ
11-11-2004,50.4,50.55,49.55,49.7,49.7,55.5,20.5,14702532,734680484.85,,49.97,EQ
12-11-2004,50.65,50.65,49.85,50.05,50.0,55.5,20.5,10227852,513040300.65,,50.16,EQ
16-11-2004,50.15,50.75,49.4,50.45,50.5,55.5,20.5,16686273,834713225.85,,50.02,EQ
17-11-2004,50.6,51.65,50.35,50.65,50.5,55.5,20.5,23146965,1180490268.85,,51.0,EQ
18-11-2004,52.5,52.5,50.65,51.85,51.8,55.5,20.5,34036091,1763500898.65,,51.81,EQ
19-11-2004,51.95,52.35,50.2,50.5,50.5,55.5,20.5,23438047,1200936239.15,,51.24,EQ
22-11-2004,50.5,50.5,49.4,50.1,50.1,55.5,20.5,17388573,869530935.45,,50.01,EQ
23-11-2004,50.4,52.1,50.25,51.35,51.3,55.5,20.5,26764244,1373564594.6,,51.32,EQ
24-11-2004,51.65,52.1,51.4,51.6,51.5,55.5,20.5,14353179,742224024.9,,51.71,EQ
25-11-2004,51.8,53.2,51.2,51.85,51.85,55.5,20.5,24227740,1267303306.65,,52.31,EQ
29-11-2004,52.25,54.35,52.0,54.05,54.1,55.5,20.5,34364760,1832861778.65,,53.34,EQ
30-11-2004,54.5,55.25,53.6,54.85,55.2,55.5,20.5,41178195,2253808730.55,,54.73,EQ
01-12-2004,55.1,56.45,54.3,56.15,56.45,55.5,20.5,38514416,2139560141.35,,55.55,EQ
02-12-2004,56.8,57.45,55.35,55.75,55.45,56.45,20.5,43224711,2434082033.4,,56.31,EQ
03-12-2004,55.85,57.4,54.5,56.35,56.45,57.45,20.5,31401877,1754304687.0,,55.87,EQ
06-12-2004,56.6,58.6,56.4,57.95,58.5,57.45,20.5,36217950,2087747124.8,,57.64,EQ
07-12-2004,58.4,58.5,57.0,57.35,57.2,58.6,20.5,28771435,1659970484.5,,57.7,EQ
08-12-2004,57.4,57.8,54.95,55.25,55.0,58.6,20.5,34940634,1960203391.9,,56.1,EQ
09-12-2004,55.0,55.25,54.25,54.5,54.4,58.6,20.5,21216865,1161203117.7,,54.73,EQ
10-12-2004,54.75,55.75,53.9,54.15,54.1,58.6,20.5,25605253,1400922647.45,,54.71,EQ
13-12-2004,54.5,55.45,54.25,55.25,55.25,58.6,20.5,17584070,964373451.35,,54.84,EQ
14-12-2004,55.7,58.1,55.5,57.9,57.95,58.6,20.5,33815560,1933400286.15,,57.17,EQ
15-12-2004,58.1,58.75,56.7,57.05,56.8,58.6,20.5,20533319,1185191876.1,,57.72,EQ
16-12-2004,57.2,57.2,56.4,56.65,56.55,58.75,20.5,11666309,662914619.85,,56.82,EQ
17-12-2004,56.65,58.45,55.8,58.0,57.8,58.75,20.5,28621903,1641581898.05,,57.35,EQ
20-12-2004,58.4,60.0,58.05,59.65,59.85,58.75,20.5,26110394,1542054437.35,,59.06,EQ
21-12-2004,60.0,60.7,59.5,59.65,59.55,60.0,20.5,19055411,1144280766.25,,60.05,EQ
22-12-2004,59.95,59.95,58.1,58.25,58.3,60.7,20.5,17027020,1004574746.4,,59.0,EQ
23-12-2004,58.45,59.75,58.25,59.05,59.15,60.7,20.5,13248613,781221929.4,,58.97,EQ
24-12-2004,59.65,61.0,59.1,60.7,60.6,60.7,20.5,22266843,1342508441.0,,60.29,EQ
27-12-2004,59.0,62.1,59.0,61.4,61.2,61.0,20.5,21474398,1318955386.9,,61.42,EQ
28-12-2004,61.75,64.4,61.4,64.05,64.05,62.1,20.5,37420803,2373944404.95,,63.44,EQ
29-12-2004,65.4,65.4,62.25,62.65,62.8,64.4,20.5,20932664,1325422856.4,,63.32,EQ
30-12-2004,63.1,63.65,61.8,62.5,62.6,65.4,20.5,16952555,1062975428.95,,62.7,EQ
31-12-2004,63.25,63.25,61.85,62.7,63.1,65.4,20.5,18839521,1177291331.7,,62.49,EQ
03-01-2005,63.5,64.8,62.65,62.9,62.7,65.4,20.5,15857339,1008742272.7,,63.61,EQ
04-01-2005,63.1,63.7,61.85,62.55,62.55,65.4,20.5,16621576,1043694932.75,,62.79,EQ
05-01-2005,62.4,63.4,52.0,59.8,59.1,65.4,20.5,33108002,1986364464.0,,60.0,EQ
06-01-2005,58.1,59.4,57.15,58.0,58.0,65.4,20.5,22915556,1333784940.1,,58.2,EQ
07-01-2005,58.0,60.7,58.0,59.55,59.3,65.4,20.5,17670830,1049601402.0,,59.4,EQ
10-01-2005,60.85,61.95,59.15,59.75,59.45,65.4,20.5,26772807,1621960276.0,,60.58,EQ
11-01-2005,60.5,60.7,56.95,57.3,57.25,65.4,20.5,16728259,982640320.0,,58.74,EQ
12-01-2005,57.5,58.5,54.6,56.1,57.0,65.4,20.5,20115570,1147388963.1,,57.04,EQ
13-01-2005,63.0,63.0,57.25,59.4,59.6,65.4,20.5,18760788,1102109012.9,,58.75,EQ
14-01-2005,59.8,60.65,57.75,58.3,57.85,65.4,20.5,26684024,1579876388.4,,59.21,EQ
17-01-2005,59.0,59.0,56.6,57.15,57.1,65.4,20.5,22839619,1308694809.9,,57.3,EQ
18-01-2005,57.25,58.1,55.75,56.05,55.8,65.4,20.5,20975729,1193574165.6,,56.9,EQ
19-01-2005,56.05,57.15,54.85,55.15,55.15,65.4,20.5,47127414,2645095384.45,,56.13,EQ
20-01-2005,55.35,55.35,53.85,54.8,54.7,65.4,20.5,18735576,1022982875.55,,54.6,EQ
24-01-2005,55.25,56.0,53.55,55.6,55.8,65.4,20.5,15470820,856968772.0,,55.39,EQ
25-01-2005,56.0,59.0,55.25,58.8,58.85,65.4,20.5,28956552,1673986539.65,,57.81,EQ
27-01-2005,65.0,65.0,58.65,59.05,59.0,65.4,20.5,51485102,3091766768.25,,60.05,EQ
28-01-2005,59.55,61.35,59.5,60.95,60.7,65.4,20.5,31377295,1904125347.6,,60.68,EQ
31-01-2005,61.1,64.3,59.8,63.95,63.65,65.4,20.5,56531245,3537464375.5,,62.58,EQ
01-02-2005,63.7,66.6,62.8,64.9,65.1,65.4,20.5,55261872,3584872461.45,,64.87,EQ
02-02-2005,65.5,66.15,64.0,64.3,64.45,66.6,20.5,22628118,1468333790.7,,64.89,EQ
03-02-2005,64.7,65.9,64.65,65.65,65.75,66.6,20.5,26365801,1723394835.0,,65.36,EQ
04-02-2005,65.9,66.4,64.15,64.7,64.55,66.6,20.5,23480375,1530535152.95,,65.18,EQ
07-02-2005,65.2,65.65,64.3,64.65,64.45,66.6,20.5,16680862,1085604488.15,,65.08,EQ
08-02-2005,64.85,65.25,62.65,63.05,63.15,66.6,20.5,26162228,1669901837.25,,63.83,EQ
09-02-2005,63.4,64.0,62.85,63.0,63.0,66.6,20.5,16684836,1057213503.75,,63.36,EQ
10-02-2005,63.2,64.15,61.8,62.35,62.35,66.6,20.5,22968335,1445578257.95,,62.94,EQ
11-02-2005,62.6,65.05,62.6,64.8,64.55,66.6,20.5,33335598,2147727403.35,,64.43,EQ
14-02-2005,64.9,67.15,64.85,65.75,65.6,66.6,20.5,35166388,2323808413.35,,66.08,EQ
15-02-2005,66.0,66.0,64.6,64.85,64.65,67.15,20.5,15850956,1031767594.65,,65.09,EQ
16-02-2005,65.05,65.4,62.95,63.5,63.25,67.15,20.5,15999654,1031401890.1,,64.46,EQ
17-02-2005,63.55,64.0,62.85,63.6,63.75,67.15,20.5,18829385,1193905784.85,,63.41,EQ
18-02-2005,64.0,64.8,63.0,63.45,63.8,67.15,20.5,14101501,902320171.55,,63.99,EQ
21-02-2005,64.0,64.2,62.5,62.75,62.55,67.15,20.5,9055614,572688751.8,,63.24,EQ
22-02-2005,62.7,64.1,62.25,63.8,63.75,67.15,20.5,13823405,875057283.45,,63.3,EQ
23-02-2005,63.5,64.45,63.05,63.55,63.6,67.15,20.5,12585367,802961251.4,,63.8,EQ
24-02-2005,63.3,64.25,63.25,63.5,63.65,67.15,20.5,8808373,561969240.05,,63.8,EQ
25-02-2005,63.7,64.1,62.65,63.1,62.8,67.15,20.5,13110979,833082496.0,,63.54,EQ
28-02-2005,63.4,66.8,62.5,65.5,65.4,67.15,20.5,34123266,2221869921.0,,65.11,EQ
01-03-2005,65.8,65.8,63.35,63.7,63.55,67.15,20.5,16161453,1034180374.6,,63.99,EQ
02-03-2005,63.8,65.95,63.8,65.7,65.65,67.15,20.5,21456732,1392958000.0,,64.92,EQ
03-03-2005,66.0,67.3,65.75,66.6,66.6,67.15,20.5,26089172,1736977455.85,,66.58,EQ
04-03-2005,66.9,67.6,66.05,66.55,66.55,67.3,20.5,17048674,1136606746.1,,66.67,EQ
07-03-2005,66.6,67.7,66.5,67.05,67.15,67.6,20.5,16952521,1137515715.4,,67.1,EQ
08-03-2005,67.5,67.65,66.35,66.5,66.4,67.7,20.5,13881123,928356157.65,,66.88,EQ
09-03-2005,66.6,67.2,63.2,64.65,64.45,67.7,20.5,18964402,1237386770.6,,65.25,EQ
10-03-2005,64.65,64.8,64.05,64.45,64.45,67.7,20.5,10973589,707626096.0,,64.48,EQ
11-03-2005,64.8,66.45,64.7,65.9,65.6,67.7,20.5,18035872,1182862900.5,,65.58,EQ
14-03-2005,66.2,68.15,65.9,66.7,66.6,67.7,20.5,28595644,1922257082.2,,67.22,EQ
15-03-2005,66.95,67.8,65.7,66.45,66.55,68.15,20.5,19042510,1271250365.45,,66.76,EQ
16-03-2005,66.9,69.55,66.75,68.15,67.8,68.15,20.5,33337060,2281661284.55,,68.44,EQ
17-03-2005,68.1,68.3,64.1,65.05,64.75,69.55,20.5,20174230,1345396840.0,,66.69,EQ
18-03-2005,64.9,68.75,63.35,68.1,68.6,69.55,20.5,35607969,2353389799.15,,66.09,EQ
21-03-2005,68.95,70.35,68.1,68.6,68.3,69.55,20.5,28117657,1945646076.1,,69.2,EQ
22-03-2005,68.75,68.75,65.5,65.9,66.15,70.35,20.5,14315894,961208821.7,,67.14,EQ
23-03-2005,66.1,67.1,63.1,63.75,64.05,70.35,20.5,24005415,1575183667.1,,65.62,EQ
24-03-2005,64.1,65.35,62.8,63.8,64.05,70.35,20.5,15177902,970376740.8,,63.93,EQ
28-03-2005,64.4,65.6,64.25,64.75,64.95,70.35,20.5,10167511,659612482.15,,64.87,EQ
29-03-2005,64.5,65.5,62.55,62.85,63.0,70.35,20.5,17543882,1120528082.65,,63.87,EQ
30-03-2005,62.9,63.65,60.9,61.95,61.75,70.35,20.5,15430310,960779810.2,,62.27,EQ
31-03-2005,62.85,64.25,62.4,63.25,63.35,70.35,20.5,16983725,1075355356.9,,63.32,EQ
01-04-2005,63.65,64.95,63.15,64.55,64.9,70.35,20.5,12983335,834762318.95,,64.29,EQ
04-04-2005,65.2,65.3,62.9,63.2,63.35,70.35,20.5,11068822,707238139.3,,63.89,EQ
05-04-2005,63.0,63.6,61.8,62.2,62.6,70.35,20.5,10191456,636248561.4,,62.43,EQ
06-04-2005,62.75,64.75,62.55,64.3,64.7,70.35,20.5,11452680,729371733.55,,63.69,EQ
07-04-2005,64.75,65.3,63.25,63.5,63.45,70.35,20.5,8881831,570209268.85,,64.2,EQ
08-04-2005,63.5,63.8,62.65,62.9,62.7,70.35,20.5,6905353,436347443.0,,63.19,EQ
11-04-2005,63.0,63.5,61.7,63.05,63.1,70.35,20.5,9656863,605006360.05,,62.65,EQ
12-04-2005,63.25,64.0,62.8,63.85,63.85,70.35,20.5,7231432,458818619.7,,63.45,EQ
13-04-2005,64.05,64.25,62.35,62.55,62.5,70.35,20.5,8387155,529623803.85,,63.15,EQ
15-04-2005,62.5,62.5,58.35,58.7,58.55,70.35,20.5,21841721,1309163053.65,,59.94,EQ
18-04-2005,58.0,58.0,54.0,54.35,54.05,70.35,20.5,27951151,1540308010.8,,55.11,EQ
19-04-2005,55.05,56.95,54.3,54.55,54.75,70.35,20.5,15792611,874743945.7,,55.39,EQ
20-04-2005,57.0,57.0,53.55,55.5,55.6,70.35,20.5,21452884,1172562146.5,,54.66,EQ
21-04-2005,56.35,56.75,54.1,56.55,56.65,70.35,20.5,12363668,688113891.5,,55.66,EQ
22-04-2005,57.9,57.9,55.85,56.25,56.3,70.35,20.5,8781700,494836080.0,,56.35,EQ
25-04-2005,56.25,56.75,55.2,55.6,55.5,70.35,20.5,9924625,555032625.05,,55.92,EQ
26-04-2005,55.8,56.1,54.6,54.75,54.75,70.35,20.5,7921772,438142784.85,,55.31,EQ
27-04-2005,54.5,55.2,54.0,54.2,54.2,70.35,20.5,7428962,404307098.4,,54.42,EQ
28-04-2005,54.2,54.8,53.7,54.0,54.0,70.35,20.5,6898031,374111580.85,,54.23,EQ
29-04-2005,54.2,54.85,52.75,53.0,52.95,70.35,20.5,11576303,621752080.7,,53.71,EQ
02-05-2005,53.3,53.75,51.7,52.85,52.7,70.35,20.5,10659100,561142454.3,,52.64,EQ
03-05-2005,53.0,53.5,52.5,52.75,52.8,70.35,20.5,8401681,445227904.85,,52.99,EQ
04-05-2005,53.0,53.5,52.5,52.95,52.9,70.35,20.5,11357105,601810148.2,,52.99,EQ
05-05-2005,53.4,54.5,52.75,53.75,53.8,70.35,20.5,17040855,915681929.2,,53.73,EQ
06-05-2005,54.0,54.2,53.15,53.9,54.1,70.35,20.5,8538865,458165150.8,,53.66,EQ
09-05-2005,54.45,54.45,53.5,54.15,54.1,70.35,20.5,10367353,559555832.45,,53.97,EQ
10-05-2005,54.2,55.25,54.05,54.65,54.8,70.35,20.5,11986061,656425625.05,,54.77,EQ
11-05-2005,54.6,54.6,52.9,53.2,52.9,70.35,20.5,8502852,455528200.2,,53.57,EQ
12-05-2005,53.0,53.9,53.0,53.1,53.1,70.35,20.5,6034397,322083439.85,,53.37,EQ
13-05-2005,52.25,53.15,52.25,52.85,52.75,70.35,20.5,5310222,280845515.6,,52.89,EQ
16-05-2005,52.9,53.45,52.5,52.7,52.55,70.35,20.5,6100493,322981485.15,,52.94,EQ
17-05-2005,52.9,53.2,50.85,51.05,51.2,70.35,20.5,10611819,550189216.05,,51.85,EQ
18-05-2005,51.35,51.65,50.5,51.35,51.5,70.35,20.5,8582917,440235498.45,,51.29,EQ
19-05-2005,52.0,52.45,51.3,51.45,51.3,70.35,20.5,7577985,393076395.85,,51.87,EQ
20-05-2005,51.5,51.65,50.15,50.3,50.2,70.35,20.5,8430162,427385869.55,,50.7,EQ
23-05-2005,50.4,50.5,48.4,48.65,48.8,70.35,20.5,10786806,530065445.65,,49.14,EQ
24-05-2005,49.0,52.5,48.85,52.2,52.3,70.35,20.5,20392101,1045608992.6,,51.28,EQ
25-05-2005,52.6,54.4,52.2,54.0,53.65,70.35,20.5,40084994,2141083545.55,,53.41,EQ
26-05-2005,53.95,54.7,53.8,54.0,53.8,70.35,20.5,18585334,1007620550.05,,54.22,EQ
27-05-2005,54.0,55.25,53.65,54.15,54.15,70.35,20.5,18743606,1019815876.5,,54.41,EQ
30-05-2005,54.4,55.25,54.0,54.25,54.2,70.35,20.5,13125560,716696810.7,,54.6,EQ
31-05-2005,54.35,54.7,54.25,54.6,54.6,70.35,20.5,7701240,419969797.4,,54.53,EQ
01-06-2005,54.6,54.8,51.95,52.45,52.45,70.35,20.5,16905866,896133659.5,,53.01,EQ
02-06-2005,52.3,52.3,50.8,51.1,51.15,70.35,20.5,15065954,774735099.2,,51.42,EQ
03-06-2005,51.0,51.65,50.45,51.2,51.1,70.35,20.5,9093430,463560651.5,,50.98,EQ
04-06-2005,51.0,51.9,50.6,51.55,51.4,70.35,20.5,5548512,284884642.05,,51.34,EQ
06-06-2005,51.6,52.3,51.4,51.5,51.65,70.35,20.5,5536879,286478592.25,,51.74,EQ
07-06-2005,51.75,51.75,51.15,51.5,51.6,70.35,20.5,4248316,218642791.8,,51.47,EQ
08-06-2005,51.55,51.75,50.25,51.1,51.1,70.35,20.5,8103748,412990622.4,,50.96,EQ
09-06-2005,51.1,53.35,50.8,51.55,51.3,70.35,20.5,19197409,999579309.8,,52.07,EQ
10-06-2005,51.9,52.45,51.1,51.35,51.2,70.35,20.5,8744657,452661985.4,,51.76,EQ
13-06-2005,51.4,51.6,50.9,51.1,51.0,70.35,20.5,4974527,254404476.4,,51.14,EQ
14-06-2005,51.1,51.55,50.8,51.35,51.4,70.35,20.5,5168188,264774879.6,,51.23,EQ
15-06-2005,51.25,52.5,51.25,52.1,52.1,70.35,20.5,8238832,428818483.15,,52.05,EQ
16-06-2005,52.4,54.1,52.25,52.7,52.7,70.35,20.5,19733677,1046868637.95,,53.05,EQ
17-06-2005,53.0,53.2,52.2,52.95,53.15,70.35,20.5,7517134,396517164.25,,52.75,EQ
20-06-2005,53.2,53.4,52.6,53.1,53.1,70.35,20.5,7570468,401680361.35,,53.06,EQ
21-06-2005,53.2,53.9,53.1,53.7,53.85,70.35,20.5,6557439,350787022.85,,53.49,EQ
22-06-2005,53.7,54.5,52.25,52.6,52.65,70.35,20.5,13169040,707438549.3,,53.72,EQ
23-06-2005,52.9,53.5,52.25,52.35,52.25,70.35,20.5,6839801,360467457.05,,52.7,EQ
24-06-2005,52.25,53.0,50.5,52.1,52.2,70.35,20.5,5338493,278903607.4,,52.24,EQ
27-06-2005,52.1,52.25,50.45,50.65,50.55,70.35,20.5,7067871,361800966.85,,51.19,EQ
28-06-2005,50.7,51.0,48.75,49.05,49.2,70.35,20.5,7964295,396688989.75,,49.81,EQ
29-06-2005,49.25,49.9,48.5,49.6,49.65,70.35,20.5,7143463,352768620.45,,49.38,EQ
30-06-2005,49.75,49.75,48.0,48.1,48.2,70.35,20.5,6043609,293856589.35,,48.62,EQ
01-07-2005,47.95,49.3,47.05,48.4,48.3,70.35,20.5,10981048,532012939.9,,48.45,EQ
04-07-2005,48.6,49.25,48.3,48.85,48.6,70.35,20.5,3971598,194019980.7,,48.85,EQ
05-07-2005,48.85,49.4,48.5,49.0,48.95,70.35,20.5,5211358,255058902.7,,48.94,EQ
06-07-2005,49.2,50.7,49.1,50.35,50.35,70.35,20.5,8603814,430166634.9,,50.0,EQ
07-07-2005,50.5,50.95,49.75,50.25,50.4,70.35,20.5,7818596,394932322.55,,50.51,EQ
08-07-2005,50.6,51.5,50.6,51.1,50.9,70.35,20.5,7688448,392713080.7,,51.08,EQ
11-07-2005,51.15,53.45,51.15,52.9,52.75,70.35,20.5,12486404,656052970.15,,52.54,EQ
12-07-2005,52.9,53.0,51.35,52.25,52.45,70.35,20.5,6349889,331305451.35,,52.17,EQ
13-07-2005,52.4,52.7,51.35,51.7,51.65,70.35,20.5,5168689,267189570.2,,51.69,EQ
14-07-2005,51.5,52.2,51.5,51.8,51.9,70.35,20.5,2964546,153837311.3,,51.89,EQ
15-07-2005,52.0,52.0,51.2,51.55,51.45,70.35,20.5,3069553,158070842.05,,51.5,EQ
18-07-2005,51.2,52.35,51.0,52.1,51.85,70.35,20.5,4043902,209567080.45,,51.82,EQ
19-07-2005,52.1,52.9,51.65,52.55,52.7,70.35,20.5,5229819,273823727.5,,52.36,EQ
20-07-2005,52.8,54.25,52.8,53.9,53.6,70.35,20.5,8809116,473310361.6,,53.73,EQ
21-07-2005,54.2,54.95,53.0,53.65,53.7,70.35,20.5,5684278,306692086.5,,53.95,EQ
22-07-2005,54.5,54.5,53.6,54.1,54.05,70.35,20.5,4097970,221087912.75,,53.95,EQ
25-07-2005,54.5,55.75,54.4,54.95,55.2,70.35,20.5,8961151,494174972.2,,55.15,EQ
26-07-2005,55.5,58.25,55.1,57.65,57.85,70.35,20.5,24968937,1427371267.55,,57.17,EQ
27-07-2005,58.2,58.75,56.7,57.3,57.7,70.35,20.5,13814627,799642273.2,,57.88,EQ
29-07-2005,56.1,56.1,49.8,52.8,52.9,70.35,20.5,17548975,940109307.45,,53.57,EQ
01-08-2005,52.5,53.0,51.5,52.6,52.9,70.35,20.5,5896129,307845429.35,,52.21,EQ
02-08-2005,52.6,53.85,51.85,53.0,53.0,70.35,20.5,6657022,353619904.9,,53.12,EQ
03-08-2005,53.35,55.0,53.05,54.45,54.85,70.35,20.5,12120677,653926034.9,,53.95,EQ
04-08-2005,55.0,57.05,54.9,56.3,56.4,70.35,20.5,20312185,1140653101.75,,56.16,EQ
05-08-2005,56.4,61.0,56.2,60.25,60.25,70.35,20.5,49946456,2971173733.6,,59.49,EQ
08-08-2005,61.0,63.5,60.85,61.65,61.7,70.35,20.5,35293605,2200277710.95,,62.34,EQ
09-08-2005,62.0,63.25,60.4,61.95,62.6,70.35,20.5,24558773,1526119594.5,,62.14,EQ
10-08-2005,62.85,65.25,62.55,64.95,65.2,70.35,20.5,27107999,1731972601.05,,63.89,EQ
11-08-2005,63.5,65.1,60.9,64.6,64.7,70.35,20.5,23512173,1512878258.0,,64.34,EQ
12-08-2005,64.7,65.15,62.05,62.9,62.85,70.35,20.5,15839509,1004749674.95,,63.43,EQ
16-08-2005,63.0,65.5,63.0,65.15,65.35,70.35,20.5,13668655,881451693.75,,64.49,EQ
17-08-2005,65.05,65.9,64.45,65.5,65.8,70.35,20.5,11490190,751246574.6,,65.38,EQ
18-08-2005,65.5,66.2,63.65,64.55,64.5,70.35,20.5,9881000,639373049.5,,64.71,EQ
19-08-2005,64.65,65.0,63.85,64.0,64.0,70.35,20.5,6630960,426645953.2,,64.34,EQ
22-08-2005,64.1,65.9,63.1,63.9,63.75,70.35,37.2,10362870,666787989.2,,64.34,EQ
23-08-2005,64.0,64.45,60.3,61.25,61.75,70.35,37.2,11357717,707837806.05,,62.32,EQ
24-08-2005,61.7,61.7,59.0,59.7,59.65,70.35,37.2,16002359,959551146.55,,59.96,EQ
25-08-2005,60.0,64.6,59.7,63.75,64.0,70.35,37.2,12275698,762617699.25,,62.12,EQ
26-08-2005,64.0,64.4,61.9,62.4,62.05,70.35,37.2,10947130,687080873.7,,62.76,EQ
29-08-2005,62.5,62.7,61.3,62.0,61.9,70.35,37.8,6730376,416901606.35,,61.94,EQ
30-08-2005,62.15,63.45,62.0,62.95,62.9,70.35,37.8,5321019,334197036.75,,62.81,EQ
31-08-2005,63.0,64.0,61.9,62.15,61.9,70.35,37.8,5386248,337944708.9,,62.74,EQ
01-09-2005,62.5,65.5,62.5,63.15,63.15,70.35,37.8,7867848,500592576.45,,63.63,EQ
02-09-2005,63.5,64.5,62.6,63.35,63.2,70.35,37.8,7657110,486036299.4,,63.48,EQ
05-09-2005,63.65,63.8,61.8,62.05,62.05,70.35,38.1,6177553,388731495.05,,62.93,EQ
06-09-2005,62.35,62.7,61.2,61.45,61.4,70.35,38.1,6723342,416424222.05,,61.94,EQ
08-09-2005,61.75,62.45,61.55,62.0,61.8,70.35,38.1,5379314,333808727.8,,62.05,EQ
09-09-2005,62.3,63.9,61.65,63.2,63.7,70.35,38.1,7778882,486768490.6,,62.58,EQ
12-09-2005,63.25,64.4,63.25,63.55,63.4,70.35,38.1,5582970,356180369.45,,63.8,EQ
13-09-2005,63.6,64.0,62.9,63.9,63.8,70.35,38.1,6317375,401418395.75,,63.54,EQ
14-09-2005,63.65,65.55,63.2,63.9,63.85,70.35,38.1,12289789,793188226.35,,64.54,EQ
15-09-2005,63.8,65.5,63.7,64.9,64.8,70.35,38.1,8469195,547074523.15,,64.6,EQ
16-09-2005,65.15,65.9,64.5,65.1,64.9,70.35,38.1,7774397,507428685.35,,65.27,EQ
19-09-2005,64.5,67.8,64.5,67.5,67.45,70.35,42.0,18635265,1245653197.3,,66.84,EQ
20-09-2005,67.5,69.0,65.5,67.45,67.35,70.35,42.0,18138979,1230126031.15,,67.82,EQ
21-09-2005,67.45,67.5,63.85,66.75,66.9,70.35,42.0,14013880,919498501.0,,65.61,EQ
22-09-2005,66.5,67.0,63.1,63.7,63.5,70.35,42.0,11766338,762626383.5,,64.81,EQ
23-09-2005,64.0,64.2,61.25,62.6,62.7,70.35,42.0,8785376,553657039.35,,63.02,EQ
26-09-2005,63.2,65.5,62.8,65.3,65.0,70.35,42.0,5722725,369147379.35,,64.51,EQ
27-09-2005,65.1,66.3,63.0,65.0,64.8,70.35,42.0,8571828,560936670.85,,65.44,EQ
28-09-2005,64.55,67.0,64.55,65.6,65.7,70.35,42.0,7030691,461713166.2,,65.67,EQ
29-09-2005,66.15,66.2,65.0,65.3,65.25,70.35,42.0,5327615,349840632.25,,65.67,EQ
30-09-2005,63.0,65.95,63.0,65.1,65.15,70.35,42.0,10207539,665611996.95,,65.21,EQ
03-10-2005,65.25,67.1,65.05,66.3,66.25,70.35,42.0,7272751,481900910.95,,66.26,EQ
04-10-2005,66.25,68.0,66.0,67.1,67.1,70.35,42.0,7206272,483226629.75,,67.06,EQ
05-10-2005,67.15,67.5,65.65,66.05,66.0,70.35,42.0,5657064,375663040.6,,66.41,EQ
06-10-2005,64.8,64.8,61.8,62.55,62.35,70.35,42.0,21711822,1362199694.55,,62.74,EQ
07-10-2005,60.3,63.8,60.3,62.85,62.8,70.35,42.0,7993969,503518390.5,,62.99,EQ
10-10-2005,63.25,63.25,61.9,62.1,61.9,70.35,44.45,4358240,272341239.75,,62.49,EQ
11-10-2005,62.5,62.9,60.9,61.15,61.2,70.35,44.45,6883253,423031801.8,,61.46,EQ
13-10-2005,61.5,61.5,56.9,57.25,57.1,70.35,44.45,18897877,1112747941.65,,58.88,EQ
14-10-2005,57.65,59.0,57.1,57.35,57.5,70.35,44.45,11934210,693273592.25,,58.09,EQ
17-10-2005,59.0,59.0,57.4,58.4,58.65,70.35,44.45,8616621,500262325.85,,58.06,EQ
18-10-2005,58.4,59.4,58.1,58.55,58.25,70.35,44.45,6758310,398501377.45,,58.96,EQ
19-10-2005,58.1,58.1,55.0,55.45,55.3,70.35,44.45,8416510,473130537.05,,56.21,EQ
20-10-2005,57.5,57.5,50.55,51.65,52.5,70.35,44.45,22988757,1211866568.15,,52.72,EQ
21-10-2005,52.0,52.9,51.5,52.3,52.15,70.35,44.45,10215681,532530648.35,,52.13,EQ
24-10-2005,52.6,52.85,50.8,51.0,51.0,70.35,44.45,9459303,485592013.7,,51.33,EQ
25-10-2005,51.45,52.9,51.1,52.55,52.85,70.35,44.45,5500376,285754942.15,,51.95,EQ
26-10-2005,52.55,52.55,50.25,50.45,50.35,70.35,44.45,7586987,387519314.0,,51.08,EQ
27-10-2005,51.0,51.35,48.55,50.5,50.0,70.35,44.45,16156099,808781679.95,,50.06,EQ
28-10-2005,49.8,49.8,47.35,47.6,47.9,70.35,44.45,10242743,497206517.65,,48.54,EQ
31-10-2005,47.9,51.7,47.8,51.25,51.2,70.35,47.05,11338663,569589335.55,,50.23,EQ
01-11-2005,53.9,53.9,51.6,51.95,52.0,70.35,47.05,2204118,114671385.6,,52.03,EQ
02-11-2005,51.95,54.0,50.35,53.8,54.0,70.35,47.05,11664118,611931809.8,,52.46,EQ
07-11-2005,50.5,54.4,50.5,52.85,52.9,70.35,47.05,7390270,394460075.95,,53.38,EQ
08-11-2005,53.3,53.45,52.05,52.3,52.25,70.35,47.05,6059777,320137455.9,,52.83,EQ
09-11-2005,52.5,53.25,51.4,51.7,51.75,70.35,47.05,6312614,330367653.9,,52.33,EQ
10-11-2005,52.5,52.5,50.6,51.15,51.05,70.35,47.05,8631242,442660215.6,,51.29,EQ
11-11-2005,52.2,52.75,51.25,52.55,52.75,70.35,47.05,5018591,262390312.45,,52.28,EQ
14-11-2005,53.0,53.25,51.8,52.05,52.1,70.35,47.05,4728789,247212431.25,,52.28,EQ
16-11-2005,54.5,54.5,51.9,52.0,51.95,70.35,47.05,3241744,168911087.5,,52.11,EQ
17-11-2005,52.1,52.4,51.3,52.15,52.1,70.35,47.05,4163499,216457347.4,,51.99,EQ
18-11-2005,52.2,53.25,51.4,51.65,51.5,70.35,47.05,7870252,412741176.25,,52.44,EQ
21-11-2005,52.0,52.0,50.1,50.35,50.15,70.35,47.05,6502480,331183348.0,,50.93,EQ
22-11-2005,50.45,50.9,49.8,50.05,50.1,70.35,47.05,4991309,250939323.2,,50.28,EQ
23-11-2005,50.25,50.4,49.4,50.05,50.4,70.35,47.05,4346714,216984672.2,,49.92,EQ
24-11-2005,50.95,50.95,50.1,50.4,50.5,70.35,47.05,5026671,253642194.9,,50.46,EQ
25-11-2005,50.5,51.4,49.8,50.0,50.1,70.35,47.05,5013895,252606291.2,,50.38,EQ
26-11-2005,50.3,50.4,49.9,49.95,50.05,70.35,47.05,1568653,78527166.0,,50.06,EQ
28-11-2005,50.35,51.4,50.05,50.9,50.8,70.35,47.05,6670085,338889338.05,,50.81,EQ
29-11-2005,50.9,51.2,50.3,50.9,50.85,70.35,47.05,5628109,286028194.75,,50.82,EQ
30-11-2005,51.0,51.75,50.45,50.85,50.85,70.35,47.05,8770842,448079483.95,,51.09,EQ
01-12-2005,50.35,51.15,50.35,50.9,51.15,70.35,47.05,2555424,129724568.75,,50.76,EQ
02-12-2005,51.15,51.95,50.8,50.95,50.9,70.35,47.05,4333938,222636637.7,,51.37,EQ
05-12-2005,51.35,51.35,50.0,50.95,50.5,70.35,47.05,9816143,499528653.65,,50.89,EQ
06-12-2005,50.8,50.95,49.9,50.05,49.95,70.35,47.05,3281831,165629135.55,,50.47,EQ
07-12-2005,50.35,50.4,49.7,49.95,49.9,70.35,47.05,3485336,174248999.45,,49.99,EQ
08-12-2005,50.0,50.35,49.5,50.05,50.35,70.35,47.05,3618388,180350833.2,,49.84,EQ
09-12-2005,50.35,51.75,50.05,50.95,50.95,70.35,47.05,5953527,304155144.5,,51.09,EQ
12-12-2005,51.45,52.95,50.85,52.7,52.7,70.35,47.05,11254238,584514942.15,,51.94,EQ
13-12-2005,52.7,53.15,52.1,52.8,52.95,70.35,47.05,4871539,256310805.05,,52.61,EQ
14-12-2005,53.1,57.1,52.2,55.9,55.85,70.35,47.05,27004014,1494343752.85,,55.34,EQ
15-12-2005,56.1,56.45,53.75,54.2,54.55,70.35,47.05,9506062,524119288.4,,55.14,EQ
16-12-2005,54.55,55.9,53.55,55.55,55.55,70.35,47.05,8181157,449195635.65,,54.91,EQ
19-12-2005,55.9,56.2,54.85,55.35,55.15,70.35,47.05,3610020,199850447.1,,55.36,EQ
20-12-2005,55.6,56.1,54.8,55.4,55.2,70.35,47.05,6394112,355041001.1,,55.53,EQ
21-12-2005,55.25,55.8,54.15,55.5,55.45,70.35,47.05,5429930,300016697.7,,55.25,EQ
22-12-2005,59.9,59.9,55.1,55.6,55.35,70.35,47.05,9354568,524917015.6,,56.11,EQ
23-12-2005,55.6,55.9,54.1,54.3,54.3,70.35,47.05,3926301,215542477.9,,54.9,EQ
26-12-2005,54.45,54.8,52.2,52.45,52.35,70.35,47.05,4755900,251410432.75,,52.86,EQ
27-12-2005,52.7,53.5,52.25,53.1,52.95,70.35,47.05,2465676,130202227.25,,52.81,EQ
28-12-2005,53.0,53.45,52.05,52.25,52.05,70.35,47.05,2381951,125632610.15,,52.74,EQ
29-12-2005,53.45,54.5,52.4,54.15,54.4,70.35,47.05,5463477,293691996.85,,53.76,EQ
30-12-2005,53.5,54.7,53.5,54.1,53.95,70.35,47.05,3271038,177474293.55,,54.26,EQ
02-01-2006,54.3,54.55,53.35,53.8,53.7,70.35,47.05,3119698,168457484.55,,54.0,EQ
03-01-2006,53.85,54.6,53.7,54.25,54.1,70.35,47.05,3340158,180676025.6,,54.09,EQ
04-01-2006,54.5,55.8,53.6,54.15,54.2,70.35,47.05,3247172,175713016.25,,54.11,EQ
05-01-2006,52.05,54.45,52.05,53.4,53.4,70.35,47.05,2779447,149081454.8,,53.64,EQ
06-01-2006,53.5,55.15,53.5,55.0,55.0,70.35,47.05,6587814,360720379.85,,54.76,EQ
09-01-2006,54.25,55.65,53.8,54.15,54.0,70.35,47.05,3993280,218320830.15,,54.67,EQ
10-01-2006,54.8,55.4,54.0,54.0,54.0,70.35,47.05,4157819,226047468.35,,54.37,EQ
12-01-2006,54.1,55.7,53.05,55.4,55.3,70.35,47.05,4463208,243913008.95,,54.65,EQ
13-01-2006,55.45,55.6,53.6,53.8,53.75,70.35,47.05,4571652,248203864.15,,54.29,EQ
16-01-2006,53.9,54.35,51.1,51.8,51.45,70.35,47.05,3504929,184636862.85,,52.68,EQ
17-01-2006,51.75,52.05,50.0,50.15,50.2,70.35,47.05,6939448,352894337.85,,50.85,EQ
18-01-2006,50.2,51.0,49.55,49.85,50.05,70.35,47.05,6581302,329965530.95,,50.14,EQ
19-01-2006,50.5,53.0,50.15,52.5,52.75,70.35,47.05,8584251,446362022.75,,52.0,EQ
20-01-2006,52.8,53.4,52.05,52.85,52.9,70.35,47.05,4939450,260184148.15,,52.67,EQ
23-01-2006,52.5,53.85,51.4,52.15,52.0,70.35,47.05,8279679,431805672.75,,52.15,EQ
24-01-2006,52.25,54.35,52.25,54.1,54.0,70.35,47.05,5767255,309117314.45,,53.6,EQ
25-01-2006,54.35,54.8,53.05,54.15,54.3,70.35,47.05,4269053,230391062.3,,53.97,EQ
27-01-2006,54.15,59.4,52.9,57.75,57.85,70.35,47.05,44588156,2504704311.25,,56.17,EQ
30-01-2006,57.6,58.0,54.1,57.25,57.2,70.35,47.05,15993967,900802343.65,,56.32,EQ
31-01-2006,51.0,57.5,51.0,56.25,56.25,70.35,47.05,6517101,367963486.0,,56.46,EQ
01-02-2006,56.5,56.5,53.5,53.85,53.75,70.35,47.05,9132734,494989779.75,,54.2,EQ
02-02-2006,53.7,56.1,53.6,54.65,54.65,70.35,47.05,6776026,371361966.45,,54.81,EQ
03-02-2006,54.6,54.6,53.25,53.45,53.5,70.35,47.05,3631269,194640744.55,,53.6,EQ
06-02-2006,53.5,55.55,53.1,54.85,54.85,70.35,47.05,4909626,268325882.15,,54.65,EQ
07-02-2006,54.5,57.9,54.5,57.7,57.8,70.35,47.05,11238805,640526027.25,,56.99,EQ
08-02-2006,55.5,57.3,55.5,56.15,56.2,70.35,47.05,6515923,367019354.0,,56.33,EQ
10-02-2006,56.4,57.5,55.8,57.2,57.2,70.35,47.05,3826264,217458219.7,,56.83,EQ
13-02-2006,55.0,58.0,55.0,57.8,57.95,70.35,47.05,5597977,320406150.15,,57.24,EQ
14-02-2006,58.0,58.1,56.1,56.95,57.4,70.35,47.05,3308918,189062796.9,,57.14,EQ
15-02-2006,57.05,57.7,56.25,57.45,57.4,70.35,47.05,4562727,261275028.55,,57.26,EQ
16-02-2006,57.75,60.7,57.1,60.15,60.1,70.35,47.05,14335025,855505545.65,,59.68,EQ
17-02-2006,60.5,61.8,58.5,59.25,59.65,70.35,47.05,11771062,709331292.85,,60.26,EQ
20-02-2006,59.3,59.4,57.25,57.9,57.85,70.35,47.05,4315046,249684920.8,,57.86,EQ
21-02-2006,58.0,61.1,57.55,60.65,60.9,70.35,47.05,7458444,446973386.75,,59.93,EQ
22-02-2006,61.0,61.6,60.2,60.7,60.45,70.35,47.05,6498203,396590818.65,,61.03,EQ
23-02-2006,61.2,65.0,61.0,64.5,64.9,70.35,47.05,19708562,1247226697.15,,63.28,EQ
24-02-2006,65.0,65.85,62.45,62.7,62.85,70.35,47.05,15206895,978324648.4,,64.33,EQ
27-02-2006,63.0,64.8,62.9,63.1,63.1,70.35,47.05,7116560,453423230.05,,63.71,EQ
28-02-2006,64.0,64.85,62.0,63.75,63.7,70.35,47.05,9351543,593902601.95,,63.51,EQ
01-03-2006,63.75,66.8,62.3,66.2,66.7,70.35,47.05,13289283,862302072.05,,64.89,EQ
02-03-2006,67.5,67.5,65.05,65.85,66.3,70.35,47.05,11706142,777638696.9,,66.43,EQ
03-03-2006,66.5,66.5,64.55,65.65,65.5,70.35,47.05,6303952,412512217.05,,65.44,EQ
06-03-2006,65.95,69.9,65.8,69.45,69.0,70.35,47.05,11463878,782114370.75,,68.22,EQ
07-03-2006,69.45,69.5,67.8,68.0,67.85,70.35,47.05,7992620,546111814.35,,68.33,EQ
08-03-2006,67.8,67.95,63.65,64.85,64.1,70.35,47.05,12410087,817696279.9,,65.89,EQ
09-03-2006,64.35,65.5,63.4,65.05,65.45,70.35,47.05,7440102,481452117.85,,64.71,EQ
10-03-2006,65.0,68.7,65.0,67.65,66.85,70.35,47.05,9555576,642366615.45,,67.22,EQ
13-03-2006,68.0,68.75,65.65,66.4,66.2,70.35,47.05,4463246,301280874.45,,67.5,EQ
14-03-2006,66.45,66.6,64.05,65.15,65.1,70.35,47.05,8831396,576007003.8,,65.22,EQ
16-03-2006,65.5,66.65,64.5,66.2,66.65,70.35,47.05,5130937,337592083.45,,65.8,EQ
17-03-2006,66.6,67.4,64.6,65.2,64.7,70.35,47.05,3362659,222138753.55,,66.06,EQ
20-03-2006,65.55,68.9,65.55,68.65,68.45,70.35,47.05,13192580,894813540.0,,67.83,EQ
21-03-2006,68.9,71.4,67.75,70.35,70.7,71.4,47.05,17302842,1212787128.75,,70.09,EQ
22-03-2006,70.9,70.95,67.55,68.1,68.1,71.4,47.05,14951860,1028401286.7,,68.78,EQ
23-03-2006,68.4,78.4,68.2,73.35,72.7,78.4,47.05,47341300,3481291389.4,,73.54,EQ
24-03-2006,74.0,81.9,73.0,80.6,81.8,81.9,47.05,55458645,4327382043.25,,78.03,EQ
27-03-2006,84.7,86.6,81.5,84.4,84.2,86.6,47.05,41395766,3519869774.75,,85.03,EQ
28-03-2006,84.2,89.8,80.1,80.9,80.85,89.8,47.05,27427375,2257637907.6,,82.31,EQ
29-03-2006,81.05,81.75,76.25,76.8,76.95,89.8,47.05,27781244,2162171871.6,,77.83,EQ
30-03-2006,77.45,84.0,77.45,82.85,84.0,89.8,47.05,39190374,3199940404.9,,81.65,EQ
31-03-2006,83.65,85.4,82.7,83.15,82.9,89.8,47.05,17086227,1436853511.95,,84.09,EQ
03-04-2006,85.9,85.9,83.65,84.5,84.6,89.8,47.05,10623693,898208224.95,,84.55,EQ
04-04-2006,84.9,85.4,79.85,80.5,80.55,89.8,47.05,19030396,1554316106.4,,81.68,EQ
05-04-2006,80.8,82.45,80.3,80.75,80.75,89.8,47.05,11892058,966660221.9,,81.29,EQ
07-04-2006,81.25,84.3,79.75,80.2,80.5,89.8,47.05,19478860,1600413142.9,,82.16,EQ
10-04-2006,80.75,84.6,79.25,84.3,84.35,89.8,47.05,19710346,1628495402.2,,82.62,EQ
12-04-2006,84.0,85.5,80.7,81.5,81.75,89.8,47.05,20637743,1727215525.1,,83.69,EQ
13-04-2006,80.7,82.3,78.55,79.4,78.6,89.8,47.05,19003833,1525790250.05,,80.29,EQ
17-04-2006,79.85,82.5,79.7,82.0,82.45,89.8,47.05,11471321,930993630.45,,81.16,EQ
18-04-2006,82.5,84.9,82.25,84.25,84.7,89.8,47.05,10725916,898878778.1,,83.8,EQ
19-04-2006,85.05,87.65,85.05,86.2,86.2,89.8,47.05,20065320,1734150526.6,,86.43,EQ
20-04-2006,86.1,89.9,86.1,87.8,87.75,89.9,47.05,15387889,1346898997.45,,87.53,EQ
21-04-2006,87.85,88.6,84.65,88.05,88.0,89.9,47.05,14714346,1277058036.95,,86.79,EQ
24-04-2006,88.25,88.8,86.1,86.85,86.2,89.9,47.05,12179312,1066851128.85,,87.6,EQ
25-04-2006,87.25,87.25,81.05,81.95,82.7,89.9,47.05,9838637,826475736.25,,84.0,EQ
26-04-2006,82.0,85.9,82.0,84.3,84.4,89.9,47.05,9891733,833332299.4,,84.25,EQ
27-04-2006,85.0,87.1,83.5,85.75,85.5,89.9,47.05,13458029,1150586274.65,,85.49,EQ
28-04-2006,82.0,83.9,74.4,82.3,82.5,89.9,47.05,10823550,887143554.95,,81.96,EQ
29-04-2006,83.0,84.5,83.0,84.0,84.1,89.9,47.05,3310858,277553554.05,,83.83,EQ
02-05-2006,84.5,95.0,84.5,86.4,86.05,95.0,47.05,6848344,588331313.5,,85.91,EQ
03-05-2006,87.4,87.8,85.5,86.75,86.55,95.0,47.05,7846417,679513019.55,,86.6,EQ
04-05-2006,87.0,87.85,84.05,86.5,86.5,95.0,47.05,8532541,738657604.95,,86.57,EQ
05-05-2006,87.0,93.4,86.55,90.25,89.75,95.0,47.05,24883958,2242133391.85,,90.1,EQ
08-05-2006,90.0,92.8,90.0,90.7,90.75,95.0,47.05,8784456,804186481.55,,91.55,EQ
09-05-2006,91.6,92.4,88.2,91.75,92.0,95.0,47.05,10074920,911118955.65,,90.43,EQ
10-05-2006,88.2,95.25,87.8,94.15,94.4,95.25,47.05,17375388,1624025004.65,,93.47,EQ
11-05-2006,94.9,96.2,91.5,93.8,93.95,96.2,47.05,9609421,904108404.85,,94.09,EQ
12-05-2006,92.5,94.5,90.7,91.85,92.4,96.2,47.05,12214357,1133398361.05,,92.79,EQ
15-05-2006,90.7,92.0,80.15,85.0,83.4,96.2,47.05,20293972,1752019443.05,,86.33,EQ
16-05-2006,83.0,89.4,80.65,88.1,87.6,96.2,47.05,15832875,1344179518.8,,84.9,EQ
17-05-2006,84.0,93.9,84.0,92.3,91.9,96.2,47.05,15198908,1389775173.55,,91.44,EQ
18-05-2006,88.3,91.0,81.1,82.4,82.2,96.2,47.05,19934774,1688798840.9,,84.72,EQ
19-05-2006,83.8,85.9,74.2,76.3,79.9,96.2,47.05,21736822,1703839973.75,,78.38,EQ
22-05-2006,79.9,79.9,61.05,66.6,66.25,96.2,47.05,15466313,1094404250.6,,70.76,EQ
23-05-2006,65.0,79.2,65.0,77.7,76.0,96.2,47.05,12471425,917805736.6,,73.59,EQ
24-05-2006,77.7,80.9,73.05,74.5,73.15,96.2,47.05,15298054,1195318779.35,,78.14,EQ
25-05-2006,72.0,80.3,69.05,76.75,76.5,96.2,47.05,25841639,1908822989.6,,73.87,EQ
26-05-2006,77.65,83.5,77.65,82.65,82.8,96.2,47.05,18927064,1551375476.65,,81.97,EQ
29-05-2006,80.0,86.35,80.0,84.8,85.0,96.2,47.05,11670894,982315702.3,,84.17,EQ
30-05-2006,85.5,85.5,81.5,84.2,84.4,96.2,47.05,10520744,886358857.95,,84.25,EQ
31-05-2006,82.3,83.0,75.25,79.5,78.7,96.2,47.05,17133603,1341229468.4,,78.28,EQ
01-06-2006,77.0,81.8,75.4,76.6,75.65,96.2,47.05,13410695,1046500283.45,,78.03,EQ
02-06-2006,75.75,81.0,75.0,80.85,81.0,96.2,47.05,15207375,1198490317.1,,78.81,EQ
05-06-2006,81.5,82.65,79.65,81.05,82.0,96.2,47.05,13174178,1069888124.75,,81.21,EQ
06-06-2006,79.0,79.95,76.0,78.35,78.1,96.2,47.05,7063981,555569708.65,,78.65,EQ
07-06-2006,76.0,79.0,62.0,67.0,70.55,96.2,47.05,24117212,1683742318.05,,69.81,EQ
08-06-2006,68.5,70.45,61.4,64.05,64.0,96.2,47.05,17096787,1104936813.0,,64.63,EQ
09-06-2006,64.5,70.95,63.15,70.4,70.3,96.2,47.05,10656384,735618985.2,,69.03,EQ
12-06-2006,70.4,70.8,66.1,67.0,67.05,96.2,47.05,7436428,506041322.1,,68.05,EQ
13-06-2006,65.0,65.0,62.15,64.4,64.8,96.2,47.05,6536657,416247990.0,,63.68,EQ
14-06-2006,65.0,67.9,63.2,63.55,63.3,96.2,47.05,9056359,594464204.8,,65.64,EQ
15-06-2006,65.0,67.65,64.85,66.0,65.9,96.2,47.05,8623668,570843487.65,,66.19,EQ
16-06-2006,68.0,73.4,68.0,70.2,69.85,96.2,47.05,14558673,1025279418.3,,70.42,EQ
19-06-2006,69.0,71.2,63.65,70.5,71.1,96.2,47.05,9224097,638541458.75,,69.23,EQ
20-06-2006,69.5,69.5,67.1,67.8,67.1,96.2,47.05,8645661,590073035.6,,68.25,EQ
21-06-2006,68.2,71.1,67.2,70.65,70.3,96.2,47.05,9623409,670936112.6,,69.72,EQ
22-06-2006,72.0,75.7,71.85,74.45,74.3,96.2,47.05,8690850,646711393.6,,74.41,EQ
23-06-2006,73.5,79.75,70.35,79.4,79.5,96.2,47.05,18828723,1436953405.45,,76.32,EQ
25-06-2006,81.0,87.4,80.0,81.8,80.7,96.2,47.05,4561414,374858559.5,,82.18,EQ
26-06-2006,84.1,86.8,74.6,75.6,75.5,96.2,47.05,19271179,1555293156.95,,80.71,EQ
27-06-2006,76.05,81.15,75.35,80.3,80.6,96.2,47.05,20091356,1578924039.5,,78.59,EQ
28-06-2006,78.0,78.7,76.0,77.85,77.4,96.2,47.05,12055891,936475948.5,,77.68,EQ
29-06-2006,78.7,80.35,74.35,74.9,75.15,96.2,47.05,10693965,824854607.8,,77.13,EQ
30-06-2006,80.0,81.8,78.0,81.25,81.2,96.2,47.05,18125259,1460424963.75,,80.57,EQ
03-07-2006,83.0,83.4,80.0,81.7,81.5,96.2,47.35,8698800,706585215.85,,81.23,EQ
04-07-2006,83.0,83.0,80.75,82.15,81.85,96.2,47.35,8527615,695564906.9,,81.57,EQ
05-07-2006,82.0,84.9,79.85,84.55,84.65,96.2,47.35,12903600,1077187293.1,,83.48,EQ
06-07-2006,83.5,85.45,81.5,82.5,82.65,96.2,47.35,15076003,1253401271.75,,83.14,EQ
07-07-2006,83.0,84.25,77.0,78.3,77.9,96.2,47.35,17414675,1413679627.8,,81.18,EQ
10-07-2006,79.0,79.0,76.2,77.6,77.5,96.2,47.35,13754692,1060548303.35,,77.1,EQ
11-07-2006,78.4,78.4,73.8,74.15,74.0,96.2,47.35,11686749,878930443.45,,75.21,EQ
12-07-2006,73.5,76.25,71.05,75.4,75.25,96.2,47.35,14665481,1089172615.85,,74.27,EQ
13-07-2006,75.9,76.4,74.0,76.05,76.25,96.2,47.35,13996723,1058924769.5,,75.66,EQ
14-07-2006,74.9,74.9,73.5,74.5,74.6,96.2,47.35,6693600,496810845.35,,74.22,EQ
17-07-2006,74.0,74.6,71.5,72.05,71.55,96.2,47.35,6991526,508620167.8,,72.75,EQ
18-07-2006,72.0,72.85,69.35,69.85,69.5,96.2,47.35,8378657,592040668.85,,70.66,EQ
19-07-2006,70.8,71.7,67.6,68.75,68.8,96.2,47.35,8324439,575885737.8,,69.18,EQ
20-07-2006,70.1,72.0,68.8,69.45,69.25,96.2,47.35,9084927,634662805.3,,69.86,EQ
21-07-2006,70.0,70.0,66.9,67.35,67.1,96.2,47.35,7758509,527657144.4,,68.01,EQ
24-07-2006,66.9,67.4,64.5,66.1,65.9,96.2,47.35,8537358,559282301.6,,65.51,EQ
25-07-2006,67.0,68.65,67.0,68.3,68.25,96.2,47.35,4653198,316730996.85,,68.07,EQ
26-07-2006,69.0,70.0,67.4,68.9,68.65,96.2,47.35,5414926,374515841.95,,69.16,EQ
27-07-2006,69.2,70.8,69.0,69.55,69.55,96.2,47.35,6952882,485712501.6,,69.86,EQ
28-07-2006,69.9,72.95,69.7,71.45,71.3,96.2,47.35,15210235,1090511049.95,,71.7,EQ
31-07-2006,72.75,72.75,69.5,70.25,69.55,96.2,47.35,5254045,375978903.45,,71.56,EQ
01-08-2006,70.25,71.2,68.4,69.1,68.9,96.2,47.35,5215522,361784209.1,,69.37,EQ
02-08-2006,69.5,70.85,68.65,70.6,70.6,96.2,47.35,4620631,323838345.25,,70.09,EQ
03-08-2006,70.9,72.0,70.9,71.45,71.35,96.2,47.35,5203447,372575668.05,,71.6,EQ
04-08-2006,71.75,73.25,71.25,71.9,71.9,96.2,47.35,8310806,600706372.7,,72.28,EQ
07-08-2006,71.9,72.2,69.8,70.15,70.3,96.2,47.35,5366206,378701127.75,,70.57,EQ
08-08-2006,70.15,74.6,70.0,73.85,74.1,96.2,47.35,8542699,619721031.6,,72.54,EQ
09-08-2006,73.8,76.8,72.6,76.1,76.7,96.2,47.35,10249346,770514890.35,,75.18,EQ
10-08-2006,75.8,76.5,75.0,76.2,76.1,96.2,47.35,5821528,442468402.9,,76.01,EQ
11-08-2006,76.5,78.15,75.4,77.45,77.75,96.2,47.35,8165821,626403944.7,,76.71,EQ
14-08-2006,78.0,79.4,77.1,77.65,77.2,96.2,47.35,6012906,470628150.65,,78.27,EQ
16-08-2006,78.5,79.6,77.25,77.9,77.3,96.2,47.35,5053461,397124966.95,,78.58,EQ
17-08-2006,78.0,78.65,74.8,76.15,75.9,96.2,47.35,6953959,528793804.45,,76.04,EQ
18-08-2006,75.85,77.25,74.0,76.9,76.6,96.2,47.35,4633969,352400789.15,,76.05,EQ
21-08-2006,77.5,77.5,75.45,75.65,75.6,96.2,47.35,2927378,222063417.05,,75.86,EQ
22-08-2006,76.0,78.65,75.9,77.65,77.7,96.2,47.35,7770429,603948034.75,,77.72,EQ
23-08-2006,77.0,78.0,75.85,76.0,76.15,96.2,47.35,3513981,269230647.8,,76.62,EQ
24-08-2006,76.0,76.15,72.0,75.65,76.05,96.2,47.35,5209821,392713085.9,,75.38,EQ
25-08-2006,73.5,77.35,73.5,76.7,76.55,96.2,47.35,4861452,373016379.8,,76.73,EQ
28-08-2006,76.95,79.35,76.0,77.95,77.5,96.2,47.35,7592050,592235123.1,,78.01,EQ
29-08-2006,78.3,79.3,76.75,77.2,76.9,96.2,47.35,6376202,498298654.7,,78.15,EQ
30-08-2006,77.0,77.6,74.3,74.7,75.0,96.2,47.35,8280740,626605271.8,,75.67,EQ
31-08-2006,75.5,75.75,71.85,72.35,72.0,96.2,47.35,10420182,759727747.4,,72.91,EQ
01-09-2006,72.4,73.6,71.8,73.2,73.55,96.2,47.35,5409922,394273011.05,,72.88,EQ
04-09-2006,74.1,74.25,72.6,73.05,72.95,96.2,47.35,3751860,275310743.2,,73.38,EQ
05-09-2006,72.3,73.8,72.3,73.1,72.9,96.2,47.35,3842474,280662742.45,,73.04,EQ
06-09-2006,73.25,74.3,72.9,73.55,73.75,96.2,47.35,5790549,427267768.05,,73.79,EQ
07-09-2006,75.55,75.85,72.75,75.6,75.75,96.2,47.35,8160844,609143090.3,,74.64,EQ
08-09-2006,75.6,75.95,73.1,73.6,73.45,96.2,47.35,10873074,807623886.2,,74.28,EQ
11-09-2006,73.85,75.5,71.6,72.35,71.75,96.2,47.35,8195429,601173052.3,,73.35,EQ
12-09-2006,72.75,74.3,70.55,73.35,74.3,96.2,47.35,7286771,525059680.25,,72.06,EQ
13-09-2006,74.5,74.9,73.45,73.8,73.8,96.2,47.35,5780708,428129937.05,,74.06,EQ
14-09-2006,74.15,77.1,73.4,75.5,75.2,96.2,47.35,12394150,931637870.1,,75.17,EQ
15-09-2006,75.5,75.9,72.85,73.75,73.55,96.2,47.35,11339631,838081135.65,,73.91,EQ
18-09-2006,73.95,74.3,72.9,73.15,72.9,96.2,47.35,4930568,362278148.8,,73.48,EQ
19-09-2006,73.75,74.5,72.1,72.75,72.35,96.2,47.35,4889508,360692036.2,,73.77,EQ
20-09-2006,72.5,74.2,71.75,73.75,74.05,96.2,47.35,5618454,411718328.3,,73.28,EQ
21-09-2006,74.1,74.95,73.75,74.55,74.35,96.2,47.35,5250326,391180565.3,,74.51,EQ
22-09-2006,74.4,74.75,73.5,74.1,74.2,96.2,47.35,4305106,319622573.05,,74.24,EQ
25-09-2006,74.25,74.9,73.4,73.7,73.55,96.2,47.35,7557403,561265252.25,,74.27,EQ
26-09-2006,74.2,74.55,73.05,74.25,74.3,96.2,47.35,5650415,418133130.15,,74.0,EQ
27-09-2006,74.55,75.35,74.2,74.6,74.55,96.2,47.35,5933582,444021999.4,,74.83,EQ
28-09-2006,74.75,76.2,74.25,75.35,75.45,96.2,47.35,8270857,624207891.8,,75.47,EQ
29-09-2006,75.85,78.35,75.75,77.95,78.2,96.2,47.35,13863902,1076595847.8,,77.65,EQ
03-10-2006,79.0,79.7,77.9,78.25,78.2,96.2,47.35,12387575,975464697.7,,78.75,EQ
04-10-2006,78.5,78.5,75.5,75.75,75.75,96.2,47.35,7919015,609359759.8,,76.95,EQ
05-10-2006,76.4,80.6,76.3,80.25,80.4,96.2,47.35,17042117,1343340746.4,,78.82,EQ
06-10-2006,81.1,82.9,80.2,81.15,80.9,96.2,47.35,16515926,1349468914.15,,81.71,EQ
09-10-2006,80.2,82.1,79.65,81.55,81.9,96.2,47.35,9654351,782086329.85,,81.01,EQ
10-10-2006,82.1,84.2,81.85,82.8,83.0,96.2,47.35,13978984,1160257022.95,,83.0,EQ
11-10-2006,82.2,83.8,79.6,79.9,80.2,96.2,47.35,10512238,856959191.1,,81.52,EQ
12-10-2006,80.4,83.9,80.15,83.65,83.55,96.2,47.35,11257463,924722357.05,,82.14,EQ
13-10-2006,83.85,85.3,83.2,83.85,83.3,96.2,47.35,10404446,875171285.85,,84.12,EQ
16-10-2006,86.3,86.3,82.15,82.45,82.35,96.2,47.35,5437175,453301806.45,,83.37,EQ
17-10-2006,82.65,86.0,82.0,85.5,85.85,96.2,47.35,13609752,1147446113.4,,84.31,EQ
18-10-2006,85.65,90.75,85.15,90.1,90.25,96.2,47.35,29259229,2589069717.95,,88.49,EQ
19-10-2006,90.4,92.75,89.2,91.2,90.75,96.2,47.35,26295187,2394614616.5,,91.07,EQ
20-10-2006,91.7,92.5,88.0,90.8,90.75,96.2,47.35,16513535,1511108214.25,,91.51,EQ
21-10-2006,92.0,92.0,90.4,90.8,90.4,96.2,47.35,1823319,166094456.9,,91.09,EQ
23-10-2006,90.9,91.0,88.25,88.8,88.75,96.2,47.35,7661183,682385683.45,,89.07,EQ
26-10-2006,89.1,91.5,88.7,91.1,91.1,96.2,47.35,10356436,937401861.35,,90.51,EQ
27-10-2006,91.7,92.75,89.75,91.35,91.35,96.2,47.35,9081043,830994924.0,,91.51,EQ
30-10-2006,91.3,92.65,86.8,87.7,87.2,96.2,47.8,14142252,1275045538.9,,90.16,EQ
31-10-2006,87.0,89.05,84.75,86.35,86.45,96.2,47.8,12821212,1112522509.2,,86.77,EQ
01-11-2006,86.55,88.15,86.3,86.85,86.6,96.2,47.8,7524910,655371805.8,,87.09,EQ
02-11-2006,86.4,87.6,86.2,86.75,86.7,96.2,47.8,5074266,441350312.3,,86.98,EQ
03-11-2006,86.95,87.15,85.65,86.15,86.1,96.2,47.8,5510150,474883099.45,,86.18,EQ
06-11-2006,86.35,88.2,86.1,87.45,87.3,96.2,49.4,7652103,668523643.35,,87.36,EQ
07-11-2006,88.5,88.5,86.3,86.75,87.1,96.2,49.4,5301946,464315359.4,,87.57,EQ
08-11-2006,87.2,87.25,85.2,86.4,86.2,96.2,49.4,6283298,542091474.15,,86.27,EQ
09-11-2006,86.6,86.9,84.6,85.25,85.65,96.2,49.4,4151095,356584408.15,,85.9,EQ
10-11-2006,85.5,88.25,85.35,87.75,87.95,96.2,49.4,6639703,575521380.4,,86.68,EQ
13-11-2006,95.0,95.0,85.25,85.7,85.6,96.2,49.4,5577523,483167029.05,,86.63,EQ
14-11-2006,85.95,86.5,83.75,83.95,83.9,96.2,49.4,5022832,425269898.8,,84.67,EQ
15-11-2006,84.35,85.65,83.1,84.3,84.25,96.2,49.4,4686978,395186411.3,,84.32,EQ
16-11-2006,84.3,85.3,83.65,84.2,83.95,96.2,49.4,4202503,354817478.05,,84.43,EQ
17-11-2006,84.2,85.4,83.75,84.85,85.05,96.2,49.4,6488307,548385204.35,,84.52,EQ
20-11-2006,84.55,84.55,82.55,83.65,83.8,96.2,49.4,4148848,346066551.7,,83.41,EQ
21-11-2006,84.0,86.15,83.0,85.8,86.0,96.2,49.4,4456940,378819731.45,,85.0,EQ
22-11-2006,86.05,88.2,86.05,86.7,86.65,96.2,49.4,8161173,711241922.1,,87.15,EQ
23-11-2006,86.95,88.8,86.4,88.45,88.2,96.2,49.4,7280810,641401153.15,,88.09,EQ
24-11-2006,86.6,90.9,86.6,90.25,90.25,96.2,49.4,12893569,1154884242.0,,89.57,EQ
27-11-2006,90.65,90.7,88.5,88.95,88.8,96.2,49.5,3746686,335201473.65,,89.47,EQ
28-11-2006,88.4,88.5,85.5,85.85,85.95,96.2,49.5,4060090,351615587.7,,86.6,EQ
29-11-2006,86.05,89.8,86.05,89.25,88.8,96.2,49.5,8000045,709499677.7,,88.69,EQ
30-11-2006,89.4,90.15,87.05,87.95,87.3,96.2,49.5,5627039,496643189.15,,88.26,EQ
01-12-2006,87.65,87.9,83.0,86.75,87.0,96.2,49.5,3467826,301460988.0,,86.93,EQ
04-12-2006,92.5,92.5,85.55,85.9,85.55,96.2,49.5,2627099,227260601.6,,86.51,EQ
05-12-2006,86.35,87.95,85.95,87.5,87.95,96.2,49.5,5126724,446027869.55,,87.0,EQ
06-12-2006,88.3,89.15,86.35,86.7,86.5,96.2,49.5,8303642,729641063.9,,87.87,EQ
07-12-2006,87.25,88.0,86.25,86.9,86.8,96.2,49.5,4992166,435113886.5,,87.16,EQ
08-12-2006,86.7,87.95,86.1,86.75,86.45,96.2,49.5,4624295,403258098.15,,87.2,EQ
11-12-2006,86.65,87.45,83.6,84.75,84.3,96.2,49.55,6291340,539934403.5,,85.82,EQ
12-12-2006,84.5,85.95,81.55,82.9,83.25,96.2,49.55,7901756,667857622.35,,84.52,EQ
13-12-2006,83.05,83.6,79.1,81.0,81.15,96.2,49.55,7748010,629101440.1,,81.2,EQ
14-12-2006,81.35,82.5,78.9,79.6,80.2,96.2,49.55,7790452,632686518.0,,81.21,EQ
15-12-2006,80.65,95.0,80.65,82.75,82.65,96.2,49.55,7220408,596386887.85,,82.6,EQ
18-12-2006,83.05,85.5,82.1,85.15,85.0,96.2,49.55,8071139,676851064.3,,83.86,EQ
19-12-2006,84.9,86.1,83.65,84.55,84.1,96.2,49.55,6298625,533630312.15,,84.72,EQ
20-12-2006,84.9,85.75,82.15,83.2,82.4,96.2,49.55,4864869,410238113.75,,84.33,EQ
21-12-2006,80.8,83.25,80.8,81.85,82.0,96.2,49.55,4338043,357265367.95,,82.36,EQ
22-12-2006,82.25,82.65,81.5,82.2,82.15,96.2,49.55,5497066,451500278.3,,82.13,EQ
26-12-2006,82.65,85.95,82.3,85.7,85.8,96.2,49.55,5842699,495184951.45,,84.75,EQ
27-12-2006,86.0,86.5,84.9,86.2,86.45,96.2,49.55,4086838,350644039.05,,85.8,EQ
28-12-2006,86.4,87.0,85.3,86.7,86.9,96.2,49.55,3476232,299995103.35,,86.3,EQ
29-12-2006,86.3,89.45,86.15,89.05,89.0,96.2,49.55,6548192,577061798.35,,88.13,EQ
02-01-2007,89.5,92.3,87.9,91.05,90.8,96.2,49.55,10520872,951646559.15,,90.45,EQ
03-01-2007,91.05,92.75,89.65,92.3,92.35,96.2,49.55,10133357,925487005.7,,91.33,EQ
04-01-2007,92.65,92.75,88.7,90.0,89.0,96.2,49.55,7365361,669570640.8,,90.91,EQ
05-01-2007,89.25,89.9,86.5,87.3,87.4,96.2,49.55,5147930,452716440.75,,87.94,EQ
08-01-2007,86.9,88.95,85.1,86.1,85.95,96.2,49.55,3302820,283898714.25,,85.96,EQ
09-01-2007,86.0,86.45,84.5,84.8,84.65,96.2,49.55,2962513,253048757.8,,85.42,EQ
10-01-2007,84.65,84.95,82.5,82.75,82.55,96.2,49.55,4068352,339183191.6,,83.37,EQ
11-01-2007,82.45,87.0,82.45,86.45,87.0,96.2,49.55,5876343,501167852.1,,85.29,EQ
12-01-2007,86.5,91.9,86.5,90.65,90.8,96.2,49.55,8874655,798082289.9,,89.93,EQ
15-01-2007,91.4,100.7,90.9,99.8,99.65,100.7,49.55,26024640,2528873054.2,,97.17,EQ
16-01-2007,100.0,101.4,96.35,97.1,96.9,101.4,49.55,10082620,986860599.55,,97.88,EQ
17-01-2007,97.1,101.9,96.55,96.9,96.85,101.9,49.55,15447983,1537469855.45,,99.53,EQ
18-01-2007,96.9,100.95,96.9,98.75,98.5,101.9,49.55,13493974,1337087498.45,,99.09,EQ
19-01-2007,98.85,100.8,95.2,96.9,97.15,101.9,49.55,5904266,572982313.3,,97.05,EQ
22-01-2007,97.25,99.9,97.1,98.45,98.4,101.9,51.0,6753060,665579438.3,,98.56,EQ
23-01-2007,98.1,99.65,96.8,97.25,97.0,101.9,51.0,10651431,1044236341.85,,98.04,EQ
24-01-2007,97.35,105.8,97.25,104.35,104.75,105.8,51.0,24545139,2504052214.6,,102.02,EQ
25-01-2007,106.95,114.0,105.5,111.9,110.95,114.0,51.0,37582212,4117273721.8,,109.55,EQ
29-01-2007,112.75,116.2,110.55,113.05,111.6,116.2,51.0,24346642,2780843829.85,,114.22,EQ
31-01-2007,113.05,116.9,107.55,108.15,108.25,116.9,51.0,20702633,2335275850.5,,112.8,EQ
01-02-2007,109.0,113.9,104.15,112.05,113.5,116.9,51.0,15681659,1714122187.4,,109.31,EQ
02-02-2007,113.7,116.25,112.9,113.4,113.2,116.9,51.0,15685195,1796490754.6,,114.53,EQ
05-02-2007,114.0,114.2,109.7,111.05,111.3,116.9,53.1,7573210,841305866.4,,111.09,EQ
06-02-2007,111.5,114.2,110.3,110.95,111.0,116.9,53.1,6914128,775635110.35,,112.18,EQ
07-02-2007,112.95,117.75,110.6,116.35,116.3,117.75,53.1,14943471,1712096523.25,,114.57,EQ
08-02-2007,116.35,118.45,113.6,115.3,115.0,118.45,53.1,20080143,2329173895.4,,115.99,EQ
09-02-2007,117.8,117.8,112.65,113.55,113.55,118.45,53.1,8446476,967555134.9,,114.55,EQ
12-02-2007,113.6,113.6,106.6,107.5,107.0,118.45,55.0,9630307,1058581712.65,,109.92,EQ
13-02-2007,107.0,112.55,104.6,107.65,108.6,118.45,55.0,10748792,1171904710.15,,109.03,EQ
14-02-2007,108.0,109.5,103.45,108.45,109.0,118.45,55.0,8625145,926536252.05,,107.42,EQ
15-02-2007,109.25,114.0,109.25,113.7,114.0,118.45,55.0,9041378,1015613178.15,,112.33,EQ
19-02-2007,114.0,120.0,114.0,119.4,119.3,120.0,57.25,11879718,1395670118.15,,117.48,EQ
20-02-2007,119.8,121.0,115.15,115.55,115.35,121.0,57.25,13377491,1572978465.95,,117.58,EQ
21-02-2007,115.7,118.85,115.05,116.6,116.6,121.0,57.25,12551651,1470575442.25,,117.16,EQ
22-02-2007,116.9,118.5,111.25,113.15,114.1,121.0,57.25,12294651,1420656214.5,,115.55,EQ
23-02-2007,113.5,115.8,111.05,111.7,111.8,121.0,57.25,11332815,1284068764.3,,113.31,EQ
26-02-2007,112.65,115.2,111.0,113.75,114.3,121.0,61.05,12124134,1378898175.25,,113.73,EQ
27-02-2007,115.0,117.4,113.1,114.35,113.5,121.0,61.05,14125903,1625999122.85,,115.11,EQ
28-02-2007,109.3,111.75,101.5,108.75,107.35,121.0,61.05,14709280,1604257710.95,,109.06,EQ
01-03-2007,106.9,110.5,105.1,108.85,108.95,121.0,61.05,12857277,1390214534.55,,108.13,EQ
02-03-2007,108.9,111.7,104.25,106.4,104.7,121.0,61.05,14777755,1613114976.0,,109.16,EQ
05-03-2007,101.2,103.9,94.4,97.4,98.1,121.0,61.05,20464504,2024814818.9,,98.94,EQ
06-03-2007,99.05,99.85,91.25,97.2,98.9,121.0,61.05,16387291,1576106492.55,,96.18,EQ
07-03-2007,98.0,100.2,91.55,92.6,92.25,121.0,61.05,9246973,876428231.25,,94.78,EQ
08-03-2007,94.35,107.9,93.0,104.65,107.0,121.0,61.05,17456025,1730032225.5,,99.11,EQ
09-03-2007,105.0,109.5,101.55,104.05,103.35,121.0,61.05,21953253,2308392338.55,,105.15,EQ
12-03-2007,104.0,108.35,103.55,104.5,105.1,121.0,61.05,10933345,1158660067.3,,105.97,EQ
13-03-2007,104.5,107.4,104.5,105.65,105.35,121.0,61.05,9280118,983453686.85,,105.97,EQ
14-03-2007,103.0,103.0,97.1,100.8,100.75,121.0,61.05,8939355,900803434.15,,100.77,EQ
15-03-2007,105.4,105.4,102.6,103.15,103.15,121.0,61.05,7470081,775668453.6,,103.84,EQ
16-03-2007,98.0,104.45,98.0,102.5,103.0,121.0,61.05,6166898,631151141.1,,102.34,EQ
19-03-2007,103.1,104.3,102.2,103.3,103.4,121.0,61.05,2897281,298923303.85,,103.17,EQ
20-03-2007,104.0,107.1,102.6,103.2,102.7,121.0,61.05,8080007,848645109.35,,105.03,EQ
21-03-2007,103.0,108.9,103.0,108.0,106.9,121.0,61.05,9668756,1024314445.1,,105.94,EQ
22-03-2007,107.5,111.9,107.5,111.25,111.5,121.0,61.05,9959396,1102286042.6,,110.68,EQ
23-03-2007,111.25,114.35,110.8,112.15,112.05,121.0,61.05,11700796,1320053139.05,,112.82,EQ
26-03-2007,113.0,113.4,110.0,110.5,110.5,121.0,61.05,5435959,604921067.35,,111.28,EQ
28-03-2007,107.0,112.9,107.0,110.0,110.1,121.0,61.05,8930053,992877676.75,,111.18,EQ
29-03-2007,103.6,112.95,103.6,112.15,112.5,121.0,61.05,10470734,1161260709.45,,110.91,EQ
30-03-2007,110.05,115.5,110.05,114.3,114.65,121.0,61.05,11125784,1262656000.85,,113.49,EQ
02-04-2007,111.65,114.0,106.05,107.65,106.5,121.0,61.05,9396154,1041542604.15,,110.85,EQ
03-04-2007,107.5,111.75,106.25,111.15,111.3,121.0,61.05,10978592,1201351087.6,,109.43,EQ
04-04-2007,111.8,113.95,111.5,112.15,111.5,121.0,61.05,5418211,612439425.15,,113.03,EQ
05-04-2007,111.9,115.95,111.2,114.9,114.75,121.0,61.05,9965780,1141310973.35,,114.52,EQ
09-04-2007,116.0,119.1,115.5,118.05,118.35,121.0,61.05,9537081,1127317025.7,,118.2,EQ
10-04-2007,118.5,120.8,116.0,117.8,117.75,121.0,61.05,10674127,1267404062.6,,118.74,EQ
11-04-2007,118.0,124.25,118.0,122.75,124.1,124.25,61.05,20651142,2507445625.0,,121.42,EQ
12-04-2007,124.0,124.65,120.15,120.65,120.4,124.65,61.05,9167107,1122181260.15,,122.41,EQ
13-04-2007,121.7,126.5,121.2,125.9,125.5,126.5,61.05,13707264,1700822840.8,,124.08,EQ
16-04-2007,126.5,129.45,126.45,128.0,127.65,129.45,61.05,8904527,1139119707.2,,127.93,EQ
17-04-2007,128.35,128.7,123.3,123.8,124.0,129.45,61.05,9119978,1147428721.55,,125.81,EQ
18-04-2007,124.05,126.9,124.05,125.6,125.75,129.45,61.05,7691813,967442414.8,,125.78,EQ
19-04-2007,124.4,126.4,122.65,125.8,125.6,129.45,61.05,7416423,925408992.3,,124.78,EQ
20-04-2007,126.5,136.3,126.5,134.2,133.85,136.3,61.05,18098004,2374925623.15,,131.23,EQ
23-04-2007,135.0,137.9,132.55,136.15,134.85,137.9,61.05,14203153,1933147306.45,,136.11,EQ
24-04-2007,135.7,137.9,132.8,134.1,133.75,137.9,61.05,11144822,1509777081.8,,135.47,EQ
25-04-2007,133.9,135.45,131.8,134.15,133.95,137.9,61.05,10389870,1387434332.25,,133.54,EQ
26-04-2007,134.8,136.7,133.2,134.35,133.7,137.9,61.05,8862361,1196827370.15,,135.05,EQ
27-04-2007,134.6,134.95,131.4,132.5,132.15,137.9,61.05,4915097,654186582.25,,133.1,EQ
30-04-2007,133.5,133.65,129.3,130.45,130.5,137.9,61.05,7800798,1023284792.1,,131.18,EQ
03-05-2007,134.5,144.4,132.0,134.95,134.75,144.4,61.05,6210979,834747066.9,,134.4,EQ
04-05-2007,135.7,136.5,133.15,133.65,133.8,144.4,61.05,3937960,531409882.6,,134.95,EQ
07-05-2007,134.05,135.9,132.1,134.6,135.0,144.4,61.05,7942607,1064267708.55,,133.99,EQ
08-05-2007,133.45,138.8,133.45,135.5,135.4,144.4,61.05,11114113,1521949436.5,,136.94,EQ
09-05-2007,136.0,136.7,132.7,133.5,133.8,144.4,61.05,10676401,1433992669.45,,134.31,EQ
10-05-2007,134.4,137.4,133.7,134.45,133.9,144.4,61.05,7471178,1016002840.6,,135.99,EQ
11-05-2007,132.2,136.4,124.1,135.1,135.1,144.4,61.05,7416670,999426202.55,,134.75,EQ
14-05-2007,136.1,137.9,135.0,137.05,137.3,144.4,61.05,5151658,702444890.1,,136.35,EQ
15-05-2007,137.0,140.0,137.0,138.15,137.7,144.4,61.05,8257534,1142882678.6,,138.4,EQ
16-05-2007,138.75,141.7,137.55,140.05,139.55,144.4,61.05,10666723,1492909915.75,,139.96,EQ
17-05-2007,140.1,142.45,139.55,140.2,139.65,144.4,61.05,7722880,1088424143.9,,140.94,EQ
18-05-2007,139.0,141.0,138.25,139.0,139.25,144.4,61.05,6105106,850240364.3,,139.27,EQ
21-05-2007,141.9,146.0,139.6,144.7,144.85,146.0,61.05,14652909,2106003227.3,,143.73,EQ
22-05-2007,146.0,147.9,144.0,145.55,144.65,147.9,61.05,10206011,1494683144.95,,146.45,EQ
23-05-2007,144.95,146.25,142.1,144.45,144.15,147.9,61.05,8521263,1232335651.05,,144.62,EQ
24-05-2007,143.95,148.55,143.35,146.9,146.0,148.55,61.05,13481205,1970814852.2,,146.19,EQ
25-05-2007,144.0,149.95,143.4,148.15,147.55,149.95,61.05,10031808,1480022655.55,,147.53,EQ
28-05-2007,144.0,149.9,144.0,145.1,145.1,149.95,61.4,6768807,996568391.05,,147.23,EQ
29-05-2007,145.45,146.4,143.25,143.7,143.35,149.95,61.4,4447503,643055637.65,,144.59,EQ
30-05-2007,143.7,144.8,138.5,139.2,139.0,149.95,61.4,8847712,1251992981.5,,141.5,EQ
31-05-2007,140.5,141.9,138.6,140.3,140.4,149.95,61.4,9330739,1308979129.3,,140.29,EQ
01-06-2007,141.7,141.7,137.3,138.65,138.75,149.95,61.4,5809229,808618841.1,,139.2,EQ
04-06-2007,140.9,141.3,135.55,138.8,138.1,149.95,61.4,10190915,1423640966.15,,139.7,EQ
05-06-2007,138.8,139.8,137.8,138.95,138.95,149.95,61.4,5908118,820149200.25,,138.82,EQ
06-06-2007,139.4,139.4,131.85,132.45,132.0,149.95,61.4,12739690,1716433324.7,,134.73,EQ
07-06-2007,130.6,133.0,128.35,130.1,129.5,149.95,61.4,14581983,1902094262.0,,130.44,EQ
08-06-2007,129.0,129.0,123.0,124.7,124.15,149.95,61.4,12567485,1593974703.35,,126.83,EQ
11-06-2007,125.0,129.45,125.0,127.1,127.5,149.95,62.15,16428237,2084638303.7,,126.89,EQ
12-06-2007,127.5,132.05,126.3,130.85,131.9,149.95,62.15,8683068,1113866363.15,,128.28,EQ
13-06-2007,132.45,132.45,127.0,127.65,127.55,149.95,62.15,6808088,880261354.75,,129.3,EQ
14-06-2007,128.6,134.9,128.0,133.55,134.7,149.95,62.15,7387031,972299033.2,,131.62,EQ
15-06-2007,134.1,137.6,134.1,135.55,135.75,149.95,62.15,10324189,1404902916.15,,136.08,EQ
18-06-2007,135.0,137.0,132.6,133.2,132.85,149.95,63.65,3486460,469292368.4,,134.6,EQ
19-06-2007,133.2,136.9,131.6,136.15,136.5,149.95,63.65,3047137,408896986.2,,134.19,EQ
20-06-2007,136.95,137.9,134.2,135.05,135.05,149.95,63.65,4262841,578904189.35,,135.8,EQ
21-06-2007,135.0,136.7,134.8,136.1,136.3,149.95,63.65,3110464,422065210.5,,135.69,EQ
22-06-2007,136.2,136.65,133.05,134.2,134.9,149.95,63.65,4273442,576448631.95,,134.89,EQ
25-06-2007,134.0,134.7,131.55,132.75,133.3,149.95,64.5,2402625,319236226.05,,132.87,EQ
26-06-2007,133.0,134.9,131.5,133.85,134.0,149.95,64.5,3294274,439973097.2,,133.56,EQ
27-06-2007,132.95,133.9,129.8,130.4,130.45,149.95,64.5,5554094,733606434.85,,132.08,EQ
28-06-2007,131.7,132.0,130.3,131.55,131.7,149.95,64.5,3693916,484637991.65,,131.2,EQ
29-06-2007,131.95,132.8,130.3,130.9,131.6,149.95,64.5,3383912,445173913.95,,131.56,EQ
02-07-2007,131.9,131.9,128.1,128.4,128.3,149.95,64.5,3528559,457587642.25,,129.68,EQ
03-07-2007,129.05,131.6,128.8,130.0,129.9,149.95,64.5,4437166,578748535.95,,130.43,EQ
04-07-2007,130.9,133.0,128.5,132.1,131.95,149.95,64.5,4325952,567831325.4,,131.26,EQ
05-07-2007,132.5,134.0,130.5,133.0,132.9,149.95,64.5,4440661,587986307.05,,132.41,EQ
06-07-2007,133.45,133.9,130.3,131.1,130.9,149.95,64.5,3763065,498121153.05,,132.37,EQ
09-07-2007,129.35,133.8,129.35,132.95,133.2,149.95,64.5,3902329,517475410.9,,132.61,EQ
10-07-2007,133.75,135.9,131.8,135.35,135.65,149.95,64.5,6750773,905920989.7,,134.2,EQ
11-07-2007,134.9,138.3,132.5,137.7,137.65,149.95,64.5,6159266,841560679.65,,136.63,EQ
12-07-2007,138.0,145.9,138.0,145.0,144.65,149.95,64.5,10177057,1452708919.65,,142.74,EQ
13-07-2007,146.0,165.0,145.55,159.55,161.8,165.0,64.5,29968862,4603753319.55,,153.62,EQ
16-07-2007,161.9,167.2,156.75,157.75,158.2,167.2,64.5,19702140,3197420513.5,,162.29,EQ
17-07-2007,158.9,163.7,152.65,153.35,153.6,167.2,64.5,11997549,1900784449.2,,158.43,EQ
18-07-2007,153.5,156.35,151.15,153.95,155.3,167.2,64.5,12190459,1870876572.0,,153.47,EQ
19-07-2007,154.9,157.4,154.15,155.6,155.75,167.2,64.5,9199261,1430685191.75,,155.52,EQ
20-07-2007,155.6,159.7,155.6,156.65,156.1,167.2,64.5,9487772,1494750299.1,,157.54,EQ
23-07-2007,155.7,157.55,155.0,156.5,156.1,167.2,64.5,5654557,883551149.25,,156.25,EQ
24-07-2007,157.4,162.45,156.0,160.95,160.1,167.2,64.5,11965286,1905797198.55,,159.28,EQ
25-07-2007,160.5,161.1,152.0,153.0,152.7,167.2,64.5,15518401,2428638459.5,,156.5,EQ
26-07-2007,154.65,158.8,151.3,156.45,155.0,167.2,64.5,12135440,1878848148.45,,154.82,EQ
27-07-2007,153.9,153.9,146.6,148.2,147.9,167.2,64.5,7727751,1156367478.45,,149.64,EQ
30-07-2007,148.0,150.4,144.4,146.35,147.0,167.2,68.4,11165278,1641182381.05,,146.99,EQ
31-07-2007,148.0,151.4,147.6,150.35,151.4,167.2,68.4,5399059,805805916.35,,149.25,EQ
01-08-2007,150.35,150.35,144.0,144.45,144.5,167.2,68.4,11400032,1661245596.05,,145.72,EQ
02-08-2007,144.85,147.1,142.65,143.9,144.75,167.2,68.4,7231664,1051674235.65,,145.43,EQ
03-08-2007,146.0,149.7,145.1,148.55,148.25,167.2,68.4,4700366,698259973.9,,148.55,EQ
06-08-2007,145.0,147.5,135.1,146.45,147.5,167.2,69.8,3232237,469453125.2,,145.24,EQ
07-08-2007,148.0,148.9,143.8,144.4,144.0,167.2,69.8,4247267,622666415.05,,146.6,EQ
08-08-2007,144.9,150.2,144.5,148.4,147.9,167.2,69.8,4989714,738059673.05,,147.92,EQ
09-08-2007,149.5,155.2,148.6,150.05,150.7,167.2,69.8,8613972,1311820612.15,,152.29,EQ
10-08-2007,148.0,150.95,143.55,149.95,150.95,167.2,69.8,6448529,950788054.65,,147.44,EQ
13-08-2007,150.75,153.4,148.65,150.3,149.9,167.2,70.55,4036875,610062919.2,,151.12,EQ
14-08-2007,150.9,152.5,146.55,147.7,148.5,167.2,70.55,3699219,552611896.85,,149.39,EQ
16-08-2007,144.7,145.75,141.0,142.15,142.45,167.2,70.55,7421822,1061919493.9,,143.08,EQ
17-08-2007,140.9,143.7,136.05,137.6,136.4,167.2,70.55,9709954,1355185865.6,,139.57,EQ
20-08-2007,141.0,144.9,140.1,143.15,143.45,167.2,70.55,3862487,552387034.35,,143.01,EQ
21-08-2007,144.9,144.9,139.75,140.3,140.1,167.2,70.55,4725773,670283533.1,,141.84,EQ
22-08-2007,141.35,142.8,136.75,141.9,142.3,167.2,70.55,5063788,712133071.8,,140.63,EQ
23-08-2007,144.0,148.4,140.25,141.3,141.75,167.2,70.55,5424407,783499289.7,,144.44,EQ
24-08-2007,136.4,147.6,136.4,145.95,146.3,167.2,70.55,7717828,1114429160.8,,144.4,EQ
27-08-2007,148.0,149.8,147.5,149.5,149.7,167.2,70.55,6794043,1011531398.15,,148.89,EQ
28-08-2007,149.6,153.75,149.0,153.35,153.2,167.2,70.55,7226105,1095631571.3,,151.62,EQ
29-08-2007,148.5,163.0,147.2,161.65,162.5,167.2,70.55,17354431,2747886572.15,,158.34,EQ
30-08-2007,163.0,169.8,159.0,166.65,164.0,169.8,70.55,19523751,3194085199.1,,163.6,EQ
31-08-2007,168.4,172.8,164.0,168.4,168.1,172.8,70.55,15337138,2593229276.8,,169.08,EQ
03-09-2007,170.9,170.9,165.1,166.25,165.3,172.8,70.55,9517863,1588958194.15,,166.94,EQ
04-09-2007,168.0,168.7,163.7,165.15,164.0,172.8,70.55,7457758,1239675047.8,,166.23,EQ
05-09-2007,165.15,168.35,164.1,165.4,164.5,172.8,70.55,8088585,1345745191.5,,166.38,EQ
06-09-2007,163.7,172.4,162.1,171.55,171.25,172.8,70.55,9242255,1566623295.95,,169.51,EQ
07-09-2007,172.5,173.0,167.1,168.25,168.0,173.0,70.55,7048515,1201561856.5,,170.47,EQ
10-09-2007,170.25,173.2,165.05,172.2,173.0,173.2,70.55,7785336,1327722251.2,,170.54,EQ
11-09-2007,174.5,175.25,170.5,171.3,171.25,175.25,70.55,11529164,1992800901.15,,172.85,EQ
12-09-2007,173.9,176.2,171.8,174.55,174.6,176.2,70.55,11242570,1955794069.95,,173.96,EQ
13-09-2007,174.55,175.5,171.8,172.4,172.15,176.2,70.55,4053799,702973575.85,,173.41,EQ
14-09-2007,173.9,176.8,170.75,171.6,171.75,176.8,70.55,5958068,1039572990.85,,174.48,EQ
17-09-2007,172.0,173.65,170.1,170.55,170.75,176.8,71.75,5332069,915997888.45,,171.79,EQ
18-09-2007,170.9,173.4,169.55,172.3,171.15,176.8,71.75,4071736,697931682.45,,171.41,EQ
19-09-2007,173.95,187.0,173.55,184.6,186.2,187.0,71.75,13316575,2407238579.25,,180.77,EQ
20-09-2007,187.8,194.5,184.2,187.2,187.1,194.5,71.75,9828032,1865304085.9,,189.79,EQ
21-09-2007,187.5,196.75,187.1,192.95,192.25,196.75,71.75,10094929,1939997038.2,,192.18,EQ
24-09-2007,196.0,201.8,190.65,198.05,198.2,201.8,73.05,10635895,2102579222.9,,197.69,EQ
25-09-2007,198.9,206.45,194.1,199.85,199.35,206.45,73.05,12356674,2480495024.3,,200.74,EQ
26-09-2007,201.7,204.8,198.5,200.8,201.9,206.45,73.05,11191319,2257534209.9,,201.72,EQ
27-09-2007,205.3,205.9,198.65,201.05,203.4,206.45,73.05,12468857,2512722933.7,,201.52,EQ
28-09-2007,203.8,209.75,203.1,207.15,207.0,209.75,73.05,12955814,2683793675.45,,207.15,EQ
01-10-2007,207.15,210.8,203.5,206.05,205.6,210.8,75.5,9061258,1876254146.05,,207.06,EQ
03-10-2007,210.0,214.2,198.0,209.3,210.15,214.2,75.5,14314979,3002047245.2,,209.71,EQ
04-10-2007,209.95,211.9,203.5,207.1,206.25,214.2,75.5,10064039,2097953771.65,,208.46,EQ
05-10-2007,207.1,210.25,201.5,203.05,202.25,214.2,75.5,5945708,1224974981.35,,206.03,EQ
08-10-2007,206.7,206.7,191.2,192.8,191.7,214.2,78.9,6422734,1253916605.55,,195.23,EQ
09-10-2007,192.0,207.0,185.0,205.8,206.5,214.2,78.9,10434306,2078944409.6,,199.24,EQ
10-10-2007,207.9,215.2,201.5,212.5,212.5,215.2,78.9,10570909,2227775845.1,,210.75,EQ
11-10-2007,212.9,230.9,212.5,224.55,229.5,230.9,78.9,6966198,1533453962.4,,220.13,EQ
12-10-2007,225.0,238.0,220.0,223.75,225.0,238.0,78.9,11853727,2709717225.35,,228.6,EQ
15-10-2007,227.7,268.0,225.0,259.05,260.7,268.0,78.9,28199620,6891719752.5,,244.39,EQ
16-10-2007,257.0,266.7,246.0,252.4,252.9,268.0,78.9,26238790,6703427066.6,,255.48,EQ
17-10-2007,240.0,260.7,211.0,247.45,245.6,268.0,78.9,14943477,3681107431.4,,246.34,EQ
18-10-2007,249.4,260.25,221.1,231.8,225.5,268.0,78.9,14212723,3543256146.55,,249.3,EQ
19-10-2007,231.0,238.0,216.0,222.55,221.0,268.0,78.9,18002949,4026125604.75,,223.64,EQ
22-10-2007,218.0,223.7,205.55,213.6,214.75,268.0,78.9,17416331,3716298757.5,,213.38,EQ
23-10-2007,219.8,238.7,219.05,236.5,237.3,268.0,78.9,21572238,4930456179.25,,228.56,EQ
24-10-2007,239.4,253.2,239.0,243.45,243.2,268.0,78.9,18503532,4547308396.65,,245.75,EQ
25-10-2007,245.0,255.95,241.2,251.15,250.0,268.0,78.9,18046258,4533241316.35,,251.2,EQ
26-10-2007,254.4,269.6,246.5,262.9,262.3,269.6,78.9,19091084,4994204851.0,,261.6,EQ
29-10-2007,266.0,279.6,262.0,276.4,275.35,279.6,78.9,17033345,4612822541.6,,270.81,EQ
30-10-2007,276.0,280.0,257.5,261.0,262.4,280.0,78.9,14206578,3821699144.9,,269.01,EQ
31-10-2007,261.0,267.4,256.6,261.0,259.8,280.0,78.9,11285560,2952494062.65,,261.62,EQ
01-11-2007,264.5,272.0,252.6,258.3,257.3,280.0,78.9,15676043,4118504152.6,,262.73,EQ
02-11-2007,240.0,262.9,240.0,260.05,259.7,280.0,78.9,7764009,1998623996.6,,257.42,EQ
05-11-2007,257.0,262.5,254.1,255.65,256.05,280.0,78.9,5867607,1517974617.2,,258.7,EQ
06-11-2007,258.0,263.95,250.55,252.65,253.5,280.0,78.9,5847250,1509507230.55,,258.16,EQ
07-11-2007,256.0,260.0,245.05,251.3,249.9,280.0,78.9,7764229,1953716267.0,,251.63,EQ
08-11-2007,246.1,248.5,240.1,243.35,244.25,280.0,78.9,5527281,1348872241.8,,244.04,EQ
09-11-2007,245.5,250.0,234.0,239.05,234.9,280.0,78.9,1097806,264811101.95,,241.22,EQ
12-11-2007,234.5,247.5,225.25,244.45,244.35,280.0,78.9,11670727,2729354888.3,,233.86,EQ
13-11-2007,249.0,254.45,239.15,249.4,249.75,280.0,78.9,12741343,3157506534.4,,247.82,EQ
14-11-2007,256.0,267.0,255.0,264.45,264.4,280.0,78.9,9775905,2564878655.2,,262.37,EQ
15-11-2007,265.0,268.9,258.65,266.2,265.6,280.0,78.9,7418518,1969041056.45,,265.42,EQ
16-11-2007,264.9,265.6,246.65,262.45,262.75,280.0,78.9,3981912,1044867224.15,,262.4,EQ
19-11-2007,263.0,267.2,261.0,262.3,262.0,280.0,78.9,3851004,1017245784.55,,264.15,EQ
20-11-2007,260.9,273.0,257.0,263.0,263.0,280.0,78.9,10622007,2832748008.4,,266.69,EQ
21-11-2007,266.0,266.0,238.5,247.0,250.0,280.0,78.9,9151436,2336578522.45,,255.32,EQ
22-11-2007,248.9,254.9,236.0,246.6,251.0,280.0,78.9,8250640,2017257250.6,,244.5,EQ
23-11-2007,257.0,257.0,245.15,251.75,251.5,280.0,78.9,5655499,1418706109.3,,250.85,EQ
26-11-2007,254.95,268.85,254.95,265.25,268.2,280.0,78.9,8677223,2264888949.8,,261.02,EQ
27-11-2007,266.0,272.45,261.1,264.0,264.25,280.0,78.9,10220733,2731993964.7,,267.3,EQ
28-11-2007,269.0,269.0,249.15,251.6,250.0,280.0,78.9,6162731,1589066322.25,,257.85,EQ
29-11-2007,260.0,260.0,246.3,250.5,252.5,280.0,78.9,7446492,1889376037.05,,253.73,EQ
30-11-2007,255.0,259.95,251.15,258.6,258.5,280.0,78.9,6735490,1731250852.05,,257.03,EQ
03-12-2007,264.0,266.9,260.65,262.7,262.55,280.0,78.9,4731621,1248788953.05,,263.92,EQ
04-12-2007,264.95,287.85,262.5,285.0,284.15,287.85,78.9,20417605,5655581820.45,,277.0,EQ
05-12-2007,289.9,291.0,280.1,287.6,286.0,291.0,78.9,14740464,4228044444.8,,286.83,EQ
06-12-2007,289.0,293.0,277.35,279.95,279.15,293.0,78.9,7436933,2122749990.5,,285.43,EQ
07-12-2007,282.0,284.0,264.4,273.6,273.7,293.0,78.9,12479103,3397842189.2,,272.28,EQ
10-12-2007,276.9,276.9,266.15,270.8,270.2,293.0,78.9,11161460,3013368146.55,,269.98,EQ
11-12-2007,271.0,281.5,271.0,277.2,276.1,293.0,78.9,10231161,2835642429.6,,277.16,EQ
12-12-2007,274.0,289.9,269.05,287.75,288.0,293.0,78.9,12453505,3512199853.25,,282.03,EQ
13-12-2007,289.9,292.9,281.35,285.3,284.1,293.0,78.9,10413633,2997449376.75,,287.84,EQ
14-12-2007,286.0,287.65,276.6,280.15,279.05,293.0,78.9,8969903,2535935459.9,,282.72,EQ
17-12-2007,279.4,279.4,255.0,259.0,259.6,293.0,80.8,8689345,2323344990.4,,267.38,EQ
18-12-2007,260.0,267.85,256.15,259.75,261.0,293.0,80.8,9673273,2530042602.85,,261.55,EQ
19-12-2007,266.7,266.7,250.0,259.05,263.0,293.0,80.8,6270115,1628736545.75,,259.76,EQ
20-12-2007,263.0,271.35,255.75,264.5,263.5,293.0,80.8,10123188,2660945587.9,,262.86,EQ
24-12-2007,269.7,271.5,265.0,268.75,267.85,293.0,82.3,10885466,2925763266.1,,268.78,EQ
26-12-2007,269.6,273.45,269.0,270.15,269.5,293.0,82.3,7816804,2119837541.6,,271.19,EQ
27-12-2007,272.0,275.95,270.15,273.2,273.4,293.0,82.3,17738543,4846751765.6,,273.23,EQ
28-12-2007,272.4,281.4,269.1,280.05,280.0,293.0,82.3,7134778,1977397047.55,,277.15,EQ
31-12-2007,282.9,286.4,280.5,284.55,282.5,293.0,82.45,7394535,2096752653.7,,283.55,EQ
01-01-2008,284.7,290.4,278.65,281.1,281.5,293.0,82.45,5592334,1593867987.55,,285.01,EQ
02-01-2008,284.5,284.7,272.5,279.85,279.5,293.0,82.45,7352107,2043401656.45,,277.93,EQ
03-01-2008,280.1,281.5,269.4,270.65,269.55,293.0,82.45,10989661,3014363787.55,,274.29,EQ
04-01-2008,272.0,278.9,272.0,274.6,273.6,293.0,82.45,5931061,1630900655.0,,274.98,EQ
07-01-2008,270.0,274.0,261.6,270.7,270.95,293.0,82.45,5232084,1418296011.7,,271.08,EQ
08-01-2008,276.0,277.0,260.35,263.35,263.8,293.0,82.45,6855532,1822398562.45,,265.83,EQ
09-01-2008,264.25,269.5,259.5,261.3,261.7,293.0,82.45,7178620,1895317433.4,,264.02,EQ
10-01-2008,262.0,264.9,246.05,248.85,250.0,293.0,82.45,8402795,2149426426.85,,255.8,EQ
11-01-2008,250.85,253.45,242.1,249.95,249.95,293.0,82.45,7286494,1806151138.4,,247.88,EQ
14-01-2008,250.0,255.0,245.6,248.25,248.2,293.0,90.9,6660724,1661955462.4,,249.52,EQ
15-01-2008,250.85,250.85,240.0,242.05,240.65,293.0,90.9,7914231,1943885746.95,,245.62,EQ
16-01-2008,242.0,247.45,235.2,245.6,245.55,293.0,90.9,5628166,1352226771.85,,240.26,EQ
17-01-2008,248.4,252.0,241.05,244.3,244.05,293.0,90.9,5716299,1412872978.5,,247.17,EQ
18-01-2008,243.0,248.9,230.25,233.9,233.0,293.0,90.9,6597924,1599710998.25,,242.46,EQ
21-01-2008,232.0,232.0,179.0,203.5,197.1,293.0,91.25,15839427,3293386261.1,,207.92,EQ
22-01-2008,198.0,200.5,165.0,193.55,189.0,293.0,91.25,10792731,1945264758.6,,180.24,EQ
23-01-2008,200.0,223.8,188.0,218.2,220.0,293.0,91.25,9553851,2009745530.15,,210.36,EQ
24-01-2008,225.0,225.4,196.6,200.6,202.9,293.0,91.25,9284516,1945634417.65,,209.56,EQ
25-01-2008,208.5,233.75,204.5,230.7,229.75,293.0,91.25,6513533,1428336570.9,,219.29,EQ
28-01-2008,216.5,221.0,205.0,216.8,215.85,293.0,91.25,7597702,1616340948.45,,212.74,EQ
29-01-2008,219.2,225.0,211.0,216.3,215.5,293.0,91.25,7753845,1692063762.95,,218.22,EQ
30-01-2008,218.0,225.0,214.0,219.55,218.3,293.0,91.25,10915612,2417830833.65,,221.5,EQ
31-01-2008,226.0,226.0,211.6,214.8,215.0,293.0,91.25,8036758,1744054840.95,,217.01,EQ
01-02-2008,223.85,227.0,211.75,225.45,225.5,293.0,91.25,9999260,2210979072.35,,221.11,EQ
04-02-2008,229.9,235.7,225.5,230.4,231.45,293.0,91.25,8852031,2049293771.05,,231.51,EQ
05-02-2008,229.4,235.0,225.35,232.65,232.0,293.0,91.25,6667714,1535392940.65,,230.27,EQ
06-02-2008,224.0,228.0,214.0,221.35,220.15,293.0,91.25,5777160,1291146668.45,,223.49,EQ
07-02-2008,221.9,224.9,206.1,210.6,209.15,293.0,91.25,6194596,1331407333.3,,214.93,EQ
08-02-2008,211.0,213.85,195.0,200.95,198.1,293.0,91.25,9445958,1900707687.25,,201.22,EQ
11-02-2008,199.0,199.0,180.1,184.85,182.0,293.0,91.25,7727557,1456376199.85,,188.47,EQ
12-02-2008,214.0,214.0,185.0,187.4,187.5,293.0,91.25,5679580,1085390134.95,,191.1,EQ
13-02-2008,185.05,201.5,185.05,198.85,200.9,293.0,91.25,6776221,1317064749.6,,194.37,EQ
14-02-2008,203.0,215.0,203.0,214.15,213.7,293.0,91.25,5532081,1158019318.25,,209.33,EQ
15-02-2008,212.4,223.0,205.05,220.8,218.75,293.0,91.25,8464980,1828803426.55,,216.04,EQ
18-02-2008,228.8,228.8,216.8,223.05,222.8,293.0,91.25,6709405,1492434778.25,,222.44,EQ
19-02-2008,225.1,234.7,225.1,230.5,228.8,293.0,91.25,9528410,2193103457.15,,230.16,EQ
20-02-2008,229.0,233.5,218.55,223.35,223.6,293.0,91.25,13816151,3104658474.6,,224.71,EQ
21-02-2008,225.0,239.45,225.0,236.9,237.15,293.0,91.25,13041620,3052352549.1,,234.05,EQ
22-02-2008,234.0,242.9,230.4,238.65,236.3,293.0,91.25,11708390,2804170914.9,,239.5,EQ
25-02-2008,240.0,242.9,231.6,239.35,239.3,293.0,91.25,7716482,1838947018.1,,238.31,EQ
26-02-2008,240.0,248.3,239.55,246.6,246.0,293.0,91.25,10486765,2572181954.35,,245.28,EQ
27-02-2008,250.0,252.0,242.5,243.95,242.9,293.0,91.25,7925664,1970260669.8,,248.59,EQ
28-02-2008,240.0,254.5,238.0,253.15,254.05,293.0,91.25,8476246,2108291243.3,,248.73,EQ
29-02-2008,253.0,263.0,241.15,254.45,250.0,293.0,91.25,27504150,6938088287.1,,252.26,EQ
03-03-2008,244.8,250.0,228.5,230.75,228.5,293.0,91.25,11733815,2837188830.95,,241.8,EQ
04-03-2008,230.0,237.45,223.75,229.2,230.3,293.0,91.25,14318865,3307399212.4,,230.98,EQ
05-03-2008,229.65,234.7,225.55,232.85,232.8,293.0,91.25,9406533,2182959548.95,,232.07,EQ
07-03-2008,223.0,235.7,223.0,232.35,233.5,293.0,91.25,10994227,2521004006.5,,229.3,EQ
10-03-2008,229.9,239.2,222.0,237.15,236.15,293.0,97.1,13008807,2993763509.75,,230.13,EQ
11-03-2008,233.6,240.3,231.15,233.35,232.15,293.0,97.1,15967713,3758075314.75,,235.35,EQ
12-03-2008,235.0,240.0,216.0,218.25,216.3,293.0,97.1,16899093,3804956987.25,,225.16,EQ
13-03-2008,212.15,213.9,192.0,194.75,192.7,293.0,97.1,21496187,4334602222.7,,201.65,EQ
14-03-2008,195.5,204.6,188.2,202.1,203.8,293.0,97.1,20651838,4095212274.3,,198.3,EQ
17-03-2008,199.0,199.0,185.65,188.8,187.2,293.0,102.2,9073873,1724693387.05,,190.07,EQ
18-03-2008,188.2,196.8,181.15,189.65,190.45,293.0,102.2,12029578,2290366492.05,,190.39,EQ
19-03-2008,195.8,202.7,194.0,198.05,200.35,293.0,102.2,13907738,2762262769.8,,198.61,EQ
24-03-2008,202.25,202.25,183.25,186.55,187.5,293.0,103.6,10590228,2010322270.9,,189.83,EQ
25-03-2008,190.0,201.9,190.0,199.95,200.1,293.0,103.6,7791557,1538946654.2,,197.51,EQ
26-03-2008,200.5,206.0,190.1,201.05,198.85,293.0,103.6,12391841,2499976987.7,,201.74,EQ
27-03-2008,197.0,204.25,195.65,198.95,198.55,293.0,103.6,13345021,2680995158.15,,200.9,EQ
28-03-2008,199.9,203.35,190.5,197.4,197.9,293.0,103.6,38733808,7622236381.6,,196.79,EQ
31-03-2008,195.1,197.0,182.0,185.3,183.0,293.0,106.05,14296316,2703552663.2,,189.11,EQ
01-04-2008,187.0,189.95,172.0,174.55,174.3,293.0,106.05,15099979,2683100256.3,,177.69,EQ
02-04-2008,179.0,181.5,166.65,167.9,167.95,293.0,106.05,12559667,2176849508.1,,173.32,EQ
03-04-2008,172.85,172.85,162.6,169.25,169.35,293.0,106.05,18558541,3137743814.25,,169.07,EQ
04-04-2008,170.0,172.9,163.05,164.35,164.8,293.0,106.05,13762769,2306794953.15,,167.61,EQ
07-04-2008,165.0,170.65,160.75,168.05,167.85,293.0,115.5,14772917,2451192248.5,,165.92,EQ
08-04-2008,162.55,169.9,156.2,157.05,157.2,293.0,115.5,15241343,2442267140.8,,160.24,EQ
09-04-2008,157.1,161.0,152.3,157.25,157.2,293.0,115.5,19599897,3073870664.3,,156.83,EQ
10-04-2008,156.2,164.0,156.05,160.7,160.1,293.0,115.5,17787348,2848656238.0,,160.15,EQ
11-04-2008,162.0,163.7,156.6,162.15,162.25,293.0,115.5,16758562,2697070061.65,,160.94,EQ
15-04-2008,162.0,162.45,156.55,159.85,160.15,293.0,122.65,14391119,2301143127.15,,159.9,EQ
16-04-2008,160.5,166.0,160.5,162.05,162.3,293.0,122.65,13428609,2201005053.95,,163.9,EQ
17-04-2008,163.45,172.4,162.15,170.6,169.5,293.0,122.65,21222160,3582493342.95,,168.81,EQ
21-04-2008,172.0,179.25,172.0,178.55,178.55,293.0,123.0,11196540,1982989779.75,,177.11,EQ
22-04-2008,177.0,185.0,176.0,184.05,184.0,293.0,123.0,12252555,2227640818.1,,181.81,EQ
23-04-2008,184.0,184.0,171.1,173.8,173.2,293.0,123.0,18916178,3309604295.55,,174.96,EQ
24-04-2008,174.5,177.8,173.3,174.65,174.5,293.0,123.0,13125446,2301163421.6,,175.32,EQ
25-04-2008,175.3,178.4,173.5,177.2,177.15,293.0,123.0,7114622,1253785803.95,,176.23,EQ
28-04-2008,177.2,180.8,174.55,175.8,176.0,293.0,123.0,5490064,974028069.1,,177.42,EQ
29-04-2008,176.0,180.95,175.15,179.3,179.2,293.0,123.0,8611556,1536228161.1,,178.39,EQ
30-04-2008,179.0,186.6,178.35,184.95,183.5,293.0,123.0,11332950,2084250997.4,,183.91,EQ
02-05-2008,185.45,188.0,180.65,183.2,183.75,293.0,123.0,8925512,1634752973.65,,183.16,EQ
05-05-2008,186.9,186.9,181.15,182.0,181.4,293.0,123.0,8404807,1541603359.95,,183.42,EQ
06-05-2008,181.05,186.0,177.65,179.5,179.1,293.0,123.0,8159958,1483691121.95,,181.83,EQ
07-05-2008,179.0,181.85,171.75,173.0,173.0,293.0,123.0,9786623,1724212650.65,,176.18,EQ
08-05-2008,170.0,171.9,165.1,169.6,169.8,293.0,123.0,9024223,1529196664.05,,169.45,EQ
09-05-2008,168.6,169.4,165.2,166.6,166.4,293.0,123.0,9712340,1626166870.65,,167.43,EQ
12-05-2008,165.0,170.7,157.85,169.45,170.1,293.0,123.0,11792379,1930906554.25,,163.74,EQ
13-05-2008,171.5,174.7,165.6,168.9,166.95,293.0,123.0,12720417,2178255421.7,,171.24,EQ
14-05-2008,168.0,173.0,164.5,170.25,169.6,293.0,123.0,14489907,2449583669.15,,169.05,EQ
15-05-2008,169.0,176.4,169.0,173.25,173.1,293.0,123.0,11224405,1947892942.15,,173.54,EQ
16-05-2008,175.5,189.35,172.6,186.35,187.1,293.0,123.0,27704976,5000203345.65,,180.48,EQ
20-05-2008,185.95,190.95,180.65,183.9,183.15,293.0,123.0,26129776,4835410746.05,,185.05,EQ
21-05-2008,181.0,184.0,179.6,182.4,181.55,293.0,123.0,15419148,2805770748.25,,181.97,EQ
22-05-2008,180.9,180.9,175.1,175.75,175.75,293.0,123.0,7916324,1399965680.4,,176.85,EQ
23-05-2008,177.0,178.0,171.25,172.6,172.35,293.0,123.0,7940926,1378983713.35,,173.66,EQ
26-05-2008,171.0,171.0,166.0,166.8,166.8,293.0,123.0,7005629,1173443577.8,,167.5,EQ
27-05-2008,168.7,169.8,163.2,165.85,166.3,293.0,123.0,8553342,1421786153.1,,166.23,EQ
28-05-2008,165.85,167.65,161.4,165.6,166.45,293.0,123.0,10467994,1722531192.4,,164.55,EQ
29-05-2008,168.0,168.5,159.0,160.95,161.05,293.0,123.0,12783025,2091316173.2,,163.6,EQ
30-05-2008,162.9,165.8,155.6,162.0,164.75,293.0,123.0,14661285,2367643243.85,,161.49,EQ
02-06-2008,163.65,166.45,152.0,153.6,152.9,293.0,123.0,10861218,1729100827.05,,159.2,EQ
03-06-2008,151.0,158.4,148.55,155.9,155.6,293.0,123.0,13974298,2153435360.05,,154.1,EQ
04-06-2008,156.3,158.0,151.2,154.05,155.0,293.0,123.0,10203623,1580877124.65,,154.93,EQ
05-06-2008,152.2,158.25,151.3,157.1,157.05,293.0,123.0,7051646,1092779268.8,,154.97,EQ
06-06-2008,158.85,159.4,152.15,153.55,153.0,293.0,123.0,6862260,1058168304.95,,154.2,EQ
09-06-2008,148.0,155.5,146.5,153.95,153.6,293.0,125.0,9725690,1473988684.75,,151.56,EQ
10-06-2008,153.0,159.0,151.5,157.75,158.5,293.0,125.0,10114290,1572060427.85,,155.43,EQ
11-06-2008,159.05,166.0,152.1,163.85,164.5,293.0,125.0,12930702,2111915402.8,,163.33,EQ
12-06-2008,160.2,163.45,158.5,162.7,162.85,293.0,125.0,6005677,965485788.75,,160.76,EQ
13-06-2008,164.8,164.8,156.65,159.2,158.0,293.0,125.0,6860406,1094487485.7,,159.54,EQ
16-06-2008,161.15,164.2,160.3,162.9,163.0,293.0,128.1,5065754,823626310.7,,162.59,EQ
17-06-2008,162.9,168.3,161.1,167.2,166.65,293.0,128.1,6887841,1129699139.1,,164.01,EQ
18-06-2008,168.4,170.4,161.55,162.45,162.0,293.0,128.1,9838128,1640586312.15,,166.76,EQ
19-06-2008,159.8,163.0,158.25,159.5,159.0,293.0,128.1,6010316,961646825.5,,160.0,EQ
20-06-2008,160.2,161.5,152.55,154.15,154.75,293.0,128.1,5908046,918731958.0,,155.51,EQ
23-06-2008,151.0,155.45,145.25,147.2,146.75,293.0,128.1,9449781,1416241790.0,,149.87,EQ
24-06-2008,146.8,149.95,145.15,146.15,145.5,293.0,128.1,7141225,1053446853.9,,147.52,EQ
25-06-2008,143.85,151.9,143.25,150.85,150.1,293.0,128.1,6781805,1013103338.45,,149.39,EQ
26-06-2008,151.35,155.95,146.65,154.65,154.1,293.0,128.1,11803495,1789619870.55,,151.62,EQ
27-06-2008,145.1,151.0,143.35,144.2,143.7,293.0,128.1,10331147,1516191588.55,,146.76,EQ
30-06-2008,144.2,145.65,136.6,139.5,139.0,293.0,128.1,9734651,1365436862.1,,140.27,EQ
01-07-2008,139.0,143.9,136.1,137.95,137.35,293.0,128.1,7036319,981919020.55,,139.55,EQ
02-07-2008,139.0,144.0,132.0,141.95,143.6,293.0,128.1,8096954,1120914449.65,,138.44,EQ
03-07-2008,137.0,141.95,125.2,128.45,125.4,293.0,125.2,9579189,1252000129.95,,130.7,EQ
04-07-2008,126.5,130.85,123.55,127.85,128.1,293.0,123.55,10273366,1306817566.8,,127.2,EQ
07-07-2008,129.5,134.7,129.0,130.05,129.9,293.0,123.55,6159250,813734870.35,,132.12,EQ
08-07-2008,128.05,129.7,125.9,127.7,127.4,293.0,123.55,4290856,548726294.65,,127.88,EQ
09-07-2008,130.05,136.25,130.05,135.5,136.2,293.0,123.55,4817498,646249653.75,,134.15,EQ
10-07-2008,134.9,141.6,133.5,139.8,139.7,293.0,123.55,5368470,745597444.05,,138.88,EQ
11-07-2008,140.0,143.75,134.6,136.3,137.2,293.0,123.55,6750775,937001117.6,,138.8,EQ
14-07-2008,135.15,147.3,134.6,139.2,140.0,293.0,123.55,10536882,1491519333.35,,141.55,EQ
15-07-2008,138.0,138.0,130.25,132.45,132.0,293.0,123.55,5004364,670179667.8,,133.92,EQ
16-07-2008,133.0,135.85,125.15,127.05,128.55,293.0,123.55,7058255,925227393.45,,131.08,EQ
17-07-2008,131.55,134.2,117.35,120.05,119.6,293.0,117.35,16402160,1997399362.95,,121.78,EQ
18-07-2008,120.5,126.0,117.6,123.2,122.6,293.0,117.35,12371692,1497357286.0,,121.03,EQ
21-07-2008,124.8,128.05,121.3,125.0,124.6,293.0,117.35,9627584,1205434625.35,,125.21,EQ
22-07-2008,125.0,136.9,125.0,134.25,134.75,293.0,117.35,16735568,2235455163.45,,133.58,EQ
23-07-2008,137.55,147.9,136.05,145.8,147.0,293.0,117.35,13332421,1921829052.25,,144.15,EQ
24-07-2008,149.1,150.0,138.6,142.2,142.1,293.0,117.35,8085871,1156724638.95,,143.06,EQ
25-07-2008,137.65,146.7,137.15,139.2,139.55,293.0,117.35,9693916,1379672329.45,,142.32,EQ
28-07-2008,139.75,144.0,135.7,137.05,137.0,293.0,117.35,5053664,694307338.75,,137.39,EQ
29-07-2008,136.0,136.0,129.35,131.3,130.75,293.0,117.35,5631301,739413084.75,,131.3,EQ
30-07-2008,132.15,136.7,132.15,135.85,136.55,293.0,117.35,5971011,810730012.8,,135.78,EQ
31-07-2008,137.0,141.9,133.5,140.65,140.0,293.0,117.35,11121386,1545721323.2,,138.99,EQ
01-08-2008,139.0,145.0,136.3,144.5,144.25,293.0,117.35,11183464,1593615123.25,,142.5,EQ
04-08-2008,144.0,152.5,142.1,150.85,150.55,293.0,117.35,14311529,2116800257.65,,147.91,EQ
05-08-2008,154.9,160.0,146.25,151.15,151.8,293.0,117.35,20068137,3003313241.5,,149.66,EQ
06-08-2008,153.5,156.4,145.3,146.2,146.0,293.0,117.35,10550486,1583371884.35,,150.08,EQ
07-08-2008,144.0,150.5,143.0,146.85,146.75,293.0,117.35,9779611,1443334092.15,,147.59,EQ
08-08-2008,145.75,148.8,144.1,145.7,145.35,293.0,117.35,5216663,761622907.4,,146.0,EQ
11-08-2008,146.0,148.9,145.0,146.6,146.4,293.0,117.35,6431391,942986693.05,,146.62,EQ
12-08-2008,146.5,148.0,140.7,143.45,144.0,293.0,117.35,8781761,1265308410.0,,144.08,EQ
13-08-2008,142.1,149.0,141.6,144.05,144.55,293.0,117.35,5305222,768770438.2,,144.91,EQ
14-08-2008,146.0,146.3,142.5,143.4,143.65,293.0,117.35,5025385,726133454.95,,144.49,EQ
18-08-2008,143.4,145.0,138.25,139.65,139.05,293.0,117.35,3824895,537257553.0,,140.46,EQ
19-08-2008,138.8,143.25,137.9,140.3,140.45,293.0,117.35,7353136,1035797724.55,,140.86,EQ
20-08-2008,142.7,149.7,140.85,148.25,148.0,293.0,117.35,10028878,1467335666.85,,146.31,EQ
21-08-2008,147.9,149.65,143.2,144.25,143.8,293.0,117.35,8689923,1274944869.45,,146.72,EQ
22-08-2008,142.5,151.0,142.5,150.2,151.0,293.0,117.35,9834635,1460698288.3,,148.53,EQ
25-08-2008,153.5,154.95,149.45,150.65,151.2,293.0,117.35,9167975,1397859005.3,,152.47,EQ
26-08-2008,148.3,150.95,145.0,149.7,149.45,293.0,117.35,6848140,1020204248.9,,148.98,EQ
27-08-2008,154.0,154.0,149.7,152.0,152.9,293.0,117.35,9044566,1376845040.4,,152.23,EQ
28-08-2008,150.0,152.75,146.95,149.0,147.35,293.0,117.35,10124311,1523770151.5,,150.51,EQ
29-08-2008,150.1,158.3,150.1,156.1,155.7,293.0,117.35,10870964,1672911987.25,,153.89,EQ
01-09-2008,154.9,155.9,150.0,154.05,154.75,293.0,117.35,6550199,1000539668.75,,152.75,EQ
02-09-2008,155.0,159.4,152.0,154.55,153.8,293.0,117.35,8335242,1294783595.5,,155.34,EQ
04-09-2008,153.4,153.5,148.5,150.5,150.5,293.0,117.35,4814186,722591126.05,,150.1,EQ
05-09-2008,149.0,149.0,144.5,146.15,146.45,293.0,117.35,8649841,1268603426.5,,146.66,EQ
08-09-2008,149.4,153.8,148.6,150.6,151.15,293.0,117.35,3662495,552456191.0,,150.84,EQ
09-09-2008,149.95,151.85,148.05,149.55,149.5,293.0,117.35,4717228,707657989.55,,150.02,EQ
10-09-2008,147.0,148.8,138.25,139.2,139.3,293.0,117.35,12023360,1714032929.95,,142.56,EQ
11-09-2008,137.8,139.3,135.0,135.7,135.8,293.0,117.35,7906420,1082184838.25,,136.87,EQ
12-09-2008,136.3,142.3,136.05,140.05,139.1,293.0,117.35,10303408,1438312271.95,,139.6,EQ
15-09-2008,137.8,138.4,131.2,136.4,135.8,293.0,117.35,7276812,983881892.4,,135.21,EQ
16-09-2008,134.0,138.6,131.5,137.2,136.5,293.0,117.35,7750717,1051120385.7,,135.62,EQ
17-09-2008,137.0,139.0,132.3,135.25,135.15,293.0,117.35,7232279,973494333.65,,134.6,EQ
18-09-2008,130.0,139.0,128.5,137.75,138.9,293.0,117.35,6363310,857627647.7,,134.78,EQ
19-09-2008,139.9,149.2,138.8,147.7,148.75,293.0,117.35,7621197,1092123349.9,,143.3,EQ
22-09-2008,147.2,149.8,143.0,144.2,143.0,293.0,117.35,5442500,796686534.95,,146.38,EQ
23-09-2008,141.1,147.2,141.0,142.05,142.3,293.0,117.35,4918059,711836832.6,,144.74,EQ
24-09-2008,145.0,145.0,140.4,142.3,142.5,293.0,117.35,5197639,740660052.3,,142.5,EQ
25-09-2008,142.3,143.55,137.35,142.1,141.7,293.0,117.35,8322338,1175339909.3,,141.23,EQ
26-09-2008,141.4,141.4,132.8,133.35,133.0,293.0,117.35,7735590,1049097002.1,,135.62,EQ
29-09-2008,134.9,137.4,130.0,134.1,132.8,293.0,117.35,8210607,1096255940.8,,133.52,EQ
30-09-2008,130.0,133.4,110.0,127.7,126.25,293.0,110.0,12961546,1661026573.45,,128.15,EQ
01-10-2008,127.0,129.6,122.6,123.45,123.15,293.0,110.0,12760273,1616129036.45,,126.65,EQ
03-10-2008,122.1,122.1,112.6,114.6,115.0,293.0,110.0,12960180,1493984442.65,,115.27,EQ
06-10-2008,113.45,113.45,108.5,109.4,110.0,293.0,108.5,7655886,845704812.3,,110.46,EQ
07-10-2008,110.35,116.5,110.1,114.75,116.0,293.0,108.5,8451407,958986028.7,,113.47,EQ
08-10-2008,112.5,118.8,105.05,116.6,118.15,293.0,105.05,7486813,831610697.15,,111.08,EQ
10-10-2008,106.9,116.5,104.5,108.2,107.6,293.0,104.5,8586003,952338001.15,,110.92,EQ
13-10-2008,110.0,120.0,109.55,114.4,114.45,293.0,104.5,9137980,1065197605.9,,116.57,EQ
14-10-2008,118.0,119.6,106.3,107.45,107.35,293.0,104.5,7298815,821266139.05,,112.52,EQ
15-10-2008,105.75,107.35,102.1,104.15,104.5,293.0,102.1,8634820,903189736.8,,104.6,EQ
16-10-2008,100.0,107.9,96.1,106.0,106.4,293.0,96.1,9241539,935665681.25,,101.25,EQ
17-10-2008,106.5,109.5,100.0,101.05,100.7,293.0,96.1,7596145,794932684.5,,104.65,EQ
20-10-2008,103.15,109.7,101.15,107.75,108.75,293.0,96.1,7771801,820818913.45,,105.62,EQ
21-10-2008,115.9,115.9,101.3,105.25,105.65,293.0,96.1,10221139,1077043285.8,,105.37,EQ
22-10-2008,105.0,105.0,96.3,97.55,97.1,293.0,96.1,9879175,979572412.45,,99.16,EQ
23-10-2008,92.0,95.5,80.6,83.5,85.3,293.0,80.6,11210202,1009876588.5,,90.09,EQ
24-10-2008,83.45,85.75,72.0,74.6,73.4,293.0,72.0,7813622,618822339.4,,79.2,EQ
27-10-2008,72.3,80.0,61.7,77.4,77.1,293.0,61.7,9056785,632274434.25,,69.81,EQ
28-10-2008,82.0,83.5,79.4,80.7,80.5,293.0,61.7,1233372,99435558.7,,80.62,EQ
29-10-2008,84.0,87.4,76.65,85.3,87.0,293.0,61.7,10896609,889051899.5,,81.59,EQ
31-10-2008,87.1,91.9,80.3,84.6,87.2,293.0,61.7,10582497,907045982.7,,85.71,EQ
03-11-2008,88.5,91.75,86.35,90.5,90.0,293.0,61.7,8657144,766006707.65,,88.48,EQ
04-11-2008,89.0,99.4,87.0,98.25,98.55,293.0,61.7,10818716,996008998.1,,92.06,EQ
05-11-2008,100.0,102.8,84.6,86.05,84.8,293.0,61.7,10186828,937578403.45,,92.04,EQ
06-11-2008,81.0,84.8,77.6,80.2,81.0,293.0,61.7,9899858,799387228.75,,80.75,EQ
07-11-2008,82.0,85.6,77.5,84.35,84.75,293.0,61.7,10989922,908413339.45,,82.66,EQ
10-11-2008,87.8,91.25,85.2,88.45,89.3,293.0,61.7,21402506,1894278762.15,,88.51,EQ
11-11-2008,88.0,89.1,77.0,78.4,77.45,293.0,61.7,12419895,1026532479.3,,82.65,EQ
12-11-2008,76.55,79.0,70.15,71.6,71.75,293.0,61.7,17093645,1263163989.6,,73.9,EQ
14-11-2008,73.0,75.0,67.5,68.5,69.95,293.0,61.7,21778965,1518314254.85,,69.71,EQ
17-11-2008,69.05,70.65,61.2,65.65,65.4,293.0,61.2,17529988,1133980155.4,,64.69,EQ
18-11-2008,65.0,68.4,60.5,61.3,61.25,293.0,60.5,26207709,1674441636.35,,63.89,EQ
19-11-2008,62.5,64.5,58.05,58.95,59.25,293.0,58.05,19132332,1165595231.2,,60.92,EQ
20-11-2008,59.0,60.0,55.25,58.6,59.25,293.0,55.25,10482309,605820911.9,,57.79,EQ
21-11-2008,58.15,64.1,58.15,62.9,64.0,293.0,55.25,12935304,789824055.55,,61.06,EQ
24-11-2008,62.75,65.15,58.75,62.0,62.05,293.0,55.25,13245569,822052264.85,,62.06,EQ
25-11-2008,63.1,65.4,62.6,63.55,63.65,293.0,55.25,10375186,662769234.45,,63.88,EQ
26-11-2008,64.85,69.55,63.2,68.7,69.25,293.0,55.25,11960100,788993208.25,,65.97,EQ
28-11-2008,66.6,69.4,66.0,66.65,66.1,293.0,55.25,10508101,703659741.95,,66.96,EQ
01-12-2008,67.3,69.7,63.2,63.95,64.2,293.0,55.25,9619824,643334919.2,,66.88,EQ
02-12-2008,61.15,64.5,61.15,63.75,63.4,293.0,55.25,7162348,448223086.15,,62.58,EQ
03-12-2008,64.55,66.2,62.3,64.75,64.5,293.0,55.25,10086717,653492935.65,,64.79,EQ
04-12-2008,65.9,71.9,63.0,70.45,68.8,293.0,55.25,19350395,1322324047.25,,68.34,EQ
05-12-2008,69.0,72.6,65.6,66.2,66.0,293.0,55.25,15493951,1065690407.8,,68.78,EQ
08-12-2008,67.3,72.3,67.25,68.75,68.65,292.9,55.25,17677935,1239692656.8,,70.13,EQ
10-12-2008,70.0,80.45,69.6,79.55,80.4,292.9,55.25,26293865,2003614161.4,,76.2,EQ
11-12-2008,81.0,83.7,77.3,79.4,79.4,292.9,55.25,18876949,1516806392.6,,80.35,EQ
12-12-2008,75.1,81.6,73.1,80.0,79.5,292.9,55.25,15308173,1180270607.6,,77.1,EQ
15-12-2008,81.0,90.6,80.9,87.0,87.0,290.4,55.25,16260024,1415773865.95,,87.07,EQ
16-12-2008,86.25,89.4,84.0,88.4,88.5,290.4,55.25,20463821,1775606838.75,,86.77,EQ
17-12-2008,90.2,90.2,79.3,80.9,80.0,290.4,55.25,17912516,1505074799.1,,84.02,EQ
18-12-2008,80.15,85.5,78.15,84.9,84.8,290.4,55.25,15279032,1253873717.8,,82.06,EQ
19-12-2008,83.8,87.7,80.8,85.55,85.3,290.4,55.25,15771779,1346030642.7,,85.34,EQ
22-12-2008,88.0,88.0,81.5,82.7,83.4,290.4,55.25,10024713,849709817.15,,84.76,EQ
23-12-2008,82.4,82.45,77.25,77.85,77.6,290.4,55.25,12192112,965597852.65,,79.2,EQ
24-12-2008,74.55,77.5,72.15,73.45,74.75,290.4,55.25,14523937,1081310247.85,,74.45,EQ
26-12-2008,76.0,76.2,69.7,70.5,70.65,290.4,55.25,9141189,666282312.55,,72.89,EQ
29-12-2008,70.4,78.6,68.4,77.85,78.25,290.4,55.25,17846467,1336319495.75,,74.88,EQ
30-12-2008,78.4,80.45,74.5,78.8,77.8,290.4,55.25,13516643,1047540254.55,,77.5,EQ
31-12-2008,79.6,80.0,76.15,77.5,77.35,290.4,55.25,11824698,925431153.65,,78.26,EQ
01-01-2009,78.0,83.25,78.0,82.85,83.15,290.4,55.25,12482956,1015434991.9,,81.35,EQ
02-01-2009,83.8,86.35,82.35,84.1,84.3,290.4,55.25,10988008,929692354.6,,84.61,EQ
05-01-2009,86.0,91.95,82.8,89.85,91.6,277.0,55.25,16940776,1467173515.0,,86.61,EQ
06-01-2009,89.45,95.45,89.2,94.5,95.15,277.0,55.25,23789174,2206437372.6,,92.75,EQ
07-01-2009,95.95,97.05,79.0,86.95,87.5,277.0,55.25,17824328,1629669074.0,,91.43,EQ
09-01-2009,87.0,90.9,77.25,79.55,81.0,277.0,55.25,20866245,1714969346.1,,82.19,EQ
12-01-2009,81.5,81.5,72.05,72.75,72.3,263.0,55.25,12789427,958985990.25,,74.98,EQ
13-01-2009,72.4,76.65,71.0,73.35,74.5,263.0,55.25,11707164,871695726.45,,74.46,EQ
14-01-2009,74.7,78.9,74.7,77.3,77.7,263.0,55.25,10955314,844880575.8,,77.12,EQ
15-01-2009,75.0,75.9,71.65,73.35,73.75,263.0,55.25,9526154,704160880.05,,73.92,EQ
16-01-2009,74.0,80.3,73.7,79.05,79.25,263.0,55.25,11289799,866561444.8,,76.76,EQ
19-01-2009,79.1,83.85,78.5,82.7,82.35,263.0,55.25,10332457,848821255.95,,82.15,EQ
20-01-2009,81.0,81.35,77.35,78.8,78.85,263.0,55.25,10773766,849599836.5,,78.86,EQ
21-01-2009,76.65,77.95,73.2,73.6,73.5,263.0,55.25,12388616,932952498.95,,75.31,EQ
22-01-2009,75.0,75.75,70.5,72.5,72.95,263.0,55.25,11203311,816591662.35,,72.89,EQ
23-01-2009,72.5,74.15,70.05,71.8,71.8,263.0,55.25,11482752,827465858.0,,72.06,EQ
27-01-2009,72.65,76.0,71.65,73.75,74.05,263.0,55.25,13720775,1015033784.4,,73.98,EQ
28-01-2009,74.2,81.85,73.85,80.85,81.05,263.0,55.25,14735900,1151682161.85,,78.15,EQ
29-01-2009,83.75,83.75,77.4,80.0,79.35,263.0,55.25,13335215,1059034490.6,,79.42,EQ
30-01-2009,78.85,83.6,76.7,83.05,82.8,263.0,55.25,13357229,1082757702.8,,81.06,EQ
02-02-2009,81.25,82.65,75.6,76.25,76.05,263.0,55.25,7470099,583010661.75,,78.05,EQ
03-02-2009,77.0,79.4,75.1,76.25,76.1,263.0,55.25,10774843,834197775.1,,77.42,EQ
04-02-2009,77.5,83.95,77.5,79.2,79.35,263.0,55.25,10191964,811009734.35,,79.57,EQ
05-02-2009,80.0,83.95,79.75,82.1,82.9,263.0,55.25,13707382,1131706229.85,,82.56,EQ
06-02-2009,81.05,89.6,81.05,87.9,88.9,263.0,55.25,16213241,1390977290.0,,85.79,EQ
09-02-2009,89.0,92.3,88.1,89.95,89.95,263.0,55.25,17109122,1556253491.8,,90.96,EQ
10-02-2009,89.6,90.4,85.3,86.45,86.3,263.0,55.25,12496162,1091583791.15,,87.35,EQ
11-02-2009,84.0,88.6,84.0,88.05,88.45,263.0,55.25,14396217,1251061034.8,,86.9,EQ
12-02-2009,87.3,90.8,85.65,87.55,87.5,263.0,55.25,11300421,996886659.6,,88.22,EQ
13-02-2009,89.8,92.3,89.0,90.65,89.85,263.0,55.25,9707423,882250786.8,,90.88,EQ
16-02-2009,89.8,91.5,85.6,86.65,86.5,263.0,55.25,10090041,888123960.95,,88.02,EQ
17-02-2009,85.95,85.95,82.0,82.8,82.95,263.0,55.25,8263039,688167492.75,,83.28,EQ
18-02-2009,81.8,84.75,81.0,83.2,83.3,263.0,55.25,11591587,965466867.4,,83.29,EQ
19-02-2009,83.05,85.25,80.15,81.95,82.15,263.0,55.25,10880071,900103995.95,,82.73,EQ
20-02-2009,81.35,81.9,77.7,79.55,80.35,263.0,55.25,7777259,616060503.0,,79.21,EQ
24-02-2009,77.55,78.0,75.0,76.1,75.9,263.0,55.25,10821149,825158422.5,,76.25,EQ
25-02-2009,79.0,79.35,76.1,76.55,76.25,263.0,55.25,7963931,620766446.15,,77.95,EQ
26-02-2009,76.5,78.6,74.5,77.45,77.75,263.0,55.25,9495158,722187037.0,,76.06,EQ
27-02-2009,77.0,78.3,73.05,76.05,75.5,263.0,55.25,13640735,1024077649.25,,75.07,EQ
02-03-2009,74.7,76.8,70.1,71.6,70.45,250.0,55.25,9275245,677267021.35,,73.02,EQ
03-03-2009,73.25,73.9,69.5,70.8,70.8,250.0,55.25,12145373,874145825.6,,71.97,EQ
04-03-2009,72.0,76.9,70.8,75.8,76.75,250.0,55.25,20069928,1490078220.3,,74.24,EQ
05-03-2009,78.0,78.65,73.75,74.8,75.15,250.0,55.25,14414940,1090439023.0,,75.65,EQ
06-03-2009,74.5,77.1,73.55,76.75,77.1,250.0,55.25,9540164,720147815.5,,75.49,EQ
09-03-2009,76.5,76.5,73.4,74.8,74.75,240.3,55.25,6833655,510352041.05,,74.68,EQ
12-03-2009,79.0,79.0,75.75,77.25,76.8,240.3,55.25,6573817,509209841.05,,77.46,EQ
13-03-2009,76.0,82.75,76.0,81.95,82.4,240.3,55.25,10068882,807214424.0,,80.17,EQ
16-03-2009,82.9,84.2,79.3,83.5,83.3,206.0,55.25,14233356,1169210257.1,,82.15,EQ
17-03-2009,84.0,85.75,80.5,81.0,80.95,206.0,55.25,13468930,1114846610.75,,82.77,EQ
18-03-2009,82.0,86.25,82.0,85.35,84.8,206.0,55.25,12662153,1071765390.55,,84.64,EQ
19-03-2009,85.85,86.35,81.7,85.8,85.0,206.0,55.25,12304015,1036717215.45,,84.26,EQ
20-03-2009,86.5,89.0,84.05,88.65,88.9,206.0,55.25,13864877,1209762399.85,,87.25,EQ
23-03-2009,89.95,96.95,89.95,95.5,96.95,206.0,55.25,14943657,1401425048.85,,93.78,EQ
24-03-2009,97.0,99.0,88.85,90.8,89.5,206.0,55.25,21864661,2050670711.65,,93.79,EQ
25-03-2009,92.0,94.9,88.0,94.25,94.7,206.0,55.25,19334210,1778898568.3,,92.01,EQ
26-03-2009,95.5,97.2,94.3,96.15,95.5,206.0,55.25,15070679,1443569703.2,,95.79,EQ
27-03-2009,97.9,103.65,95.5,102.8,103.0,206.0,55.25,21523951,2171391752.0,,100.88,EQ
30-03-2009,103.0,103.0,92.25,93.3,93.0,197.0,55.25,19630661,1889501363.45,,96.25,EQ
31-03-2009,94.1,98.65,93.1,96.45,96.95,197.0,55.25,16581856,1594292529.55,,96.15,EQ
01-04-2009,96.25,99.4,93.75,97.45,97.6,197.0,55.25,16783470,1633691690.55,,97.34,EQ
02-04-2009,98.55,110.4,98.55,107.3,107.5,197.0,55.25,19093647,2018209217.3,,105.7,EQ
06-04-2009,110.0,112.7,106.25,107.4,107.0,190.95,55.25,17256891,1875673201.1,,108.69,EQ
08-04-2009,103.75,111.95,101.65,110.85,110.15,190.95,55.25,15693784,1682846088.95,,107.23,EQ
09-04-2009,112.5,114.0,106.8,110.75,110.8,190.95,55.25,19716031,2180464785.5,,110.59,EQ
13-04-2009,112.5,116.0,112.05,113.8,112.7,190.95,55.25,13293216,1524335301.9,,114.67,EQ
15-04-2009,112.0,119.2,110.2,117.65,118.3,190.95,55.25,18151727,2109614032.55,,116.22,EQ
16-04-2009,118.8,123.45,110.05,111.05,111.45,190.95,55.25,23880649,2788915705.25,,116.79,EQ
17-04-2009,112.1,115.6,105.25,106.85,107.85,190.95,55.25,21110357,2348051191.15,,111.23,EQ
20-04-2009,106.7,110.75,105.95,108.15,109.0,190.95,55.25,17685349,1919033351.05,,108.51,EQ
21-04-2009,106.0,110.9,104.3,109.0,109.6,190.95,55.25,18329059,1984620706.55,,108.28,EQ
22-04-2009,110.75,110.75,105.25,107.25,108.4,190.95,55.25,12719654,1369936597.4,,107.7,EQ
23-04-2009,107.0,116.4,106.5,115.1,116.0,190.95,55.25,15134181,1685868964.2,,111.39,EQ
24-04-2009,115.8,116.9,111.8,115.35,114.8,190.95,55.25,10503781,1203418397.95,,114.57,EQ
27-04-2009,114.0,115.7,110.1,111.9,111.45,190.95,55.25,16743474,1884953395.0,,112.58,EQ
28-04-2009,111.1,113.4,106.5,107.6,108.05,190.95,55.25,16494862,1812347815.35,,109.87,EQ
29-04-2009,109.0,111.85,107.3,109.2,109.0,190.95,55.25,13031157,1423827714.05,,109.26,EQ
04-05-2009,113.0,118.5,112.25,118.0,117.4,190.95,55.25,16121776,1868370849.8,,115.89,EQ
05-05-2009,117.5,120.3,116.65,118.65,117.5,190.95,55.25,15841374,1877280298.7,,118.5,EQ
06-05-2009,119.7,122.45,115.65,116.75,117.05,190.95,55.25,13964802,1667966292.75,,119.44,EQ
07-05-2009,117.25,127.4,117.25,125.55,127.05,190.95,55.25,16810768,2045094492.95,,121.65,EQ
08-05-2009,129.8,129.8,121.8,125.0,124.7,190.95,55.25,18685122,2347651754.4,,125.64,EQ
11-05-2009,124.7,127.15,118.2,120.15,119.0,190.95,55.25,15164279,1857190955.65,,122.47,EQ
12-05-2009,118.0,122.45,115.2,122.05,121.5,190.95,55.25,14943022,1770084428.15,,118.46,EQ
13-05-2009,123.0,123.0,117.1,118.4,118.15,190.95,55.25,10418421,1249026107.75,,119.89,EQ
14-05-2009,116.0,120.35,114.25,118.6,119.0,190.95,55.25,11129630,1314099068.15,,118.07,EQ
15-05-2009,119.8,123.0,119.2,122.25,122.55,190.95,55.25,8883113,1082400957.05,,121.85,EQ
18-05-2009,139.9,158.7,130.15,148.15,146.7,190.95,55.25,51456,7506566.4,,145.88,EQ
19-05-2009,160.0,182.0,140.0,161.8,161.45,190.95,55.25,23007831,3614287170.75,,157.09,EQ
20-05-2009,159.4,170.5,158.15,165.65,164.7,190.95,55.25,14923320,2474683869.85,,165.83,EQ
21-05-2009,165.0,166.85,155.3,157.7,158.1,190.95,55.25,11107355,1799395696.85,,162.0,EQ
22-05-2009,157.0,159.7,153.2,158.45,159.7,190.95,55.25,7317075,1146507171.1,,156.69,EQ
25-05-2009,159.0,163.9,158.0,160.75,160.2,182.0,55.25,6937909,1119167694.95,,161.31,EQ
26-05-2009,161.2,161.7,150.6,152.85,152.3,182.0,55.25,7006271,1095142191.9,,156.31,EQ
27-05-2009,155.0,158.0,150.3,154.25,153.3,182.0,55.25,14057833,2162985219.3,,153.86,EQ
28-05-2009,153.4,170.2,152.7,164.5,170.0,182.0,55.25,30697653,4966884720.7,,161.8,EQ
29-05-2009,170.0,176.8,166.05,172.7,171.25,182.0,55.25,20211682,3486786887.5,,172.51,EQ
01-06-2009,173.5,178.0,171.1,175.1,174.5,182.0,55.25,11854746,2067831985.4,,174.43,EQ
02-06-2009,176.0,183.3,152.0,181.85,181.6,183.3,55.25,17215856,3035169205.4,,176.3,EQ
03-06-2009,184.0,184.45,174.6,177.1,176.35,184.45,55.25,13052018,2338949482.45,,179.2,EQ
04-06-2009,175.8,179.0,171.2,174.3,173.5,184.45,55.25,12214987,2125742380.1,,174.03,EQ
05-06-2009,175.0,188.0,173.5,176.05,175.7,188.0,55.25,13473265,2391434145.75,,177.49,EQ
08-06-2009,177.9,179.35,158.1,159.9,160.2,188.0,55.25,12633324,2115360953.3,,167.44,EQ
09-06-2009,159.9,167.5,155.25,166.0,165.8,188.0,55.25,11879427,1952194894.0,,164.33,EQ
10-06-2009,170.0,176.0,168.0,171.45,171.7,188.0,55.25,13938017,2412974488.25,,173.12,EQ
11-06-2009,174.0,177.0,169.25,174.7,173.45,188.0,55.25,11455193,1996550077.25,,174.29,EQ
12-06-2009,175.0,178.6,168.55,170.3,169.0,188.0,55.25,11751597,2049825029.1,,174.43,EQ
15-06-2009,167.9,171.7,159.2,160.1,160.4,188.0,55.25,10634036,1750932910.6,,164.65,EQ
16-06-2009,151.15,170.9,151.15,166.9,165.3,188.0,55.25,15491795,2543527529.55,,164.19,EQ
17-06-2009,165.0,167.8,157.05,158.05,157.1,188.0,55.25,13747137,2232646572.9,,162.41,EQ
18-06-2009,160.0,160.4,145.55,151.55,152.35,188.0,55.25,13619734,2094001104.15,,153.75,EQ
19-06-2009,153.2,157.65,146.2,152.45,153.0,188.0,55.25,17456982,2658760850.05,,152.3,EQ
22-06-2009,155.15,156.9,146.3,147.3,146.55,188.0,55.25,15222738,2303964808.55,,151.35,EQ
23-06-2009,145.0,150.65,141.4,148.1,146.3,188.0,55.25,13521786,1970786276.25,,145.75,EQ
24-06-2009,149.75,150.6,146.0,148.55,148.4,188.0,55.25,12579650,1864085872.8,,148.18,EQ
25-06-2009,147.5,151.8,145.15,147.75,149.55,188.0,55.25,18786896,2802740668.85,,149.19,EQ
26-06-2009,149.1,153.7,148.45,151.6,151.55,188.0,55.25,9986262,1510234228.0,,151.23,EQ
29-06-2009,154.8,161.35,151.7,157.85,157.05,188.0,55.25,9481956,1485171091.55,,156.63,EQ
30-06-2009,157.5,161.0,149.5,151.15,153.15,188.0,55.25,11616917,1805265887.25,,155.4,EQ
01-07-2009,152.4,155.25,147.6,153.6,153.75,188.0,55.25,8582809,1305224463.45,,152.07,EQ
02-07-2009,155.0,161.25,152.55,159.55,160.0,188.0,55.25,11293867,1766274134.0,,156.39,EQ
03-07-2009,159.0,163.9,156.25,161.65,160.65,188.0,55.25,12185409,1952782114.8,,160.26,EQ
06-07-2009,163.5,168.4,149.15,151.05,150.0,188.0,55.25,11636705,1835736621.75,,157.75,EQ
07-07-2009,153.9,154.8,143.55,147.4,148.05,188.0,55.25,10688566,1583076633.6,,148.11,EQ
08-07-2009,146.0,153.2,142.2,146.8,146.5,188.0,55.25,15047693,2220483633.8,,147.56,EQ
09-07-2009,148.5,154.25,146.2,153.0,153.25,188.0,55.25,11361791,1719604957.3,,151.35,EQ
10-07-2009,156.3,160.9,151.3,153.55,151.8,188.0,55.25,15213881,2366751395.75,,155.57,EQ
13-07-2009,148.25,151.0,139.05,141.4,140.4,188.0,55.25,12024954,1732083122.65,,144.04,EQ
14-07-2009,144.3,154.4,144.0,152.6,153.8,188.0,55.25,9353721,1398154924.45,,149.48,EQ
15-07-2009,155.0,162.5,154.25,161.4,162.3,188.0,55.25,8640701,1380603719.6,,159.78,EQ
16-07-2009,165.4,166.9,156.6,159.05,159.0,188.0,55.25,12661027,2041352585.4,,161.23,EQ
17-07-2009,161.1,170.0,160.5,168.1,168.9,188.0,55.25,11731225,1933388225.75,,164.81,EQ
20-07-2009,170.4,172.9,165.15,168.6,167.5,188.0,55.25,8929534,1501573471.4,,168.16,EQ
21-07-2009,169.9,174.65,164.7,171.8,169.8,188.0,55.25,15161563,2589445769.1,,170.79,EQ
22-07-2009,170.9,173.7,164.0,166.5,166.7,188.0,55.25,10194044,1720772741.0,,168.8,EQ
23-07-2009,168.0,174.85,168.0,173.75,173.15,188.0,55.25,9888354,1706889444.75,,172.62,EQ
24-07-2009,173.75,175.15,168.35,171.75,170.8,188.0,55.25,9712874,1660178609.55,,170.93,EQ
27-07-2009,172.6,176.9,168.6,175.5,176.0,188.0,55.25,10698430,1846933728.4,,172.64,EQ
28-07-2009,172.1,179.95,172.0,178.65,177.75,188.0,55.25,11372756,2005075822.45,,176.31,EQ
29-07-2009,176.2,178.0,163.0,170.1,170.7,188.0,55.25,12008486,2034698630.1,,169.44,EQ
30-07-2009,168.0,177.0,165.5,176.05,176.0,188.0,55.25,18185228,3143125650.25,,172.84,EQ
31-07-2009,181.55,181.55,173.25,175.3,174.5,188.0,55.25,9789255,1732368382.15,,176.97,EQ
03-08-2009,177.0,180.0,174.3,179.6,179.7,188.0,55.25,7846730,1396762231.25,,178.01,EQ
04-08-2009,181.0,181.5,173.1,175.7,175.35,188.0,55.25,8184054,1449748889.25,,177.14,EQ
05-08-2009,176.4,177.5,171.45,174.65,173.05,188.0,55.25,6754316,1174099110.95,,173.83,EQ
06-08-2009,171.05,176.65,169.0,171.5,171.95,188.0,55.25,8240049,1430766885.35,,173.64,EQ
07-08-2009,169.9,172.8,165.05,166.7,165.8,188.0,55.25,8011197,1352240369.1,,168.79,EQ
10-08-2009,170.0,171.35,162.1,164.65,162.15,188.0,55.25,5661822,947925546.4,,167.42,EQ
11-08-2009,165.9,168.85,161.5,163.3,164.7,188.0,55.25,6322272,1048121427.55,,165.78,EQ
12-08-2009,161.65,164.9,159.0,164.2,164.7,188.0,55.25,7866061,1271574968.3,,161.65,EQ
13-08-2009,165.65,171.0,165.65,170.35,170.0,188.0,55.25,6209249,1049980732.3,,169.1,EQ
14-08-2009,171.0,174.8,168.55,169.9,169.55,188.0,55.25,6564820,1129744504.1,,172.09,EQ
17-08-2009,168.0,168.2,160.0,161.0,160.2,188.0,55.25,5095056,833039867.0,,163.5,EQ
18-08-2009,161.0,165.4,159.55,163.2,163.35,188.0,55.25,5249248,855015581.55,,162.88,EQ
19-08-2009,164.0,165.6,158.0,159.9,160.45,188.0,55.25,5668922,911331677.0,,160.76,EQ
20-08-2009,162.0,164.9,160.3,161.45,160.95,188.0,55.25,4102499,669026156.7,,163.08,EQ
21-08-2009,160.95,162.9,159.0,162.3,162.85,188.0,55.25,4343743,698821427.1,,160.88,EQ
24-08-2009,165.0,167.25,164.45,166.55,166.0,188.0,55.25,3110900,516323906.1,,165.97,EQ
25-08-2009,165.2,166.45,161.1,162.6,162.35,188.0,55.25,6274856,1023182584.45,,163.06,EQ
26-08-2009,164.0,164.9,161.75,162.35,162.0,188.0,55.25,3900225,636718477.5,,163.25,EQ
27-08-2009,162.0,163.95,160.2,162.45,163.1,188.0,55.25,4791369,777954533.3,,162.37,EQ
28-08-2009,164.0,168.0,163.25,165.95,165.8,188.0,55.25,7040730,1166291843.6,,165.65,EQ
31-08-2009,165.0,165.0,161.0,162.65,162.5,188.0,55.25,5338199,869708000.9,,162.92,EQ
01-09-2009,162.75,164.55,156.0,158.65,156.85,188.0,55.25,5040131,812533902.4,,161.21,EQ
02-09-2009,159.0,162.65,150.25,159.45,159.4,188.0,55.25,6027689,959395628.1,,159.16,EQ
03-09-2009,161.25,163.5,159.15,160.1,160.0,188.0,55.25,3680078,594138113.7,,161.45,EQ
04-09-2009,160.0,164.85,160.0,164.3,164.25,188.0,55.25,5119828,835985483.35,,163.28,EQ
07-09-2009,165.5,168.25,165.05,166.7,167.25,188.0,55.25,4542658,756325064.85,,166.49,EQ
08-09-2009,168.0,171.85,167.35,168.6,167.8,188.0,55.25,6841775,1161277719.75,,169.73,EQ
09-09-2009,169.0,171.25,167.0,169.05,169.05,188.0,55.25,4612332,780283408.85,,169.17,EQ
10-09-2009,170.95,172.0,167.4,168.55,168.7,188.0,55.25,4939936,838195443.75,,169.68,EQ
11-09-2009,169.05,171.4,166.4,168.8,169.2,188.0,55.25,4899108,829290260.25,,169.27,EQ
14-09-2009,167.05,168.75,164.55,166.0,167.0,188.0,55.25,4098945,681616318.25,,166.29,EQ
15-09-2009,168.0,170.35,160.25,167.5,167.5,188.0,55.25,7900450,1327539575.55,,168.03,EQ
16-09-2009,171.0,180.9,169.05,179.35,179.0,188.0,55.25,18241427,3203506564.55,,175.62,EQ
17-09-2009,180.0,184.0,175.0,177.9,177.0,188.0,55.25,12115040,2169190585.4,,179.05,EQ
18-09-2009,177.1,179.5,173.1,176.45,176.65,188.0,55.25,5472960,965218999.8,,176.36,EQ
22-09-2009,177.0,179.3,176.05,177.55,177.55,188.0,55.25,4201083,746053811.75,,177.59,EQ
23-09-2009,177.25,180.05,175.2,176.05,176.4,188.0,55.25,4255441,755301370.8,,177.49,EQ
24-09-2009,175.4,176.6,172.1,173.1,172.6,188.0,55.25,5924022,1027019025.1,,173.37,EQ
25-09-2009,172.05,173.3,167.55,169.2,170.15,188.0,55.25,5695688,969498385.8,,170.22,EQ
29-09-2009,174.0,174.9,167.5,168.8,168.1,188.0,55.25,3600532,610317208.25,,169.51,EQ
30-09-2009,169.05,172.5,168.1,170.9,170.5,188.0,55.25,3701510,632394124.1,,170.85,EQ
01-10-2009,170.0,170.9,168.1,169.0,169.0,188.0,55.25,4207857,712557010.2,,169.34,EQ
05-10-2009,168.1,169.0,160.4,162.15,162.55,188.0,55.25,5304540,873841805.7,,164.73,EQ
06-10-2009,163.35,166.5,161.8,165.65,166.25,188.0,55.25,4794585,787365646.05,,164.22,EQ
07-10-2009,170.0,174.0,166.65,171.5,171.45,188.0,55.25,8816821,1516152868.4,,171.96,EQ
08-10-2009,174.0,176.9,172.9,174.7,174.15,188.0,55.25,6729375,1178555798.2,,175.14,EQ
09-10-2009,176.7,177.25,172.7,174.0,174.0,188.0,55.25,5188547,903553149.4,,174.14,EQ
12-10-2009,175.5,176.7,171.1,175.6,176.7,188.0,55.25,4436463,773776584.8,,174.41,EQ
14-10-2009,176.9,180.85,176.0,179.75,180.8,188.0,55.25,7075440,1266933857.55,,179.06,EQ
15-10-2009,182.2,187.45,180.0,183.85,184.0,188.0,55.25,7492305,1380402972.45,,184.24,EQ
16-10-2009,185.0,186.6,181.5,185.5,185.6,188.0,55.25,6198202,1141983477.7,,184.24,EQ
17-10-2009,186.0,189.45,184.2,187.2,188.4,189.45,55.25,2247624,419669591.35,,186.72,EQ
20-10-2009,189.1,197.65,189.1,194.85,194.0,197.65,55.25,13970184,2721091646.9,,194.78,EQ
21-10-2009,194.0,196.4,189.5,190.55,190.15,197.65,55.25,8442989,1630673190.85,,193.14,EQ
22-10-2009,189.7,190.35,181.55,183.05,183.4,197.65,55.25,6477915,1202916907.4,,185.7,EQ
23-10-2009,184.5,187.35,180.0,182.2,181.9,197.65,55.25,5447878,995610969.15,,182.75,EQ
26-10-2009,189.0,189.8,178.15,180.65,181.7,197.65,55.25,5582109,1016407949.45,,182.08,EQ
27-10-2009,180.0,180.0,173.15,175.4,174.35,197.65,55.25,5225704,924014607.25,,176.82,EQ
28-10-2009,174.5,175.9,169.1,170.05,169.7,197.65,55.25,5251889,899404051.5,,171.25,EQ
29-10-2009,167.5,171.9,165.4,167.35,167.0,197.65,55.25,5545147,930308407.4,,167.77,EQ
30-10-2009,170.0,175.25,160.0,164.55,165.15,197.65,55.25,8453878,1423883481.6,,168.43,EQ
03-11-2009,164.0,167.2,154.25,156.95,157.0,197.65,55.25,4555636,740257228.85,,162.49,EQ
04-11-2009,162.8,162.8,154.6,160.2,160.7,197.65,55.25,8454480,1336294359.7,,158.06,EQ
05-11-2009,161.8,164.3,156.0,163.6,164.0,197.65,55.25,6600439,1053323541.95,,159.58,EQ
06-11-2009,167.85,170.45,163.95,165.75,166.4,197.65,55.25,4886066,815546266.0,,166.91,EQ
09-11-2009,167.7,174.75,165.5,173.8,174.3,197.65,55.25,5264596,897890338.45,,170.55,EQ
10-11-2009,175.1,178.4,173.0,175.75,175.6,197.65,55.25,6554693,1152317071.9,,175.8,EQ
11-11-2009,177.0,179.5,175.05,179.0,178.9,197.65,55.25,3984591,707829416.75,,177.64,EQ
12-11-2009,178.8,180.0,174.5,176.25,176.8,197.65,55.25,4203083,741338124.05,,176.38,EQ
13-11-2009,175.9,184.6,173.6,182.3,183.0,197.65,55.25,9448668,1682873289.25,,178.11,EQ
16-11-2009,184.9,188.75,182.05,183.6,182.75,197.65,55.25,7261769,1353031652.45,,186.32,EQ
17-11-2009,183.85,188.0,183.0,187.5,187.0,197.65,55.25,6024993,1118994148.2,,185.73,EQ
18-11-2009,188.6,192.25,185.6,187.75,187.0,197.65,55.25,7906146,1500369278.45,,189.77,EQ
19-11-2009,188.0,190.4,183.0,185.35,186.5,197.65,55.25,6443068,1203046461.9,,186.72,EQ
20-11-2009,185.05,192.5,181.7,191.2,192.0,197.65,55.25,9471326,1785293673.45,,188.49,EQ
23-11-2009,194.95,195.45,191.2,194.5,194.0,197.65,58.75,6251416,1210109878.7,,193.57,EQ
24-11-2009,195.25,196.45,190.25,194.6,194.2,197.65,58.75,6240094,1209601863.35,,193.84,EQ
25-11-2009,194.6,200.25,192.3,193.35,194.35,200.25,58.75,7753926,1525162806.2,,196.7,EQ
26-11-2009,194.85,195.8,190.1,192.1,191.1,200.25,58.75,5483549,1055640671.35,,192.51,EQ
27-11-2009,188.2,192.5,181.8,191.25,190.5,200.25,58.75,5680103,1064724520.9,,187.45,EQ
30-11-2009,193.8,199.5,192.5,197.15,196.5,200.25,61.15,6812558,1339559166.2,,196.63,EQ
01-12-2009,198.05,205.8,198.05,204.9,204.7,205.8,61.15,9104009,1848982286.05,,203.1,EQ
02-12-2009,206.1,215.1,204.35,210.05,211.0,215.1,61.15,14075625,2963844616.85,,210.57,EQ
03-12-2009,213.0,213.75,207.6,209.75,209.7,215.1,61.15,7328201,1544289489.9,,210.73,EQ
04-12-2009,208.95,213.9,205.65,212.0,212.5,215.1,61.15,7172821,1512739060.3,,210.9,EQ
07-12-2009,213.9,213.9,203.5,204.85,203.75,215.1,67.25,5402418,1116751326.45,,206.71,EQ
08-12-2009,205.0,209.65,203.45,208.85,209.35,215.1,67.25,5028757,1042953141.1,,207.4,EQ
09-12-2009,206.0,208.0,200.15,202.7,203.4,215.1,67.25,8250595,1686013102.45,,204.35,EQ
10-12-2009,204.35,209.35,202.35,206.0,206.0,215.1,67.25,5458849,1126386562.55,,206.34,EQ
11-12-2009,207.9,212.05,205.5,210.95,211.6,215.1,67.25,7753582,1622159871.2,,209.21,EQ
14-12-2009,210.0,213.9,210.0,213.0,212.8,215.1,68.4,5469024,1162631017.15,,212.58,EQ
15-12-2009,215.8,218.25,207.25,213.55,210.0,218.25,68.4,9688952,2084692849.6,,215.16,EQ
16-12-2009,209.95,212.5,207.25,211.35,212.0,218.25,68.4,5566315,1169581815.3,,210.12,EQ
17-12-2009,211.0,215.0,208.85,213.2,212.8,218.25,68.4,5915644,1256773886.85,,212.45,EQ
18-12-2009,212.65,215.7,211.0,213.1,212.75,218.25,68.4,4561674,974742359.3,,213.68,EQ
21-12-2009,213.9,215.9,210.2,211.8,211.4,218.25,68.4,5482857,1171331384.55,,213.64,EQ
22-12-2009,213.9,229.35,212.3,225.45,227.5,229.35,68.4,15193142,3351127986.2,,220.57,EQ
23-12-2009,229.05,239.0,227.0,236.8,235.9,239.0,68.4,17485483,4077470075.3,,233.19,EQ
24-12-2009,236.8,239.45,230.5,237.2,236.4,239.45,68.4,9923330,2329632871.45,,234.76,EQ
29-12-2009,239.8,241.5,237.05,238.35,237.8,241.5,68.4,5425415,1297509854.45,,239.15,EQ
30-12-2009,238.85,240.4,234.5,238.1,237.8,241.5,68.4,5710306,1355866259.15,,237.44,EQ
31-12-2009,240.0,243.8,237.15,241.7,240.0,243.8,68.4,8131344,1959098788.85,,240.93,EQ
04-01-2010,240.7,249.4,240.1,247.6,249.0,249.4,69.5,8237106,2027852293.3,,246.19,EQ
05-01-2010,252.0,257.0,249.2,254.55,255.0,257.0,69.5,8570532,2178590649.35,,254.2,EQ
06-01-2010,255.55,267.0,247.15,248.35,249.3,267.0,69.5,9815336,2474022917.45,,252.06,EQ
07-01-2010,250.0,253.3,240.2,241.6,241.3,267.0,69.5,14053024,3432115654.8,,244.23,EQ
08-01-2010,242.0,243.6,237.25,238.85,238.4,267.0,69.5,10236594,2457893723.45,,240.11,EQ
11-01-2010,239.5,244.9,239.0,242.1,242.5,267.0,69.5,6227882,1508089878.9,,242.15,EQ
12-01-2010,242.1,242.5,232.2,234.05,234.85,267.0,69.5,7862920,1863742907.8,,237.03,EQ
13-01-2010,232.0,242.8,231.0,241.6,242.5,267.0,69.5,9583978,2283851043.5,,238.3,EQ
14-01-2010,242.0,244.5,240.0,240.85,240.35,267.0,69.5,4914675,1190150423.2,,242.16,EQ
15-01-2010,241.0,242.25,236.75,237.3,237.5,267.0,69.5,3246056,775267649.75,,238.83,EQ
18-01-2010,237.5,237.9,233.35,234.85,234.75,267.0,69.5,3875107,912236243.15,,235.41,EQ
19-01-2010,235.5,238.35,231.7,233.45,233.95,267.0,69.5,3316311,779455934.55,,235.04,EQ
20-01-2010,236.0,239.3,232.1,238.3,238.15,267.0,69.5,4293417,1014624183.35,,236.32,EQ
21-01-2010,237.8,241.3,231.6,233.05,233.5,267.0,69.5,5092114,1203980167.2,,236.44,EQ
22-01-2010,228.95,231.0,223.35,225.6,225.05,267.0,69.5,5626954,1276331381.8,,226.82,EQ
25-01-2010,222.0,227.0,220.0,223.45,223.2,267.0,69.5,4448009,992756749.45,,223.19,EQ
27-01-2010,223.45,223.8,214.15,215.85,215.1,267.0,69.5,9850082,2149612049.9,,218.23,EQ
28-01-2010,219.9,226.45,218.05,218.95,219.25,267.0,69.5,8737692,1940347520.25,,222.07,EQ
29-01-2010,218.0,218.0,208.25,214.5,214.6,267.0,69.5,7307241,1556440456.7,,213.0,EQ
01-02-2010,213.5,215.3,208.1,213.5,212.5,267.0,69.5,7495642,1591207884.55,,212.28,EQ
02-02-2010,215.95,217.85,208.05,209.35,208.5,267.0,69.5,7343578,1568198389.75,,213.55,EQ
03-02-2010,213.0,220.85,211.7,219.4,219.7,267.0,69.5,8084337,1749414852.1,,216.4,EQ
04-02-2010,219.9,220.25,211.5,212.75,213.6,267.0,69.5,6488961,1396917038.0,,215.28,EQ
05-02-2010,206.0,208.8,201.05,203.45,202.3,267.0,69.5,6170780,1259635254.05,,204.13,EQ
06-02-2010,204.5,208.0,203.7,206.3,206.3,267.0,69.5,663979,136750880.6,,205.96,EQ
08-02-2010,208.0,208.65,197.5,204.35,204.35,267.0,69.5,7768572,1580423174.75,,203.44,EQ
09-02-2010,205.0,213.4,205.0,208.05,207.9,267.0,69.5,8151807,1709211347.8,,209.67,EQ
10-02-2010,213.85,213.85,201.8,202.85,202.5,267.0,69.5,9150317,1891296767.95,,206.69,EQ
11-02-2010,204.5,207.9,204.5,205.7,205.95,267.0,69.5,4706066,970048871.25,,206.13,EQ
15-02-2010,206.5,207.0,200.0,202.45,202.1,267.0,69.5,5065457,1027935284.65,,202.93,EQ
16-02-2010,203.45,207.9,202.7,206.65,207.8,267.0,69.5,3523995,722589744.0,,205.05,EQ
17-02-2010,208.0,214.95,208.0,213.15,212.5,267.0,69.5,6702599,1422532948.5,,212.24,EQ
18-02-2010,213.25,214.0,209.2,213.25,213.5,267.0,69.5,3819692,808427222.6,,211.65,EQ
19-02-2010,211.65,211.65,203.5,207.5,207.5,267.0,69.5,5801720,1198770918.2,,206.62,EQ
22-02-2010,209.25,213.25,208.65,209.65,208.8,267.0,69.5,3785824,799476166.9,,211.18,EQ
23-02-2010,209.0,211.4,206.7,207.5,207.05,267.0,69.5,3840440,801863343.65,,208.79,EQ
24-02-2010,207.0,209.9,204.5,208.4,208.5,267.0,69.5,3556291,737746714.7,,207.45,EQ
25-02-2010,208.7,213.5,207.0,212.4,213.4,267.0,69.5,5004469,1052648238.85,,210.34,EQ
26-02-2010,211.0,222.3,211.0,218.5,217.15,267.0,69.5,7299650,1585830308.5,,217.25,EQ
02-03-2010,220.0,225.7,218.75,224.9,224.85,267.0,69.5,5132762,1145974175.4,,223.27,EQ
03-03-2010,225.4,229.8,225.1,226.6,226.4,267.0,69.5,5143139,1170721964.5,,227.63,EQ
04-03-2010,226.6,237.6,223.1,237.0,237.0,267.0,69.5,8096656,1884198873.25,,232.71,EQ
05-03-2010,238.85,238.9,232.45,234.5,234.7,267.0,69.5,4948443,1166506223.8,,235.73,EQ
08-03-2010,236.5,239.8,233.6,238.0,237.5,267.0,73.4,5178843,1228842808.95,,237.28,EQ
09-03-2010,238.05,238.05,233.0,233.7,233.0,267.0,73.4,2279368,534468774.25,,234.48,EQ
10-03-2010,233.0,236.0,230.35,233.9,233.9,267.0,73.4,3144159,733419378.45,,233.26,EQ
11-03-2010,234.25,239.2,232.45,235.35,235.5,267.0,73.4,4915849,1159748930.1,,235.92,EQ
12-03-2010,236.0,238.0,232.8,234.2,234.2,267.0,73.4,3059318,719062832.2,,235.04,EQ
15-03-2010,236.9,236.9,229.15,229.85,229.2,267.0,79.3,3717619,860908715.95,,231.58,EQ
16-03-2010,230.0,237.2,227.7,236.35,236.2,267.0,79.3,4372110,1016677190.35,,232.54,EQ
17-03-2010,238.0,242.7,237.0,239.65,239.85,267.0,79.3,6397451,1539963920.15,,240.72,EQ
18-03-2010,241.0,245.7,241.0,244.8,245.65,267.0,79.3,5691096,1388460993.35,,243.97,EQ
19-03-2010,248.0,248.7,243.5,247.3,246.5,267.0,79.3,5084222,1254576011.15,,246.76,EQ
22-03-2010,244.45,245.2,238.65,239.4,239.0,267.0,88.0,4392078,1059075684.65,,241.13,EQ
23-03-2010,241.0,244.0,239.7,242.15,242.0,267.0,88.0,4100760,992707223.25,,242.08,EQ
25-03-2010,241.65,243.9,239.0,242.85,243.4,267.0,88.0,4640535,1121254174.7,,241.62,EQ
26-03-2010,244.5,246.45,243.1,244.05,243.8,267.0,88.0,2422565,592739088.75,,244.67,EQ
29-03-2010,243.9,246.8,234.55,243.25,242.7,267.0,92.25,2623661,641495051.5,,244.5,EQ
30-03-2010,246.0,246.75,243.3,244.2,244.7,267.0,92.25,2669093,653903269.0,,244.99,EQ
31-03-2010,246.5,254.0,243.75,252.55,253.05,267.0,92.25,7219062,1797825749.15,,249.04,EQ
01-04-2010,254.35,256.0,249.55,252.1,251.45,267.0,92.25,5505604,1390472102.6,,252.56,EQ
05-04-2010,254.0,255.95,252.35,254.25,253.95,267.0,101.65,3473410,883063099.05,,254.24,EQ
06-04-2010,256.0,258.45,251.6,256.65,255.3,267.0,101.65,4216789,1077071001.65,,255.42,EQ
07-04-2010,256.0,257.9,252.6,255.15,254.7,267.0,101.65,2640205,674664197.1,,255.53,EQ
08-04-2010,256.0,256.8,235.25,236.65,237.0,267.0,101.65,16162500,3945132641.15,,244.09,EQ
09-04-2010,236.0,239.6,230.0,234.4,234.2,267.0,101.65,15143087,3557374180.4,,234.92,EQ
12-04-2010,235.0,237.75,232.5,236.05,236.5,267.0,104.3,4339383,1022019312.45,,235.52,EQ
13-04-2010,235.1,236.0,228.25,229.85,229.7,267.0,104.3,7958540,1833841480.65,,230.42,EQ
15-04-2010,232.0,233.15,226.2,227.35,227.85,267.0,104.3,6059667,1389105394.5,,229.24,EQ
16-04-2010,228.0,231.15,225.6,227.8,226.9,267.0,104.3,6165916,1403932976.7,,227.69,EQ
19-04-2010,225.0,226.0,219.65,221.0,221.15,267.0,104.3,4238636,939082246.65,,221.55,EQ
20-04-2010,222.5,226.1,219.25,219.95,219.95,267.0,104.3,4609532,1026871812.9,,222.77,EQ
21-04-2010,221.0,223.9,218.5,219.25,219.15,267.0,104.3,4662058,1028532600.85,,220.62,EQ
22-04-2010,219.0,228.2,218.0,225.4,225.85,267.0,104.3,7618971,1709517481.75,,224.38,EQ
23-04-2010,226.0,228.6,222.1,225.45,225.95,267.0,104.3,4129876,929675052.1,,225.11,EQ
26-04-2010,226.0,231.65,226.0,229.35,229.3,267.0,106.5,3450333,792498813.95,,229.69,EQ
27-04-2010,229.6,229.6,226.3,227.55,227.85,267.0,106.5,2483949,565016321.2,,227.47,EQ
28-04-2010,222.1,225.4,215.6,217.4,217.15,267.0,106.5,4804081,1054843590.9,,219.57,EQ
29-04-2010,217.5,222.8,217.5,221.6,221.85,267.0,106.5,3362372,743256776.15,,221.05,EQ
30-04-2010,222.0,224.25,216.6,218.3,219.2,267.0,106.5,3963099,870365749.1,,219.62,EQ
03-05-2010,217.8,221.1,216.2,218.6,219.1,267.0,112.25,2494042,544540596.55,,218.34,EQ
04-05-2010,220.0,220.9,208.6,210.1,209.0,267.0,112.25,3616531,774935773.75,,214.28,EQ
05-05-2010,205.0,215.55,201.35,211.75,215.0,267.0,112.25,7781113,1617863128.3,,207.92,EQ
06-05-2010,211.5,213.4,207.0,210.95,211.7,267.0,112.25,4192000,882098542.25,,210.42,EQ
07-05-2010,208.0,210.5,203.1,207.8,207.85,267.0,112.25,3775816,782339494.7,,207.2,EQ
10-05-2010,210.0,219.3,209.5,218.1,218.5,267.0,114.25,3221022,693578561.4,,215.33,EQ
11-05-2010,218.0,221.0,211.25,212.4,211.85,267.0,114.25,3473576,742662770.3,,213.8,EQ
12-05-2010,212.6,214.25,209.6,213.15,213.05,267.0,114.25,2634030,558402949.6,,212.0,EQ
13-05-2010,214.95,215.85,211.95,214.1,214.55,267.0,114.25,2417917,516576285.75,,213.65,EQ
14-05-2010,213.8,213.8,207.15,208.2,208.7,267.0,114.25,3501318,737498310.3,,210.63,EQ
17-05-2010,205.15,211.0,204.0,209.95,209.5,267.0,130.15,2703810,559053662.55,,206.77,EQ
18-05-2010,213.0,213.0,207.65,208.8,208.25,267.0,130.15,2259564,474007400.4,,209.78,EQ
19-05-2010,207.0,207.2,201.0,202.35,201.05,267.0,130.15,3479613,711011598.1,,204.34,EQ
20-05-2010,203.65,205.95,198.2,200.75,200.75,267.0,130.15,3779516,761991438.1,,201.61,EQ
21-05-2010,195.0,203.9,194.75,202.95,202.85,267.0,130.15,2868544,572760922.7,,199.67,EQ
24-05-2010,204.0,209.0,198.05,200.2,198.25,267.0,139.05,2126122,433167148.9,,203.74,EQ
25-05-2010,198.0,198.3,185.45,186.95,188.0,267.0,139.05,5492779,1047980813.8,,190.79,EQ
26-05-2010,190.0,199.95,188.45,197.85,195.5,267.0,139.05,6508196,1266008844.45,,194.53,EQ
27-05-2010,197.5,199.9,193.5,198.85,199.6,267.0,139.05,4155639,820253155.95,,197.38,EQ
28-05-2010,202.0,207.7,201.0,205.85,204.5,267.0,139.05,5321739,1091267623.2,,205.06,EQ
31-05-2010,207.2,207.8,201.8,206.5,205.9,267.0,139.05,3350061,686370950.3,,204.88,EQ
01-06-2010,206.0,206.95,197.5,198.6,197.85,267.0,139.05,4958009,1004466921.2,,202.59,EQ
02-06-2010,197.8,203.1,196.3,201.6,202.8,267.0,139.05,4231503,841861035.9,,198.95,EQ
03-06-2010,204.0,206.8,201.8,202.6,202.0,267.0,139.05,2067544,421223657.9,,203.73,EQ
04-06-2010,203.0,203.45,198.0,201.35,200.25,267.0,139.05,3041978,612069099.15,,201.21,EQ
07-06-2010,196.5,198.2,191.85,193.35,194.0,267.0,139.05,3760749,728181353.85,,193.63,EQ
08-06-2010,193.0,196.0,186.7,189.1,189.5,267.0,139.05,3551574,683370459.05,,192.41,EQ
09-06-2010,188.25,194.95,187.45,192.2,192.55,267.0,139.05,4109330,790464043.1,,192.36,EQ
10-06-2010,193.0,198.8,191.0,197.9,198.65,267.0,139.05,3418592,668052097.7,,195.42,EQ
11-06-2010,199.0,204.0,196.0,197.85,196.3,267.0,139.05,4368903,870171486.95,,199.17,EQ
14-06-2010,199.0,201.45,197.2,200.15,199.85,267.0,139.05,2507860,500824266.2,,199.7,EQ
15-06-2010,200.15,202.45,197.65,201.4,200.7,267.0,139.05,3259916,652682544.15,,200.21,EQ
16-06-2010,202.7,203.9,197.1,197.95,197.25,267.0,139.05,3323858,667375630.9,,200.78,EQ
17-06-2010,198.5,199.35,196.5,197.95,197.65,267.0,139.05,2878221,569630312.7,,197.91,EQ
18-06-2010,198.5,198.9,193.8,195.8,195.2,267.0,139.05,4268383,835388761.15,,195.72,EQ
21-06-2010,197.5,204.0,197.5,201.55,200.9,267.0,139.05,7878266,1593607200.45,,202.28,EQ
22-06-2010,201.0,201.5,198.0,198.7,198.75,267.0,139.05,2690630,535690417.9,,199.09,EQ
23-06-2010,197.9,201.95,197.1,200.6,200.5,267.0,139.05,2956230,590862357.25,,199.87,EQ
24-06-2010,201.0,202.5,197.65,198.8,198.3,267.0,139.05,3331408,666587862.7,,200.09,EQ
25-06-2010,197.5,201.25,194.5,195.25,195.45,267.0,139.05,3248586,643479361.3,,198.08,EQ
28-06-2010,196.05,199.4,195.0,198.9,199.15,267.0,139.05,2138663,422058720.5,,197.35,EQ
29-06-2010,197.6,199.0,191.6,192.9,192.5,267.0,139.05,3754567,728604332.8,,194.06,EQ
30-06-2010,190.0,193.5,189.2,192.7,193.3,267.0,139.05,3068641,586818255.5,,191.23,EQ
01-07-2010,191.0,192.4,188.65,189.25,189.0,267.0,139.05,2550416,483631511.75,,189.63,EQ
02-07-2010,189.3,192.3,189.25,190.05,189.25,267.0,139.05,2354248,448753768.25,,190.61,EQ
05-07-2010,190.0,191.35,189.1,190.35,190.4,267.0,139.05,1034255,196916808.05,,190.39,EQ
06-07-2010,190.35,194.2,189.7,193.7,194.2,267.0,139.05,2122394,409132133.25,,192.77,EQ
07-07-2010,213.9,213.9,189.3,190.0,190.0,267.0,139.05,2465010,470662141.8,,190.94,EQ
08-07-2010,194.45,194.45,191.35,192.05,191.9,267.0,139.05,1635390,315768702.65,,193.08,EQ
09-07-2010,192.75,194.8,189.0,194.25,194.5,267.0,139.05,2733943,529787548.9,,193.78,EQ
12-07-2010,200.0,200.0,193.55,196.35,196.8,267.0,139.05,3863025,758238769.15,,196.28,EQ
13-07-2010,196.35,200.0,195.4,199.35,200.0,267.0,139.05,2884116,570690602.35,,197.87,EQ
14-07-2010,200.65,202.2,196.5,197.2,197.5,267.0,139.05,3514988,700182837.25,,199.2,EQ
15-07-2010,197.0,202.0,194.85,200.85,200.7,267.0,139.05,4096600,820760607.3,,200.35,EQ
16-07-2010,200.0,200.4,197.5,198.5,199.0,267.0,139.05,2968857,590019899.05,,198.74,EQ
19-07-2010,197.0,200.15,195.55,198.95,198.75,267.0,150.25,1499880,297918446.2,,198.63,EQ
20-07-2010,199.0,202.85,198.5,199.15,198.5,267.0,150.25,2263841,454183446.0,,200.63,EQ
21-07-2010,200.5,205.85,200.1,204.8,204.4,267.0,150.25,5095194,1038221527.1,,203.76,EQ
22-07-2010,206.1,207.8,202.6,207.0,206.4,267.0,150.25,4138641,851416954.0,,205.72,EQ
23-07-2010,207.55,208.65,205.5,206.85,207.1,267.0,150.25,3928563,812260427.85,,206.76,EQ
26-07-2010,206.0,210.8,206.0,207.8,207.5,267.0,150.25,2883003,601147116.95,,208.51,EQ
27-07-2010,208.5,209.65,206.15,207.25,206.7,267.0,150.25,2415670,502145114.85,,207.87,EQ
28-07-2010,207.5,209.25,206.55,208.55,208.5,267.0,150.25,2588096,538719056.4,,208.15,EQ
29-07-2010,207.45,207.45,201.1,205.1,204.7,267.0,150.25,3977623,810915707.1,,203.87,EQ
30-07-2010,205.0,205.0,199.2,204.0,203.5,267.0,150.25,2017359,411186175.5,,203.82,EQ
02-08-2010,205.35,206.4,202.25,203.15,202.9,267.0,150.25,1627994,331486983.8,,203.62,EQ
03-08-2010,204.0,204.8,200.4,201.4,201.5,267.0,150.25,1566344,316943063.0,,202.35,EQ
04-08-2010,200.0,201.6,197.55,199.0,199.25,267.0,150.25,2852845,568357222.35,,199.22,EQ
05-08-2010,199.0,201.75,197.5,197.9,197.55,267.0,150.25,1869028,372865825.25,,199.5,EQ
06-08-2010,198.7,199.9,195.3,196.1,196.0,267.0,150.25,1480738,292449430.5,,197.5,EQ
09-08-2010,196.3,199.1,195.5,198.4,198.65,267.0,150.25,1549271,305618049.5,,197.27,EQ
10-08-2010,198.4,200.9,195.5,196.8,196.9,267.0,150.25,1995931,395544604.65,,198.18,EQ
11-08-2010,196.6,198.3,194.6,195.4,195.0,267.0,150.25,1901557,374564553.0,,196.98,EQ
12-08-2010,194.4,194.7,191.9,192.3,192.0,267.0,150.25,2005770,387505541.1,,193.2,EQ
13-08-2010,193.0,194.6,192.0,192.75,192.5,267.0,150.25,1207244,233465179.1,,193.39,EQ
16-08-2010,192.0,193.7,189.6,190.4,190.4,267.0,150.25,1317993,252584963.3,,191.64,EQ
17-08-2010,191.1,191.6,188.0,189.75,189.85,267.0,150.25,2854889,542988610.1,,190.2,EQ
18-08-2010,192.0,193.5,188.3,192.8,193.45,267.0,150.25,2722468,520599177.4,,191.22,EQ
19-08-2010,193.0,195.0,190.35,192.2,192.1,267.0,150.25,1776485,342701439.65,,192.91,EQ
20-08-2010,191.5,193.3,190.9,191.7,191.1,267.0,150.25,1421505,273029827.45,,192.07,EQ
23-08-2010,191.7,193.0,190.5,191.55,191.0,267.0,150.25,1190725,228536027.1,,191.93,EQ
24-08-2010,191.1,192.55,188.55,189.75,189.5,267.0,150.25,1235604,234796623.75,,190.03,EQ
25-08-2010,189.0,189.4,184.5,185.15,184.85,267.0,150.25,2777736,516688710.05,,186.01,EQ
26-08-2010,184.95,186.15,184.35,185.3,185.0,267.0,150.25,2423696,448957037.5,,185.24,EQ
27-08-2010,185.1,188.65,184.2,184.8,184.3,267.0,150.25,2532085,472727932.1,,186.7,EQ
30-08-2010,187.75,188.1,185.1,186.65,186.55,267.0,150.25,1327040,247958875.9,,186.85,EQ
31-08-2010,186.0,187.05,185.0,186.7,186.1,267.0,150.25,1525441,283889076.2,,186.1,EQ
01-09-2010,187.1,189.25,185.55,188.0,188.35,267.0,150.25,3185137,597603114.35,,187.62,EQ
02-09-2010,189.3,192.6,189.3,191.7,191.55,267.0,150.25,3459150,662265002.45,,191.45,EQ
03-09-2010,193.5,194.05,190.25,191.35,191.45,267.0,150.25,2079328,398708951.85,,191.75,EQ
06-09-2010,192.1,196.9,192.1,195.6,195.5,267.0,154.25,3892954,759821275.8,,195.18,EQ
07-09-2010,196.25,199.5,196.0,197.7,197.3,267.0,154.25,3210633,635672825.6,,197.99,EQ
08-09-2010,197.4,201.5,194.65,198.65,197.8,267.0,154.25,3191415,633738197.25,,198.58,EQ
09-09-2010,199.0,202.2,198.2,199.85,199.1,267.0,154.25,2910135,581709683.55,,199.89,EQ
13-09-2010,200.0,203.45,200.0,201.1,201.0,267.0,154.25,2934979,591795909.2,,201.64,EQ
14-09-2010,202.1,203.75,199.2,200.1,200.5,267.0,154.25,3234431,649971773.35,,200.95,EQ
15-09-2010,200.1,206.85,199.8,204.25,204.05,267.0,154.25,5418106,1106052086.75,,204.14,EQ
16-09-2010,203.05,205.0,201.1,202.05,201.9,267.0,154.25,1912493,388510256.9,,203.14,EQ
17-09-2010,203.5,204.4,200.05,201.65,202.25,267.0,154.25,2488775,503615151.35,,202.35,EQ
20-09-2010,201.7,205.85,201.7,205.3,205.0,267.0,154.25,3053944,623149177.35,,204.05,EQ
21-09-2010,206.0,206.9,203.3,205.6,205.25,267.0,154.25,2650567,543878285.8,,205.19,EQ
22-09-2010,205.8,209.9,205.15,207.0,206.55,267.0,154.25,2981330,618655301.75,,207.51,EQ
23-09-2010,207.55,208.1,202.55,204.4,203.3,267.0,154.25,2084853,427731985.35,,205.16,EQ
24-09-2010,204.9,207.5,203.6,205.95,204.95,267.0,154.25,3126184,643787814.9,,205.93,EQ
27-09-2010,207.0,208.8,205.5,206.9,206.6,267.0,154.25,2390664,496475028.4,,207.67,EQ
28-09-2010,207.45,207.45,204.3,206.15,206.05,267.0,154.25,2021977,416019853.2,,205.75,EQ
29-09-2010,206.65,207.9,203.2,204.85,204.1,267.0,154.25,1733457,356950656.55,,205.92,EQ
30-09-2010,204.85,207.1,202.5,205.1,204.0,267.0,154.25,1805245,369348091.1,,204.6,EQ
01-10-2010,206.0,224.9,206.0,223.55,224.0,267.0,154.25,14489381,3159193272.65,,218.04,EQ
04-10-2010,226.0,228.25,222.65,224.35,224.7,267.0,154.25,5553444,1250442778.6,,225.17,EQ
05-10-2010,224.0,231.2,221.6,223.8,223.4,267.0,154.25,4845771,1097633232.75,,226.51,EQ
06-10-2010,226.7,228.35,224.9,227.55,227.9,267.0,154.25,3033772,688700951.85,,227.01,EQ
07-10-2010,228.0,234.35,223.6,226.4,227.15,267.0,154.25,7095120,1630846396.75,,229.85,EQ
08-10-2010,227.2,228.6,220.75,221.9,221.2,267.0,154.25,2517158,559903317.3,,222.43,EQ
11-10-2010,223.0,229.3,221.6,226.15,225.9,267.0,154.25,3325148,751909175.15,,226.13,EQ
12-10-2010,225.1,227.25,219.6,221.3,221.0,267.0,154.25,2511714,555599335.85,,221.2,EQ
13-10-2010,222.0,226.4,221.2,225.75,226.4,267.0,154.25,2128875,477066399.5,,224.09,EQ
14-10-2010,226.75,230.0,222.25,224.85,224.7,267.0,154.25,2671873,605069543.55,,226.46,EQ
15-10-2010,225.0,226.0,219.0,220.15,220.7,267.0,154.25,1878468,416793756.9,,221.88,EQ
18-10-2010,221.0,221.0,214.45,219.3,220.3,267.0,154.25,4625824,1005066495.2,,217.27,EQ
19-10-2010,221.5,225.3,219.0,220.35,220.2,267.0,154.25,2020833,446451821.2,,220.92,EQ
20-10-2010,217.0,219.6,214.3,216.0,217.2,267.0,154.25,2950128,638364499.1,,216.39,EQ
21-10-2010,216.9,221.9,215.5,220.9,221.0,267.0,154.25,2209832,485529534.9,,219.71,EQ
22-10-2010,222.0,222.75,217.05,219.35,219.45,267.0,154.25,1737431,380951393.1,,219.26,EQ
25-10-2010,221.0,221.9,218.1,219.05,218.95,267.0,154.25,1664919,365936892.25,,219.79,EQ
26-10-2010,220.7,221.55,216.3,218.6,218.55,267.0,154.25,2762449,603484297.65,,218.46,EQ
27-10-2010,219.0,219.0,209.3,213.3,212.3,267.0,154.25,4282928,912484182.6,,213.05,EQ
28-10-2010,214.5,214.5,191.15,202.6,205.25,267.0,154.25,8582632,1752337611.35,,204.17,EQ
29-10-2010,200.0,201.7,192.65,194.15,193.0,267.0,154.25,4797348,937929732.5,,195.51,EQ
01-11-2010,198.0,198.0,192.55,193.3,192.95,267.0,154.25,3230923,628425858.2,,194.5,EQ
02-11-2010,193.0,195.7,191.0,193.8,192.9,267.0,154.25,4430545,858027313.05,,193.66,EQ
03-11-2010,195.2,195.6,192.2,193.4,193.5,267.0,154.25,2088540,405273726.4,,194.05,EQ
04-11-2010,195.1,197.15,194.5,195.6,195.45,267.0,154.25,2236582,437918278.25,,195.8,EQ
05-11-2010,198.2,198.5,196.3,196.75,196.4,267.0,154.25,420269,82831873.8,,197.09,EQ
08-11-2010,198.0,198.6,194.0,194.35,194.6,267.0,165.5,1666949,325033192.2,,194.99,EQ
09-11-2010,196.4,201.0,195.0,199.9,200.9,267.0,165.5,2841716,563073794.7,,198.15,EQ
10-11-2010,201.0,201.85,197.45,199.05,198.5,267.0,165.5,2473058,494224183.85,,199.84,EQ
11-11-2010,200.0,201.35,196.25,197.05,196.25,267.0,165.5,1975827,393058892.65,,198.93,EQ
12-11-2010,195.0,196.1,191.1,191.6,191.7,267.0,165.5,1979083,382452176.8,,193.25,EQ
15-11-2010,192.5,195.7,189.95,194.45,194.8,267.0,181.7,1801957,346526158.0,,192.31,EQ
16-11-2010,194.5,195.0,187.25,189.45,189.35,267.0,181.7,2425137,460484476.65,,189.88,EQ
18-11-2010,191.9,191.9,183.25,189.9,189.85,267.0,181.7,3006930,565136225.75,,187.94,EQ
19-11-2010,190.5,190.5,184.9,187.4,188.5,267.0,181.7,2865974,536211394.45,,187.1,EQ
22-11-2010,189.8,190.45,186.1,189.35,189.15,267.0,181.8,1327763,249963015.4,,188.26,EQ
23-11-2010,187.3,187.8,177.55,183.4,182.75,267.0,177.55,2494154,457029739.9,,183.24,EQ
24-11-2010,184.0,184.7,177.25,178.65,177.4,267.0,177.25,2459037,445859042.3,,181.31,EQ
25-11-2010,179.2,179.65,166.0,168.6,171.1,267.0,166.0,5931449,1018232746.9,,171.67,EQ
26-11-2010,170.9,176.4,168.5,174.25,174.5,267.0,166.0,3691495,637345754.65,,172.65,EQ
29-11-2010,177.0,179.9,171.95,178.75,178.8,267.0,166.0,2449558,431114566.05,,176.0,EQ
30-11-2010,178.0,180.2,173.25,176.65,176.2,267.0,166.0,3231332,570629881.3,,176.59,EQ
01-12-2010,177.8,182.3,177.2,181.25,180.7,267.0,166.0,2505531,452412746.7,,180.57,EQ
02-12-2010,184.4,184.45,181.25,182.3,182.8,267.0,166.0,2148631,392117512.9,,182.5,EQ
03-12-2010,182.3,183.95,180.7,182.8,182.9,267.0,166.0,1897273,345742100.15,,182.23,EQ
06-12-2010,184.9,187.0,182.0,184.05,183.3,267.0,166.0,3155990,585341435.95,,185.47,EQ
07-12-2010,184.15,185.4,180.5,183.4,183.3,267.0,166.0,1339411,245591970.45,,183.36,EQ
08-12-2010,182.6,182.6,177.25,178.05,178.25,267.0,166.0,1813750,325890803.2,,179.68,EQ
09-12-2010,178.8,180.0,172.8,174.2,174.4,267.0,166.0,2334621,409248714.5,,175.3,EQ
10-12-2010,174.8,177.2,171.35,176.5,176.2,267.0,166.0,1415630,247671873.8,,174.96,EQ
13-12-2010,176.55,182.25,175.05,180.65,182.0,267.0,166.0,2609291,468396527.9,,179.51,EQ
14-12-2010,181.85,184.9,181.4,182.25,182.55,267.0,166.0,2198338,403281454.05,,183.45,EQ
15-12-2010,183.0,183.1,176.55,178.5,178.35,267.0,166.0,2268502,408582729.7,,180.11,EQ
16-12-2010,179.9,188.95,177.3,188.25,188.0,267.0,166.0,4016413,741082479.9,,184.51,EQ
20-12-2010,188.0,194.0,186.25,192.1,191.9,267.0,166.0,3952801,755013434.7,,191.01,EQ
21-12-2010,193.1,196.7,192.3,194.85,194.8,267.0,166.0,4506955,875648573.0,,194.29,EQ
22-12-2010,192.7,195.9,192.05,195.3,195.4,267.0,166.0,2733842,532571359.85,,194.81,EQ
23-12-2010,195.0,195.5,184.65,186.2,186.1,267.0,166.0,4120267,774237919.3,,187.91,EQ
24-12-2010,184.0,188.1,181.0,184.8,184.8,267.0,166.0,4775720,882411042.8,,184.77,EQ
27-12-2010,185.5,186.65,177.0,177.35,177.15,267.0,166.0,4779639,860619518.3,,180.06,EQ
28-12-2010,178.1,179.8,176.15,176.7,176.35,267.0,166.0,4907456,870935543.15,,177.47,EQ
29-12-2010,176.6,180.8,176.6,180.15,180.0,267.0,166.0,3036523,545595747.15,,179.68,EQ
30-12-2010,181.0,182.3,177.25,181.25,181.3,267.0,166.0,5167536,930139574.95,,180.0,EQ
31-12-2010,181.3,183.9,180.6,182.5,182.45,267.0,166.0,2588645,472905862.2,,182.68,EQ
03-01-2011,183.5,188.4,183.5,187.95,188.25,267.0,166.0,3460261,646590629.3,,186.86,EQ
04-01-2011,188.1,189.7,187.1,189.2,189.0,267.0,166.0,4084724,770140862.75,,188.54,EQ
05-01-2011,188.1,188.4,184.2,185.55,185.45,267.0,166.0,3527190,656797453.4,,186.21,EQ
06-01-2011,186.0,187.9,184.1,185.15,184.4,267.0,166.0,1646029,305154643.75,,185.39,EQ
07-01-2011,185.0,186.0,178.0,178.85,178.3,267.0,166.0,5280595,950264501.3,,179.95,EQ
10-01-2011,178.7,179.4,175.1,177.25,177.3,258.45,166.0,2851279,505781760.05,,177.39,EQ
11-01-2011,176.1,177.8,171.0,175.65,176.5,258.45,166.0,3041738,530746862.4,,174.49,EQ
12-01-2011,176.8,178.6,172.5,177.0,176.15,258.45,166.0,2493217,437264818.1,,175.38,EQ
13-01-2011,178.0,179.8,171.3,172.3,171.8,258.45,166.0,4427626,771915198.15,,174.34,EQ
14-01-2011,168.0,168.0,159.25,161.4,161.0,258.45,159.25,13409010,2184685143.55,,162.93,EQ
17-01-2011,162.0,162.9,156.4,157.15,157.2,258.45,156.4,3490684,556544417.35,,159.44,EQ
18-01-2011,157.9,162.75,157.5,162.0,161.6,258.45,156.4,5642252,908743940.15,,161.06,EQ
19-01-2011,162.45,171.5,162.0,169.75,170.5,258.45,156.4,7732713,1302564051.2,,168.45,EQ
20-01-2011,168.05,169.75,165.6,168.35,168.0,258.45,156.4,2336196,391857485.05,,167.73,EQ
21-01-2011,168.35,168.95,166.8,167.7,167.7,258.45,156.4,1654894,277985747.7,,167.98,EQ
24-01-2011,168.0,169.0,165.0,165.35,165.15,258.45,156.4,1867832,310647687.4,,166.31,EQ
25-01-2011,165.8,167.8,159.55,160.85,160.85,258.45,156.4,3900300,638079531.7,,163.6,EQ
27-01-2011,162.55,162.9,157.2,158.2,158.8,258.45,156.4,6595346,1047714610.35,,158.86,EQ
28-01-2011,160.0,160.5,155.35,158.35,159.15,258.45,155.35,2894635,456313112.95,,157.64,EQ
31-01-2011,157.65,161.95,155.7,160.9,161.25,258.45,155.35,3976045,635800977.7,,159.91,EQ
01-02-2011,161.5,162.9,157.4,160.8,160.9,258.45,155.35,2449569,393243329.25,,160.54,EQ
02-02-2011,162.8,163.0,159.55,160.15,159.7,258.45,155.35,2754722,443487401.3,,160.99,EQ
03-02-2011,160.15,165.15,158.5,164.4,164.2,258.45,155.35,3212077,522876856.5,,162.78,EQ
04-02-2011,164.6,165.7,160.15,161.55,161.0,258.45,155.35,3465940,563342866.0,,162.54,EQ
07-02-2011,161.9,162.75,159.0,160.4,160.75,258.45,155.35,927042,149234599.9,,160.98,EQ
08-02-2011,163.0,163.85,156.75,158.25,157.05,258.45,155.35,2155944,344107965.25,,159.61,EQ
09-02-2011,158.0,158.9,151.5,153.05,153.75,258.45,151.5,1505603,234137878.7,,155.51,EQ
10-02-2011,155.3,163.65,155.3,160.65,159.25,258.45,151.5,5084593,813509238.55,,159.99,EQ
11-02-2011,160.8,163.2,152.5,160.25,160.6,258.45,151.5,3414564,538282842.6,,157.64,EQ
14-02-2011,163.0,164.65,161.4,162.25,161.95,258.45,151.5,1843808,300461179.55,,162.96,EQ
15-02-2011,162.3,163.5,158.65,162.45,161.7,258.45,151.5,2225675,358998760.95,,161.3,EQ
16-02-2011,161.8,163.9,160.1,162.95,162.2,258.45,151.5,2240053,364061761.55,,162.52,EQ
17-02-2011,163.2,167.85,163.0,165.95,165.3,258.45,151.5,3700763,615074553.2,,166.2,EQ
18-02-2011,166.3,168.25,159.1,160.2,159.9,258.45,151.5,1926524,314969036.85,,163.49,EQ
21-02-2011,160.5,162.2,157.05,160.2,160.5,258.45,151.5,2018875,321768362.3,,159.38,EQ
22-02-2011,159.9,159.9,155.75,156.35,156.3,258.45,151.5,1772810,279109657.05,,157.44,EQ
23-02-2011,156.5,158.8,154.0,155.2,155.2,258.45,151.5,1555348,243582418.15,,156.61,EQ
24-02-2011,154.25,156.9,152.05,153.9,154.5,258.45,151.5,2745815,423487348.5,,154.23,EQ
25-02-2011,154.55,156.2,151.85,154.0,154.3,258.45,151.5,2320160,357797402.45,,154.21,EQ
28-02-2011,155.8,156.55,151.5,152.55,151.6,258.45,151.5,1819337,280895095.85,,154.39,EQ
01-03-2011,153.9,159.45,153.35,158.6,159.2,258.45,151.5,1869674,292937094.2,,156.68,EQ
03-03-2011,158.35,158.8,155.5,157.5,157.7,258.45,151.5,1318677,207558703.45,,157.4,EQ
04-03-2011,159.0,159.5,154.35,155.0,155.0,258.45,151.5,1498790,234031542.85,,156.15,EQ
07-03-2011,154.0,154.8,150.0,151.25,151.0,258.45,150.0,2426054,367026983.9,,151.29,EQ
08-03-2011,152.95,153.65,150.55,151.45,151.25,258.45,150.0,2675077,405822527.6,,151.7,EQ
09-03-2011,152.8,155.9,152.6,155.3,154.9,258.45,150.0,3580140,552963824.45,,154.45,EQ
10-03-2011,154.0,158.2,153.8,157.55,157.5,258.45,150.0,4129191,646195133.45,,156.49,EQ
11-03-2011,155.75,157.2,155.0,155.45,155.45,258.45,150.0,1131521,176164258.95,,155.69,EQ
14-03-2011,155.25,160.45,155.0,159.8,159.1,258.45,150.0,2179910,345960648.8,,158.7,EQ
15-03-2011,157.0,159.7,154.5,155.1,155.0,258.45,150.0,2399461,375316792.55,,156.42,EQ
16-03-2011,156.0,157.9,155.9,157.1,157.05,258.45,150.0,3262563,512812323.75,,157.18,EQ
17-03-2011,156.4,159.4,155.6,158.7,159.2,258.45,150.0,1450466,228512457.05,,157.54,EQ
18-03-2011,160.5,162.75,155.05,156.55,155.5,258.45,150.0,2699304,431872192.55,,159.99,EQ
21-03-2011,157.0,160.45,155.5,159.85,160.3,258.45,150.0,1456503,231028721.35,,158.62,EQ
22-03-2011,160.9,164.45,160.9,162.0,161.65,258.45,150.0,3873753,630595848.25,,162.79,EQ
23-03-2011,162.9,166.0,162.0,163.35,163.0,258.45,150.0,2791823,457106197.4,,163.73,EQ
24-03-2011,163.75,165.9,163.6,164.85,165.0,258.45,150.0,1809954,298220813.55,,164.77,EQ
25-03-2011,165.0,168.45,163.4,167.9,168.2,258.45,150.0,2300464,383027188.9,,166.5,EQ
28-03-2011,168.0,170.4,167.8,169.15,169.1,258.45,150.0,1561562,264469716.35,,169.36,EQ
29-03-2011,168.8,172.0,167.55,169.35,169.1,258.45,150.0,3058056,517520060.3,,169.23,EQ
30-03-2011,170.5,172.4,166.0,167.05,167.5,258.45,150.0,2830658,478308636.05,,168.97,EQ
31-03-2011,168.15,171.9,167.05,169.6,169.9,258.45,150.0,5186830,874875315.05,,168.67,EQ
01-04-2011,169.95,171.9,168.75,169.95,169.95,258.45,150.0,1328325,226285001.85,,170.35,EQ
04-04-2011,170.5,172.5,170.15,171.5,171.5,258.45,150.0,2164739,370355894.65,,171.09,EQ
05-04-2011,172.0,176.0,170.0,175.5,176.0,258.45,150.0,1670860,289201560.5,,173.09,EQ
06-04-2011,176.0,177.3,171.45,172.6,172.0,258.45,150.0,2066398,359168782.5,,173.81,EQ
07-04-2011,172.4,175.55,172.05,173.95,173.5,258.45,150.0,1363140,237282234.0,,174.07,EQ
08-04-2011,174.0,174.8,168.9,170.4,170.4,258.45,150.0,1292143,220894890.95,,170.95,EQ
11-04-2011,170.2,170.5,167.1,167.55,167.2,237.75,150.0,1198227,201755622.65,,168.38,EQ
13-04-2011,167.0,172.5,165.1,171.5,170.5,237.75,150.0,2130498,361529832.65,,169.69,EQ
15-04-2011,171.0,171.0,168.1,169.8,169.1,237.75,150.0,1054420,178595551.8,,169.38,EQ
18-04-2011,169.25,171.9,166.4,167.8,168.25,234.35,150.0,1220840,206338445.05,,169.01,EQ
19-04-2011,167.25,170.0,167.25,169.65,169.5,234.35,150.0,548075,92505037.8,,168.78,EQ
20-04-2011,171.0,174.9,169.85,174.2,173.75,234.35,150.0,1509598,260589336.45,,172.62,EQ
21-04-2011,174.0,174.4,172.0,172.65,172.55,234.35,150.0,1055545,182656687.05,,173.04,EQ
25-04-2011,173.0,174.8,168.05,169.65,168.3,234.35,150.0,2066279,354574307.6,,171.6,EQ
26-04-2011,169.7,169.7,165.55,166.95,166.9,234.35,150.0,2035041,339599380.2,,166.88,EQ
27-04-2011,168.45,169.1,165.3,167.2,166.45,234.35,150.0,1687417,281712407.5,,166.95,EQ
28-04-2011,168.45,168.7,161.15,161.85,161.3,234.35,150.0,3357820,547673900.2,,163.1,EQ
29-04-2011,160.0,164.25,158.4,159.3,159.6,234.35,150.0,4761398,765302143.4,,160.73,EQ
02-05-2011,156.0,162.85,155.05,158.85,159.5,234.35,150.0,2876868,458520758.0,,159.38,EQ
03-05-2011,158.0,159.9,155.75,156.3,155.95,234.35,150.0,1171996,185352774.0,,158.15,EQ
04-05-2011,156.7,157.0,154.3,156.15,156.15,234.35,150.0,2198083,342108947.9,,155.64,EQ
05-05-2011,156.6,156.8,151.25,153.85,152.8,234.35,150.0,2161636,332619004.65,,153.87,EQ
06-05-2011,155.0,155.25,153.2,154.75,154.5,234.35,150.0,1109472,171315369.6,,154.41,EQ
09-05-2011,155.8,155.8,153.0,154.65,154.7,234.35,150.0,731972,112970154.25,,154.34,EQ
10-05-2011,154.0,156.4,153.15,155.75,155.5,234.35,150.0,1744581,270903631.55,,155.28,EQ
11-05-2011,155.3,157.8,155.2,156.45,156.3,234.35,150.0,1117005,174924395.85,,156.6,EQ
12-05-2011,156.35,156.5,152.6,152.8,153.0,234.35,150.0,2550944,391637976.1,,153.53,EQ
13-05-2011,153.9,156.3,152.5,154.7,154.95,234.35,150.0,1011148,156593159.8,,154.87,EQ
16-05-2011,154.5,154.5,151.6,152.1,152.1,234.35,150.0,1934500,295662581.25,,152.84,EQ
17-05-2011,151.7,151.9,144.9,145.2,145.1,234.35,144.9,3411231,503313768.25,,147.55,EQ
18-05-2011,144.9,144.9,140.55,143.35,142.9,234.35,140.55,4238703,603951297.35,,142.48,EQ
19-05-2011,142.7,143.8,140.1,140.3,140.25,234.35,140.1,1663119,234509345.45,,141.01,EQ
20-05-2011,140.95,145.8,139.5,142.6,142.65,234.35,139.5,2737323,389472551.65,,142.28,EQ
23-05-2011,141.1,144.1,139.05,142.2,142.4,234.35,139.05,2809911,398381676.65,,141.78,EQ
24-05-2011,142.4,143.9,140.2,141.0,140.8,234.35,139.05,1869934,265503476.55,,141.99,EQ
25-05-2011,140.3,141.25,138.4,139.5,139.7,234.35,138.4,2089403,290989955.2,,139.27,EQ
26-05-2011,140.45,144.0,140.45,143.3,142.8,234.35,138.4,3922634,559632614.95,,142.67,EQ
27-05-2011,143.8,144.35,142.0,143.5,143.0,234.35,138.4,1930365,276524000.95,,143.25,EQ
30-05-2011,144.15,145.5,141.0,141.6,141.2,234.35,138.4,1875293,266582947.25,,142.16,EQ
31-05-2011,142.95,142.95,140.0,140.6,141.25,234.35,138.4,5251498,741081388.85,,141.12,EQ
01-06-2011,141.2,145.85,141.2,144.95,144.9,234.35,138.4,4164473,602084224.1,32869.0,144.58,EQ
02-06-2011,143.9,150.4,143.0,149.4,148.8,234.35,138.4,4400302,650986759.9,41654.0,147.94,EQ
03-06-2011,149.4,150.95,145.4,145.95,146.0,234.35,138.4,2208427,326679422.6,20703.0,147.92,EQ
06-06-2011,145.8,147.2,144.5,146.2,146.25,234.35,138.4,1072247,156334386.95,11303.0,145.8,EQ
07-06-2011,145.75,146.5,144.0,145.8,145.3,234.35,138.4,1675092,243333108.7,21273.0,145.27,EQ
08-06-2011,145.45,145.75,143.05,144.15,143.95,234.35,138.4,1611381,232486773.15,21328.0,144.28,EQ
09-06-2011,144.0,148.2,144.0,146.8,146.95,234.35,138.4,2199836,322424442.65,19804.0,146.57,EQ
10-06-2011,146.9,146.9,143.55,144.65,144.5,234.35,138.4,1284842,185893208.5,13617.0,144.68,EQ
13-06-2011,144.0,145.45,141.3,143.85,144.0,234.35,138.4,1364684,195477551.95,24408.0,143.24,EQ
14-06-2011,144.0,145.4,143.1,144.95,145.0,234.35,138.4,1001843,144809032.5,10924.0,144.54,EQ
15-06-2011,144.95,145.0,139.5,140.15,139.9,234.35,138.4,3152137,445339888.25,32474.0,141.28,EQ
16-06-2011,139.85,139.85,136.0,136.75,136.25,234.35,136.0,2960115,409303314.3,25889.0,138.27,EQ
17-06-2011,136.0,137.9,136.0,136.35,136.15,234.35,136.0,2101683,287284722.6,20709.0,136.69,EQ
20-06-2011,137.0,137.45,132.1,133.4,134.0,234.35,132.1,2324209,311114192.85,19168.0,133.86,EQ
21-06-2011,134.0,135.25,130.25,131.3,131.4,234.35,130.25,1632548,216541065.3,17455.0,132.64,EQ
22-06-2011,132.5,133.5,129.1,129.95,130.0,234.35,129.1,1981265,257666663.45,21992.0,130.05,EQ
23-06-2011,129.95,133.1,128.75,131.6,131.5,234.35,128.75,1829937,240066156.8,17383.0,131.19,EQ
24-06-2011,132.9,136.9,131.9,136.1,136.7,230.0,128.75,2550193,342448675.7,23096.0,134.28,EQ
27-06-2011,135.9,140.9,134.25,137.75,137.5,225.3,128.75,4441987,617142411.0,31467.0,138.93,EQ
28-06-2011,138.0,139.7,135.75,136.35,136.4,221.9,128.75,3531921,484455612.15,21310.0,137.16,EQ
29-06-2011,137.7,138.25,135.8,136.45,136.75,201.85,128.75,3205015,438407420.15,25184.0,136.79,EQ
30-06-2011,137.0,140.2,136.75,137.5,137.05,201.85,128.75,3750916,519320652.85,24136.0,138.45,EQ
01-07-2011,137.9,139.35,136.5,137.65,137.4,196.7,128.75,1280901,176548639.3,10692.0,137.83,EQ
04-07-2011,138.8,139.3,137.15,138.75,138.7,196.7,128.75,1227467,169700532.9,10533.0,138.25,EQ
05-07-2011,138.6,143.15,137.35,142.25,142.0,196.7,128.75,3630368,515273757.25,29035.0,141.93,EQ
06-07-2011,142.6,143.7,140.7,141.5,141.1,196.7,128.75,1651627,234921937.45,16651.0,142.24,EQ
07-07-2011,141.5,142.9,140.1,142.0,141.9,196.7,128.75,2712012,384950174.85,23593.0,141.94,EQ
08-07-2011,141.05,141.95,136.1,136.45,136.2,196.7,128.75,2666033,367075903.55,23022.0,137.69,EQ
11-07-2011,136.2,136.7,131.3,131.95,132.2,234.35,128.75,4305652,571868313.0,27276.0,132.82,EQ
12-07-2011,131.75,131.75,129.25,129.85,129.9,234.35,128.75,3118063,406362307.15,21867.0,130.33,EQ
13-07-2011,131.4,132.45,130.6,131.65,131.95,234.35,128.75,2645214,348198994.85,18437.0,131.63,EQ
14-07-2011,131.4,133.25,130.5,131.35,130.95,234.35,128.75,4409267,580841722.25,29922.0,131.73,EQ
15-07-2011,132.15,132.9,130.15,130.8,130.85,234.35,128.75,2354260,309291652.05,21153.0,131.38,EQ
18-07-2011,131.7,132.25,130.7,131.45,131.45,234.35,128.75,1414509,186173579.8,13478.0,131.62,EQ
19-07-2011,131.3,133.4,130.9,132.45,132.35,234.35,128.75,2130608,281765789.1,19189.0,132.25,EQ
20-07-2011,133.35,133.4,130.55,131.1,130.9,234.35,128.75,1307650,172057089.75,12562.0,131.58,EQ
21-07-2011,131.7,131.8,128.6,129.15,128.75,234.35,128.6,1340983,174355406.7,12733.0,130.02,EQ
22-07-2011,130.55,132.15,129.1,131.65,131.85,234.35,128.6,2304070,302105610.2,21901.0,131.12,EQ
25-07-2011,131.85,134.65,131.3,133.95,134.05,234.35,128.6,2145026,285749961.45,16791.0,133.22,EQ
26-07-2011,134.0,135.25,131.15,131.55,131.5,234.35,128.6,1557498,206171059.75,13868.0,132.37,EQ
27-07-2011,132.25,132.8,130.2,131.2,131.4,234.35,128.6,1145671,150501394.65,14652.0,131.37,EQ
28-07-2011,130.0,130.4,127.0,127.7,127.65,234.35,127.0,3272611,419961394.05,22323.0,128.33,EQ
29-07-2011,127.5,127.5,125.8,126.35,126.4,234.35,125.8,1554799,196949021.2,17291.0,126.67,EQ
01-08-2011,127.45,127.45,118.8,119.95,119.9,234.35,118.8,6115115,740258337.55,35539.0,121.05,EQ
02-08-2011,119.95,120.3,116.35,118.0,118.0,234.35,116.35,3402164,400757800.65,26357.0,117.79,EQ
03-08-2011,117.4,122.0,115.5,121.05,121.75,234.35,115.5,2751757,328639838.15,22795.0,119.43,EQ
04-08-2011,121.9,122.5,118.05,119.1,118.3,234.35,115.5,2118976,254926579.65,16292.0,120.31,EQ
05-08-2011,115.8,116.2,110.1,114.65,115.95,234.35,110.1,3771949,430482553.35,27084.0,114.13,EQ
08-08-2011,112.9,112.9,106.4,107.8,107.7,234.35,106.4,3622820,399705116.0,31937.0,110.33,EQ
09-08-2011,105.0,109.6,103.0,107.3,107.35,234.35,103.0,4255886,453285579.95,32736.0,106.51,EQ
10-08-2011,109.65,113.85,108.5,112.5,112.25,234.35,103.0,6863638,770745576.9,39005.0,112.29,EQ
11-08-2011,112.5,112.75,110.0,111.75,112.45,234.35,103.0,2472495,275628514.4,23248.0,111.48,EQ
12-08-2011,113.5,114.35,108.4,110.45,109.65,234.35,103.0,2571485,285103763.45,27583.0,110.87,EQ
16-08-2011,110.2,112.5,103.4,105.05,105.3,234.35,103.0,1987532,213582685.95,22585.0,107.46,EQ
17-08-2011,106.0,108.0,105.25,106.55,106.4,234.35,103.0,1767271,188404483.9,19415.0,106.61,EQ
18-08-2011,107.2,108.0,103.5,104.4,104.0,234.35,103.0,2185598,230471429.85,19413.0,105.45,EQ
19-08-2011,103.0,106.0,101.95,104.8,104.2,234.35,101.95,2165211,224636959.05,22247.0,103.75,EQ
22-08-2011,104.8,112.8,103.25,111.3,112.65,234.35,101.95,3401038,366423125.8,26683.0,107.74,EQ
23-08-2011,112.9,113.15,108.85,110.7,110.1,234.35,101.95,2714696,300691362.75,24440.0,110.76,EQ
24-08-2011,109.6,112.5,108.6,109.6,109.4,234.35,101.95,3234077,357369308.7,23881.0,110.5,EQ
25-08-2011,110.65,111.2,105.0,106.5,105.3,234.35,101.95,2729101,294772871.85,18073.0,108.01,EQ
26-08-2011,106.0,106.7,101.05,102.45,102.15,234.35,101.05,2216837,230231696.6,20220.0,103.86,EQ
29-08-2011,104.7,107.5,102.9,106.9,107.1,234.35,101.05,1710336,180639449.6,18130.0,105.62,EQ
30-08-2011,108.0,109.8,104.2,107.9,107.95,234.35,101.05,4303402,459648584.25,37092.0,106.81,EQ
02-09-2011,109.8,110.5,108.0,109.55,110.0,234.35,101.05,3411246,373338418.3,35477.0,109.44,EQ
05-09-2011,108.5,113.8,107.65,113.0,113.55,234.35,101.05,3060162,340716385.15,24028.0,111.34,EQ
06-09-2011,113.4,117.45,110.25,116.7,117.05,234.35,101.05,5600085,639881216.1,42693.0,114.26,EQ
07-09-2011,117.15,123.0,117.15,121.45,122.5,234.35,101.05,3867981,462245535.15,27709.0,119.51,EQ
08-09-2011,122.85,122.85,117.55,118.4,118.0,234.35,101.05,3689095,438641965.4,24938.0,118.9,EQ
09-09-2011,117.5,118.0,111.1,112.1,111.9,234.35,101.05,3729368,425783781.5,29876.0,114.17,EQ
12-09-2011,111.0,111.6,107.1,107.95,107.25,234.35,101.05,1830237,200062814.6,19103.0,109.31,EQ
13-09-2011,109.0,110.75,105.1,106.4,107.0,234.35,101.05,3063156,330061435.65,28383.0,107.75,EQ
14-09-2011,107.45,110.5,106.5,109.45,109.6,234.35,101.05,3284443,357122694.5,31102.0,108.73,EQ
15-09-2011,110.9,113.3,108.25,112.0,113.0,234.35,101.05,2764555,304832639.75,25916.0,110.26,EQ
16-09-2011,113.35,113.35,108.4,109.25,109.05,234.35,101.05,2789640,310031796.05,27430.0,111.14,EQ
19-09-2011,110.0,110.0,107.1,107.7,107.65,234.35,101.05,2134648,230471177.6,18861.0,107.97,EQ
20-09-2011,107.5,112.0,107.1,111.65,112.0,234.35,101.05,2623196,289179784.05,24902.0,110.24,EQ
21-09-2011,111.95,114.1,110.1,113.6,112.6,234.35,101.05,3212919,360642308.95,27495.0,112.25,EQ
22-09-2011,111.0,111.0,106.2,107.75,108.15,234.35,101.05,3061556,331918127.75,25857.0,108.41,EQ
23-09-2011,106.0,107.35,102.6,104.5,104.0,234.35,101.05,3829770,400380143.0,36198.0,104.54,EQ
26-09-2011,105.1,106.0,101.65,104.0,103.75,234.35,101.05,2312422,240049047.05,25999.0,103.81,EQ
27-09-2011,106.0,109.6,105.65,108.85,108.7,234.35,101.05,2137237,230735967.25,19481.0,107.96,EQ
28-09-2011,109.9,109.9,104.6,107.25,107.05,234.35,101.05,2870756,306744322.65,28123.0,106.85,EQ
29-09-2011,106.1,111.0,104.75,109.65,109.75,234.35,101.05,2745084,295018918.35,23586.0,107.47,EQ
30-09-2011,109.5,109.5,103.15,105.65,106.45,234.35,101.05,3494107,370436951.2,28555.0,106.02,EQ
03-10-2011,104.1,104.95,99.2,100.4,100.7,234.35,99.2,4225764,430606245.5,34458.0,101.9,EQ
04-10-2011,99.0,101.8,98.05,100.1,100.0,234.35,98.05,5433907,543631619.1,36856.0,100.04,EQ
05-10-2011,101.5,102.0,98.35,98.85,98.75,234.35,98.05,3743343,372871301.9,25622.0,99.61,EQ
07-10-2011,101.0,104.25,101.0,103.5,102.75,234.35,98.05,3524558,362939071.45,34469.0,102.97,EQ
10-10-2011,102.05,105.45,102.05,103.95,103.7,230.0,98.05,4228309,439494912.05,27800.0,103.94,EQ
11-10-2011,105.5,108.15,104.2,107.4,106.45,230.0,98.05,5025020,534052669.65,40961.0,106.28,EQ
12-10-2011,108.0,110.5,105.3,109.8,109.8,230.0,98.05,4282720,462288268.7,27954.0,107.94,EQ
13-10-2011,110.4,111.35,106.35,108.1,107.2,230.0,98.05,5165092,560505040.85,34681.0,108.52,EQ
14-10-2011,107.2,109.2,105.75,108.05,107.25,230.0,98.05,3080361,330156088.6,21756.0,107.18,EQ
17-10-2011,108.45,108.85,104.8,105.65,104.85,225.3,98.05,2094679,222795309.5,16979.0,106.36,EQ
18-10-2011,103.9,104.4,102.8,103.4,103.45,225.3,98.05,1908938,197252524.75,14598.0,103.33,EQ
19-10-2011,104.7,107.0,104.1,106.7,106.85,225.3,98.05,1999881,211675954.75,15197.0,105.84,EQ
20-10-2011,105.0,107.65,104.1,106.95,106.8,225.3,98.05,2150331,226990034.2,16270.0,105.56,EQ
21-10-2011,106.9,107.2,105.15,105.5,105.8,225.3,98.05,1689691,179881452.8,10930.0,106.46,EQ
24-10-2011,107.0,107.6,105.4,106.15,105.85,221.9,98.05,1398343,148965715.25,11008.0,106.53,EQ
25-10-2011,107.4,110.5,105.7,109.2,109.95,221.9,98.05,2071638,223378771.1,17162.0,107.83,EQ
26-10-2011,110.0,110.8,108.8,109.3,108.8,221.9,98.05,355685,38937525.6,4034.0,109.47,EQ
28-10-2011,112.1,117.0,111.1,116.05,115.85,221.9,98.05,3734257,429729033.0,32000.0,115.08,EQ
31-10-2011,116.0,116.25,111.65,112.2,112.1,201.85,98.05,1944105,221613047.95,21540.0,113.99,EQ
01-11-2011,111.65,112.9,109.6,110.7,110.75,201.85,98.05,1813560,201625646.7,15966.0,111.18,EQ
02-11-2011,109.5,114.4,109.05,112.75,112.3,201.85,98.05,2710343,304766594.8,31617.0,112.45,EQ
03-11-2011,113.0,113.0,107.3,109.15,109.75,201.85,98.05,6586566,721178697.7,43222.0,109.49,EQ
04-11-2011,110.25,111.65,109.55,111.0,110.95,201.85,98.05,2334236,258660296.3,20303.0,110.81,EQ
08-11-2011,111.75,112.35,109.1,109.9,109.8,201.85,98.05,1965457,216825261.95,19338.0,110.32,EQ
09-11-2011,110.0,110.85,106.25,107.0,106.6,201.85,98.05,2678639,290027305.65,24184.0,108.27,EQ
11-11-2011,106.0,107.1,103.0,105.2,105.5,201.85,98.05,2535020,266517165.0,25315.0,105.13,EQ
14-11-2011,106.4,107.2,102.0,102.25,102.05,196.7,98.05,2048432,212717269.35,18599.0,103.84,EQ
15-11-2011,102.0,103.25,98.0,99.0,99.0,196.7,98.0,2554516,256268123.95,24737.0,100.32,EQ
16-11-2011,98.7,98.8,92.75,93.8,93.65,196.7,92.75,5352857,503910866.55,45686.0,94.14,EQ
17-11-2011,93.65,93.65,89.1,90.45,91.0,196.7,89.1,6189603,563288881.55,52390.0,91.01,EQ
18-11-2011,88.95,100.6,88.15,94.3,97.5,196.7,88.15,5962198,543139628.85,49935.0,91.1,EQ
21-11-2011,93.7,93.9,88.0,88.4,88.1,196.7,88.0,4485380,404552229.6,36890.0,90.19,EQ
22-11-2011,89.8,91.25,88.65,90.25,90.15,196.7,88.0,3613002,325850427.8,27524.0,90.19,EQ
23-11-2011,90.0,90.0,86.65,87.85,88.0,196.7,86.65,3473460,305789704.35,25221.0,88.04,EQ
24-11-2011,87.8,87.95,83.15,84.85,85.05,196.7,83.15,6975556,589925908.45,45572.0,84.57,EQ
25-11-2011,85.4,85.4,81.55,82.1,82.0,196.7,81.55,5600768,466428714.25,40811.0,83.28,EQ
28-11-2011,84.0,86.0,83.0,85.4,85.5,196.7,81.55,5786884,490629910.25,37859.0,84.78,EQ
29-11-2011,86.45,86.45,82.45,83.8,84.0,196.7,81.55,10183839,857460448.45,52653.0,84.2,EQ
30-11-2011,82.9,83.4,79.9,80.2,80.5,196.7,79.9,33204150,2684518261.7,131844.0,80.85,EQ
01-12-2011,84.0,86.4,83.6,85.5,85.6,196.7,79.9,11111175,945613269.6,52750.0,85.1,EQ
02-12-2011,86.0,87.95,84.75,87.15,86.95,196.7,79.9,6492576,562969654.65,42241.0,86.71,EQ
05-12-2011,87.5,88.4,85.0,85.3,85.05,196.7,79.9,6924720,598918141.25,41069.0,86.49,EQ
07-12-2011,85.75,88.45,85.3,86.75,86.4,196.7,79.9,9074965,791330147.75,44962.0,87.2,EQ
08-12-2011,86.6,88.4,83.8,87.65,87.3,196.7,79.9,14614439,1267618222.3,55733.0,86.74,EQ
09-12-2011,86.0,86.1,82.4,83.0,82.7,196.7,79.9,8519007,718136564.65,49553.0,84.3,EQ
12-12-2011,84.0,84.0,77.6,78.55,78.0,196.7,77.6,7639987,614778187.65,44094.0,80.47,EQ
13-12-2011,78.2,81.9,76.65,80.9,81.7,196.7,76.65,6174350,491011113.15,40152.0,79.52,EQ
14-12-2011,80.5,81.15,77.5,78.0,77.9,196.7,76.65,5714763,455277044.3,36003.0,79.67,EQ
15-12-2011,77.25,78.0,75.75,77.15,77.25,196.7,75.75,3684189,283141115.15,26986.0,76.85,EQ
16-12-2011,77.7,79.2,73.5,74.75,74.75,196.7,73.5,4742513,364507889.7,28892.0,76.86,EQ
19-12-2011,74.5,77.8,73.2,76.65,77.35,196.7,73.2,5140692,387440782.6,32751.0,75.37,EQ
20-12-2011,77.2,79.1,76.15,77.05,77.25,196.7,73.2,6179233,477365995.25,31658.0,77.25,EQ
21-12-2011,79.65,80.95,78.5,80.6,80.75,196.7,73.2,4120401,328453835.1,36616.0,79.71,EQ
22-12-2011,80.0,80.5,77.4,80.0,79.8,196.7,73.2,3617044,286297013.85,25060.0,79.15,EQ
23-12-2011,80.2,82.5,79.75,80.05,80.05,196.7,73.2,4156266,336468103.45,27087.0,80.95,EQ
26-12-2011,80.45,81.7,80.25,80.65,80.55,189.7,73.2,1696561,137210397.7,13475.0,80.88,EQ
27-12-2011,81.2,81.5,79.5,80.1,80.25,189.7,73.2,2813866,225922200.75,16792.0,80.29,EQ
28-12-2011,80.35,80.7,79.0,80.0,79.8,189.7,73.2,2131230,170105004.15,12509.0,79.82,EQ
29-12-2011,79.8,81.5,78.5,80.55,80.75,189.7,73.2,4881814,390901651.2,24307.0,80.07,EQ
30-12-2011,80.9,82.25,80.25,81.5,81.3,189.7,73.2,3942384,320453656.25,18548.0,81.28,EQ
02-01-2012,81.9,82.75,79.7,81.6,81.35,189.7,73.2,2708831,220302447.25,18080.0,81.33,EQ
03-01-2012,82.0,84.0,82.0,83.75,83.65,189.7,73.2,2430110,202119147.2,17816.0,83.17,EQ
04-01-2012,85.15,86.5,84.5,85.15,84.8,189.7,73.2,4293268,367687652.65,28989.0,85.64,EQ
05-01-2012,85.0,85.8,83.6,83.95,84.0,189.7,73.2,1959109,165671603.15,14690.0,84.56,EQ
06-01-2012,83.5,84.9,82.1,84.3,84.65,189.7,73.2,2395826,199589447.2,21932.0,83.31,EQ
07-01-2012,84.5,85.0,83.85,84.3,84.4,189.7,73.2,160502,13539013.9,1695.0,84.35,EQ
09-01-2012,84.0,85.5,82.6,85.2,85.1,179.8,73.2,2339092,197404663.35,19021.0,84.39,EQ
10-01-2012,85.9,88.5,85.9,88.2,88.25,179.8,73.2,3272053,286552169.85,26113.0,87.58,EQ
11-01-2012,88.75,92.5,88.3,91.5,91.25,179.8,73.2,5750458,520287524.6,35302.0,90.48,EQ
12-01-2012,91.45,93.4,90.85,91.35,91.45,179.8,73.2,2211353,203729319.45,18112.0,92.13,EQ
13-01-2012,93.3,95.3,91.9,92.3,92.1,179.8,73.2,8087137,755337557.0,42780.0,93.4,EQ
16-01-2012,92.15,92.45,89.7,91.7,91.6,177.3,73.2,3886311,354087974.1,26485.0,91.11,EQ
17-01-2012,92.55,95.8,92.5,94.4,94.25,177.3,73.2,4556612,430382233.95,31184.0,94.45,EQ
18-01-2012,94.55,95.3,90.3,90.8,90.35,177.3,73.2,3775954,347891397.15,27172.0,92.13,EQ
19-01-2012,92.1,93.15,90.6,91.15,90.85,177.3,73.2,3618838,331420235.95,34452.0,91.58,EQ
20-01-2012,91.75,93.0,89.85,91.6,91.75,177.3,73.2,4050939,371369054.6,27308.0,91.67,EQ
23-01-2012,91.7,93.5,91.5,92.5,92.05,177.3,73.2,2418729,224142811.4,15409.0,92.67,EQ
24-01-2012,93.0,96.2,92.1,95.05,94.5,177.3,73.2,5749651,543854665.7,34778.0,94.59,EQ
25-01-2012,95.6,98.9,95.3,98.4,98.0,177.3,73.2,8473950,827180042.9,38795.0,97.61,EQ
27-01-2012,100.0,107.45,99.0,105.2,105.2,177.3,73.2,10175645,1055301070.75,68296.0,103.71,EQ
30-01-2012,105.2,105.2,99.55,100.2,99.85,177.3,73.2,5078563,518558416.35,34641.0,102.11,EQ
31-01-2012,100.4,102.85,99.75,101.65,101.7,177.3,73.2,4187270,424892940.4,33300.0,101.47,EQ
01-02-2012,101.05,106.0,101.05,104.65,104.8,177.3,73.2,5360347,559406163.55,42069.0,104.36,EQ
02-02-2012,105.9,106.75,102.0,105.4,105.15,177.3,73.2,3652297,384235667.05,29166.0,105.2,EQ
03-02-2012,105.4,107.2,104.4,105.0,104.7,177.3,73.2,3689430,389272722.35,34716.0,105.51,EQ
06-02-2012,106.1,108.85,106.1,106.95,106.7,177.3,73.2,4244765,456596800.5,45425.0,107.57,EQ
07-02-2012,107.9,109.5,105.15,105.95,105.5,177.3,73.2,4360744,469196752.45,35515.0,107.6,EQ
08-02-2012,107.5,107.95,104.1,105.0,104.9,177.3,73.2,4368300,464473759.4,24118.0,106.33,EQ
09-02-2012,103.8,109.45,103.8,108.9,108.9,177.3,73.2,3284702,352141148.75,23921.0,107.21,EQ
10-02-2012,108.7,114.1,108.0,113.2,112.95,177.3,73.2,6238369,694349165.3,44109.0,111.3,EQ
13-02-2012,113.1,114.95,108.3,110.3,109.5,177.3,73.2,10024161,1117736852.7,51450.0,111.5,EQ
14-02-2012,109.0,111.5,108.9,110.6,110.25,177.3,73.2,2758534,304937567.05,22512.0,110.54,EQ
15-02-2012,111.4,113.8,110.8,112.3,112.25,177.3,73.2,17719292,1987428507.95,41758.0,112.16,EQ
16-02-2012,111.8,112.5,110.2,111.45,111.05,177.3,73.2,2327842,259170209.8,18609.0,111.33,EQ
17-02-2012,112.0,115.9,111.0,111.55,111.6,177.3,73.2,6098461,693852269.5,37259.0,113.77,EQ
21-02-2012,112.7,114.4,110.8,111.35,111.7,177.3,73.2,5912728,666869669.85,33758.0,112.79,EQ
22-02-2012,112.4,113.0,105.8,106.25,106.0,177.3,73.2,4031989,441334288.65,29413.0,109.46,EQ
23-02-2012,106.25,106.25,103.35,104.75,104.75,177.3,73.2,4220569,442394847.7,26578.0,104.82,EQ
24-02-2012,105.1,106.7,103.55,105.25,105.75,177.3,73.2,3550657,373795115.55,22077.0,105.27,EQ
27-02-2012,105.85,106.05,95.9,97.2,96.25,177.3,73.2,4591541,458454119.2,35567.0,99.85,EQ
28-02-2012,98.2,100.8,96.75,99.75,100.3,177.3,73.2,5338800,530463701.05,43175.0,99.36,EQ
29-02-2012,101.6,104.25,100.45,103.15,103.25,177.3,73.2,6227174,639626397.85,37236.0,102.72,EQ
01-03-2012,104.0,104.75,98.0,101.5,101.15,177.3,73.2,4693585,481426930.8,33885.0,102.57,EQ
02-03-2012,102.8,103.3,100.8,101.4,101.4,177.3,73.2,2592666,265156773.1,19856.0,102.27,EQ
03-03-2012,101.4,102.2,101.35,101.5,101.5,177.3,73.2,246682,25088476.0,2256.0,101.7,EQ
05-03-2012,101.2,101.25,89.6,96.35,96.5,177.3,73.2,3036117,297949078.6,25372.0,98.13,EQ
06-03-2012,96.0,99.35,91.4,92.5,92.0,177.3,73.2,4725488,452081472.8,34879.0,95.67,EQ
07-03-2012,92.5,94.1,89.8,90.9,90.75,177.3,73.2,5298534,487331096.1,36559.0,91.97,EQ
09-03-2012,92.9,95.2,92.5,94.8,94.85,177.3,73.2,6453733,606783128.55,33731.0,94.02,EQ
12-03-2012,97.0,97.0,94.0,96.4,96.65,177.3,73.2,4136427,394902032.25,25481.0,95.47,EQ
13-03-2012,97.3,101.5,97.05,101.0,101.25,177.3,73.2,5270461,528146441.9,35547.0,100.21,EQ
14-03-2012,102.7,102.95,99.7,100.45,100.05,177.3,73.2,3351489,340843431.0,21207.0,101.7,EQ
15-03-2012,100.0,100.0,98.0,98.7,98.6,177.3,73.2,2779355,274789590.95,24817.0,98.87,EQ
16-03-2012,98.5,100.5,95.0,95.8,96.2,177.3,73.2,3581734,351712077.15,22757.0,98.2,EQ
19-03-2012,96.05,96.75,92.8,93.25,93.25,177.3,73.2,2549157,241365587.2,19278.0,94.68,EQ
20-03-2012,93.5,95.0,92.85,94.5,94.7,177.3,73.2,2204229,207473443.75,17968.0,94.13,EQ
21-03-2012,94.5,98.65,93.0,97.9,97.9,177.3,73.2,3260842,314645359.55,26516.0,96.49,EQ
22-03-2012,98.4,99.5,93.25,93.75,93.55,177.3,73.2,4057915,392477830.5,28065.0,96.72,EQ
23-03-2012,94.15,96.2,93.05,94.6,95.0,177.3,73.2,2438493,230997250.05,18947.0,94.73,EQ
26-03-2012,94.8,94.8,92.1,92.7,92.85,177.3,73.2,2001615,187049139.85,15720.0,93.45,EQ
27-03-2012,94.0,95.3,93.5,94.9,94.75,177.3,73.2,2227642,210477539.25,17786.0,94.48,EQ
28-03-2012,94.7,94.7,91.65,92.2,91.9,177.3,73.2,2559617,238344700.6,15910.0,93.12,EQ
29-03-2012,91.9,92.45,90.25,90.85,91.1,177.3,73.2,2714411,247836696.8,18638.0,91.3,EQ
30-03-2012,91.85,94.65,91.7,94.25,94.5,177.3,73.2,2528439,236577656.4,21310.0,93.57,EQ
02-04-2012,94.9,97.0,94.9,96.05,96.05,177.3,73.2,2257954,217439272.25,17498.0,96.3,EQ
03-04-2012,96.7,99.1,96.65,98.9,98.5,177.3,73.2,3540153,347259340.35,20116.0,98.09,EQ
04-04-2012,98.0,98.65,96.5,97.95,97.95,177.3,73.2,2778581,270930470.3,16321.0,97.51,EQ
09-04-2012,97.0,97.0,93.7,94.05,93.75,174.9,73.2,2309731,219121201.6,16132.0,94.87,EQ
10-04-2012,94.55,94.95,92.35,93.15,93.15,174.9,73.2,1964078,183348599.6,13597.0,93.35,EQ
11-04-2012,92.1,93.75,91.65,92.2,92.2,174.9,73.2,2015891,186591411.4,18772.0,92.56,EQ
12-04-2012,93.8,94.8,93.4,94.2,94.0,174.9,73.2,3116745,293478400.45,21612.0,94.16,EQ
13-04-2012,95.0,95.8,93.15,93.55,93.65,174.9,73.2,2030225,192035381.55,14177.0,94.59,EQ
16-04-2012,93.0,95.25,92.45,93.75,93.9,174.9,73.2,2128806,200177753.65,15151.0,94.03,EQ
17-04-2012,94.4,96.5,93.9,96.1,96.0,174.9,73.2,3075600,292757727.1,33412.0,95.19,EQ
18-04-2012,96.4,98.4,96.0,96.6,96.0,174.9,73.2,4669681,455376581.6,40833.0,97.52,EQ
19-04-2012,96.85,99.05,96.25,98.2,99.0,174.9,73.2,3692950,361014149.4,37717.0,97.76,EQ
20-04-2012,97.0,98.5,96.4,97.25,96.6,174.9,73.2,4152479,404916050.05,31239.0,97.51,EQ
23-04-2012,96.95,101.15,96.0,96.6,96.4,174.8,73.2,5292978,523873338.95,33903.0,98.98,EQ
24-04-2012,97.05,101.2,95.05,100.5,100.85,174.8,73.2,4379552,430214695.85,29356.0,98.23,EQ
25-04-2012,100.0,101.75,97.8,99.4,99.0,174.8,73.2,3665961,365042156.0,24559.0,99.58,EQ
26-04-2012,98.55,100.25,96.8,97.75,97.05,174.8,73.2,3074539,304345101.4,20078.0,98.99,EQ
27-04-2012,97.15,98.95,93.75,94.75,94.8,174.8,73.2,4236751,407134045.65,23170.0,96.1,EQ
28-04-2012,95.6,95.9,94.5,95.5,95.85,174.8,73.2,220381,21031884.2,2184.0,95.43,EQ
30-04-2012,95.1,97.35,93.8,94.7,94.75,162.85,73.2,3423836,326162302.9,21406.0,95.26,EQ
02-05-2012,95.0,97.45,95.0,96.45,96.55,162.85,73.2,5457403,527042695.75,21122.0,96.57,EQ
03-05-2012,95.6,97.6,94.65,95.45,95.35,162.85,73.2,2749922,263477874.05,25059.0,95.81,EQ
04-05-2012,95.45,96.4,92.5,93.75,93.8,162.85,73.2,3712768,350722801.1,23954.0,94.46,EQ
07-05-2012,91.55,93.5,90.1,92.95,93.4,157.8,73.2,3589944,328971182.95,27314.0,91.64,EQ
08-05-2012,93.25,94.5,93.0,93.55,93.6,157.8,73.2,2507505,234666381.6,15972.0,93.59,EQ
09-05-2012,92.6,92.9,90.15,91.05,90.8,157.8,73.2,2630851,239448002.7,25102.0,91.02,EQ
10-05-2012,90.5,92.8,89.0,89.65,90.0,157.8,73.2,2291726,207698699.5,15236.0,90.63,EQ
11-05-2012,89.0,91.05,87.5,89.3,89.3,157.8,73.2,2738544,243064984.8,21135.0,88.76,EQ
14-05-2012,89.05,90.5,86.05,86.85,86.25,154.5,73.2,2048031,179600313.9,15256.0,87.69,EQ
15-05-2012,86.0,89.15,85.6,88.55,88.85,154.5,73.2,3607098,315811443.2,30014.0,87.55,EQ
16-05-2012,87.5,87.5,84.05,84.6,84.85,154.5,73.2,4629959,394508045.1,36915.0,85.21,EQ
17-05-2012,85.45,88.2,85.45,87.8,88.0,154.5,73.2,2572268,223740193.75,15042.0,86.98,EQ
18-05-2012,85.55,90.75,85.55,89.95,90.65,154.5,73.2,2113521,186614004.95,14349.0,88.3,EQ
21-05-2012,89.5,91.4,88.3,91.0,91.1,150.95,73.2,3422717,308667809.9,21123.0,90.18,EQ
22-05-2012,92.3,93.5,91.25,91.9,92.1,150.95,73.2,3502764,324385743.25,22704.0,92.61,EQ
23-05-2012,90.05,93.65,89.75,90.6,90.05,150.95,73.2,4096559,375902347.5,23270.0,91.76,EQ
24-05-2012,90.9,91.75,89.0,91.05,91.0,150.95,73.2,2093555,189619588.95,13245.0,90.57,EQ
25-05-2012,90.5,93.5,90.5,92.65,93.2,150.95,73.2,2071616,190896401.55,14384.0,92.15,EQ
28-05-2012,92.1,95.2,92.1,93.45,93.6,150.95,73.2,2406443,226393098.65,16075.0,94.08,EQ
29-05-2012,94.0,96.7,91.8,93.1,91.95,150.95,73.2,9998915,945466152.85,51143.0,94.56,EQ
30-05-2012,91.95,92.85,90.65,92.15,92.15,150.95,73.2,3722593,341360780.45,21099.0,91.7,EQ
31-05-2012,90.5,96.75,90.5,95.35,94.5,150.95,73.2,6462357,609668626.75,35561.0,94.34,EQ
01-06-2012,94.0,94.7,90.9,91.4,91.25,150.95,73.2,3546981,327362686.9,22594.0,92.29,EQ
04-06-2012,90.3,92.45,89.1,92.0,92.2,148.2,73.2,1955171,177886317.75,13415.0,90.98,EQ
05-06-2012,92.2,93.5,91.9,92.8,93.1,148.2,73.2,1656325,153551456.75,11717.0,92.71,EQ
06-06-2012,93.0,94.9,92.8,94.65,94.5,148.2,73.2,1728295,162669016.95,14715.0,94.12,EQ
07-06-2012,94.8,96.2,94.25,94.95,94.5,148.2,73.2,1815993,172500048.95,13794.0,94.99,EQ
08-06-2012,94.4,96.0,93.4,95.0,95.9,148.2,73.2,2483371,235364059.15,14545.0,94.78,EQ
11-06-2012,96.15,97.35,94.3,94.9,94.5,145.45,73.2,3255093,313327631.8,20075.0,96.26,EQ
12-06-2012,94.1,95.2,93.65,94.75,94.45,145.45,73.2,2890228,273304263.1,15368.0,94.56,EQ
13-06-2012,95.75,95.8,93.8,95.05,94.8,145.45,73.2,2929264,278146889.1,20420.0,94.95,EQ
14-06-2012,94.55,95.5,90.8,91.3,91.4,145.45,73.2,2459762,227614331.45,13147.0,92.54,EQ
15-06-2012,91.9,93.4,91.75,92.55,92.0,145.45,73.2,3573267,331055797.0,15102.0,92.65,EQ
18-06-2012,93.7,93.95,91.0,92.0,91.9,143.7,73.2,3071144,283010170.65,12837.0,92.15,EQ
19-06-2012,91.1,92.0,89.75,91.0,91.0,143.7,73.2,2612593,237643225.7,15903.0,90.96,EQ
20-06-2012,91.0,92.25,91.0,91.4,91.5,143.7,73.2,2274030,208557024.9,14087.0,91.71,EQ
21-06-2012,91.0,91.9,90.55,91.45,91.35,143.7,73.2,3450384,314802159.95,19969.0,91.24,EQ
22-06-2012,90.5,91.2,89.8,90.0,89.95,143.7,73.2,3059135,276140510.9,18635.0,90.27,EQ
25-06-2012,91.1,91.3,89.4,89.9,89.65,143.7,73.2,3257859,295420488.4,15641.0,90.68,EQ
26-06-2012,89.25,89.8,87.3,88.05,88.2,143.7,73.2,3806929,335649510.45,25858.0,88.17,EQ
27-06-2012,89.5,89.6,88.1,88.5,88.5,143.7,73.2,3805564,337132661.25,15880.0,88.59,EQ
28-06-2012,89.25,89.35,87.7,88.35,88.5,143.7,73.2,6037611,533943709.7,26778.0,88.44,EQ
29-06-2012,90.0,90.9,89.45,90.6,90.6,143.7,73.2,3860837,348209284.2,24460.0,90.19,EQ
02-07-2012,91.0,92.15,90.6,91.2,91.1,143.7,73.2,3545347,324609634.0,19883.0,91.56,EQ
03-07-2012,92.0,92.95,91.5,92.6,92.5,143.7,73.2,3801186,351007722.35,18035.0,92.34,EQ
04-07-2012,93.0,95.2,92.8,94.55,94.5,143.7,73.2,4955048,466331263.55,26000.0,94.11,EQ
05-07-2012,94.95,94.95,93.65,94.3,94.0,143.7,73.2,2492125,235075512.55,14215.0,94.33,EQ
06-07-2012,94.95,95.0,93.6,94.2,94.05,143.7,73.2,2528768,238230828.7,12541.0,94.21,EQ
09-07-2012,93.65,94.1,92.05,92.75,92.4,136.7,73.2,2176093,202077640.75,11899.0,92.86,EQ
10-07-2012,93.3,93.95,92.7,93.65,93.75,136.7,73.2,2728065,254177166.9,11995.0,93.17,EQ
11-07-2012,93.75,94.4,93.05,93.2,93.25,136.7,73.2,2443734,229198929.2,15674.0,93.79,EQ
12-07-2012,93.65,93.9,91.6,92.2,92.0,136.7,73.2,4390894,406756279.45,20673.0,92.64,EQ
13-07-2012,92.2,93.25,92.1,92.85,92.7,136.7,73.2,2516729,233214117.35,9901.0,92.67,EQ
16-07-2012,93.0,93.35,91.15,92.55,92.1,135.25,73.2,2318100,214474979.2,9424.0,92.52,EQ
17-07-2012,92.55,93.2,91.5,91.95,92.05,135.25,73.2,3468359,319794187.5,22430.0,92.2,EQ
18-07-2012,91.6,93.65,91.45,93.25,93.35,135.25,73.2,2201332,203844421.3,14057.0,92.6,EQ
19-07-2012,93.6,94.35,92.8,93.4,93.2,135.25,73.2,1421669,133077988.65,9445.0,93.61,EQ
20-07-2012,94.5,95.0,93.1,93.3,93.1,135.25,73.2,2918518,273890289.95,16921.0,93.85,EQ
23-07-2012,92.7,92.7,90.6,91.0,90.95,135.25,73.2,2533336,231578091.15,13413.0,91.41,EQ
24-07-2012,90.6,91.35,88.35,88.8,88.45,135.25,73.2,3064007,273598886.15,16526.0,89.29,EQ
25-07-2012,88.0,88.35,83.65,85.5,85.55,135.25,73.2,7427563,633445493.0,29084.0,85.28,EQ
26-07-2012,85.7,86.4,81.7,82.25,82.7,135.25,73.2,6047792,504529667.5,29035.0,83.42,EQ
27-07-2012,83.5,85.0,82.55,83.15,83.6,135.25,73.2,2367446,198142279.95,16150.0,83.69,EQ
30-07-2012,84.4,86.45,83.6,86.05,86.05,127.45,73.2,1916614,162694978.9,14156.0,84.89,EQ
31-07-2012,86.25,86.7,83.5,85.8,85.85,127.45,73.2,3201856,272483859.5,17480.0,85.1,EQ
01-08-2012,86.05,86.45,85.05,85.85,85.55,127.45,73.2,1653721,141830211.95,10601.0,85.76,EQ
02-08-2012,85.0,87.4,85.0,86.55,86.7,127.45,73.2,2498503,215531748.0,17171.0,86.26,EQ
03-08-2012,85.9,86.25,83.75,84.65,84.65,127.45,73.2,2205654,186482906.2,11611.0,84.55,EQ
06-08-2012,86.15,87.35,84.8,85.4,85.2,123.0,73.2,6370027,547540797.35,30986.0,85.96,EQ
07-08-2012,84.15,87.35,84.15,87.05,86.9,123.0,73.2,2546455,220169192.65,15168.0,86.46,EQ
08-08-2012,87.2,88.8,86.2,86.6,86.55,123.0,73.2,3124657,273451672.25,17698.0,87.51,EQ
09-08-2012,86.5,86.8,85.1,85.45,85.45,123.0,73.2,1893279,162331942.55,13131.0,85.74,EQ
10-08-2012,85.0,85.6,83.65,84.9,84.95,123.0,73.2,1818335,153866721.45,11386.0,84.62,EQ
13-08-2012,84.4,86.2,84.15,85.2,85.4,123.0,73.2,1959988,166888511.45,17854.0,85.15,EQ
14-08-2012,86.0,86.95,84.6,86.7,86.7,123.0,73.2,2236053,192625219.5,15490.0,86.15,EQ
16-08-2012,86.7,87.0,84.3,84.6,84.5,123.0,73.2,2163141,184083422.0,15105.0,85.1,EQ
17-08-2012,84.0,85.0,82.8,83.15,83.0,123.0,73.2,3110618,260791792.3,21859.0,83.84,EQ
21-08-2012,83.0,85.1,82.75,84.85,84.9,123.0,73.2,2303845,193659752.8,14853.0,84.06,EQ
22-08-2012,84.45,85.65,84.25,84.85,84.8,123.0,73.2,1598107,135740738.25,13293.0,84.94,EQ
23-08-2012,85.05,85.8,83.6,84.2,84.15,123.0,73.2,1492480,126357818.95,9980.0,84.66,EQ
24-08-2012,83.5,84.2,83.1,83.95,84.15,123.0,73.2,1509060,126233067.15,12165.0,83.65,EQ
27-08-2012,84.0,84.35,83.5,83.8,83.85,123.0,73.2,1770658,148556202.75,10512.0,83.9,EQ
28-08-2012,83.5,84.0,81.95,82.85,82.75,123.0,73.2,1659913,137381748.9,17788.0,82.76,EQ
29-08-2012,82.75,83.0,77.55,77.9,77.65,123.0,73.2,4216926,334515183.85,28922.0,79.33,EQ
30-08-2012,77.5,79.65,76.45,77.95,78.65,123.0,73.2,4492789,349274412.2,23717.0,77.74,EQ
31-08-2012,78.15,78.85,77.0,78.2,78.6,123.0,73.2,1634411,127364128.5,10221.0,77.93,EQ
03-09-2012,79.0,79.8,76.2,76.45,76.45,123.0,73.2,3702705,286429812.35,21512.0,77.36,EQ
04-09-2012,77.0,77.4,75.75,77.1,77.1,123.0,73.2,2779509,212910732.2,15052.0,76.6,EQ
05-09-2012,76.3,77.05,75.75,76.4,76.05,123.0,73.2,3386361,258665563.5,17813.0,76.38,EQ
06-09-2012,76.2,77.35,76.2,76.75,76.65,123.0,73.2,1513234,116303459.1,9211.0,76.86,EQ
07-09-2012,77.9,78.5,77.0,77.65,77.55,123.0,73.2,2047863,159333419.9,10902.0,77.8,EQ
08-09-2012,77.7,78.5,77.45,78.35,78.4,123.0,73.2,249599,19516528.75,1936.0,78.19,EQ
10-09-2012,78.9,79.85,78.55,79.35,79.05,117.0,73.2,2056029,163200777.05,13070.0,79.38,EQ
11-09-2012,79.0,79.0,77.85,78.65,78.6,117.0,73.2,1218744,95605561.0,13246.0,78.45,EQ
12-09-2012,78.9,81.45,78.65,81.2,80.85,117.0,73.2,2300992,184486252.05,14093.0,80.18,EQ
13-09-2012,81.0,82.4,80.25,80.45,80.25,117.0,73.2,2992565,242553933.4,16928.0,81.05,EQ
14-09-2012,83.0,85.0,82.0,84.55,84.0,117.0,73.2,4979080,416777347.95,21948.0,83.71,EQ
17-09-2012,85.5,87.9,85.1,87.1,87.6,117.0,73.2,3297277,285370018.55,20956.0,86.55,EQ
18-09-2012,87.1,89.3,86.25,88.3,87.8,117.0,73.2,3695975,324738671.35,24873.0,87.86,EQ
20-09-2012,88.3,88.5,85.3,85.95,85.7,117.0,73.2,2360597,204529478.6,18019.0,86.64,EQ
21-09-2012,86.1,93.9,86.1,92.65,92.5,117.0,73.2,7372301,672044636.85,42488.0,91.16,EQ
24-09-2012,93.0,94.1,90.35,91.05,90.45,117.0,73.2,3456533,318915794.95,22226.0,92.26,EQ
25-09-2012,90.95,91.75,89.05,89.6,89.65,117.0,73.2,2718294,244504056.3,17946.0,89.95,EQ
26-09-2012,89.9,89.9,86.85,89.2,88.9,117.0,73.2,4153744,367181861.4,20959.0,88.4,EQ
27-09-2012,88.7,88.9,85.0,85.65,85.8,117.0,73.2,8354851,721868120.1,34144.0,86.4,EQ
28-09-2012,87.0,88.1,85.1,85.45,85.75,117.0,73.2,4245574,368378312.05,22894.0,86.77,EQ
01-10-2012,86.6,88.0,85.65,86.1,86.25,117.0,73.2,4469516,387954814.1,20582.0,86.8,EQ
03-10-2012,86.7,87.9,86.25,86.8,86.9,117.0,73.2,3211873,279733313.85,18476.0,87.09,EQ
04-10-2012,86.8,88.0,86.4,87.3,87.15,117.0,73.2,4114448,359719835.35,19534.0,87.43,EQ
05-10-2012,87.7,87.95,84.8,86.2,86.1,117.0,73.2,2792026,240665655.55,16761.0,86.2,EQ
08-10-2012,86.55,87.6,84.75,85.2,85.0,117.0,73.2,2618168,225770260.25,20343.0,86.23,EQ
09-10-2012,85.3,86.45,84.3,84.9,84.85,117.0,73.2,2719163,232157472.9,20858.0,85.38,EQ
10-10-2012,84.5,85.9,84.1,84.8,84.7,117.0,73.2,2980594,253504372.3,19004.0,85.05,EQ
11-10-2012,85.0,85.8,84.6,85.65,85.75,117.0,73.2,2456913,209595256.9,15747.0,85.31,EQ
12-10-2012,85.5,87.15,85.3,85.9,85.7,117.0,73.2,2720055,235188542.65,16156.0,86.46,EQ
15-10-2012,85.1,86.5,85.1,85.75,85.7,117.0,73.2,1787402,153344307.05,14102.0,85.79,EQ
16-10-2012,86.0,86.35,83.8,84.0,83.85,117.0,73.2,1700614,144679377.4,11337.0,85.07,EQ
17-10-2012,84.35,84.8,82.1,82.5,82.5,117.0,73.2,3322829,275733699.45,23817.0,82.98,EQ
18-10-2012,83.2,83.3,81.65,82.2,82.1,117.0,73.2,4086782,336202482.3,27611.0,82.27,EQ
19-10-2012,82.0,83.15,82.0,82.2,82.0,117.0,73.2,1898930,156770631.95,13596.0,82.56,EQ
22-10-2012,81.45,81.95,81.0,81.2,81.35,117.0,73.2,1595725,130039016.25,11349.0,81.49,EQ
23-10-2012,81.2,82.3,81.1,81.3,81.25,117.0,73.2,1107275,90480562.3,8236.0,81.71,EQ
25-10-2012,81.9,81.95,80.5,80.75,80.7,117.0,73.2,4133759,334586918.45,13174.0,80.94,EQ
26-10-2012,80.1,81.05,79.85,80.45,80.4,117.0,73.2,1818199,146199422.65,12274.0,80.41,EQ
29-10-2012,80.45,81.35,80.15,80.5,80.55,116.25,73.2,1833749,147845045.75,9232.0,80.62,EQ
30-10-2012,80.0,80.5,78.8,79.3,79.2,116.25,73.2,1649825,131084694.6,10172.0,79.45,EQ
31-10-2012,79.25,80.45,79.15,80.25,80.35,116.25,73.2,961359,76707328.15,6569.0,79.79,EQ
01-11-2012,80.3,81.65,80.1,81.3,81.3,116.25,73.2,1208706,98022069.9,8721.0,81.1,EQ
02-11-2012,82.2,83.4,81.65,83.05,83.0,116.25,73.2,2241340,184901409.4,10730.0,82.5,EQ
05-11-2012,82.6,83.6,82.4,82.75,82.55,115.9,73.2,1055937,87610277.6,7218.0,82.97,EQ
06-11-2012,82.15,83.25,82.15,82.4,82.55,115.9,73.2,1115599,92220853.75,11079.0,82.66,EQ
07-11-2012,82.25,83.9,82.25,83.5,83.6,115.9,73.2,1133077,94489921.05,8051.0,83.39,EQ
08-11-2012,82.9,84.1,81.75,82.5,82.45,115.9,73.2,4038447,334792203.7,21901.0,82.9,EQ
09-11-2012,82.45,83.2,80.25,81.2,80.65,115.9,73.2,1578489,129523006.4,11503.0,82.06,EQ
12-11-2012,81.0,81.2,79.7,79.9,80.15,115.9,73.2,1484916,119067787.25,19001.0,80.18,EQ
13-11-2012,80.1,80.5,80.05,80.25,80.15,115.9,73.2,255656,20520326.8,2865.0,80.27,EQ
15-11-2012,79.35,80.0,78.5,79.15,79.15,115.9,73.2,1550891,122709483.35,12236.0,79.12,EQ
16-11-2012,78.75,80.45,78.75,79.25,79.1,115.9,73.2,2359076,188256829.3,16081.0,79.8,EQ
19-11-2012,79.5,79.75,77.7,77.95,78.2,115.9,73.2,1739190,136177519.6,17572.0,78.3,EQ
20-11-2012,78.05,78.75,76.8,77.25,77.15,115.9,73.2,1666396,129220475.45,17474.0,77.54,EQ
21-11-2012,77.8,77.9,76.9,77.2,77.0,115.9,73.2,2059875,159412960.25,15901.0,77.39,EQ
22-11-2012,77.4,78.25,77.4,78.05,77.95,115.9,73.2,1620155,126227915.45,11577.0,77.91,EQ
23-11-2012,78.1,78.3,77.55,78.05,78.0,115.9,73.2,765287,59654245.1,5906.0,77.95,EQ
26-11-2012,77.75,78.7,77.55,78.15,78.0,115.9,73.2,874875,68495067.4,6763.0,78.29,EQ
27-11-2012,77.65,79.2,77.65,78.6,78.35,115.9,73.2,1923948,151223949.6,14888.0,78.6,EQ
29-11-2012,78.6,79.7,78.45,79.05,79.3,115.9,73.2,3889784,307390217.05,28933.0,79.03,EQ
30-11-2012,79.5,81.1,79.35,80.8,80.9,115.9,73.2,3236806,260345809.6,22092.0,80.43,EQ
03-12-2012,80.95,82.2,80.6,81.55,81.5,115.9,73.2,1918800,156245042.25,16024.0,81.43,EQ
04-12-2012,82.0,82.2,80.75,81.55,81.5,115.9,73.2,1353952,110567996.8,10346.0,81.66,EQ
05-12-2012,82.05,83.8,81.75,83.2,83.35,115.9,73.2,2394594,198805035.2,13218.0,83.02,EQ
06-12-2012,84.0,84.2,82.0,83.65,83.65,115.9,73.2,1819727,150992467.95,16220.0,82.98,EQ
07-12-2012,84.0,84.0,82.1,82.35,82.2,115.9,73.2,2282361,189257562.0,24659.0,82.92,EQ
10-12-2012,82.6,83.2,80.7,81.5,81.8,115.9,73.2,2429062,199652721.2,12378.0,82.19,EQ
11-12-2012,81.65,82.6,81.5,82.0,82.0,115.9,73.2,3546031,291036798.75,22315.0,82.07,EQ
12-12-2012,82.15,82.6,81.25,82.05,82.2,115.9,73.2,1724005,141204003.7,11387.0,81.9,EQ
13-12-2012,82.1,82.45,80.65,81.1,81.1,115.9,73.2,2153708,176173348.95,9587.0,81.8,EQ
14-12-2012,81.0,83.65,80.7,83.25,83.35,115.9,73.2,3117647,257309148.55,17327.0,82.53,EQ
17-12-2012,83.4,86.0,83.2,85.7,85.8,115.9,73.2,4155614,352874582.35,23452.0,84.92,EQ
18-12-2012,86.3,89.1,84.5,88.3,88.5,115.9,73.2,7193371,626318668.65,33972.0,87.07,EQ
19-12-2012,89.4,91.0,88.45,90.7,90.65,115.9,73.2,5946136,536248492.4,34672.0,90.18,EQ
20-12-2012,90.6,92.6,88.65,91.5,91.2,115.9,73.2,4530522,411503089.7,25385.0,90.83,EQ
21-12-2012,91.0,92.5,89.6,90.7,90.8,115.9,73.2,5565320,507421058.05,27754.0,91.18,EQ
24-12-2012,91.0,91.45,88.55,88.9,88.9,115.9,75.75,3378106,302880974.95,23106.0,89.66,EQ
26-12-2012,88.9,90.7,88.55,88.8,88.85,115.9,75.75,4068402,364563365.55,20172.0,89.61,EQ
27-12-2012,89.45,90.2,88.8,89.3,89.8,115.9,75.75,3705758,331354017.45,14568.0,89.42,EQ
28-12-2012,90.0,91.55,88.7,90.6,90.75,115.9,75.75,3722873,337693585.1,20463.0,90.71,EQ
31-12-2012,90.8,91.7,90.5,90.65,90.65,115.9,75.75,1742248,158658795.65,10655.0,91.07,EQ
01-01-2013,91.25,93.05,90.65,92.7,92.7,115.9,75.75,3283456,302301600.5,18177.0,92.07,EQ
02-01-2013,93.55,97.0,93.05,96.0,96.0,115.9,75.75,7561332,723353068.15,37141.0,95.66,EQ
03-01-2013,96.9,97.25,94.7,95.15,95.0,115.9,75.75,4193028,402104841.65,20090.0,95.9,EQ
04-01-2013,95.0,95.9,94.1,95.3,95.25,115.9,75.75,2651083,251970870.25,20207.0,95.04,EQ
07-01-2013,96.0,101.75,94.7,99.55,98.9,115.9,75.75,11603610,1145693622.6,57880.0,98.74,EQ
08-01-2013,99.2,99.4,96.1,97.25,97.2,115.9,75.75,6120335,594889243.05,28014.0,97.2,EQ
09-01-2013,97.8,98.0,95.1,95.5,95.25,115.9,75.75,4848845,468558234.65,27284.0,96.63,EQ
10-01-2013,95.9,97.55,93.3,93.85,93.6,115.9,75.75,5025831,477828921.1,30897.0,95.07,EQ
11-01-2013,94.1,95.45,91.55,92.0,91.7,115.9,75.75,3352445,312734331.3,20148.0,93.29,EQ
14-01-2013,92.05,94.8,90.5,94.4,94.45,115.9,75.75,3214160,300035791.3,22094.0,93.35,EQ
15-01-2013,94.0,95.8,94.0,94.75,94.7,115.9,75.75,2929029,277920080.35,19462.0,94.88,EQ
16-01-2013,94.5,94.9,91.45,92.0,92.25,115.9,75.75,2350677,218734157.6,15729.0,93.05,EQ
17-01-2013,91.65,94.6,90.0,93.55,93.35,115.9,75.75,4097575,377669254.1,24481.0,92.17,EQ
18-01-2013,93.05,94.5,90.55,90.95,90.8,115.9,75.75,4846701,446656759.85,34780.0,92.16,EQ
21-01-2013,90.85,92.65,90.85,91.5,91.4,115.9,75.75,2231239,204790621.3,19683.0,91.78,EQ
22-01-2013,91.55,93.7,90.15,90.5,90.6,115.9,75.75,3193103,292954855.55,18702.0,91.75,EQ
23-01-2013,90.55,91.4,88.15,89.3,89.6,115.9,75.75,3711030,332299752.4,22027.0,89.54,EQ
24-01-2013,89.1,89.75,86.85,87.65,86.95,115.9,75.75,2275229,201485615.95,13381.0,88.56,EQ
25-01-2013,87.2,89.9,86.6,89.3,89.65,115.9,75.75,2125547,187558860.35,12972.0,88.24,EQ
28-01-2013,89.35,91.2,88.2,89.9,89.85,115.9,75.75,3136719,281616703.15,19597.0,89.78,EQ
29-01-2013,89.55,90.7,87.4,88.95,89.05,115.9,75.75,3516304,313493562.4,20563.0,89.15,EQ
30-01-2013,89.2,90.4,87.8,88.3,88.0,115.9,75.75,2214105,197660105.9,11905.0,89.27,EQ
31-01-2013,87.7,88.75,86.2,86.6,86.5,115.9,75.75,6783824,590183005.3,24108.0,87.0,EQ
01-02-2013,86.6,88.8,86.25,86.9,87.0,115.9,75.75,2717418,237595876.45,17331.0,87.43,EQ
04-02-2013,87.25,88.5,86.7,87.1,86.8,115.9,75.75,2142149,187741144.8,17013.0,87.64,EQ
05-02-2013,86.95,87.65,86.2,86.9,86.95,115.9,75.75,1787702,155381949.4,11236.0,86.92,EQ
06-02-2013,87.3,87.5,82.55,83.0,82.85,115.9,75.75,4876174,412902951.75,24552.0,84.68,EQ
07-02-2013,82.4,83.9,82.15,83.5,83.65,115.9,75.75,2779448,231021125.2,16002.0,83.12,EQ
08-02-2013,83.95,84.15,82.2,82.85,82.7,115.9,75.75,1716527,143030978.0,10358.0,83.33,EQ
11-02-2013,83.5,83.5,80.5,80.75,80.55,115.9,75.75,2781826,225755706.1,19647.0,81.15,EQ
12-02-2013,80.6,81.6,79.7,81.2,81.1,115.9,75.75,5597957,451187669.5,21649.0,80.6,EQ
13-02-2013,81.3,82.0,78.3,78.75,79.2,115.9,75.75,3066745,245779774.5,17248.0,80.14,EQ
14-02-2013,78.6,79.95,77.2,77.6,77.75,115.9,75.75,2229554,175159191.3,16551.0,78.56,EQ
15-02-2013,76.75,78.4,75.8,77.85,77.75,115.9,75.75,2357081,181100908.05,16951.0,76.83,EQ
18-02-2013,77.85,79.1,77.4,78.0,78.15,114.4,75.75,2363551,184690838.2,17172.0,78.14,EQ
19-02-2013,78.0,78.85,77.5,78.5,78.55,114.4,75.75,2221437,174108853.95,15787.0,78.38,EQ
20-02-2013,78.5,82.45,78.25,78.85,78.75,114.4,75.75,11573690,927182774.2,50841.0,80.11,EQ
21-02-2013,78.3,78.9,75.8,75.95,75.85,114.4,75.75,4827793,371752264.85,24295.0,77.0,EQ
22-02-2013,75.9,77.4,75.8,76.5,76.7,114.4,75.75,2757860,211159524.1,16211.0,76.57,EQ
25-02-2013,77.2,77.6,74.5,74.95,74.85,106.05,74.5,3000324,227118852.25,20414.0,75.7,EQ
26-02-2013,74.5,74.65,72.6,72.75,72.9,106.05,72.6,2407477,176980112.2,16997.0,73.51,EQ
27-02-2013,73.05,75.0,71.6,74.35,74.6,106.05,71.6,3173213,233702790.7,18399.0,73.65,EQ
28-02-2013,75.1,75.75,70.45,70.9,71.4,106.05,70.45,8102451,584615944.6,27868.0,72.15,EQ
01-03-2013,70.7,72.5,70.7,71.6,71.75,106.05,70.45,2028099,145430304.55,12038.0,71.71,EQ
04-03-2013,71.4,71.4,68.0,68.2,68.35,102.95,68.0,4273356,294995055.9,29000.0,69.03,EQ
05-03-2013,68.55,69.9,67.55,69.5,69.45,102.95,67.55,4339865,298595103.75,30016.0,68.8,EQ
06-03-2013,70.0,71.55,69.7,70.45,70.45,102.95,67.55,3753753,265156254.95,17600.0,70.64,EQ
07-03-2013,70.3,70.4,68.6,69.1,69.1,102.95,67.55,3766545,261257142.8,17097.0,69.36,EQ
08-03-2013,69.65,70.75,69.15,70.35,70.3,102.95,67.55,3481897,243392577.55,17404.0,69.9,EQ
11-03-2013,70.5,70.85,69.6,70.45,70.25,102.95,67.55,3899499,273984054.65,15187.0,70.26,EQ
12-03-2013,70.5,71.8,69.75,70.9,70.9,102.95,67.55,3960533,280492663.05,16384.0,70.82,EQ
13-03-2013,70.0,72.05,70.0,70.9,70.9,102.95,67.55,3958034,281933952.9,20409.0,71.23,EQ
14-03-2013,70.8,71.5,70.1,70.55,70.7,102.95,67.55,2419781,171410118.3,16943.0,70.84,EQ
15-03-2013,70.5,71.2,68.6,68.75,68.75,102.95,67.55,3566307,248160096.95,21061.0,69.58,EQ
18-03-2013,68.4,68.75,67.0,67.45,67.2,101.75,67.0,2944087,200185016.75,16114.0,68.0,EQ
19-03-2013,67.0,67.2,64.55,65.4,65.15,101.75,64.55,8197534,536453274.55,36911.0,65.44,EQ
20-03-2013,65.0,67.65,64.5,65.15,65.7,101.75,64.5,8146240,535168191.3,28344.0,65.7,EQ
21-03-2013,64.9,64.95,63.5,63.9,63.5,101.75,63.5,6692364,429050824.0,24569.0,64.11,EQ
22-03-2013,63.5,63.7,63.1,63.35,63.35,101.75,63.1,7282366,462193153.15,13016.0,63.47,EQ
25-03-2013,63.5,66.1,62.6,63.0,63.1,101.75,62.6,10547761,675013877.55,25228.0,64.0,EQ
26-03-2013,62.55,63.25,60.2,61.0,61.25,101.75,60.2,4946606,304914919.2,19606.0,61.64,EQ
28-03-2013,60.0,63.25,60.0,62.55,62.1,101.75,60.0,11734826,725191570.85,32458.0,61.8,EQ
01-04-2013,63.0,63.25,61.8,62.7,62.8,101.75,60.0,2053883,128493037.7,11376.0,62.56,EQ
02-04-2013,62.3,63.85,62.3,63.2,63.05,101.75,60.0,3681021,232791910.9,11308.0,63.24,EQ
03-04-2013,63.0,63.85,61.3,61.6,61.7,101.75,60.0,2868083,179347388.65,16358.0,62.53,EQ
04-04-2013,61.1,63.0,60.6,61.5,61.7,101.75,60.0,3328588,206070579.95,15777.0,61.91,EQ
05-04-2013,61.05,62.35,60.8,61.45,61.55,101.75,60.0,2393027,147322809.95,13372.0,61.56,EQ
08-04-2013,61.9,62.3,61.35,61.6,61.35,101.75,60.0,1057623,65373083.0,7439.0,61.81,EQ
09-04-2013,61.7,62.7,60.15,60.45,60.5,101.75,60.0,1766075,108410097.4,9984.0,61.38,EQ
10-04-2013,60.8,61.2,59.65,60.85,60.85,101.75,59.65,2197182,132832825.05,12438.0,60.46,EQ
11-04-2013,61.15,61.3,59.7,60.4,60.3,101.75,59.65,2015240,121757709.5,10713.0,60.42,EQ
12-04-2013,60.0,60.45,59.35,59.6,59.45,101.75,59.35,2929361,175378281.6,15311.0,59.87,EQ
15-04-2013,59.5,59.9,57.25,57.45,57.35,101.75,57.25,4468499,259976963.9,27636.0,58.18,EQ
16-04-2013,57.0,58.8,56.4,58.4,58.6,101.75,56.4,4689577,270021820.95,30132.0,57.58,EQ
17-04-2013,59.0,62.4,58.8,62.15,62.15,101.75,56.4,8572784,525362007.25,40019.0,61.28,EQ
18-04-2013,62.15,62.55,60.55,61.55,61.2,101.75,56.4,4286153,263215239.75,21815.0,61.41,EQ
22-04-2013,61.6,63.5,61.5,63.1,63.35,101.75,56.4,3365008,210214861.75,17067.0,62.47,EQ
23-04-2013,63.3,64.5,61.55,62.65,62.65,101.75,56.4,3588526,225824827.0,17124.0,62.93,EQ
25-04-2013,63.6,65.4,62.95,64.75,64.1,101.75,56.4,10743958,691386345.85,25699.0,64.35,EQ
26-04-2013,64.25,64.6,62.1,62.4,62.3,101.75,56.4,2115210,133549493.8,11402.0,63.14,EQ
29-04-2013,62.45,63.25,62.45,62.85,62.5,101.75,56.4,1746069,109761455.6,9181.0,62.86,EQ
30-04-2013,63.2,63.5,61.35,61.65,61.7,101.75,56.4,2586304,160654552.4,13666.0,62.12,EQ
02-05-2013,62.2,63.5,61.7,63.25,63.5,101.75,56.4,2517665,158290623.35,15334.0,62.87,EQ
03-05-2013,63.0,65.7,62.4,63.65,63.9,101.75,56.4,4019917,257838250.6,18532.0,64.14,EQ
06-05-2013,63.75,65.1,63.7,64.25,64.5,101.75,56.4,5449495,350935460.65,17825.0,64.4,EQ
07-05-2013,64.6,65.5,63.2,63.75,63.6,101.75,56.4,6449456,414128659.85,20681.0,64.21,EQ
08-05-2013,63.75,64.65,63.05,63.25,63.35,101.75,56.4,3191771,203209138.55,14573.0,63.67,EQ
09-05-2013,63.4,63.75,62.55,62.75,62.8,101.75,56.4,2291250,144902075.6,12939.0,63.24,EQ
10-05-2013,62.75,63.55,62.65,63.1,63.15,101.75,56.4,2170563,137116729.6,10745.0,63.17,EQ
11-05-2013,63.1,63.4,63.0,63.25,63.3,101.75,56.4,156604,9908269.5,1063.0,63.27,EQ
13-05-2013,63.3,63.6,61.75,62.1,62.1,101.75,56.4,1871138,117099960.8,11848.0,62.58,EQ
14-05-2013,62.15,62.5,61.4,62.0,62.0,101.75,56.4,1551756,96199239.1,13165.0,61.99,EQ
15-05-2013,61.65,63.65,61.65,63.15,63.15,101.75,56.4,1924992,121448335.5,11663.0,63.09,EQ
16-05-2013,63.05,64.2,62.7,63.25,63.1,101.75,56.4,2679031,169955883.75,12184.0,63.44,EQ
17-05-2013,63.0,63.95,62.5,63.4,63.65,101.75,56.4,2806091,177666074.65,14985.0,63.31,EQ
20-05-2013,63.5,64.0,62.35,62.55,62.4,101.75,56.4,2143100,135828465.6,9898.0,63.38,EQ
21-05-2013,62.1,62.95,61.55,61.75,61.8,101.75,56.4,1430140,88851874.55,9432.0,62.13,EQ
22-05-2013,62.0,62.35,58.7,58.9,58.85,101.75,56.4,4362168,262548472.65,20991.0,60.19,EQ
23-05-2013,58.9,59.65,58.15,59.05,59.15,101.75,56.4,2559841,151023684.0,14087.0,59.0,EQ
24-05-2013,59.75,60.3,58.7,59.95,60.2,101.75,56.4,2136044,127622769.4,12075.0,59.75,EQ
27-05-2013,59.55,61.05,59.5,60.75,60.65,101.75,56.4,1431936,86225639.85,8664.0,60.22,EQ
28-05-2013,60.65,61.4,60.65,60.9,60.85,101.75,56.4,1028150,62707618.75,6792.0,60.99,EQ
29-05-2013,60.95,61.15,59.0,59.75,59.4,101.75,56.4,1672615,100574458.9,13936.0,60.13,EQ
30-05-2013,59.1,60.4,58.6,59.05,58.95,101.75,56.4,6954256,412308209.75,27559.0,59.29,EQ
31-05-2013,58.4,58.8,55.85,56.2,56.15,101.75,55.85,4565285,259349746.3,23184.0,56.81,EQ
03-06-2013,56.7,56.9,55.55,56.55,56.7,101.75,55.55,1931770,108699191.75,19191.0,56.27,EQ
04-06-2013,57.0,57.35,56.5,57.0,57.1,101.75,55.55,2180157,124216371.75,14779.0,56.98,EQ
05-06-2013,57.15,57.75,56.55,57.45,57.75,101.75,55.55,1957797,111955541.85,18643.0,57.18,EQ
06-06-2013,57.1,57.7,56.55,57.1,57.0,101.75,55.55,1866401,106555272.85,19516.0,57.09,EQ
07-06-2013,57.0,57.6,55.15,55.8,55.8,101.75,55.15,1810782,102685633.45,14536.0,56.71,EQ
10-06-2013,56.15,56.75,55.4,55.8,55.8,101.75,55.15,1870191,104752661.8,17652.0,56.01,EQ
11-06-2013,55.1,56.0,54.4,55.35,55.25,101.75,54.4,3662385,201471628.0,15777.0,55.01,EQ
12-06-2013,55.05,55.35,54.55,54.7,54.85,101.75,54.4,1322792,72577512.05,11124.0,54.87,EQ
13-06-2013,54.5,55.2,53.1,53.35,53.1,101.75,53.1,2148388,116443957.05,15953.0,54.2,EQ
14-06-2013,53.5,54.55,53.25,53.95,54.0,101.75,53.1,2245435,121150485.3,15009.0,53.95,EQ
17-06-2013,54.05,55.25,53.0,54.95,54.8,101.75,53.0,2160229,117010441.8,14334.0,54.17,EQ
18-06-2013,54.95,56.65,54.1,55.7,55.7,101.75,53.0,2539839,140898802.3,13351.0,55.48,EQ
19-06-2013,56.15,61.25,55.1,56.6,56.55,101.75,53.0,5228489,297419122.95,24794.0,56.88,EQ
20-06-2013,55.8,55.95,53.25,53.5,53.35,101.75,53.0,2471026,133687110.65,15079.0,54.1,EQ
21-06-2013,53.1,53.55,52.0,52.3,52.5,101.75,52.0,4021211,211797699.7,16404.0,52.67,EQ
24-06-2013,52.4,52.75,50.4,51.05,50.8,101.75,50.4,2442781,125617746.95,13809.0,51.42,EQ
25-06-2013,51.25,51.4,49.6,49.8,49.85,101.75,49.6,3066297,154253214.05,14760.0,50.31,EQ
26-06-2013,50.05,50.5,49.7,49.85,49.8,101.75,49.6,2650917,132600111.55,8444.0,50.02,EQ
27-06-2013,50.9,51.0,48.1,48.45,49.0,101.75,48.1,6349311,310007590.05,17836.0,48.83,EQ
28-06-2013,49.1,51.0,49.0,50.75,50.8,101.75,48.1,3270262,164593419.6,16163.0,50.33,EQ
01-07-2013,51.8,53.0,50.65,52.3,52.2,101.75,48.1,2308140,119869680.8,13158.0,51.93,EQ
02-07-2013,52.3,53.35,51.85,52.15,52.15,101.75,48.1,2326001,122193961.5,11646.0,52.53,EQ
03-07-2013,51.9,51.9,49.65,49.85,49.7,101.75,48.1,2080524,104466939.45,10104.0,50.21,EQ
04-07-2013,49.85,50.0,47.85,48.25,48.1,101.75,47.85,4514710,218659310.6,21570.0,48.43,EQ
05-07-2013,48.6,48.95,47.8,48.15,48.2,101.75,47.8,2570675,124181437.15,16551.0,48.31,EQ
08-07-2013,48.0,48.1,47.1,47.8,48.05,101.75,47.1,3056236,145821814.2,26130.0,47.71,EQ
09-07-2013,48.0,48.5,47.5,47.95,47.85,101.75,47.1,3874323,185639354.8,29843.0,47.92,EQ
10-07-2013,48.05,48.45,47.25,47.7,47.55,101.75,47.1,3683418,175505932.25,15623.0,47.65,EQ
11-07-2013,48.1,49.1,47.8,48.15,48.05,101.75,47.1,5347992,258943337.7,16088.0,48.42,EQ
12-07-2013,48.0,48.35,47.0,47.4,47.55,101.75,47.0,2591904,122942710.05,13254.0,47.43,EQ
15-07-2013,47.25,48.6,47.0,48.3,48.3,101.75,47.0,2577945,123421881.85,12955.0,47.88,EQ
16-07-2013,47.8,47.8,46.4,46.75,46.7,101.75,46.4,2180439,102743719.3,10192.0,47.12,EQ
17-07-2013,46.85,47.25,44.5,45.2,45.4,101.75,44.5,3236378,147978985.85,15880.0,45.72,EQ
18-07-2013,45.25,45.75,44.7,45.25,45.55,101.75,44.5,2338553,105501255.85,11104.0,45.11,EQ
19-07-2013,45.25,46.6,44.8,44.95,45.05,101.75,44.5,3108419,141301701.3,14623.0,45.46,EQ
22-07-2013,44.95,45.8,44.15,44.35,44.3,101.75,44.15,1932793,86436549.15,8593.0,44.72,EQ
23-07-2013,44.7,44.95,44.15,44.4,44.5,101.75,44.15,1740591,77469012.15,7584.0,44.51,EQ
24-07-2013,44.3,44.7,42.3,42.85,42.8,101.75,42.3,2350076,101268170.35,11418.0,43.09,EQ
25-07-2013,42.1,44.0,42.1,43.4,43.3,101.75,42.1,2776084,120198254.5,13124.0,43.3,EQ
26-07-2013,43.55,44.0,42.75,43.7,43.8,101.75,42.1,3502946,152417706.75,13865.0,43.51,EQ
29-07-2013,43.8,44.4,43.1,43.25,43.2,101.75,42.1,2815130,123040750.45,11937.0,43.71,EQ
30-07-2013,43.4,43.6,41.2,41.7,41.8,101.75,41.2,3247586,136776019.6,11835.0,42.12,EQ
31-07-2013,41.5,42.0,37.9,41.7,41.75,101.75,37.9,5440381,217289951.75,21228.0,39.94,EQ
01-08-2013,41.7,42.95,39.9,41.35,41.25,101.75,37.9,2720916,112968494.45,11618.0,41.52,EQ
02-08-2013,41.0,42.05,39.0,39.55,39.2,101.75,37.9,3768028,150030669.65,22406.0,39.82,EQ
05-08-2013,40.0,40.55,38.0,39.95,39.7,101.75,37.9,3784856,148577843.9,23203.0,39.26,EQ
06-08-2013,39.65,39.65,37.7,38.15,38.35,101.75,37.7,2012976,77195465.7,12606.0,38.35,EQ
07-08-2013,38.05,39.2,37.6,38.7,38.4,101.75,37.6,3820384,147365851.75,14534.0,38.57,EQ
08-08-2013,38.7,40.8,38.7,40.05,39.95,101.75,37.6,2436476,97142049.2,12359.0,39.87,EQ
12-08-2013,41.4,42.25,40.35,41.6,41.3,101.75,37.6,3473382,144104116.55,17333.0,41.49,EQ
13-08-2013,41.8,45.2,40.75,44.3,44.2,101.75,37.6,3854759,165809866.8,21141.0,43.01,EQ
14-08-2013,45.0,47.15,42.8,43.65,43.3,101.75,37.6,12614040,570017300.15,49497.0,45.19,EQ
16-08-2013,43.0,43.0,40.55,41.05,40.8,101.75,37.6,5319441,222269313.55,16686.0,41.78,EQ
19-08-2013,40.8,42.3,38.8,40.95,41.05,101.75,37.6,7044719,286860254.1,29079.0,40.72,EQ
20-08-2013,41.0,44.9,40.5,44.0,44.05,101.75,37.6,8255268,355598533.8,38204.0,43.08,EQ
21-08-2013,45.3,45.4,42.0,42.5,42.3,101.75,37.6,4178882,183008860.95,18756.0,43.79,EQ
22-08-2013,42.5,46.25,41.35,45.65,45.55,101.75,37.6,7428501,331183695.0,31781.0,44.58,EQ
23-08-2013,46.5,47.4,45.35,46.9,46.75,101.75,37.6,8506260,394858383.6,33908.0,46.42,EQ
26-08-2013,47.5,48.0,46.0,46.95,46.75,101.75,37.6,5278260,248304182.6,28800.0,47.04,EQ
27-08-2013,46.0,46.5,44.7,45.05,44.85,101.75,37.6,3665982,166424913.1,19347.0,45.4,EQ
28-08-2013,44.85,49.2,42.3,47.5,47.4,101.75,37.6,7574704,343760976.45,29070.0,45.38,EQ
29-08-2013,48.0,48.3,46.15,46.7,46.5,101.75,37.6,8608064,404237574.95,26498.0,46.96,EQ
30-08-2013,46.6,47.9,44.8,46.25,46.2,101.75,37.6,5799837,270316785.75,25183.0,46.61,EQ
02-09-2013,46.3,47.75,46.25,47.4,47.4,101.75,37.6,4028038,190025434.95,19009.0,47.18,EQ
03-09-2013,47.3,49.2,45.8,46.05,45.9,101.75,37.6,7878677,376245423.55,34094.0,47.75,EQ
04-09-2013,46.5,48.15,46.1,47.55,47.5,101.75,37.6,4125789,194868279.1,20186.0,47.23,EQ
05-09-2013,48.1,48.55,47.05,47.95,47.8,101.75,37.6,4517631,216254147.0,22160.0,47.87,EQ
06-09-2013,48.0,48.9,47.2,47.9,47.9,101.75,37.6,3956276,190088966.95,16713.0,48.05,EQ
10-09-2013,48.8,49.0,46.9,47.85,47.7,101.75,37.6,4710060,226062414.35,18673.0,48.0,EQ
11-09-2013,47.1,51.15,47.1,50.7,50.55,101.75,37.6,9309247,461455265.95,32127.0,49.57,EQ
12-09-2013,51.5,52.0,48.15,49.3,49.35,101.75,37.6,7312594,370962203.1,30643.0,50.73,EQ
13-09-2013,49.55,50.25,48.75,49.2,49.1,101.75,37.6,3997754,197804526.05,19636.0,49.48,EQ
16-09-2013,50.2,50.6,47.1,48.55,48.5,101.75,37.6,4016769,197952170.3,18316.0,49.28,EQ
17-09-2013,48.5,49.95,48.25,49.8,49.5,101.75,37.6,3966099,195422242.25,16706.0,49.27,EQ
18-09-2013,49.8,50.15,48.45,48.95,48.95,101.75,37.6,2371502,116526330.5,10341.0,49.14,EQ
19-09-2013,50.7,51.45,50.05,50.95,50.95,101.75,37.6,4810536,244319090.25,20171.0,50.79,EQ
20-09-2013,50.7,53.0,49.7,52.25,52.8,101.75,37.6,7009104,359192938.2,20700.0,51.25,EQ
23-09-2013,52.5,53.7,52.05,52.65,52.6,101.75,37.6,6218023,327585280.3,24633.0,52.68,EQ
24-09-2013,52.1,53.0,51.95,52.45,52.45,101.75,37.6,5355838,280674419.6,20770.0,52.41,EQ
25-09-2013,52.3,52.75,51.35,52.2,52.15,101.75,37.6,3578173,186273227.7,13949.0,52.06,EQ
26-09-2013,52.0,52.7,51.9,52.35,52.3,101.75,37.6,4281328,223800869.8,16286.0,52.27,EQ
27-09-2013,52.55,52.85,50.85,51.15,51.1,101.75,37.6,3127837,161767634.4,16922.0,51.72,EQ
30-09-2013,51.0,51.0,49.15,49.95,49.9,101.75,37.6,4416467,220114745.25,22269.0,49.84,EQ
01-10-2013,49.95,52.2,49.15,51.55,51.7,101.75,37.6,4131322,208673127.3,22447.0,50.51,EQ
03-10-2013,51.55,55.2,51.15,54.6,54.95,101.75,37.6,10196578,545312519.65,41773.0,53.48,EQ
04-10-2013,54.5,56.5,53.0,55.05,55.05,101.75,37.6,10146023,556800044.6,42719.0,54.88,EQ
07-10-2013,55.3,56.5,54.5,56.3,56.2,101.75,37.6,6395981,356979250.4,30944.0,55.81,EQ
08-10-2013,56.65,57.8,55.85,57.1,57.15,101.75,37.6,7357739,418852361.95,30249.0,56.93,EQ
09-10-2013,56.95,58.0,56.3,57.75,57.85,101.75,37.6,3991709,229281918.2,18420.0,57.44,EQ
10-10-2013,57.75,59.3,57.55,58.55,58.5,101.75,37.6,5281362,309402128.4,21018.0,58.58,EQ
11-10-2013,59.6,59.7,57.55,57.85,57.6,101.75,37.6,3889539,226415652.45,12771.0,58.21,EQ
14-10-2013,57.85,58.0,56.45,57.5,57.3,101.75,37.6,3470608,198802403.2,15811.0,57.28,EQ
15-10-2013,57.95,58.95,57.0,57.5,57.4,101.75,37.6,5242447,302885424.05,21240.0,57.78,EQ
17-10-2013,57.15,59.3,57.15,58.0,57.8,101.75,37.6,3886011,226800239.3,20543.0,58.36,EQ
18-10-2013,58.1,59.65,57.65,59.5,59.45,101.75,37.6,6199856,366159205.15,22741.0,59.06,EQ
21-10-2013,59.0,63.1,59.0,62.5,62.1,101.75,37.6,7993714,489086811.4,34565.0,61.18,EQ
22-10-2013,62.7,62.85,61.55,62.15,62.1,101.75,37.6,4278803,265967635.25,17758.0,62.16,EQ
23-10-2013,62.5,63.0,60.5,61.25,61.25,101.75,37.6,4216767,259669708.45,15245.0,61.58,EQ
24-10-2013,61.0,62.5,61.0,61.3,61.35,101.75,37.6,2565876,158739233.35,11533.0,61.87,EQ
25-10-2013,61.2,61.4,59.75,59.95,59.95,101.75,37.6,1672170,101175783.55,9683.0,60.51,EQ
28-10-2013,60.1,60.9,59.35,59.7,59.6,101.75,37.6,2242081,134399578.95,9051.0,59.94,EQ
29-10-2013,59.85,61.95,59.25,61.8,61.8,101.75,37.6,2903003,176804237.9,11121.0,60.9,EQ
30-10-2013,62.0,62.2,60.95,61.15,61.25,101.75,37.6,2018512,123685127.25,8818.0,61.28,EQ
31-10-2013,60.75,62.25,60.75,61.7,62.2,101.75,37.6,2711948,166530417.25,12594.0,61.41,EQ
01-11-2013,61.6,62.65,61.2,61.85,61.8,101.75,37.6,3916520,243117417.6,19270.0,62.07,EQ
03-11-2013,62.2,62.7,61.95,62.1,62.25,101.75,37.6,729917,45436655.0,4153.0,62.25,EQ
05-11-2013,61.0,63.35,60.75,62.8,63.0,101.75,37.6,3878921,241324078.9,14764.0,62.21,EQ
06-11-2013,62.9,64.35,62.55,63.95,64.0,101.75,37.6,5984230,382438668.35,20948.0,63.91,EQ
07-11-2013,64.0,67.0,64.0,65.5,65.75,101.75,37.6,8189385,539519674.05,32294.0,65.88,EQ
08-11-2013,65.45,67.2,65.25,66.1,66.2,101.75,37.6,6242073,412916713.35,28377.0,66.15,EQ
11-11-2013,66.45,67.85,63.5,65.1,65.0,101.75,37.6,17083015,1119815326.4,40012.0,65.55,EQ
12-11-2013,64.8,64.8,62.9,63.4,63.6,101.75,37.6,8607109,546550594.15,24519.0,63.5,EQ
13-11-2013,63.25,65.35,62.0,64.15,65.0,101.75,37.6,5926772,379611820.6,24532.0,64.05,EQ
14-11-2013,65.0,65.25,63.5,64.25,64.45,101.75,37.6,5498047,354160412.35,26834.0,64.42,EQ
18-11-2013,65.0,66.6,64.2,66.0,66.0,101.75,37.6,4321066,282545813.8,18269.0,65.39,EQ
19-11-2013,65.5,67.2,64.9,65.6,65.25,101.75,37.6,4279805,281837297.95,15538.0,65.85,EQ
20-11-2013,65.15,66.6,64.7,65.2,64.85,101.75,37.6,3024994,199263419.95,14454.0,65.87,EQ
21-11-2013,64.5,65.5,63.8,64.0,64.2,101.75,37.6,3953702,254911911.8,12735.0,64.47,EQ
22-11-2013,64.05,66.1,63.9,65.3,65.75,101.75,37.6,3558564,231202558.95,14327.0,64.97,EQ
25-11-2013,65.5,66.65,65.5,66.45,66.35,101.75,37.6,2966863,196281110.2,13628.0,66.16,EQ
26-11-2013,66.15,66.7,65.9,66.1,66.05,101.75,37.6,2148565,142374570.25,10155.0,66.26,EQ
27-11-2013,65.55,67.55,65.55,67.15,67.2,101.75,37.6,2221306,148018507.7,15054.0,66.64,EQ
28-11-2013,67.3,68.75,67.1,67.75,67.75,101.75,37.6,4551377,308544783.65,18591.0,67.79,EQ
29-11-2013,68.0,68.75,67.75,68.05,68.0,101.75,37.6,1771423,121010512.75,8635.0,68.31,EQ
02-12-2013,67.6,69.45,67.6,68.45,68.4,101.75,37.6,4080555,280168047.75,14877.0,68.66,EQ
03-12-2013,68.1,69.25,68.1,68.8,68.75,101.75,37.6,3101279,213368307.1,11366.0,68.8,EQ
04-12-2013,68.6,69.95,68.4,68.9,69.0,101.75,37.6,3407031,235308453.05,11367.0,69.07,EQ
05-12-2013,69.95,70.75,69.4,70.15,70.0,101.75,37.6,4333516,303420745.3,14099.0,70.02,EQ
06-12-2013,70.1,70.6,69.85,70.0,69.95,101.75,37.6,2567719,179973925.4,9872.0,70.09,EQ
09-12-2013,71.4,71.55,69.55,70.6,70.8,101.75,37.6,3152702,221871027.85,11793.0,70.37,EQ
10-12-2013,70.65,72.25,69.7,71.75,71.7,101.75,37.6,4264366,303409891.65,15413.0,71.15,EQ
11-12-2013,71.9,71.9,69.75,70.45,70.4,101.75,37.6,5952685,419611874.75,11619.0,70.49,EQ
12-12-2013,69.9,70.3,69.0,69.45,69.3,101.75,37.6,5966877,414800346.95,14816.0,69.52,EQ
13-12-2013,69.0,69.6,68.65,69.05,69.1,101.75,37.6,4230826,292335882.05,17712.0,69.1,EQ
16-12-2013,69.05,70.6,68.75,69.7,69.85,101.75,37.6,4269767,296590510.6,17999.0,69.46,EQ
17-12-2013,70.05,70.35,69.15,69.4,69.3,101.75,37.6,2143867,149102878.95,7033.0,69.55,EQ
18-12-2013,69.15,70.7,69.15,70.15,70.05,101.75,37.6,2192231,153479786.0,10083.0,70.01,EQ
19-12-2013,70.0,71.0,69.6,70.05,69.9,101.75,37.6,1873080,131266909.5,8033.0,70.08,EQ
20-12-2013,69.8,72.0,69.8,71.5,71.8,101.75,37.6,2134417,151548845.5,11550.0,71.0,EQ
23-12-2013,71.2,72.95,71.2,71.75,71.6,101.75,37.6,3081520,222640527.2,18379.0,72.25,EQ
24-12-2013,71.85,72.3,70.65,71.1,71.2,101.75,37.6,1689409,120530302.15,10622.0,71.34,EQ
26-12-2013,71.5,72.35,70.1,71.5,71.05,101.75,37.6,3064436,219668228.65,11990.0,71.68,EQ
27-12-2013,71.6,72.55,71.55,71.95,71.75,101.75,37.6,1284860,92682787.85,5580.0,72.13,EQ
30-12-2013,72.3,73.35,71.55,72.75,72.7,101.75,37.6,2773308,201388231.5,13365.0,72.62,EQ
31-12-2013,73.0,73.5,71.75,72.45,72.45,101.75,37.6,1885781,136982770.35,8578.0,72.64,EQ
01-01-2014,72.6,73.3,72.45,73.05,72.75,101.75,37.6,1292731,94369460.65,5797.0,73.0,EQ
02-01-2014,72.75,74.9,70.15,71.1,70.3,101.75,37.6,3945497,289165974.0,15103.0,73.29,EQ
03-01-2014,70.8,71.8,69.6,70.65,70.7,101.75,37.6,3346529,235275341.85,17665.0,70.3,EQ
06-01-2014,70.6,72.65,69.8,72.05,72.3,101.75,37.6,3218532,228155583.7,17710.0,70.89,EQ
07-01-2014,71.5,72.3,69.45,69.75,70.0,101.75,37.6,3517382,247640780.65,12196.0,70.4,EQ
08-01-2014,69.8,70.45,69.0,69.9,70.1,101.75,37.6,3324184,231725175.55,9350.0,69.71,EQ
09-01-2014,70.0,70.5,69.25,69.95,69.5,101.75,37.6,2739222,191313398.85,6885.0,69.84,EQ
10-01-2014,69.9,69.9,68.5,68.65,68.6,101.75,37.6,2115322,145821530.0,9859.0,68.94,EQ
13-01-2014,68.65,69.0,66.1,67.15,67.2,95.8,37.6,1773631,120149882.75,7944.0,67.74,EQ
14-01-2014,67.35,68.2,66.35,66.55,66.6,95.8,37.6,1632452,109248275.6,8517.0,66.92,EQ
15-01-2014,67.05,67.6,66.4,66.7,66.7,95.8,37.6,1229584,82298258.55,5058.0,66.93,EQ
16-01-2014,66.7,68.15,66.7,67.85,68.0,95.8,37.6,1288478,87309434.45,6249.0,67.76,EQ
17-01-2014,68.5,68.55,66.85,67.1,67.05,95.8,37.6,1205488,81334950.05,6756.0,67.47,EQ
20-01-2014,67.45,68.45,67.0,68.15,68.15,93.7,37.6,1127826,76643596.8,6376.0,67.96,EQ
21-01-2014,68.2,69.25,68.1,69.05,69.15,93.7,37.6,948502,65208104.65,5734.0,68.75,EQ
22-01-2014,68.75,69.95,68.5,69.75,69.8,93.7,37.6,1105047,76791855.5,6266.0,69.49,EQ
23-01-2014,69.55,70.1,69.05,69.25,69.25,93.7,37.6,988550,68631043.1,5178.0,69.43,EQ
24-01-2014,68.9,69.9,68.65,69.15,69.85,93.7,37.6,1263810,87161600.2,5841.0,68.97,EQ
27-01-2014,68.6,68.6,66.35,67.35,67.05,91.2,37.6,2407803,161892120.4,7006.0,67.24,EQ
28-01-2014,67.1,69.1,65.65,67.7,67.85,91.2,37.6,5293811,356894386.3,14404.0,67.42,EQ
29-01-2014,68.0,71.85,65.2,65.45,65.55,91.2,37.6,2974486,197677535.05,16558.0,66.46,EQ
30-01-2014,64.8,68.55,64.2,65.0,64.65,91.2,37.6,8889712,589728422.95,21876.0,66.34,EQ
31-01-2014,64.9,65.45,63.65,64.15,64.1,91.2,37.6,2113239,136060701.85,8214.0,64.38,EQ
03-02-2014,63.95,64.7,61.75,62.2,61.9,88.5,37.6,1886257,119281105.8,11345.0,63.24,EQ
04-02-2014,61.5,65.5,60.2,60.4,60.4,88.5,37.6,3938392,239894812.65,21949.0,60.91,EQ
05-02-2014,60.4,62.1,60.4,61.9,61.7,88.5,37.6,1941829,118910249.9,8498.0,61.24,EQ
06-02-2014,62.4,62.7,60.35,62.0,62.25,88.5,37.6,2249309,138594669.75,11716.0,61.62,EQ
07-02-2014,62.3,64.1,62.15,63.65,63.65,88.5,37.6,1982480,125738842.6,9845.0,63.43,EQ
10-02-2014,63.5,64.45,63.1,63.4,63.4,83.5,37.6,1531190,97719749.85,7278.0,63.82,EQ
11-02-2014,63.5,64.35,63.2,64.1,63.9,83.5,37.6,1481886,94684520.45,8792.0,63.89,EQ
12-02-2014,64.15,64.6,62.25,62.4,62.3,83.5,37.6,2156597,136345211.1,8396.0,63.22,EQ
13-02-2014,62.0,62.45,60.1,60.35,60.3,83.5,37.6,1872387,114772992.6,6428.0,61.3,EQ
14-02-2014,60.0,62.2,58.5,61.3,62.1,83.5,37.6,4317694,260119713.25,15319.0,60.25,EQ
17-02-2014,61.8,62.8,59.5,60.2,60.3,82.45,37.6,2776842,168379470.95,10372.0,60.64,EQ
18-02-2014,58.7,60.6,57.65,60.25,60.55,82.45,37.6,2870708,171489807.6,14007.0,59.74,EQ
19-02-2014,60.25,61.35,59.15,59.9,59.9,82.45,37.6,1619552,97413051.05,7476.0,60.15,EQ
20-02-2014,59.55,59.9,58.25,58.55,58.3,82.45,37.6,2009275,118520173.25,9174.0,58.99,EQ
21-02-2014,58.6,60.1,57.7,58.35,58.4,82.45,37.6,2512973,146745293.95,11089.0,58.4,EQ
24-02-2014,57.95,58.85,56.95,57.2,57.2,77.6,37.6,2242637,129264495.5,10821.0,57.64,EQ
25-02-2014,57.5,57.65,55.0,55.2,55.15,77.6,37.6,2994728,167458683.15,13162.0,55.92,EQ
26-02-2014,55.5,56.25,54.05,56.05,56.15,77.6,37.6,7208312,397021937.4,19339.0,55.08,EQ
28-02-2014,56.75,56.75,55.0,55.7,55.75,77.6,37.6,3313636,184959241.8,17250.0,55.82,EQ
03-03-2014,55.3,55.8,54.1,55.1,54.85,74.9,37.6,2658758,146561103.4,13729.0,55.12,EQ
04-03-2014,55.1,56.85,55.0,56.5,56.8,74.9,37.6,3668453,205924290.15,16235.0,56.13,EQ
05-03-2014,57.0,58.5,56.75,58.2,58.1,74.9,37.6,5021548,289787448.8,20029.0,57.71,EQ
06-03-2014,58.95,60.0,58.55,59.75,59.75,74.9,37.6,5263297,312490869.05,17053.0,59.37,EQ
07-03-2014,60.6,61.7,59.6,61.35,61.35,74.9,37.6,4741714,287432808.65,14716.0,60.62,EQ
10-03-2014,60.9,61.25,59.4,59.8,59.9,74.9,37.6,5770220,346030105.7,18107.0,59.97,EQ
11-03-2014,60.0,60.15,57.0,57.25,57.3,74.9,37.6,3740044,216545876.0,14411.0,57.9,EQ
12-03-2014,57.4,57.95,56.7,56.85,56.8,74.9,37.6,3514850,201034888.5,19754.0,57.2,EQ
13-03-2014,57.0,57.85,55.2,55.8,55.4,74.9,37.6,3080545,175037709.35,11736.0,56.82,EQ
14-03-2014,55.4,56.4,54.9,55.75,55.85,74.9,37.6,3986343,222400493.45,13055.0,55.79,EQ
18-03-2014,56.0,56.75,55.3,55.45,55.45,74.9,37.6,2837963,158546222.4,10830.0,55.87,EQ
19-03-2014,55.7,57.1,55.3,56.45,56.55,74.9,37.6,6053318,342189064.95,17724.0,56.53,EQ
20-03-2014,56.65,57.3,56.5,56.85,57.0,74.9,37.6,7242347,411418814.55,19372.0,56.81,EQ
21-03-2014,56.8,58.8,56.8,58.35,58.5,74.9,37.6,4976568,288850132.85,16228.0,58.04,EQ
22-03-2014,58.5,58.6,58.1,58.2,58.25,74.9,37.6,254119,14807105.3,1568.0,58.27,EQ
24-03-2014,59.15,59.4,58.05,59.15,59.25,74.9,37.6,4450334,261616274.15,16571.0,58.79,EQ
25-03-2014,59.2,60.2,58.85,59.95,60.05,74.9,37.6,3655479,218507242.2,13818.0,59.78,EQ
26-03-2014,60.5,63.75,60.35,63.45,63.55,74.9,37.6,8550561,535222682.0,33961.0,62.6,EQ
27-03-2014,63.4,66.1,63.4,64.0,64.05,74.9,37.6,9919364,643854107.75,46752.0,64.91,EQ
28-03-2014,64.15,64.95,63.65,64.7,64.75,74.9,37.6,3767950,242016053.5,18189.0,64.23,EQ
31-03-2014,65.0,73.8,65.0,71.4,71.2,74.9,37.6,20186919,1423595600.0,88596.0,70.52,EQ
01-04-2014,71.8,72.25,68.5,71.15,71.2,74.9,37.6,9337512,661712122.0,38700.0,70.87,EQ
02-04-2014,71.1,72.25,70.65,71.85,71.65,74.9,37.6,4247814,304065021.3,22728.0,71.58,EQ
03-04-2014,71.5,75.4,71.4,72.05,71.95,75.4,37.6,9427478,688224871.15,34596.0,73.0,EQ
04-04-2014,72.2,73.35,70.85,71.3,71.25,75.4,37.6,6387778,460304317.6,21397.0,72.06,EQ
07-04-2014,71.0,72.4,69.65,70.9,70.75,75.4,37.6,4146498,293951139.5,17073.0,70.89,EQ
09-04-2014,71.2,74.8,71.2,74.3,74.35,75.4,37.6,5657189,414193925.25,25804.0,73.22,EQ
10-04-2014,74.35,76.1,72.65,74.65,74.4,76.1,37.6,8465148,629116959.55,27486.0,74.32,EQ
11-04-2014,73.7,75.55,72.9,73.35,73.1,76.1,37.6,6798380,504800992.0,24258.0,74.25,EQ
15-04-2014,74.1,74.45,69.25,69.6,69.35,76.1,37.6,5617334,398497517.95,23459.0,70.94,EQ
16-04-2014,69.25,71.7,68.35,69.5,69.55,76.1,37.6,6840626,479451013.7,24512.0,70.09,EQ
17-04-2014,69.7,71.5,69.15,71.1,71.1,76.1,37.6,6791025,478159342.7,21667.0,70.41,EQ
21-04-2014,71.55,73.35,71.35,72.45,72.3,76.1,37.6,4732392,342123024.0,19456.0,72.29,EQ
22-04-2014,72.75,72.75,70.25,70.8,70.65,76.1,37.6,4404745,315815365.5,18844.0,71.7,EQ
23-04-2014,70.75,72.45,70.7,71.9,72.15,76.1,37.6,7994382,573026468.05,23076.0,71.68,EQ
25-04-2014,71.9,73.4,70.1,71.35,71.1,76.1,37.6,5866322,422588599.75,26663.0,72.04,EQ
28-04-2014,72.0,72.45,71.05,71.6,71.45,76.1,37.6,7220645,518311921.3,15489.0,71.78,EQ
29-04-2014,71.7,72.2,68.2,68.6,68.45,76.1,37.6,12760052,890403002.35,25314.0,69.78,EQ
30-04-2014,68.9,69.5,65.1,67.45,67.95,76.1,37.6,6657030,449757047.8,25059.0,67.56,EQ
02-05-2014,68.25,68.5,65.4,66.25,66.25,76.1,37.6,4344862,289507435.55,19347.0,66.63,EQ
05-05-2014,65.7,69.45,65.7,67.75,67.5,76.1,37.6,5528372,375629265.7,22689.0,67.95,EQ
06-05-2014,68.2,68.65,66.6,67.05,66.85,76.1,37.6,3367253,226981886.75,14031.0,67.41,EQ
07-05-2014,67.0,67.75,65.6,67.1,67.05,76.1,37.6,3936089,263479477.3,21022.0,66.94,EQ
08-05-2014,67.7,68.2,66.2,67.4,67.5,76.1,37.6,3304372,222270009.1,21686.0,67.27,EQ
09-05-2014,67.05,71.2,67.0,70.25,70.05,76.1,37.6,5301697,368788069.6,22182.0,69.56,EQ
12-05-2014,70.5,71.45,68.7,69.0,68.85,76.1,37.6,7299662,511906000.95,23663.0,70.13,EQ
13-05-2014,70.0,73.6,69.55,70.7,70.4,76.1,37.6,14377635,1029893345.85,40603.0,71.63,EQ
14-05-2014,71.5,75.65,70.85,75.0,75.1,76.1,37.6,10803525,798661128.35,42102.0,73.93,EQ
15-05-2014,75.25,77.0,73.45,75.7,75.7,77.0,37.6,9136184,691887109.05,43671.0,75.73,EQ
16-05-2014,78.0,86.35,76.35,78.15,77.75,86.35,37.6,28267134,2302471122.35,101097.0,81.45,EQ
19-05-2014,80.0,87.4,79.0,86.25,85.8,87.4,37.6,13961357,1178659170.7,60060.0,84.42,EQ
20-05-2014,87.45,92.85,86.8,88.8,88.25,92.85,37.6,16018265,1433608524.75,65586.0,89.5,EQ
21-05-2014,88.8,91.0,84.7,87.05,87.45,92.85,37.6,9181775,803815033.15,36275.0,87.54,EQ
22-05-2014,88.2,89.75,86.4,87.1,87.15,92.85,37.6,6568219,579347238.2,25907.0,88.2,EQ
23-05-2014,88.8,90.85,87.65,90.25,90.35,92.85,37.6,11365967,1017560692.15,44296.0,89.53,EQ
26-05-2014,92.0,100.8,89.1,94.75,94.75,100.8,37.6,27005558,2575600450.35,88226.0,95.37,EQ
27-05-2014,96.0,96.55,90.05,93.75,93.05,100.8,37.6,13905025,1299010588.2,71197.0,93.42,EQ
28-05-2014,94.5,96.0,88.9,90.8,89.3,100.8,37.6,16871654,1571255991.05,67522.0,93.13,EQ
29-05-2014,88.25,88.8,86.15,87.85,88.0,100.8,37.6,12863164,1124806663.0,55373.0,87.44,EQ
30-05-2014,88.75,90.1,87.0,87.5,87.55,100.8,37.6,6911499,611598036.75,28101.0,88.49,EQ
02-06-2014,89.0,92.3,88.75,91.65,92.2,100.8,37.6,8149386,739214317.9,40813.0,90.71,EQ
03-06-2014,92.85,96.15,92.85,95.55,95.65,100.8,37.6,19242347,1815087551.6,83874.0,94.33,EQ
04-06-2014,96.1,100.9,95.2,100.3,100.7,100.9,37.6,15832442,1555131786.3,56776.0,98.22,EQ
05-06-2014,101.35,107.45,99.8,107.1,107.2,107.45,37.6,21351554,2236001536.55,93443.0,104.72,EQ
06-06-2014,108.3,109.8,106.35,108.5,108.65,109.8,37.6,16727676,1808577662.9,65265.0,108.12,EQ
09-06-2014,109.75,112.95,109.1,109.9,109.45,112.95,37.6,13729478,1523322542.7,55305.0,110.95,EQ
10-06-2014,110.3,110.3,105.0,107.7,107.75,112.95,37.6,12200099,1306869441.2,51871.0,107.12,EQ
11-06-2014,107.9,110.2,100.25,103.45,103.0,112.95,37.6,15296511,1621100904.55,68561.0,105.98,EQ
12-06-2014,103.8,105.45,100.7,104.05,103.9,112.95,37.6,7736757,804139269.9,31734.0,103.94,EQ
13-06-2014,103.0,103.5,96.05,96.95,96.5,112.95,37.6,11939796,1190182858.25,58527.0,99.68,EQ
16-06-2014,96.4,98.85,92.25,98.3,98.2,112.95,37.6,10466541,998597400.6,46350.0,95.41,EQ
17-06-2014,97.6,99.1,93.4,97.65,97.6,112.95,37.6,13024458,1256148210.8,60806.0,96.45,EQ
18-06-2014,98.0,101.1,96.0,98.95,97.8,112.95,37.6,15231029,1505008715.05,52289.0,98.81,EQ
19-06-2014,98.8,99.8,94.1,94.65,94.25,112.95,37.6,9469593,914170748.15,40719.0,96.54,EQ
20-06-2014,94.7,96.7,93.05,93.8,93.9,112.95,37.6,8418870,799242198.1,45704.0,94.93,EQ
23-06-2014,94.0,94.4,91.95,93.1,93.05,112.95,37.6,8040188,747031866.15,30536.0,92.91,EQ
24-06-2014,93.5,96.3,93.1,95.5,95.6,112.95,37.6,7140291,678895193.55,31459.0,95.08,EQ
25-06-2014,95.95,96.4,93.75,94.25,94.2,112.95,37.6,4891899,465547866.5,22983.0,95.17,EQ
26-06-2014,94.9,95.3,92.35,92.95,92.5,112.95,37.6,11682207,1089263139.8,27624.0,93.24,EQ
27-06-2014,92.95,94.55,91.75,92.95,93.0,112.95,37.6,4051654,377314948.0,19560.0,93.13,EQ
30-06-2014,93.0,95.5,93.0,94.95,94.75,112.95,37.6,4216118,398255746.25,21029.0,94.46,EQ
01-07-2014,95.5,99.0,95.5,98.45,98.6,112.95,37.6,10050274,986898864.4,42401.0,98.2,EQ
02-07-2014,99.5,101.1,98.25,98.55,98.55,112.95,37.6,7193117,716288240.0,32970.0,99.58,EQ
03-07-2014,99.3,100.25,95.1,95.75,95.7,112.95,37.6,7869246,769731004.7,36502.0,97.82,EQ
04-07-2014,95.75,95.8,93.45,94.9,94.7,112.95,37.6,6216380,587352544.1,31743.0,94.48,EQ
07-07-2014,95.1,95.75,93.5,93.65,93.6,112.95,37.6,4746460,447464969.2,18984.0,94.27,EQ
08-07-2014,93.85,94.5,88.0,89.0,88.9,112.95,37.6,5802784,531436724.55,26387.0,91.58,EQ
09-07-2014,89.0,91.25,86.0,89.15,89.45,112.95,37.6,7724551,689113407.1,37737.0,89.21,EQ
10-07-2014,89.2,93.6,85.6,87.2,87.1,112.95,37.6,10507093,943323815.3,39596.0,89.78,EQ
11-07-2014,87.05,87.6,81.05,81.85,81.95,112.95,37.6,9821417,827796857.0,40654.0,84.28,EQ
14-07-2014,81.25,84.25,81.1,83.5,83.75,112.95,37.6,4328696,360396349.95,20333.0,83.26,EQ
15-07-2014,84.25,85.05,82.75,84.85,84.95,112.95,37.6,4079683,343979652.7,21040.0,84.32,EQ
16-07-2014,85.05,85.75,83.3,85.35,85.5,112.95,37.6,7762200,656094125.2,41376.0,84.52,EQ
17-07-2014,85.3,88.2,85.2,87.65,87.5,112.95,37.6,6975127,607450250.75,28754.0,87.09,EQ
18-07-2014,86.55,89.0,86.0,87.45,87.3,112.95,37.6,7641690,668379411.45,32013.0,87.46,EQ
21-07-2014,88.0,88.6,86.85,87.5,87.1,112.95,37.6,3859184,338240591.05,14836.0,87.65,EQ
22-07-2014,87.5,88.85,87.25,88.1,88.0,112.95,37.6,4479875,393589125.6,25658.0,87.86,EQ
23-07-2014,87.95,88.55,86.45,87.4,87.15,112.95,37.6,3682223,321384584.45,15820.0,87.28,EQ
24-07-2014,87.6,91.4,87.1,90.45,90.75,112.95,37.6,7663156,690998907.8,38114.0,90.17,EQ
25-07-2014,91.35,91.95,86.0,87.45,87.3,112.95,37.6,9102844,802654111.15,33564.0,88.18,EQ
28-07-2014,87.65,88.3,86.0,87.15,87.0,112.95,37.6,2646370,230058821.85,11790.0,86.93,EQ
30-07-2014,87.2,88.0,85.75,87.3,87.0,112.95,37.6,3055434,265785020.0,13340.0,86.99,EQ
31-07-2014,87.2,88.85,86.5,87.85,87.95,112.95,37.6,8852351,778766828.7,21945.0,87.97,EQ
01-08-2014,86.25,89.3,85.7,86.1,85.8,112.95,37.6,6318997,552213648.65,20452.0,87.39,EQ
04-08-2014,86.4,87.9,84.95,86.7,87.65,112.95,37.6,5397201,466021526.95,16582.0,86.35,EQ
05-08-2014,87.4,87.65,85.45,86.95,87.05,112.95,37.6,3735664,323745650.55,14517.0,86.66,EQ
06-08-2014,86.25,87.5,85.0,85.15,85.15,112.95,37.6,3374192,290325899.55,12652.0,86.04,EQ
07-08-2014,85.65,86.25,84.6,84.8,84.95,112.95,37.6,3794875,323660429.7,13204.0,85.29,EQ
08-08-2014,84.5,84.5,80.3,81.1,81.0,112.95,37.6,4800112,392451180.25,20761.0,81.76,EQ
11-08-2014,82.0,83.8,81.2,83.05,83.2,112.95,38.8,7933876,656597137.9,28944.0,82.76,EQ
12-08-2014,83.75,83.95,82.2,83.2,83.2,112.95,38.8,3181100,264401137.95,13760.0,83.12,EQ
13-08-2014,83.1,83.4,80.8,81.95,81.7,112.95,38.8,4895107,400210747.3,14033.0,81.76,EQ
14-08-2014,81.5,85.15,81.25,84.55,84.5,112.95,38.8,4144408,346896207.1,19699.0,83.7,EQ
18-08-2014,84.25,87.1,84.15,86.7,86.85,112.95,38.8,2842933,243825769.8,15466.0,85.77,EQ
19-08-2014,86.95,87.75,86.4,87.2,87.2,112.95,38.8,2798985,243927514.75,12130.0,87.15,EQ
20-08-2014,87.25,88.4,86.1,86.65,86.5,112.95,38.8,3667436,320306064.6,17231.0,87.34,EQ
21-08-2014,85.45,85.95,83.6,83.9,83.8,112.95,38.8,2879928,244005933.6,14367.0,84.73,EQ
22-08-2014,83.6,84.75,82.25,82.95,83.25,112.95,38.8,3314567,275869663.15,17317.0,83.23,EQ
25-08-2014,82.7,83.85,80.8,81.25,81.6,112.95,42.3,4174924,343189395.5,15100.0,82.2,EQ
26-08-2014,81.0,83.1,80.3,82.8,82.55,112.95,42.3,3141633,258134168.95,13714.0,82.17,EQ
27-08-2014,82.8,83.5,81.85,82.75,82.5,112.95,42.3,1806714,149221239.95,9714.0,82.59,EQ
28-08-2014,82.4,83.55,80.85,81.05,80.95,112.95,42.3,5622831,458541854.45,17047.0,81.55,EQ
01-09-2014,81.1,84.9,81.05,84.65,84.6,112.95,45.8,3701798,309348245.3,17731.0,83.57,EQ
02-09-2014,83.8,85.75,83.25,84.55,84.6,112.95,45.8,3644168,308289200.45,13460.0,84.6,EQ
03-09-2014,84.6,86.55,83.55,86.25,86.4,112.95,45.8,7116304,607094785.0,26250.0,85.31,EQ
04-09-2014,85.7,87.15,83.25,84.4,84.25,112.95,45.8,5595816,472622538.05,21342.0,84.46,EQ
05-09-2014,83.95,85.2,83.75,84.35,84.25,112.95,45.8,2463442,208073577.35,13499.0,84.46,EQ
08-09-2014,84.4,85.45,83.85,84.15,84.35,112.95,46.9,2808232,237195486.4,13599.0,84.46,EQ
09-09-2014,83.85,84.1,82.5,83.15,83.3,112.95,46.9,2345727,195250781.75,11592.0,83.24,EQ
10-09-2014,82.8,83.35,80.7,80.95,80.9,112.95,46.9,5016276,410035199.5,39949.0,81.74,EQ
11-09-2014,80.25,80.5,78.55,79.1,79.0,112.95,46.9,6688390,530105789.6,30737.0,79.26,EQ
12-09-2014,78.5,80.35,78.25,79.5,79.4,112.95,46.9,4639020,368309726.6,19945.0,79.39,EQ
15-09-2014,78.2,80.25,78.2,79.65,80.15,112.95,47.1,3868533,307281422.1,23154.0,79.43,EQ
16-09-2014,80.0,80.6,76.85,77.15,76.9,112.95,47.1,3118572,245604905.65,16492.0,78.76,EQ
17-09-2014,77.85,77.85,74.35,75.6,75.5,112.95,47.1,4603001,348781046.2,23077.0,75.77,EQ
18-09-2014,75.0,76.7,74.65,75.9,75.75,112.95,47.1,3648902,277089458.25,15559.0,75.94,EQ
19-09-2014,75.3,76.35,73.95,74.65,74.55,112.95,47.1,3593643,270326889.55,15082.0,75.22,EQ
22-09-2014,74.6,75.0,72.15,72.45,72.4,112.95,49.15,3944201,288675279.3,16856.0,73.19,EQ
23-09-2014,72.0,73.3,70.55,71.0,70.75,112.95,49.15,4865686,351029199.4,21191.0,72.14,EQ
24-09-2014,71.1,72.35,68.3,68.95,69.0,112.95,49.15,10236867,716215505.25,33889.0,69.96,EQ
25-09-2014,69.1,70.05,66.2,67.4,68.05,112.95,49.15,13331414,912020056.55,29511.0,68.41,EQ
26-09-2014,66.8,72.95,66.8,71.65,71.7,112.95,49.15,8116659,574254752.35,45321.0,70.75,EQ
29-09-2014,71.65,72.8,70.1,70.5,70.5,112.95,49.15,3338711,238121789.25,18859.0,71.32,EQ
30-09-2014,70.0,72.2,69.55,69.6,69.6,112.95,49.15,6450381,456453120.9,30819.0,70.76,EQ
01-10-2014,69.25,71.0,67.4,70.55,70.95,112.95,49.15,5055759,348044215.4,19551.0,68.84,EQ
07-10-2014,70.1,72.85,69.95,71.8,71.85,112.95,54.05,4082259,294218878.25,14461.0,72.07,EQ
08-10-2014,71.2,72.5,70.75,72.25,72.2,112.95,54.05,2287032,164295493.7,11003.0,71.84,EQ
09-10-2014,72.5,73.9,71.75,73.55,73.5,112.95,54.05,2902549,211633370.5,12359.0,72.91,EQ
10-10-2014,72.8,75.15,71.25,73.25,74.0,112.95,54.05,6459111,473998876.2,20692.0,73.38,EQ
13-10-2014,72.2,76.75,72.15,75.95,76.3,112.95,54.05,4002282,298775253.1,14747.0,74.65,EQ
14-10-2014,76.25,78.0,75.2,77.45,77.4,112.95,54.05,3874437,297381447.1,18554.0,76.75,EQ
16-10-2014,76.7,78.6,75.75,76.35,76.5,112.95,54.05,6233176,479294416.1,16709.0,76.89,EQ
17-10-2014,76.0,77.5,74.75,77.0,77.25,112.95,54.05,5124613,390305189.35,17353.0,76.16,EQ
20-10-2014,78.05,78.7,75.75,78.35,78.4,112.95,54.05,3825692,295390046.6,21833.0,77.21,EQ
21-10-2014,79.0,82.8,78.8,82.4,82.15,112.95,54.05,5386069,435321390.65,39013.0,80.82,EQ
22-10-2014,82.9,83.7,81.25,83.35,83.5,112.95,54.05,3562877,294325722.95,14395.0,82.61,EQ
23-10-2014,83.5,83.95,82.35,83.1,82.95,112.95,54.05,490647,40885232.7,3674.0,83.33,EQ
27-10-2014,83.45,83.45,81.75,82.25,82.15,112.95,54.05,1532152,126435891.2,7698.0,82.52,EQ
28-10-2014,82.05,82.7,81.0,81.4,81.5,112.95,54.05,2393363,195107583.35,9756.0,81.52,EQ
29-10-2014,81.75,83.5,81.75,83.1,83.1,112.95,54.05,4149558,342861147.25,12729.0,82.63,EQ
30-10-2014,83.15,83.6,81.9,83.4,83.05,112.95,54.05,5098380,423031901.65,14639.0,82.97,EQ
31-10-2014,83.5,84.1,82.4,83.1,83.25,112.95,54.05,3204341,266959487.85,12007.0,83.31,EQ
03-11-2014,84.0,87.9,83.4,86.7,86.7,112.95,54.05,5747201,495880083.95,27998.0,86.28,EQ
05-11-2014,86.8,87.8,84.1,84.5,84.5,112.95,54.05,3998703,340144115.75,19953.0,85.06,EQ
07-11-2014,85.0,86.1,83.1,83.5,83.2,112.95,54.05,2445636,206094503.4,12939.0,84.27,EQ
10-11-2014,83.5,85.0,81.85,83.0,83.05,112.95,54.05,2744643,228150359.45,10938.0,83.13,EQ
11-11-2014,83.25,83.4,81.85,82.6,82.25,112.95,54.05,2938861,242549502.6,13750.0,82.53,EQ
12-11-2014,82.85,83.0,80.45,81.0,80.7,112.95,54.05,3590404,291549601.85,25465.0,81.2,EQ
13-11-2014,81.25,81.45,78.55,80.3,80.3,112.95,54.05,3841208,306523842.8,20265.0,79.8,EQ
14-11-2014,80.3,87.15,79.05,86.3,86.05,112.95,54.05,14051730,1197769047.25,60437.0,85.24,EQ
17-11-2014,86.0,86.3,84.0,85.6,84.75,112.95,54.05,4323326,368206857.2,21410.0,85.17,EQ
18-11-2014,85.0,89.1,84.95,87.35,87.5,112.95,54.05,5166214,453253271.15,24600.0,87.73,EQ
19-11-2014,88.4,88.8,83.65,85.25,85.6,112.95,54.05,4334761,373574814.7,15700.0,86.18,EQ
20-11-2014,85.45,86.35,84.0,85.5,85.1,112.95,54.05,2589932,220612057.6,12470.0,85.18,EQ
21-11-2014,85.0,86.0,83.05,84.0,84.0,112.95,54.05,2840677,239692019.9,12651.0,84.38,EQ
24-11-2014,84.55,88.1,84.55,87.25,87.2,112.95,54.05,4960704,432226224.5,22206.0,87.13,EQ
25-11-2014,87.45,87.5,83.0,84.2,84.3,112.95,54.05,3831016,323395716.1,14633.0,84.42,EQ
26-11-2014,84.25,87.75,83.6,87.35,87.2,112.95,54.05,3173062,274156774.0,19465.0,86.4,EQ
27-11-2014,87.05,90.1,86.2,89.65,89.5,112.95,54.05,10023586,891308363.9,34555.0,88.92,EQ
28-11-2014,89.1,90.8,88.65,89.05,88.8,112.95,54.05,5742477,514869936.35,23857.0,89.66,EQ
01-12-2014,90.4,90.6,86.8,87.85,87.75,112.95,54.05,4189928,369589131.9,15237.0,88.21,EQ
02-12-2014,86.35,90.15,85.25,89.4,90.05,112.95,54.05,5134924,450564089.35,20343.0,87.75,EQ
03-12-2014,89.3,89.7,85.1,85.65,85.3,112.95,54.05,7519769,652810528.05,20976.0,86.81,EQ
04-12-2014,84.0,86.65,82.8,85.25,85.65,112.95,54.05,10765982,910036975.4,34706.0,84.53,EQ
05-12-2014,83.8,84.65,82.25,82.9,83.5,112.95,54.05,20959075,1750190368.05,58599.0,83.51,EQ
08-12-2014,82.35,83.1,81.9,82.25,82.25,112.95,54.05,20032343,1652375685.45,39390.0,82.49,EQ
09-12-2014,82.2,82.25,79.15,79.45,79.45,112.95,54.05,7815458,626951290.35,27590.0,80.22,EQ
10-12-2014,79.25,80.45,78.85,79.9,79.7,112.95,54.05,4611037,367988680.9,19765.0,79.81,EQ
11-12-2014,79.9,80.4,78.5,79.45,79.35,112.95,54.05,3733353,296803548.3,14472.0,79.5,EQ
12-12-2014,79.3,80.45,78.55,78.8,79.0,112.95,54.05,3522806,280482747.5,13790.0,79.62,EQ
15-12-2014,78.55,79.15,77.35,78.0,78.15,112.95,54.05,2139391,167512493.75,15887.0,78.3,EQ
16-12-2014,77.3,78.05,75.35,77.55,77.7,112.95,54.05,6104391,468144353.1,41019.0,76.69,EQ
17-12-2014,77.1,79.0,75.1,75.8,75.7,112.95,54.05,4335629,332370296.25,25909.0,76.66,EQ
18-12-2014,77.0,80.35,77.0,79.25,79.05,112.95,54.05,3350591,264844075.35,18233.0,79.04,EQ
19-12-2014,79.7,83.35,79.4,81.9,81.5,112.95,54.05,9063003,738048407.35,27705.0,81.44,EQ
22-12-2014,81.6,82.7,81.05,82.3,82.3,112.95,54.05,2650027,217027422.85,16099.0,81.9,EQ
23-12-2014,82.05,83.0,81.0,82.3,82.0,112.95,54.05,3346619,274430572.7,28615.0,82.0,EQ
24-12-2014,81.75,82.6,81.0,82.0,81.85,112.95,54.05,4641210,380583582.35,12559.0,82.0,EQ
26-12-2014,81.65,81.85,79.7,80.9,80.7,112.95,54.05,2723906,219662979.6,12288.0,80.64,EQ
29-12-2014,80.9,84.3,80.8,82.8,82.9,112.95,54.05,4676411,388736623.6,20702.0,83.13,EQ
30-12-2014,82.9,83.5,81.8,82.35,82.55,112.95,54.05,2440663,201800182.9,10095.0,82.68,EQ
31-12-2014,82.05,83.2,82.0,82.55,82.9,112.95,54.05,2021402,166950440.95,11221.0,82.59,EQ
01-01-2015,82.55,83.3,82.1,82.75,83.0,112.95,54.05,1717602,142093083.0,7637.0,82.73,EQ
02-01-2015,82.7,83.8,82.6,82.85,83.1,112.95,54.05,2029658,169007757.3,9575.0,83.27,EQ
05-01-2015,82.75,84.25,82.3,82.7,82.6,112.95,54.05,2549631,212469668.75,10388.0,83.33,EQ
06-01-2015,82.4,82.55,78.0,78.65,78.35,112.95,54.05,4904155,391193195.75,17659.0,79.77,EQ
07-01-2015,78.6,79.3,76.55,77.8,77.75,112.95,54.05,3051686,237560162.5,16043.0,77.85,EQ
08-01-2015,78.3,79.65,78.2,79.15,79.0,112.95,54.05,2363987,186469714.95,10464.0,78.88,EQ
09-01-2015,79.7,80.65,78.0,78.55,78.4,112.95,54.05,2990177,236708320.35,11864.0,79.16,EQ
12-01-2015,78.45,80.7,77.1,80.0,80.15,112.95,54.05,3473942,274873161.95,15336.0,79.12,EQ
13-01-2015,79.7,80.0,77.7,78.25,78.0,112.95,54.05,3817822,299545911.1,17489.0,78.46,EQ
14-01-2015,78.0,78.45,75.8,77.05,77.0,112.95,54.05,4015645,308952320.0,19944.0,76.94,EQ
15-01-2015,77.2,79.0,77.0,77.55,77.2,112.95,54.05,3802990,295850610.25,12462.0,77.79,EQ
16-01-2015,77.5,77.8,76.2,76.95,77.05,112.95,54.05,2990958,230092104.35,13739.0,76.93,EQ
19-01-2015,77.3,78.1,76.05,76.8,76.85,112.95,54.05,2473707,190284691.0,11558.0,76.92,EQ
20-01-2015,76.8,78.55,76.8,77.95,77.8,112.95,54.05,2989197,232945719.35,11901.0,77.93,EQ
21-01-2015,78.2,78.4,76.4,76.9,76.95,112.95,54.05,3315305,255792947.6,13190.0,77.16,EQ
22-01-2015,77.0,78.1,76.95,77.9,77.85,112.95,54.05,3682512,286334379.95,9873.0,77.76,EQ
23-01-2015,78.7,78.75,77.0,78.15,78.15,112.95,54.05,2442104,189825190.6,10905.0,77.73,EQ
27-01-2015,78.0,79.2,77.4,78.75,78.85,112.95,54.05,4445066,348488455.55,16344.0,78.4,EQ
28-01-2015,78.75,79.55,77.7,78.25,77.95,112.95,54.05,3216624,252433348.35,14190.0,78.48,EQ
29-01-2015,78.0,79.5,77.35,78.7,79.4,112.95,54.05,4180781,328046463.85,20427.0,78.47,EQ
30-01-2015,78.7,79.2,76.55,77.15,77.1,112.95,54.05,1939925,150986722.1,9368.0,77.83,EQ
02-02-2015,77.0,77.0,75.2,75.55,75.35,112.95,54.05,2675255,203624259.95,14718.0,76.11,EQ
03-02-2015,75.55,75.95,73.5,73.65,73.55,112.95,54.05,3452998,256921542.6,22672.0,74.41,EQ
04-02-2015,74.45,74.75,73.65,74.1,74.2,112.95,54.05,3349034,248450155.4,16120.0,74.19,EQ
05-02-2015,74.2,75.5,73.25,74.0,73.5,112.95,54.05,2229197,166106339.0,13523.0,74.51,EQ
06-02-2015,73.85,74.25,71.2,73.65,73.85,112.95,54.05,1621151,119104753.4,7365.0,73.47,EQ
09-02-2015,73.1,73.1,70.85,71.15,71.2,112.95,54.05,2044885,146872302.8,15718.0,71.82,EQ
10-02-2015,70.5,71.7,69.05,69.7,69.9,112.95,54.05,2631791,185347469.7,14680.0,70.43,EQ
11-02-2015,69.9,73.85,69.9,73.2,73.2,112.95,54.05,2772570,199292543.95,19695.0,71.88,EQ
12-02-2015,73.45,74.1,72.4,73.3,73.1,112.95,54.05,1806045,132039252.45,9552.0,73.11,EQ
13-02-2015,73.35,77.15,73.2,75.15,75.05,112.95,54.05,6628787,499607182.0,30452.0,75.37,EQ
16-02-2015,75.15,76.2,74.25,74.95,75.1,112.95,54.05,3452147,260319277.5,16410.0,75.41,EQ
18-02-2015,74.0,74.6,72.5,72.75,72.6,112.95,54.05,2134881,156652906.05,13358.0,73.38,EQ
19-02-2015,73.1,75.35,72.8,74.8,74.8,112.95,54.05,3410051,252801328.85,14665.0,74.13,EQ
20-02-2015,75.0,75.6,74.0,74.35,74.35,112.95,54.05,2276260,170159558.45,11004.0,74.75,EQ
23-02-2015,75.0,75.0,73.1,73.5,73.1,112.95,54.05,1433762,106289702.9,6660.0,74.13,EQ
24-02-2015,73.7,73.75,70.35,70.65,70.55,112.95,54.05,2701791,192799605.95,12450.0,71.36,EQ
25-02-2015,71.0,71.6,69.85,70.05,70.3,112.95,54.05,2089984,147793846.4,13362.0,70.72,EQ
26-02-2015,70.25,70.45,67.45,67.65,67.7,112.95,54.05,4088967,280091583.25,16394.0,68.5,EQ
27-02-2015,68.15,70.5,68.1,70.3,70.5,112.95,54.05,2483808,172933727.1,15742.0,69.62,EQ
28-02-2015,71.2,72.0,69.65,70.45,70.5,112.95,54.05,3290028,233247193.65,13540.0,70.9,EQ
02-03-2015,71.0,71.8,69.3,69.8,69.65,112.95,54.1,1881433,131887407.3,8110.0,70.1,EQ
03-03-2015,70.25,70.7,69.1,69.35,69.5,112.95,54.1,2326288,161805922.05,9974.0,69.56,EQ
04-03-2015,70.15,70.15,67.5,67.8,67.7,112.95,54.1,2451673,168947871.15,11203.0,68.91,EQ
05-03-2015,68.0,68.2,66.5,66.85,66.75,112.95,54.1,2012491,135109155.1,9713.0,67.14,EQ
09-03-2015,66.75,67.2,65.55,65.75,65.6,112.95,54.9,2195703,145155255.1,12965.0,66.11,EQ
10-03-2015,66.1,67.6,65.45,67.0,67.3,112.95,54.9,2873085,190781368.95,10474.0,66.4,EQ
11-03-2015,67.05,67.25,65.4,66.05,66.0,112.95,54.9,1982951,131043866.6,11851.0,66.09,EQ
12-03-2015,67.25,69.25,66.9,68.65,68.25,112.95,54.9,4442499,301930380.75,14699.0,67.96,EQ
13-03-2015,69.1,69.2,67.25,67.75,68.1,112.95,54.9,2828388,192255554.45,15431.0,67.97,EQ
16-03-2015,68.0,68.1,66.45,67.5,67.65,112.95,55.3,1667766,111953150.7,9605.0,67.13,EQ
17-03-2015,67.6,68.95,67.2,68.8,68.9,112.95,55.3,2975158,202976241.3,16949.0,68.22,EQ
18-03-2015,68.8,68.8,67.5,68.05,68.15,112.95,55.3,2103693,143058636.9,10799.0,68.0,EQ
19-03-2015,68.5,68.65,67.65,68.05,68.25,112.95,55.3,2511605,171119025.55,9658.0,68.13,EQ
20-03-2015,68.0,69.35,67.8,68.85,69.15,112.95,55.3,3385387,232301450.55,11738.0,68.62,EQ
23-03-2015,68.9,70.2,67.8,69.75,70.1,112.95,58.05,2038903,140927870.6,11851.0,69.12,EQ
24-03-2015,69.4,70.15,68.5,69.65,70.05,112.95,58.05,2723027,189266442.15,11652.0,69.51,EQ
25-03-2015,70.15,70.35,68.9,70.05,70.0,112.95,58.05,3014618,210293298.95,11086.0,69.76,EQ
26-03-2015,69.7,71.4,69.3,70.8,71.1,112.95,58.05,4541447,319479381.3,13002.0,70.35,EQ
27-03-2015,70.7,70.7,67.35,68.9,69.65,112.95,58.05,3490159,239928125.55,11331.0,68.74,EQ
30-03-2015,69.05,69.15,68.0,69.0,69.0,112.95,65.0,2570868,176194863.9,13496.0,68.54,EQ
31-03-2015,68.95,69.0,66.6,67.4,66.75,112.95,65.0,3636076,247958730.35,13946.0,68.19,EQ
01-04-2015,66.65,71.0,66.55,70.2,71.0,112.95,65.0,2964943,204222860.15,16139.0,68.88,EQ
06-04-2015,70.6,71.0,69.05,69.3,69.2,112.95,65.1,3279448,228152505.25,18443.0,69.57,EQ
07-04-2015,69.35,73.4,68.9,72.8,73.05,112.95,65.1,4303142,304787810.7,15190.0,70.83,EQ
08-04-2015,72.3,73.15,71.5,72.3,72.4,112.95,65.1,2445069,177076151.85,13253.0,72.42,EQ
09-04-2015,72.0,74.3,71.0,73.45,73.2,112.95,65.1,4339021,315470946.55,17799.0,72.71,EQ
10-04-2015,72.6,75.75,72.6,75.1,75.3,112.95,65.1,3285189,244997417.55,13899.0,74.58,EQ
13-04-2015,75.0,76.45,74.6,75.9,75.8,112.95,65.1,2005824,151713230.05,12054.0,75.64,EQ
15-04-2015,75.3,76.8,74.2,75.0,74.4,112.95,65.1,1713393,129850661.9,11962.0,75.79,EQ
16-04-2015,74.7,76.4,73.8,75.75,75.75,112.95,65.1,2037346,152874857.85,6892.0,75.04,EQ
17-04-2015,75.9,79.0,74.75,77.15,77.3,112.95,65.1,3787853,293039762.1,16832.0,77.36,EQ
20-04-2015,77.2,77.85,72.65,73.45,73.35,112.95,65.1,2418851,181292907.6,10451.0,74.95,EQ
21-04-2015,73.5,75.15,73.35,73.95,73.95,112.95,65.1,1943076,144288650.1,8493.0,74.26,EQ
22-04-2015,73.6,74.95,71.75,72.65,72.0,112.95,65.1,2618199,191416909.1,8259.0,73.11,EQ
23-04-2015,72.5,75.65,72.3,74.0,74.0,112.95,65.1,4546418,338046013.5,16230.0,74.35,EQ
24-04-2015,74.45,74.75,72.95,74.0,74.0,112.95,65.1,1924756,142432463.95,9225.0,74.0,EQ
27-04-2015,74.05,76.2,73.05,74.0,73.85,112.95,65.1,4729029,351816394.65,14067.0,74.4,EQ
28-04-2015,74.0,74.9,73.2,73.9,73.75,112.95,65.1,2880016,213140673.7,10730.0,74.01,EQ
29-04-2015,74.05,74.85,73.25,73.7,73.4,112.95,65.1,2902398,214905277.05,14439.0,74.04,EQ
30-04-2015,73.55,73.6,69.0,69.45,69.6,112.95,65.1,10559775,742958559.95,27968.0,70.36,EQ
04-05-2015,69.95,72.3,69.5,71.55,71.5,112.95,65.4,3175647,226007773.2,15688.0,71.17,EQ
05-05-2015,71.9,73.7,71.65,73.45,73.6,112.95,65.4,2953319,215114437.85,13983.0,72.84,EQ
06-05-2015,73.3,73.7,70.2,70.65,70.5,112.95,65.4,3434335,245193677.6,9597.0,71.39,EQ
07-05-2015,70.65,70.7,66.8,67.15,66.95,112.95,65.4,4626299,314489607.2,12671.0,67.98,EQ
08-05-2015,68.45,68.85,67.1,67.5,67.4,112.95,65.4,3325171,225685786.45,11428.0,67.87,EQ
11-05-2015,69.0,70.3,68.55,68.85,68.8,112.95,65.4,3209680,222620609.1,11694.0,69.36,EQ
12-05-2015,68.85,70.1,66.9,67.0,67.0,112.95,65.4,3679636,249439975.4,17211.0,67.79,EQ
14-05-2015,67.0,67.75,66.75,66.95,67.0,112.95,65.4,3158294,211909593.05,15560.0,67.1,EQ
15-05-2015,67.1,67.45,66.75,67.05,67.1,112.95,65.4,1509983,101240695.95,17191.0,67.05,EQ
18-05-2015,67.1,67.9,66.9,67.3,67.25,112.95,65.4,1531770,103244683.35,5497.0,67.4,EQ
19-05-2015,67.35,67.9,67.0,67.2,67.1,112.95,65.4,1228375,82764460.8,5787.0,67.38,EQ
20-05-2015,67.45,67.65,66.8,67.05,67.0,112.95,65.4,1356790,91111658.4,8412.0,67.15,EQ
21-05-2015,67.45,67.45,65.65,66.3,66.4,112.95,65.4,1592979,105385545.6,7079.0,66.16,EQ
22-05-2015,66.8,66.8,65.9,66.05,66.0,112.95,65.4,881722,58400343.05,4397.0,66.23,EQ
25-05-2015,66.4,66.6,65.4,65.7,65.8,112.95,65.4,1122411,74103618.15,4289.0,66.02,EQ
26-05-2015,65.85,66.25,65.25,66.0,65.95,112.95,65.25,1488146,97826997.8,12636.0,65.74,EQ
27-05-2015,65.8,66.5,65.1,66.3,66.2,112.95,65.1,1819018,119971790.4,6303.0,65.95,EQ
28-05-2015,66.3,67.2,65.5,65.8,65.65,112.95,65.1,4969562,328039976.6,8887.0,66.01,EQ
29-05-2015,65.95,66.3,65.3,65.9,66.0,112.95,65.1,1809404,119275405.2,6180.0,65.92,EQ
01-06-2015,65.65,66.8,65.3,66.3,66.45,112.95,65.1,1390851,92009256.6,5960.0,66.15,EQ
02-06-2015,66.6,67.3,65.45,65.75,65.5,112.95,65.1,1552643,102826471.6,6859.0,66.23,EQ
03-06-2015,65.9,66.5,64.15,65.0,65.05,112.95,64.15,2129943,139093011.05,9624.0,65.3,EQ
04-06-2015,65.55,65.6,61.45,62.25,62.1,112.95,61.45,2593843,162560679.55,13402.0,62.67,EQ
05-06-2015,61.5,64.7,60.5,63.9,64.05,112.95,60.5,3711053,234287350.5,20849.0,63.13,EQ
08-06-2015,65.0,65.1,62.0,62.65,63.0,112.95,60.5,2519506,159059707.15,13757.0,63.13,EQ
09-06-2015,63.5,63.5,62.0,62.65,62.55,112.95,60.5,1747821,109557351.2,11846.0,62.68,EQ
10-06-2015,62.55,63.3,62.5,62.95,62.85,112.95,60.5,1325230,83384831.3,9816.0,62.92,EQ
11-06-2015,63.5,63.5,60.55,60.85,61.0,112.95,60.5,2196867,136005249.15,13073.0,61.91,EQ
12-06-2015,60.85,60.9,59.3,60.25,60.5,112.95,59.3,1765061,106071908.1,10774.0,60.1,EQ
15-06-2015,60.5,60.85,59.05,59.25,59.45,101.1,59.05,1418114,84738608.75,6111.0,59.75,EQ
16-06-2015,59.8,60.15,59.05,59.9,59.85,101.1,59.05,1293933,77069585.75,4573.0,59.56,EQ
17-06-2015,59.65,62.9,59.65,61.2,60.9,101.1,59.05,2669692,164324217.6,11656.0,61.55,EQ
18-06-2015,61.3,61.7,60.7,61.1,61.15,101.1,59.05,1403211,85837485.8,5448.0,61.17,EQ
19-06-2015,61.65,62.2,60.25,60.45,60.5,101.1,59.05,2399039,146099029.8,9743.0,60.9,EQ
22-06-2015,60.95,62.9,60.65,62.6,62.65,101.1,59.05,2478505,154515739.7,14166.0,62.34,EQ
23-06-2015,62.7,63.6,62.3,63.0,62.9,101.1,59.05,1355552,85460308.85,6892.0,63.04,EQ
24-06-2015,63.15,63.35,61.4,61.85,61.5,101.1,59.05,1308051,81610199.8,5507.0,62.39,EQ
25-06-2015,61.2,63.4,60.7,62.8,63.05,101.1,59.05,3654499,227682104.1,10492.0,62.3,EQ
26-06-2015,62.3,62.85,61.1,62.45,62.4,101.1,59.05,1777662,110066786.3,8296.0,61.92,EQ
29-06-2015,60.95,61.4,59.55,60.1,60.1,101.1,59.05,1870979,112458882.4,9099.0,60.11,EQ
30-06-2015,60.1,62.8,60.0,61.45,62.45,101.1,59.05,1741836,106019654.25,12285.0,60.87,EQ
01-07-2015,62.0,65.35,61.25,64.45,64.3,101.1,59.05,3085301,197131324.4,17222.0,63.89,EQ
02-07-2015,64.65,65.25,64.05,64.8,64.9,101.1,59.05,2166429,140098861.85,11292.0,64.67,EQ
03-07-2015,64.6,65.0,62.6,63.15,63.25,101.1,59.05,1407423,89620246.75,7021.0,63.68,EQ
06-07-2015,63.0,64.5,61.3,63.85,63.75,95.75,59.05,2079479,130956683.2,8524.0,62.98,EQ
07-07-2015,64.2,64.45,62.6,63.2,63.25,95.75,59.05,1881137,119492331.95,7216.0,63.52,EQ
08-07-2015,62.45,62.45,59.0,59.4,59.75,95.75,59.0,5936600,355958642.45,23491.0,59.96,EQ
09-07-2015,60.0,60.2,59.25,59.8,60.0,95.75,59.0,2087962,124981523.4,13685.0,59.86,EQ
10-07-2015,60.05,60.5,58.75,59.1,59.1,95.75,58.75,2908134,172218158.95,21619.0,59.22,EQ
13-07-2015,59.6,59.8,57.1,58.35,58.45,91.95,57.1,3230430,188395061.7,19385.0,58.32,EQ
14-07-2015,58.3,59.3,57.85,58.0,58.0,91.95,57.1,2144476,125370675.05,10060.0,58.46,EQ
15-07-2015,58.5,58.8,57.35,57.5,57.7,91.95,57.1,2210760,128217665.75,8463.0,58.0,EQ
16-07-2015,57.9,58.25,57.35,57.7,57.55,91.95,57.1,1896348,109511833.5,7185.0,57.75,EQ
17-07-2015,57.95,58.9,57.5,58.2,58.35,91.95,57.1,2391774,139379349.6,12711.0,58.27,EQ
20-07-2015,58.5,58.65,57.6,57.7,57.75,91.95,57.1,1471308,85352581.05,6318.0,58.01,EQ
21-07-2015,57.95,57.95,56.55,56.75,56.6,91.95,56.55,1943687,110958687.1,7985.0,57.09,EQ
22-07-2015,56.7,58.25,56.05,58.0,57.7,91.95,56.05,1845622,105633771.0,7984.0,57.23,EQ
23-07-2015,58.5,59.65,57.75,58.9,58.95,91.95,56.05,3000456,175990516.95,12737.0,58.65,EQ
24-07-2015,58.9,59.15,57.9,58.15,58.05,91.95,56.05,2158902,126506395.1,6419.0,58.6,EQ
27-07-2015,57.6,57.8,56.3,56.55,56.5,90.8,56.05,1527021,86572160.75,8524.0,56.69,EQ
28-07-2015,56.9,58.2,56.0,58.0,58.1,90.8,56.0,3358870,191670793.65,16482.0,57.06,EQ
29-07-2015,58.15,58.75,56.55,58.45,58.45,90.8,56.0,2630069,151605740.85,11564.0,57.64,EQ
30-07-2015,58.5,59.5,58.0,58.4,58.25,90.8,56.0,5765532,339582647.1,12498.0,58.9,EQ
31-07-2015,58.1,58.85,56.0,56.2,56.25,90.8,56.0,3966782,225996780.35,14004.0,56.97,EQ
03-08-2015,56.3,57.15,56.2,56.6,56.65,90.8,56.0,1341424,76038613.85,7171.0,56.68,EQ
04-08-2015,56.75,60.1,56.1,58.95,60.1,90.8,56.0,3670139,212764902.85,13643.0,57.97,EQ
06-08-2015,60.5,62.1,60.25,61.3,61.25,90.8,56.0,2638806,161717840.5,10489.0,61.28,EQ
07-08-2015,61.45,61.9,60.2,61.15,61.0,90.8,56.0,3090611,188678191.35,7945.0,61.05,EQ
10-08-2015,61.15,61.15,59.6,59.9,59.6,90.8,56.0,4210068,253794661.15,9912.0,60.28,EQ
11-08-2015,60.1,60.5,57.4,58.05,58.2,90.8,56.0,4832032,280652160.95,15024.0,58.08,EQ
12-08-2015,58.0,60.65,56.85,58.1,57.6,90.8,56.0,7313294,429038782.1,37855.0,58.67,EQ
13-08-2015,58.3,58.45,54.9,56.05,56.15,90.8,54.9,5536014,310132777.8,14553.0,56.02,EQ
14-08-2015,55.85,57.25,53.8,56.55,56.15,90.8,53.8,9945772,551639522.9,29069.0,55.46,EQ
17-08-2015,56.05,58.1,54.1,57.4,57.25,90.8,53.8,5583126,317450493.3,20021.0,56.86,EQ
18-08-2015,57.5,58.2,55.65,57.15,57.05,90.8,53.8,5139154,294343854.7,13550.0,57.27,EQ
19-08-2015,56.0,58.35,56.0,57.55,57.2,90.8,53.8,3721517,214354745.4,9099.0,57.6,EQ
20-08-2015,57.15,57.2,55.9,56.25,55.95,90.8,53.8,3814969,215219625.75,7965.0,56.41,EQ
21-08-2015,55.25,56.6,54.75,55.65,55.75,90.8,53.8,2444949,136203019.35,7613.0,55.71,EQ
24-08-2015,54.45,54.65,49.1,50.35,50.6,90.8,49.1,7790649,399765667.55,18470.0,51.31,EQ
25-08-2015,50.65,51.8,47.1,50.95,51.55,90.8,47.1,4660436,230039309.05,15937.0,49.36,EQ
26-08-2015,50.5,50.75,48.75,49.05,49.0,90.8,47.1,6051705,300499543.2,25196.0,49.66,EQ
27-08-2015,50.4,50.9,49.55,50.65,50.35,90.8,47.1,4013954,202030557.6,15263.0,50.33,EQ
28-08-2015,51.6,53.0,51.05,52.05,53.0,90.8,47.1,3110731,161250994.75,10714.0,51.84,EQ
31-08-2015,51.75,52.6,49.3,49.75,49.4,90.8,47.1,3241090,164994566.6,11350.0,50.91,EQ
01-09-2015,49.4,49.95,46.6,46.95,47.0,90.8,46.6,3243560,155899515.3,15039.0,48.06,EQ
02-09-2015,48.0,48.4,46.25,46.55,46.4,90.8,46.25,3360979,158269907.65,13588.0,47.09,EQ
03-09-2015,47.3,49.65,47.0,48.8,48.85,90.8,46.25,3036698,147568378.85,12469.0,48.6,EQ
04-09-2015,49.45,49.45,46.75,47.2,47.15,90.8,46.25,2575595,122390265.9,9765.0,47.52,EQ
07-09-2015,47.35,48.5,46.9,47.65,47.4,90.8,46.25,1683311,80396019.15,7447.0,47.76,EQ
08-09-2015,47.8,52.5,47.3,51.6,51.0,90.8,46.25,5799069,295530024.0,19619.0,50.96,EQ
09-09-2015,52.3,55.15,51.3,54.1,53.95,90.8,46.25,6300425,336932676.75,25811.0,53.48,EQ
10-09-2015,53.05,53.35,51.65,52.15,52.2,90.8,46.25,5706843,298463183.05,15808.0,52.3,EQ
11-09-2015,52.9,53.4,50.6,51.05,50.85,90.8,46.25,4194356,217132063.45,15977.0,51.77,EQ
14-09-2015,51.25,52.95,51.05,52.05,52.0,90.8,46.25,3254795,169725516.45,13248.0,52.15,EQ
15-09-2015,52.8,53.25,50.05,50.25,50.3,90.8,46.25,4183510,214812938.05,15901.0,51.35,EQ
16-09-2015,51.25,52.1,50.3,51.95,51.75,90.8,46.25,3962835,204039639.45,12419.0,51.49,EQ
18-09-2015,52.25,52.8,51.1,51.95,52.1,90.8,46.25,3056522,158818451.2,10040.0,51.96,EQ
21-09-2015,52.05,52.5,51.1,51.7,51.6,90.8,46.25,1842228,95570223.1,6654.0,51.88,EQ
22-09-2015,51.95,52.4,50.5,50.7,50.7,90.8,46.25,2132996,109669202.35,8157.0,51.42,EQ
23-09-2015,50.2,51.3,49.25,50.8,50.9,90.8,46.25,2442750,123285095.75,8307.0,50.47,EQ
24-09-2015,50.7,53.8,50.1,53.0,53.3,90.8,46.25,6414990,335292912.6,16588.0,52.27,EQ
28-09-2015,53.0,53.0,51.3,51.65,51.35,90.8,46.25,1859175,96737898.2,5556.0,52.03,EQ
29-09-2015,51.0,51.3,49.55,50.35,50.25,90.8,46.25,2695218,135680773.65,10306.0,50.34,EQ
30-09-2015,51.2,51.8,50.9,51.35,51.45,90.8,46.25,2033987,104575186.6,9617.0,51.41,EQ
01-10-2015,52.0,52.0,50.5,50.65,50.65,90.8,46.25,2168987,110800070.8,8448.0,51.08,EQ
05-10-2015,51.15,52.3,50.75,51.95,51.85,90.8,46.25,2258192,116871243.1,7205.0,51.75,EQ
06-10-2015,52.4,53.3,51.85,52.9,53.15,90.8,46.25,2673444,140842073.4,11213.0,52.68,EQ
07-10-2015,53.0,55.4,52.3,55.05,54.75,90.8,46.25,5179433,280360632.45,19805.0,54.13,EQ
08-10-2015,55.35,56.0,54.3,54.75,54.75,90.8,46.25,3622394,199675606.25,14150.0,55.12,EQ
09-10-2015,55.05,56.3,55.05,55.9,55.9,90.8,46.25,2675519,149255862.05,9756.0,55.79,EQ
12-10-2015,56.45,58.15,55.35,56.25,56.05,90.8,46.25,4002252,226958984.95,15051.0,56.71,EQ
13-10-2015,56.6,56.7,55.5,56.15,56.2,90.8,46.25,2195241,123056225.1,7627.0,56.06,EQ
14-10-2015,56.0,58.1,55.75,57.15,57.3,90.8,46.25,2621681,150307409.4,9944.0,57.33,EQ
15-10-2015,57.5,57.95,56.75,57.15,57.25,90.8,46.25,1655878,94921563.8,6177.0,57.32,EQ
16-10-2015,57.4,57.8,54.35,55.75,55.85,90.8,46.25,3230226,180077393.05,11573.0,55.75,EQ
19-10-2015,55.9,56.3,55.0,55.55,55.5,90.8,46.25,1783516,99039980.85,6215.0,55.53,EQ
20-10-2015,55.6,56.5,55.1,55.35,55.3,90.8,46.25,1743662,97149110.55,6416.0,55.72,EQ
21-10-2015,55.2,56.5,55.0,55.55,55.3,90.8,46.25,2553470,142385731.55,8135.0,55.76,EQ
23-10-2015,56.0,56.7,55.3,55.55,55.4,90.8,46.25,2700540,151063645.15,13159.0,55.94,EQ
26-10-2015,55.85,56.9,55.5,56.4,56.2,90.8,46.25,4838906,272249776.7,12575.0,56.26,EQ
27-10-2015,56.0,56.55,54.6,54.85,54.9,90.8,46.25,3203887,176711670.0,9542.0,55.16,EQ
28-10-2015,54.9,55.2,53.9,54.25,54.05,90.8,46.25,3397016,185557504.25,10541.0,54.62,EQ
29-10-2015,54.2,54.3,52.65,52.85,52.9,90.8,46.25,5326190,284227292.15,9702.0,53.36,EQ
30-10-2015,53.5,54.2,52.6,53.35,53.35,90.8,46.25,3489665,186768679.05,10542.0,53.52,EQ
02-11-2015,53.2,53.5,51.15,51.55,51.65,90.8,46.25,2524043,130991902.15,9984.0,51.9,EQ
03-11-2015,52.0,52.5,50.6,51.05,50.75,90.8,46.25,3536828,182382183.55,10269.0,51.57,EQ
04-11-2015,51.25,51.6,50.2,50.4,50.55,90.8,46.25,2566388,130525654.25,24797.0,50.86,EQ
05-11-2015,50.6,50.65,48.85,49.05,49.0,90.8,46.25,3066463,151574559.0,11168.0,49.43,EQ
06-11-2015,48.9,49.3,46.6,47.05,47.0,90.8,46.25,10018303,478076179.7,25111.0,47.72,EQ
09-11-2015,46.3,46.9,45.1,46.3,46.25,90.8,45.1,5764853,265699545.55,16585.0,46.09,EQ
10-11-2015,46.0,46.4,45.1,45.3,45.3,90.8,45.1,5057223,230604718.5,13706.0,45.6,EQ
11-11-2015,46.0,46.15,45.5,45.7,45.75,90.8,45.1,457059,20902797.05,2296.0,45.73,EQ
13-11-2015,45.4,45.65,44.55,44.8,44.85,90.8,44.55,4224004,189927883.8,17506.0,44.96,EQ
16-11-2015,44.6,45.5,44.5,45.1,45.05,90.8,44.5,4857059,218822660.25,14262.0,45.05,EQ
17-11-2015,45.5,46.2,45.2,45.45,45.4,90.8,44.5,3182435,145137079.5,9812.0,45.61,EQ
18-11-2015,45.5,45.65,44.0,44.25,44.0,90.8,44.0,3152317,140921666.15,11954.0,44.7,EQ
19-11-2015,44.75,44.95,44.3,44.7,44.75,90.8,44.0,1825253,81473113.25,5927.0,44.64,EQ
20-11-2015,44.8,45.05,43.85,44.4,44.45,90.8,43.85,2509648,111709974.4,8370.0,44.51,EQ
23-11-2015,44.65,44.75,43.75,43.95,43.9,90.8,43.75,2120548,93615308.85,6999.0,44.15,EQ
24-11-2015,43.9,44.5,43.7,43.95,43.95,90.8,43.7,2091783,92167810.9,6602.0,44.06,EQ
26-11-2015,44.25,44.7,43.65,43.95,44.05,90.8,43.65,8303599,365554481.55,10799.0,44.02,EQ
27-11-2015,44.2,46.2,44.0,45.55,45.4,90.8,43.65,5763140,262014660.95,14422.0,45.46,EQ
30-11-2015,45.75,46.45,45.35,45.7,45.8,90.6,43.65,2320351,106529943.9,7222.0,45.91,EQ
01-12-2015,46.0,47.1,45.7,46.7,46.75,90.6,43.65,3417985,159353255.3,9601.0,46.62,EQ
02-12-2015,47.0,48.25,46.4,47.55,47.6,90.6,43.65,6633389,314692407.3,21369.0,47.44,EQ
03-12-2015,47.5,47.5,46.25,46.7,46.6,90.6,43.65,3540922,165964085.75,10129.0,46.87,EQ
04-12-2015,46.4,47.7,46.0,46.7,46.85,90.6,43.65,2698929,127054867.1,11187.0,47.08,EQ
07-12-2015,47.1,47.7,46.25,46.5,46.25,84.3,43.65,2700629,126303987.9,10620.0,46.77,EQ
08-12-2015,46.25,46.65,44.1,44.45,44.2,84.3,43.65,4598779,206890688.9,20888.0,44.99,EQ
09-12-2015,44.3,44.6,43.25,43.65,43.65,84.3,43.25,3675577,161503809.05,13081.0,43.94,EQ
10-12-2015,43.8,44.7,43.6,44.3,44.4,84.3,43.25,3444583,152030786.35,14484.0,44.14,EQ
11-12-2015,44.8,46.0,44.1,44.9,44.95,84.3,43.25,5555915,250295876.95,16377.0,45.05,EQ
14-12-2015,45.35,46.25,44.6,45.65,45.8,84.3,43.25,4652930,212061051.5,13900.0,45.58,EQ
15-12-2015,45.65,46.05,44.85,45.15,45.35,84.3,43.25,2628376,119146143.0,7277.0,45.33,EQ
16-12-2015,45.45,45.9,45.0,45.15,45.15,84.3,43.25,2383799,108262042.2,6488.0,45.42,EQ
17-12-2015,45.7,48.35,45.35,48.05,48.15,84.3,43.25,9534525,449724297.9,28636.0,47.17,EQ
18-12-2015,48.1,48.3,47.2,47.45,47.3,84.3,43.25,4637299,221238426.15,13362.0,47.71,EQ
21-12-2015,47.7,48.8,47.4,48.45,48.5,84.3,43.25,3244404,157107587.7,8947.0,48.42,EQ
22-12-2015,48.75,49.4,47.15,47.55,47.6,84.3,43.25,3292201,158974045.3,10196.0,48.29,EQ
23-12-2015,47.8,48.95,47.8,48.5,48.4,84.3,43.25,2724954,132015748.95,8035.0,48.45,EQ
24-12-2015,48.55,49.1,48.15,48.85,49.05,84.3,43.25,2626085,127666138.7,7179.0,48.61,EQ
28-12-2015,49.1,49.25,47.8,48.25,48.4,84.3,43.25,2004701,97085814.5,6240.0,48.43,EQ
29-12-2015,48.55,48.55,47.7,47.85,47.9,84.3,43.25,1776898,85236379.75,5427.0,47.97,EQ
30-12-2015,48.2,48.6,47.45,47.55,47.55,84.3,43.25,2565366,123124196.2,8017.0,47.99,EQ
31-12-2015,47.65,49.1,46.85,48.35,48.7,84.3,43.25,12646392,608234761.45,14109.0,48.1,EQ
01-01-2016,48.5,48.75,48.0,48.2,48.1,84.3,43.25,1652422,79750559.15,4770.0,48.26,EQ
04-01-2016,48.3,49.5,47.25,47.9,47.85,84.25,43.25,4288176,207772756.7,13465.0,48.45,EQ
05-01-2016,48.15,52.1,48.05,51.0,50.8,84.25,43.25,10837551,544805098.2,27835.0,50.27,EQ
06-01-2016,51.05,51.6,49.6,50.0,49.8,84.25,43.25,6055343,305903590.9,15254.0,50.52,EQ
07-01-2016,48.9,48.9,46.1,46.55,46.45,84.25,43.25,4736911,225554864.95,14170.0,47.62,EQ
08-01-2016,47.15,47.85,46.35,47.4,47.5,84.25,43.25,3208394,151739178.6,11326.0,47.29,EQ
11-01-2016,46.75,47.3,45.95,46.45,46.45,80.7,43.25,4320686,201544104.65,9465.0,46.65,EQ
12-01-2016,46.8,47.2,45.5,45.9,46.0,80.7,43.25,2772658,128292988.35,7706.0,46.27,EQ
13-01-2016,46.8,46.8,44.0,45.15,45.1,80.7,43.25,4152815,187670923.0,11044.0,45.19,EQ
14-01-2016,44.4,45.45,43.5,44.45,44.6,80.7,43.25,3352161,149156774.0,8890.0,44.5,EQ
15-01-2016,44.85,44.95,42.0,42.4,42.25,80.7,42.0,3712848,161026179.6,11977.0,43.37,EQ
18-01-2016,42.3,43.35,40.85,41.9,41.85,79.55,40.85,4875465,205834411.0,12014.0,42.22,EQ
19-01-2016,42.3,43.0,41.45,42.5,42.5,79.55,40.85,2417589,102397245.15,8048.0,42.36,EQ
20-01-2016,41.9,41.9,40.5,41.3,41.45,79.55,40.5,2952916,121557916.8,10421.0,41.17,EQ
21-01-2016,41.5,42.3,40.6,41.3,41.15,79.55,40.5,4340230,179472108.4,8953.0,41.35,EQ
22-01-2016,41.9,43.5,41.9,43.1,43.1,79.55,40.5,3124004,133817317.9,8265.0,42.84,EQ
25-01-2016,43.7,44.3,43.3,43.55,43.4,79.55,40.5,2307305,101111914.4,8167.0,43.82,EQ
27-01-2016,43.95,44.3,43.4,43.6,43.5,79.55,40.5,2296626,100592954.65,6806.0,43.8,EQ
28-01-2016,43.6,43.8,42.5,42.75,42.8,79.55,40.5,2944371,127245107.15,7879.0,43.22,EQ
29-01-2016,43.0,43.5,42.15,42.8,42.8,79.55,40.5,2361320,101095868.6,6955.0,42.81,EQ
01-02-2016,43.15,43.45,42.4,42.7,42.5,79.0,40.5,2570898,110480110.55,8324.0,42.97,EQ
02-02-2016,42.8,42.95,39.05,39.35,39.45,79.0,39.05,6346011,257021211.6,20395.0,40.5,EQ
03-02-2016,39.0,40.25,38.5,38.8,38.8,79.0,38.5,5035280,197870611.15,16206.0,39.3,EQ
04-02-2016,39.5,39.8,37.9,38.6,38.9,79.0,37.9,4382281,170118472.5,14320.0,38.82,EQ
05-02-2016,38.8,41.2,38.5,40.85,40.85,79.0,37.9,8245947,331243696.85,21265.0,40.17,EQ
08-02-2016,41.5,42.8,40.3,40.6,40.85,79.0,37.9,5702117,235607324.95,15367.0,41.32,EQ
09-02-2016,40.0,40.65,38.5,38.95,39.0,79.0,37.9,7153055,281099540.0,18314.0,39.3,EQ
10-02-2016,38.45,38.9,37.15,37.75,37.75,79.0,37.15,5841469,221199141.35,16687.0,37.87,EQ
11-02-2016,37.5,37.7,35.75,36.0,35.9,79.0,35.75,4354089,158777395.45,14814.0,36.47,EQ
12-02-2016,36.0,36.2,33.5,34.45,34.45,79.0,33.5,5066768,173923978.55,16965.0,34.33,EQ
15-02-2016,35.1,37.05,35.05,35.85,35.8,79.0,33.5,8065319,292064678.55,17616.0,36.21,EQ
16-02-2016,36.6,36.75,35.0,35.3,35.3,79.0,33.5,4401282,157883029.75,13225.0,35.87,EQ
17-02-2016,35.5,36.3,34.55,36.1,36.1,79.0,33.5,4244513,150651677.1,11250.0,35.49,EQ
18-02-2016,36.6,37.55,34.75,35.8,35.75,79.0,33.5,5388353,195985397.9,13308.0,36.37,EQ
19-02-2016,35.9,36.4,35.2,36.15,36.25,79.0,33.5,2181625,78637594.8,6206.0,36.05,EQ
22-02-2016,36.2,36.7,35.9,36.25,36.4,79.0,33.5,1647780,59746563.6,4521.0,36.26,EQ
23-02-2016,36.3,36.75,35.3,35.6,35.7,79.0,33.5,3564780,128202104.15,9151.0,35.96,EQ
24-02-2016,35.25,36.4,35.1,35.35,35.4,79.0,33.5,2277002,81214009.85,6162.0,35.67,EQ
25-02-2016,35.6,35.8,34.3,34.55,34.4,79.0,33.5,3100045,108227860.25,6659.0,34.91,EQ
26-02-2016,34.95,35.15,34.15,34.75,34.9,79.0,33.5,2486753,86351524.25,6906.0,34.72,EQ
29-02-2016,35.25,36.05,34.2,34.9,34.9,79.0,33.5,4530973,159945783.6,9965.0,35.3,EQ
01-03-2016,35.15,36.05,35.1,35.9,35.95,79.0,33.5,2872963,102528660.9,7038.0,35.69,EQ
02-03-2016,36.75,38.25,36.55,37.8,37.95,79.0,33.5,5893637,221129848.35,13014.0,37.52,EQ
03-03-2016,38.35,40.0,38.05,39.6,39.65,79.0,33.5,5444880,213634733.95,13962.0,39.24,EQ
04-03-2016,40.15,41.0,39.2,40.05,40.15,79.0,33.5,4631248,185893667.9,13092.0,40.14,EQ
08-03-2016,40.8,44.35,40.5,43.25,43.4,79.0,33.5,11711574,505529383.6,28615.0,43.16,EQ
09-03-2016,42.4,42.65,41.5,42.35,42.35,79.0,33.5,4215614,177263991.2,13674.0,42.05,EQ
10-03-2016,42.55,43.9,42.1,42.75,42.55,79.0,33.5,3786380,162922974.2,11134.0,43.03,EQ
11-03-2016,42.85,43.0,41.55,42.7,42.45,79.0,33.5,3658631,155372042.55,9795.0,42.47,EQ
14-03-2016,43.0,43.7,41.8,42.15,42.0,79.0,33.5,4283429,181992345.45,10137.0,42.49,EQ
15-03-2016,42.05,44.0,41.6,43.25,43.25,79.0,33.5,5959368,257544271.45,16046.0,43.22,EQ
16-03-2016,43.65,43.65,41.55,42.5,42.5,79.0,33.5,4064579,172617216.85,11111.0,42.47,EQ
17-03-2016,43.45,43.9,42.55,42.8,42.75,79.0,33.5,4488608,193416771.85,12172.0,43.09,EQ
18-03-2016,43.45,43.6,42.55,42.85,42.95,79.0,33.5,7685451,330158993.3,14862.0,42.96,EQ
21-03-2016,43.15,43.55,42.65,42.85,42.75,79.0,33.5,2608288,112337537.35,7127.0,43.07,EQ
22-03-2016,42.9,43.45,42.4,43.2,43.4,79.0,33.5,3374214,144831692.45,8999.0,42.92,EQ
23-03-2016,43.4,45.4,43.25,45.25,45.2,79.0,33.5,9691151,432979254.85,27176.0,44.68,EQ
28-03-2016,45.45,45.45,42.2,42.45,42.4,79.0,33.5,9933930,433397891.6,24627.0,43.63,EQ
29-03-2016,42.3,42.8,41.6,41.95,41.95,79.0,33.5,3803629,160762235.1,10694.0,42.27,EQ
30-03-2016,42.5,43.9,42.1,43.45,43.5,79.0,33.5,4025525,173748021.3,10233.0,43.16,EQ
31-03-2016,43.5,43.75,42.55,43.1,43.3,79.0,33.5,3957773,170580516.45,8554.0,43.1,EQ
01-04-2016,43.2,44.3,43.0,43.6,43.5,79.0,33.5,2983552,130227780.2,7955.0,43.65,EQ
04-04-2016,43.6,44.2,43.4,43.7,43.6,79.0,33.5,2785409,121963440.85,6962.0,43.79,EQ
05-04-2016,43.35,43.5,42.2,42.45,42.4,79.0,33.5,2538115,108493475.0,6667.0,42.75,EQ
06-04-2016,42.8,43.95,42.2,43.25,43.2,79.0,33.5,5196868,223613949.4,10594.0,43.03,EQ
07-04-2016,43.35,43.5,42.3,42.45,42.35,79.0,33.5,3141298,134346244.55,9182.0,42.77,EQ
08-04-2016,42.45,42.95,42.05,42.65,42.65,79.0,33.5,2515470,107201067.25,5612.0,42.62,EQ
11-04-2016,42.95,43.95,42.5,43.8,43.7,79.0,33.5,3218226,139508059.7,8290.0,43.35,EQ
12-04-2016,43.4,44.1,42.9,43.3,43.15,79.0,33.5,3928868,170742669.45,7408.0,43.46,EQ
13-04-2016,43.7,44.75,43.6,44.2,44.15,79.0,33.5,5441217,240992102.5,13335.0,44.29,EQ
18-04-2016,44.75,44.75,43.7,44.55,44.55,77.85,33.5,3076430,136406762.5,6538.0,44.34,EQ
20-04-2016,44.75,46.9,44.25,46.35,46.2,77.85,33.5,9834569,450590417.5,19699.0,45.82,EQ
21-04-2016,47.45,47.45,45.75,46.05,45.95,77.85,33.5,4590427,213328258.15,10828.0,46.47,EQ
22-04-2016,47.0,47.25,45.8,45.95,45.9,77.85,33.5,4549245,211919262.9,10811.0,46.58,EQ
25-04-2016,45.95,46.3,44.95,45.25,45.25,76.2,33.5,2916164,132158870.3,7025.0,45.32,EQ
26-04-2016,45.1,46.6,45.0,46.2,46.25,76.2,33.5,5795467,266111802.0,15110.0,45.92,EQ
27-04-2016,46.25,46.8,45.65,45.95,46.05,76.2,33.5,3324388,153528744.6,9127.0,46.18,EQ
28-04-2016,46.05,47.7,45.55,46.95,47.0,76.2,33.5,9768122,458042868.8,19437.0,46.89,EQ
29-04-2016,47.15,48.8,46.3,47.4,47.2,76.2,33.5,9837764,468495295.45,18887.0,47.62,EQ
02-05-2016,47.3,47.8,46.65,47.25,47.2,73.7,33.5,5237593,247788745.25,10973.0,47.31,EQ
03-05-2016,47.85,48.0,45.8,46.05,46.05,73.7,33.5,5067218,237400676.25,11198.0,46.85,EQ
04-05-2016,45.75,46.0,41.75,42.05,42.3,73.7,33.5,8178764,356759176.65,20240.0,43.62,EQ
05-05-2016,42.55,43.0,41.35,42.1,42.2,73.7,33.5,5645796,238685618.5,14626.0,42.28,EQ
06-05-2016,42.2,42.35,41.5,42.2,42.25,73.7,33.5,3476779,145977676.25,7420.0,41.99,EQ
09-05-2016,42.5,43.25,42.45,42.85,42.75,70.3,33.5,3074502,131737207.7,5972.0,42.85,EQ
10-05-2016,42.7,43.2,42.25,42.35,42.3,70.3,33.5,2893327,123398353.85,7848.0,42.65,EQ
11-05-2016,42.0,42.55,41.5,41.8,41.75,70.3,33.5,3212088,135193395.15,7730.0,42.09,EQ
12-05-2016,42.2,42.75,41.95,42.5,42.5,70.3,33.5,2327334,98410636.35,5046.0,42.28,EQ
13-05-2016,42.2,42.5,41.4,41.6,41.6,70.3,33.5,3252962,135842126.2,7462.0,41.76,EQ
16-05-2016,41.6,42.0,40.5,40.8,40.8,67.9,33.5,4152534,169734990.2,11009.0,40.88,EQ
17-05-2016,41.1,41.35,40.6,40.95,40.8,67.9,33.5,2618401,107341305.0,5881.0,40.99,EQ
18-05-2016,40.6,42.35,40.35,42.25,42.2,67.9,33.5,4967856,205225502.35,8702.0,41.31,EQ
19-05-2016,42.3,42.65,39.6,40.2,40.1,67.9,33.5,5739617,237153208.3,12553.0,41.32,EQ
20-05-2016,40.2,40.6,39.45,39.6,39.6,67.9,33.5,4584605,183004671.3,9335.0,39.92,EQ
23-05-2016,39.95,40.1,39.0,39.1,39.05,67.3,33.5,2527821,99795565.75,6145.0,39.48,EQ
24-05-2016,38.95,39.5,38.45,39.15,39.1,67.3,33.5,2600825,101489760.15,6367.0,39.02,EQ
25-05-2016,39.75,40.4,39.5,40.25,40.25,67.3,33.5,2510711,100692822.7,6065.0,40.11,EQ
26-05-2016,40.45,40.95,40.0,40.7,40.55,67.3,33.5,3025219,122674296.0,6362.0,40.55,EQ
27-05-2016,40.7,43.15,40.7,42.7,42.75,67.3,33.5,5825553,245233893.65,16748.0,42.1,EQ
30-05-2016,43.0,43.65,42.35,43.0,42.9,67.3,33.5,6496240,279431409.3,16120.0,43.01,EQ
31-05-2016,42.0,43.15,41.55,42.8,42.75,67.3,33.5,7434177,315154833.1,15757.0,42.39,EQ
01-06-2016,42.8,43.1,41.5,41.8,41.55,67.3,33.5,3804509,161218515.15,7580.0,42.38,EQ
02-06-2016,41.7,42.35,41.3,42.15,42.05,67.3,33.5,2496036,104900792.7,5761.0,42.03,EQ
03-06-2016,42.1,42.75,41.1,41.6,41.6,67.3,33.5,2960331,123944546.8,6654.0,41.87,EQ
06-06-2016,41.5,41.85,41.0,41.35,41.3,65.35,33.5,2506562,103682366.2,6451.0,41.36,EQ
07-06-2016,41.5,42.2,41.25,41.9,41.85,65.35,33.5,2254961,94146375.3,5538.0,41.75,EQ
08-06-2016,42.0,42.5,41.7,42.0,42.05,65.35,33.5,3415655,143759540.2,7161.0,42.09,EQ
09-06-2016,42.6,45.8,42.35,45.1,45.05,65.35,33.5,21478493,957407573.2,55228.0,44.58,EQ
10-06-2016,45.1,46.0,44.65,45.1,45.05,65.35,33.5,8822286,400279930.85,21520.0,45.37,EQ
13-06-2016,44.0,44.75,43.6,43.9,43.65,65.35,33.5,3940128,174185651.75,16191.0,44.21,EQ
14-06-2016,44.05,45.6,43.9,45.05,45.1,65.35,33.5,6977492,312296989.9,18070.0,44.76,EQ
15-06-2016,45.5,45.65,44.4,44.7,44.55,65.35,33.5,3755682,168363465.85,12913.0,44.83,EQ
16-06-2016,44.9,45.85,44.1,44.9,44.8,65.35,33.5,5589722,250722520.6,13089.0,44.85,EQ
17-06-2016,45.6,45.8,44.35,44.6,44.45,65.35,33.5,4691105,210885461.5,13903.0,44.95,EQ
20-06-2016,44.25,45.35,44.05,45.15,44.95,65.35,33.5,4287090,192479954.25,8238.0,44.9,EQ
21-06-2016,45.0,45.6,44.5,44.65,44.55,65.35,33.5,2723522,122366515.2,6236.0,44.93,EQ
22-06-2016,44.55,44.8,43.8,43.95,43.85,65.35,33.5,2944141,130024764.4,6252.0,44.16,EQ
23-06-2016,43.85,44.2,43.4,43.9,43.7,65.35,33.5,2006318,87854920.65,5204.0,43.79,EQ
24-06-2016,42.4,42.55,40.7,42.35,42.25,65.35,33.5,6464412,269866806.3,12226.0,41.75,EQ
27-06-2016,42.3,43.05,42.1,42.75,42.7,65.35,33.5,3676006,156956596.8,9601.0,42.7,EQ
28-06-2016,42.95,43.35,42.6,42.9,42.75,65.35,33.5,3379373,145343176.6,7059.0,43.01,EQ
29-06-2016,43.05,44.0,43.0,43.8,43.9,65.35,33.5,3359056,146542122.65,13794.0,43.63,EQ
30-06-2016,44.1,46.0,43.95,45.35,45.3,65.35,33.5,9142481,411573415.05,13688.0,45.02,EQ
01-07-2016,45.6,46.8,45.6,46.35,46.2,65.35,33.5,6748213,312799477.05,16349.0,46.35,EQ
04-07-2016,46.8,47.3,46.55,46.8,46.9,64.5,33.5,4234895,198817683.8,9474.0,46.95,EQ
05-07-2016,47.3,48.2,47.0,47.5,47.4,64.5,33.5,6201901,295263109.6,14645.0,47.61,EQ
07-07-2016,48.0,48.2,47.0,47.1,47.15,64.5,33.5,4898296,233226686.5,10115.0,47.61,EQ
08-07-2016,46.9,47.1,46.2,46.65,46.65,64.5,33.5,2461739,114498349.3,5087.0,46.51,EQ
11-07-2016,47.3,47.5,47.05,47.4,47.25,62.1,33.5,2773749,131168644.0,5240.0,47.29,EQ
12-07-2016,47.5,49.8,47.4,49.5,49.7,62.1,33.5,7898035,383946306.7,19415.0,48.61,EQ
13-07-2016,50.0,51.15,49.15,49.85,49.65,62.1,33.5,13694616,688268949.1,30587.0,50.26,EQ
14-07-2016,49.9,50.35,49.5,49.8,49.95,62.1,33.5,4226916,211090316.15,8716.0,49.94,EQ
15-07-2016,50.2,50.8,49.75,50.0,49.85,62.1,33.5,6675757,335343930.1,14482.0,50.23,EQ
18-07-2016,50.2,50.45,47.75,48.3,48.0,62.1,33.5,4284524,211998380.65,11095.0,49.48,EQ
19-07-2016,48.7,48.95,47.75,48.45,48.4,62.1,33.5,5187400,251576309.75,9691.0,48.5,EQ
20-07-2016,48.6,48.85,47.5,47.85,47.85,62.1,33.5,5277547,253440725.0,12105.0,48.02,EQ
21-07-2016,47.85,48.55,46.55,46.65,46.75,62.1,33.5,3547423,167880347.4,8139.0,47.32,EQ
22-07-2016,47.0,48.45,46.15,47.95,48.05,62.1,33.5,7281827,345897768.65,16709.0,47.5,EQ
25-07-2016,48.1,48.7,47.7,48.3,48.2,62.1,33.5,4827315,232592321.1,8780.0,48.18,EQ
26-07-2016,48.6,49.9,48.2,48.55,48.7,62.1,33.5,7982401,392361439.8,21379.0,49.15,EQ
27-07-2016,48.8,49.2,47.8,48.75,48.8,62.1,33.5,9315943,452760157.8,13436.0,48.6,EQ
28-07-2016,49.0,49.2,47.15,47.35,47.5,62.1,33.5,10033797,479659715.0,15179.0,47.8,EQ
29-07-2016,47.5,48.1,46.6,46.95,47.15,62.1,33.5,5642337,268230237.5,11170.0,47.54,EQ
01-08-2016,47.5,47.95,46.15,47.35,47.4,62.1,33.5,8910330,422033145.15,13379.0,47.36,EQ
02-08-2016,47.4,47.6,45.8,46.05,46.0,62.1,33.5,5387384,252600137.8,10195.0,46.89,EQ
03-08-2016,46.6,46.7,45.65,45.9,45.85,62.1,33.5,5710555,264048981.7,12595.0,46.24,EQ
04-08-2016,46.4,47.25,45.8,46.75,47.15,62.1,33.5,5386938,249806738.5,12833.0,46.37,EQ
05-08-2016,47.8,48.8,47.5,48.1,47.95,62.1,33.5,13258689,637751356.85,22030.0,48.1,EQ
08-08-2016,48.55,48.85,47.6,47.9,47.7,61.15,33.5,5442880,262802588.25,9504.0,48.28,EQ
09-08-2016,48.2,48.2,46.85,47.05,47.05,61.15,33.5,4599264,217728433.4,8550.0,47.34,EQ
10-08-2016,47.2,47.4,45.8,45.9,45.8,61.15,33.5,5331221,246740714.15,9532.0,46.28,EQ
11-08-2016,45.5,46.2,45.0,45.55,45.65,61.15,33.5,3827030,174347385.8,8239.0,45.56,EQ
12-08-2016,46.05,46.45,45.5,45.85,45.8,61.15,33.5,4113003,189214251.6,9814.0,46.0,EQ
16-08-2016,46.0,46.35,45.55,46.15,46.15,58.35,33.5,3564485,163925723.4,6556.0,45.99,EQ
17-08-2016,46.05,48.65,45.9,48.15,48.1,58.35,33.5,17430827,837088855.5,28480.0,48.02,EQ
18-08-2016,48.65,48.9,47.8,48.0,48.05,58.35,33.5,9392497,453871103.45,13928.0,48.32,EQ
19-08-2016,48.25,50.0,47.95,49.55,49.45,58.35,33.5,30285716,1492732821.6,33420.0,49.29,EQ
22-08-2016,49.8,51.0,48.15,50.2,50.15,58.15,33.5,18837563,939447107.85,29235.0,49.87,EQ
23-08-2016,50.3,50.7,48.9,49.9,49.8,58.15,33.5,12322070,615793322.2,19369.0,49.97,EQ
24-08-2016,50.05,50.4,49.4,49.75,49.65,58.15,33.5,4312215,214809531.5,8145.0,49.81,EQ
25-08-2016,49.7,49.9,48.5,48.7,48.6,58.15,33.5,11314209,554073546.15,14050.0,48.97,EQ
26-08-2016,48.8,49.0,47.8,48.05,47.9,58.15,33.5,3819994,184360951.25,7746.0,48.26,EQ
29-08-2016,48.1,48.5,47.4,48.25,48.5,58.15,33.5,3677947,176470072.75,8361.0,47.98,EQ
30-08-2016,48.7,49.1,48.35,48.8,48.75,58.15,33.5,5344651,260810044.35,8411.0,48.8,EQ
31-08-2016,49.45,49.45,48.0,48.2,48.2,58.15,33.5,5214324,253803041.25,10250.0,48.67,EQ
01-09-2016,48.25,48.6,47.7,48.0,48.0,58.15,33.5,4101319,197677169.4,7452.0,48.2,EQ
02-09-2016,47.75,48.2,47.5,48.05,48.1,58.15,33.5,3346376,160282877.15,6527.0,47.9,EQ
06-09-2016,48.2,48.8,48.15,48.65,48.5,58.15,33.5,4230003,205329617.35,8269.0,48.54,EQ
07-09-2016,48.6,52.55,48.5,51.75,52.5,58.15,33.5,25783698,1309552420.65,38875.0,50.79,EQ
08-09-2016,52.5,54.7,52.5,53.75,53.65,58.15,33.5,34723722,1866838852.75,56955.0,53.76,EQ
09-09-2016,50.2,52.25,50.2,50.65,50.55,58.15,33.5,28866955,1468066992.15,53004.0,50.86,EQ
12-09-2016,50.0,50.1,47.55,47.8,47.85,58.15,33.5,8031455,389847109.05,20859.0,48.54,EQ
14-09-2016,48.3,48.4,47.3,47.95,47.9,58.15,33.5,7113469,340730181.5,14023.0,47.9,EQ
15-09-2016,48.35,48.4,47.55,47.8,47.6,58.15,33.5,3859038,184682980.05,7197.0,47.86,EQ
16-09-2016,48.2,48.35,46.35,46.55,46.9,58.15,33.5,14827506,696429246.2,18472.0,46.97,EQ
19-09-2016,46.9,47.5,46.6,47.2,47.15,58.15,33.5,4039641,190673980.9,8411.0,47.2,EQ
20-09-2016,47.2,48.55,46.95,47.7,47.55,58.15,33.5,6870795,328834961.05,12580.0,47.86,EQ
21-09-2016,47.6,48.45,47.55,47.85,47.7,58.15,33.5,4756315,228310565.65,9762.0,48.0,EQ
22-09-2016,48.4,49.15,48.25,48.95,48.8,58.15,33.5,6905499,336500570.65,17177.0,48.73,EQ
23-09-2016,48.8,49.4,48.5,48.75,48.75,58.15,33.5,6402812,313622824.2,10913.0,48.98,EQ
26-09-2016,48.6,49.1,47.75,47.9,47.8,58.15,33.5,4195966,203120297.55,9389.0,48.41,EQ
27-09-2016,48.1,48.4,47.1,47.2,47.25,58.15,33.5,3262374,155529962.0,12237.0,47.67,EQ
28-09-2016,47.2,49.0,47.1,48.75,48.6,58.15,33.5,5185328,250265513.8,11119.0,48.26,EQ
29-09-2016,49.0,49.1,44.15,45.2,45.3,58.15,33.5,11385985,526695203.15,16284.0,46.26,EQ
30-09-2016,45.2,46.65,45.1,46.3,46.4,58.15,33.5,7635654,351263912.15,20196.0,46.0,EQ
03-10-2016,46.9,48.4,46.55,48.05,48.0,58.15,33.5,8055614,383861277.5,19667.0,47.65,EQ
04-10-2016,48.4,49.15,48.1,48.8,48.8,58.15,33.5,7776466,378243819.5,12768.0,48.64,EQ
05-10-2016,49.5,49.75,48.4,48.65,48.7,58.15,33.5,5035449,246314194.3,9018.0,48.92,EQ
06-10-2016,48.9,49.05,47.6,47.95,48.05,58.15,33.5,4043421,196020396.2,7667.0,48.48,EQ
07-10-2016,48.1,50.2,47.9,49.95,49.95,58.15,33.5,10928654,537951898.85,19562.0,49.22,EQ
10-10-2016,50.5,51.2,50.15,50.45,50.55,58.15,33.5,9595964,487164581.6,19279.0,50.77,EQ
13-10-2016,50.15,50.15,47.55,48.35,48.4,58.15,33.5,8627247,420748456.8,18042.0,48.77,EQ
14-10-2016,48.4,48.5,47.6,47.75,47.85,58.15,33.5,4994061,239266374.1,10796.0,47.91,EQ
17-10-2016,47.85,48.45,47.0,47.25,47.25,56.9,33.5,4268947,203710576.55,8144.0,47.72,EQ
18-10-2016,47.4,48.9,47.4,48.5,48.35,56.9,33.5,5506103,265474009.3,10210.0,48.21,EQ
19-10-2016,48.65,48.9,48.2,48.4,48.3,56.9,33.5,4028746,195337064.15,9460.0,48.49,EQ
20-10-2016,48.65,49.75,48.5,49.5,49.5,56.9,33.5,7000221,344501851.05,17931.0,49.21,EQ
21-10-2016,49.45,50.5,48.75,50.3,50.25,56.9,33.5,6424830,319749979.2,18214.0,49.77,EQ
24-10-2016,50.5,50.6,49.5,49.65,49.6,56.9,33.5,3147641,156925249.7,8420.0,49.85,EQ
25-10-2016,49.1,51.4,48.9,50.6,50.55,56.9,33.5,9615932,485554887.55,21903.0,50.49,EQ
26-10-2016,50.65,51.95,50.05,50.75,50.65,56.9,33.5,13040727,668801773.15,35008.0,51.29,EQ
27-10-2016,50.6,50.85,49.55,49.75,49.7,56.9,33.5,6376472,318949520.45,12201.0,50.02,EQ
28-10-2016,49.7,52.3,49.65,52.05,52.1,56.9,33.5,7598186,388771787.3,15694.0,51.17,EQ
30-10-2016,52.25,52.4,51.6,51.8,51.95,56.9,33.5,1435379,74558455.75,4063.0,51.94,EQ
01-11-2016,52.2,53.25,51.25,52.3,52.4,54.7,33.5,12872674,675494487.9,22092.0,52.48,EQ
02-11-2016,51.1,52.15,50.6,51.3,51.35,54.7,33.5,10613748,545429042.3,32336.0,51.39,EQ
03-11-2016,51.15,53.2,50.9,51.15,51.25,54.7,33.5,14430807,751628574.8,26267.0,52.08,EQ
04-11-2016,51.55,52.0,49.5,49.95,49.9,54.7,33.5,9553759,481232409.05,16635.0,50.37,EQ
07-11-2016,50.95,51.45,50.65,51.0,51.0,54.7,33.5,4737765,241795712.95,11374.0,51.04,EQ
08-11-2016,51.3,51.55,50.7,51.15,51.25,54.7,33.5,4336946,221673065.85,9363.0,51.11,EQ
09-11-2016,46.05,50.35,44.1,49.75,50.2,54.7,33.5,18426762,874436884.55,39011.0,47.45,EQ
10-11-2016,50.95,53.7,50.9,52.7,52.45,54.7,33.5,10952328,574223252.35,21706.0,52.43,EQ
11-11-2016,51.8,52.7,50.7,51.4,51.7,54.7,33.5,10302551,533481609.05,17110.0,51.78,EQ
15-11-2016,50.3,51.4,49.15,50.0,50.1,54.7,33.5,10504245,525429333.9,18615.0,50.02,EQ
16-11-2016,50.6,50.9,49.6,50.25,50.25,54.7,33.5,7441538,373993139.3,14425.0,50.26,EQ
17-11-2016,50.0,50.95,49.75,49.9,49.95,54.7,33.5,4579608,230298357.4,9202.0,50.29,EQ
18-11-2016,50.0,50.3,48.85,49.25,49.3,54.7,33.5,4591348,226219907.8,8236.0,49.27,EQ
21-11-2016,49.35,49.35,47.25,47.6,48.2,54.7,33.5,8066401,387121617.1,13598.0,47.99,EQ
22-11-2016,47.85,48.25,47.1,47.95,48.2,54.7,33.5,4503430,214397048.4,10176.0,47.61,EQ
23-11-2016,48.45,49.3,47.75,48.85,49.25,54.7,33.5,5821786,282989536.2,13117.0,48.61,EQ
24-11-2016,48.15,49.1,47.9,48.7,48.45,54.7,33.5,5901365,286051101.8,12208.0,48.47,EQ
25-11-2016,48.8,50.4,48.3,50.1,50.2,54.7,33.5,4595966,227572473.45,12620.0,49.52,EQ
28-11-2016,50.05,52.0,50.0,51.45,51.0,54.7,33.5,5875318,300519024.95,13677.0,51.15,EQ
29-11-2016,51.3,51.7,50.7,50.85,50.9,54.7,33.5,3767763,192471639.2,9791.0,51.08,EQ
30-11-2016,51.5,51.9,50.7,51.2,51.0,54.7,33.5,6068873,311505587.1,14626.0,51.33,EQ
01-12-2016,51.2,51.4,50.4,50.6,50.7,54.7,33.5,3099145,157484510.75,7397.0,50.82,EQ
02-12-2016,50.1,50.9,49.4,49.55,49.45,54.7,33.5,2927308,146820085.9,8265.0,50.16,EQ
05-12-2016,49.7,51.35,49.6,51.0,51.15,54.7,33.5,3383056,170354579.25,9935.0,50.36,EQ
06-12-2016,51.3,51.7,51.05,51.2,51.3,54.7,33.5,3239754,166319619.75,6737.0,51.34,EQ
07-12-2016,51.3,52.75,51.1,52.0,52.4,54.7,33.5,6346265,329831336.75,14020.0,51.97,EQ
08-12-2016,53.1,54.3,52.65,53.55,53.35,54.7,33.5,13381525,718290946.6,31268.0,53.68,EQ
09-12-2016,53.05,55.7,52.5,55.25,55.2,55.7,33.5,16337968,889173261.35,38331.0,54.42,EQ
12-12-2016,55.0,56.1,54.35,54.95,54.85,56.1,33.5,11277764,623502836.35,29571.0,55.29,EQ
13-12-2016,54.8,55.25,53.7,54.05,54.15,56.1,33.5,5173955,280365757.65,13752.0,54.19,EQ
14-12-2016,54.0,54.4,52.2,52.45,52.55,56.1,33.5,6127007,326286149.6,12646.0,53.25,EQ
15-12-2016,51.25,53.7,51.25,53.0,53.0,56.1,33.5,5184297,274822005.8,12766.0,53.01,EQ
16-12-2016,53.6,53.65,52.1,52.25,52.15,56.1,33.5,4181183,219899291.2,9588.0,52.59,EQ
19-12-2016,52.0,52.75,51.9,52.25,52.25,56.1,33.5,2788986,146153305.7,8252.0,52.4,EQ
20-12-2016,52.45,52.6,50.65,51.1,51.15,56.1,33.5,3928500,201804083.45,9147.0,51.37,EQ
21-12-2016,51.45,52.0,51.0,51.25,51.15,56.1,33.5,2652851,136405501.75,6413.0,51.42,EQ
22-12-2016,50.75,51.3,49.3,49.75,49.85,56.1,33.5,3844415,192150987.2,9415.0,49.98,EQ
23-12-2016,49.75,50.2,49.05,49.35,49.3,56.1,33.5,3664692,181467037.6,8335.0,49.52,EQ
26-12-2016,49.2,49.4,47.75,47.85,47.9,56.1,33.5,3051590,147473802.6,7355.0,48.33,EQ
27-12-2016,48.0,48.6,47.1,48.5,48.55,56.1,33.5,3235398,155537895.6,8869.0,48.07,EQ
28-12-2016,48.2,49.05,48.1,48.25,48.35,56.1,33.5,2745330,133496458.7,6655.0,48.63,EQ
29-12-2016,48.3,50.05,48.1,49.4,49.8,56.1,33.5,4903593,239643900.0,11649.0,48.87,EQ
30-12-2016,49.5,50.1,49.05,49.3,49.05,56.1,33.5,3554588,176087341.6,16114.0,49.54,EQ
02-01-2017,49.5,50.8,48.85,50.5,50.75,56.1,33.5,4182027,209539850.5,11468.0,50.1,EQ
03-01-2017,51.0,52.0,50.55,51.65,51.65,56.1,33.5,5086489,260920839.0,12315.0,51.3,EQ
04-01-2017,51.85,51.85,50.4,50.55,50.55,56.1,33.5,4867877,247787821.85,13027.0,50.9,EQ
05-01-2017,51.3,52.2,51.1,51.95,52.0,56.1,33.5,5663048,292914881.55,12006.0,51.72,EQ
06-01-2017,52.1,52.6,51.8,52.0,52.1,56.1,33.5,4097516,213839538.5,11417.0,52.19,EQ
09-01-2017,52.25,52.9,52.0,52.35,52.25,56.1,33.5,2638243,138498314.0,6489.0,52.5,EQ
10-01-2017,52.4,53.15,52.4,52.85,52.75,56.1,33.5,2774198,146420342.8,7176.0,52.78,EQ
11-01-2017,53.15,56.55,53.15,55.95,55.95,56.55,33.5,16932115,938412310.9,39041.0,55.42,EQ
12-01-2017,56.3,58.2,54.8,57.25,57.3,58.2,33.5,11639527,660973237.3,29536.0,56.79,EQ
13-01-2017,57.5,58.3,56.55,57.6,57.55,58.3,33.5,7976349,457876739.6,24516.0,57.4,EQ
16-01-2017,57.55,59.75,57.0,59.0,58.9,59.75,33.5,9617801,566630243.45,25428.0,58.91,EQ
17-01-2017,59.75,60.25,58.45,59.35,59.9,60.25,33.5,9488915,563396155.1,20827.0,59.37,EQ
18-01-2017,59.6,60.55,59.25,59.6,59.45,60.55,33.5,6409647,384164763.9,15892.0,59.94,EQ
19-01-2017,59.55,59.9,59.2,59.5,59.45,60.55,33.5,4074039,242493281.45,11633.0,59.52,EQ
20-01-2017,59.55,59.7,57.5,58.15,58.3,60.55,33.5,4503618,263651582.65,11580.0,58.54,EQ
23-01-2017,58.2,61.8,58.05,61.35,61.6,61.8,33.5,8109530,489149818.0,19923.0,60.32,EQ
24-01-2017,61.9,62.2,61.05,61.85,61.8,62.2,33.5,6758686,417070077.35,18420.0,61.71,EQ
25-01-2017,62.0,62.9,61.65,62.05,61.9,62.9,33.5,7748356,482613889.65,17168.0,62.29,EQ
27-01-2017,62.55,65.3,61.4,63.7,63.65,65.3,33.5,10447495,661167255.8,25950.0,63.28,EQ
30-01-2017,63.0,65.15,62.7,64.1,64.05,65.3,33.5,6488512,415568355.2,16704.0,64.05,EQ
31-01-2017,64.1,65.2,63.4,63.55,63.5,65.3,33.5,5667605,363743179.6,16758.0,64.18,EQ
01-02-2017,63.6,66.3,63.5,65.7,65.3,66.3,33.5,5943036,386113357.8,16184.0,64.97,EQ
02-02-2017,66.0,67.15,65.0,66.1,65.95,67.15,33.5,8536836,565806777.95,22689.0,66.28,EQ
03-02-2017,66.2,66.75,64.9,65.7,65.7,67.15,33.5,6179815,406887357.7,17334.0,65.84,EQ
06-02-2017,66.05,66.75,65.55,65.75,65.8,67.15,33.5,4039553,267032826.15,12488.0,66.1,EQ
07-02-2017,66.0,67.4,65.45,66.45,66.4,67.4,33.5,5369534,356693288.6,18377.0,66.43,EQ
08-02-2017,66.95,68.15,66.25,66.8,66.5,68.15,33.5,6762556,453664591.7,24767.0,67.08,EQ
09-02-2017,66.7,67.6,65.25,65.9,65.7,68.15,33.5,7210142,477283981.35,27050.0,66.2,EQ
10-02-2017,66.1,66.25,61.4,61.9,61.7,68.15,33.5,12944409,815906352.5,49130.0,63.03,EQ
13-02-2017,62.0,63.05,60.8,61.65,61.75,68.15,34.15,9344061,577965029.55,40095.0,61.85,EQ
14-02-2017,62.25,62.25,60.15,60.75,60.55,68.15,34.15,6643359,405638898.65,33195.0,61.06,EQ
15-02-2017,60.8,61.45,58.1,59.0,58.85,68.15,34.15,7358587,438579695.5,21719.0,59.6,EQ
16-02-2017,59.15,60.75,58.15,60.4,60.4,68.15,34.15,12774408,762328827.9,28109.0,59.68,EQ
17-02-2017,60.7,61.6,59.6,59.85,59.85,68.15,34.15,6301218,378807234.8,16072.0,60.12,EQ
20-02-2017,60.15,62.2,59.7,61.65,61.6,68.15,34.15,7778276,477473923.6,23134.0,61.39,EQ
21-02-2017,62.1,62.75,61.7,62.25,62.2,68.15,34.15,5282801,328920317.95,17358.0,62.26,EQ
22-02-2017,62.45,62.55,60.3,60.5,60.4,68.15,34.15,5899247,360091623.35,18533.0,61.04,EQ
23-02-2017,60.15,60.55,59.55,60.1,60.45,68.15,34.15,11849267,711338446.5,30820.0,60.03,EQ
27-02-2017,60.75,61.3,60.1,60.35,60.45,68.15,34.2,4430390,268597736.85,18021.0,60.63,EQ
28-02-2017,60.45,61.8,60.3,61.2,61.2,68.15,34.2,5572783,340515285.1,13730.0,61.1,EQ
01-03-2017,61.65,63.55,61.25,63.35,63.5,68.15,34.2,8575981,536294531.2,21159.0,62.53,EQ
02-03-2017,64.2,64.65,61.4,61.9,62.0,68.15,34.2,9286145,588700388.6,23713.0,63.4,EQ
03-03-2017,61.45,62.4,61.1,62.15,62.2,68.15,34.2,4983590,307877154.45,13016.0,61.78,EQ
06-03-2017,62.2,62.75,61.7,62.35,62.0,68.15,38.45,4161256,259138728.7,13329.0,62.27,EQ
07-03-2017,62.2,62.2,60.2,60.4,60.5,68.15,38.45,3983018,242906496.5,11475.0,60.99,EQ
08-03-2017,60.55,60.95,59.0,59.75,59.7,68.15,38.45,5860622,350653530.25,19588.0,59.83,EQ
09-03-2017,59.3,60.05,58.9,59.25,59.0,68.15,38.45,3887612,231465851.4,12680.0,59.54,EQ
10-03-2017,59.8,60.2,58.75,59.3,59.0,68.15,38.45,4074793,242305112.95,11763.0,59.46,EQ
14-03-2017,60.4,60.85,59.8,60.05,59.9,68.15,38.45,4417823,266388625.8,11090.0,60.3,EQ
15-03-2017,60.25,60.7,59.8,60.05,59.9,68.15,38.45,5416419,325893245.85,14333.0,60.17,EQ
16-03-2017,60.5,64.15,60.5,63.65,63.7,68.15,38.45,15944230,1001195003.9,38663.0,62.79,EQ
17-03-2017,63.95,64.6,62.55,63.4,63.5,68.15,38.45,7331709,465428372.35,19278.0,63.48,EQ
20-03-2017,63.5,64.15,62.6,63.8,63.75,68.15,38.45,3662864,232061145.1,12963.0,63.36,EQ
21-03-2017,63.75,63.75,62.75,63.2,63.2,68.15,38.45,3515817,221914401.6,10782.0,63.12,EQ
22-03-2017,62.5,62.5,61.35,61.55,61.45,68.15,38.45,3668111,227192591.35,8688.0,61.94,EQ
23-03-2017,61.6,62.25,61.6,61.9,61.85,68.15,38.45,2788339,172766540.5,6205.0,61.96,EQ
24-03-2017,62.0,63.5,61.9,62.5,62.4,68.15,38.45,4884114,306836415.3,11108.0,62.82,EQ
27-03-2017,62.25,62.25,60.1,60.25,60.2,68.15,38.45,4372107,265753907.55,15248.0,60.78,EQ
28-03-2017,60.4,60.95,60.05,60.25,60.3,68.15,38.45,2844256,172123344.9,7997.0,60.52,EQ
29-03-2017,60.9,61.8,60.5,61.45,61.4,68.15,38.45,4305900,263139990.85,11381.0,61.11,EQ
30-03-2017,61.95,62.45,60.9,61.05,60.95,68.15,38.45,4015416,247532577.35,15921.0,61.65,EQ
31-03-2017,61.2,61.9,61.15,61.3,61.2,68.15,38.45,2650706,163020982.0,6687.0,61.5,EQ
03-04-2017,61.6,63.65,61.4,63.1,63.3,68.15,38.45,5860073,367666378.9,14517.0,62.74,EQ
05-04-2017,63.7,66.1,63.5,65.4,65.4,68.15,38.45,12542629,816789440.1,33484.0,65.12,EQ
06-04-2017,65.3,67.8,64.25,67.45,67.6,68.15,38.45,10735079,710244213.05,23682.0,66.16,EQ
07-04-2017,67.15,68.6,65.95,66.3,66.3,68.6,38.45,10656412,720539494.3,25346.0,67.62,EQ
10-04-2017,66.8,67.4,66.2,66.75,66.7,68.6,38.45,5236690,349905528.7,13973.0,66.82,EQ
11-04-2017,67.05,67.2,64.8,65.65,65.6,68.6,38.45,6982776,458011345.95,19376.0,65.59,EQ
12-04-2017,65.7,66.6,63.55,63.85,63.95,68.6,38.45,5586703,361575713.8,14694.0,64.72,EQ
13-04-2017,63.7,63.9,62.0,62.2,62.1,68.6,38.45,5805349,364800733.55,13188.0,62.84,EQ
17-04-2017,62.1,62.8,61.0,61.25,61.05,68.6,38.45,8398998,519134710.95,37346.0,61.81,EQ
18-04-2017,61.3,62.7,60.1,60.3,60.35,68.6,38.45,6915722,425353810.75,21425.0,61.51,EQ
19-04-2017,60.25,60.85,59.4,60.65,60.7,68.6,38.45,5676056,341564248.35,17609.0,60.18,EQ
20-04-2017,60.95,61.6,60.45,60.8,61.05,68.6,38.45,4983581,303616575.8,10401.0,60.92,EQ
21-04-2017,61.1,61.4,59.9,60.3,60.2,68.6,38.45,7914991,479559839.8,16743.0,60.59,EQ
24-04-2017,60.6,60.85,60.05,60.2,60.2,68.6,38.45,5682648,343377705.5,13647.0,60.43,EQ
25-04-2017,60.75,60.95,60.25,60.5,60.5,68.6,38.45,4214847,255266996.3,10535.0,60.56,EQ
26-04-2017,60.9,61.6,59.95,60.25,60.05,68.6,38.45,7083751,431138697.4,25177.0,60.86,EQ
27-04-2017,60.55,60.55,59.55,59.85,60.0,68.6,38.45,4792777,287210528.7,9242.0,59.93,EQ
28-04-2017,60.3,61.55,60.0,60.35,60.4,68.6,38.45,7790087,473045709.85,19563.0,60.72,EQ
02-05-2017,60.75,61.0,58.55,59.2,59.2,68.6,38.45,6313252,376060838.75,21623.0,59.57,EQ
03-05-2017,59.2,61.75,58.5,61.35,61.6,68.6,38.45,12349986,742355035.0,27533.0,60.11,EQ
04-05-2017,63.0,63.05,61.1,61.5,61.5,68.6,38.45,20777112,1286130075.15,44644.0,61.9,EQ
05-05-2017,61.8,62.0,59.3,59.9,59.8,68.6,38.45,10157139,613949992.95,24670.0,60.45,EQ
08-05-2017,59.9,60.95,59.35,60.45,60.5,68.6,38.45,4125126,248007300.35,9611.0,60.12,EQ
09-05-2017,60.65,61.35,60.45,60.65,60.65,68.6,38.45,4214043,256580481.3,11373.0,60.89,EQ
10-05-2017,60.85,61.35,60.7,61.1,61.15,68.6,38.45,4503794,274790406.5,9620.0,61.01,EQ
11-05-2017,61.5,61.85,60.8,61.0,60.95,68.6,38.45,5857547,359464890.65,12531.0,61.37,EQ
12-05-2017,60.95,61.45,59.8,60.4,60.25,68.6,38.45,7838609,475775892.7,18330.0,60.7,EQ
15-05-2017,60.6,61.95,60.55,61.85,61.75,68.6,38.45,7911673,485593505.75,18330.0,61.38,EQ
16-05-2017,62.95,62.95,61.25,61.5,61.35,68.6,38.45,7284542,451242236.65,18464.0,61.95,EQ
17-05-2017,61.5,63.25,61.5,62.5,62.35,68.6,38.45,11284519,707038958.1,28713.0,62.66,EQ
18-05-2017,62.3,62.5,60.0,60.4,60.0,68.6,38.45,6132613,376885979.8,14750.0,61.46,EQ
19-05-2017,60.9,61.55,59.75,60.45,60.45,68.6,38.45,5413813,328519528.7,13536.0,60.68,EQ
22-05-2017,60.95,61.2,60.05,60.15,60.1,68.6,38.45,4841919,293201951.5,13656.0,60.55,EQ
23-05-2017,60.25,60.8,57.75,59.4,59.15,68.6,38.45,7583048,451080952.3,21717.0,59.49,EQ
24-05-2017,59.8,60.15,56.65,56.9,56.85,68.6,38.45,6865859,399682624.55,17986.0,58.21,EQ
25-05-2017,57.35,57.75,56.25,56.9,56.9,68.6,38.45,8187603,466201812.5,19001.0,56.94,EQ
26-05-2017,57.05,59.75,57.05,59.2,59.15,68.6,38.45,9788368,574996260.4,19386.0,58.74,EQ
29-05-2017,59.25,60.65,58.05,58.45,58.15,68.6,40.7,7518528,446834017.85,14034.0,59.43,EQ
30-05-2017,58.5,58.8,57.2,58.35,58.3,68.6,40.7,6333413,367515304.1,12381.0,58.03,EQ
31-05-2017,57.9,59.0,57.05,57.15,57.2,68.6,40.7,8243661,475343164.5,18697.0,57.66,EQ
01-06-2017,57.15,57.55,56.3,56.75,56.75,68.6,40.7,7312119,414155633.35,11223.0,56.64,EQ
02-06-2017,57.15,58.1,56.5,57.3,57.3,68.6,40.7,5264946,302099048.35,13873.0,57.38,EQ
05-06-2017,57.8,57.95,56.9,57.05,57.0,68.6,40.7,3222701,184916397.85,7927.0,57.38,EQ
06-06-2017,57.15,57.35,56.55,56.85,56.75,68.6,40.7,2716377,154726304.7,7376.0,56.96,EQ
07-06-2017,56.85,57.3,56.6,57.0,57.1,68.6,40.7,2962810,168838638.35,6905.0,56.99,EQ
08-06-2017,57.5,58.7,57.4,57.65,57.55,68.6,40.7,6360632,369384077.9,16179.0,58.07,EQ
09-06-2017,58.0,58.0,57.0,57.4,57.35,68.6,40.7,5363273,307598436.9,25784.0,57.35,EQ
12-06-2017,57.45,57.95,56.9,57.15,57.05,68.6,40.7,3282017,188405606.45,7847.0,57.41,EQ
13-06-2017,57.3,57.6,56.2,56.4,56.35,68.6,40.7,3015989,171582836.35,7163.0,56.89,EQ
14-06-2017,56.35,56.5,55.5,55.9,55.95,68.6,40.7,4263882,238533353.2,9168.0,55.94,EQ
15-06-2017,55.75,57.05,55.65,56.4,56.5,68.6,40.7,3211998,181283070.85,6763.0,56.44,EQ
16-06-2017,56.55,57.55,56.5,56.9,56.95,68.6,40.7,5609766,319659529.0,10449.0,56.98,EQ
19-06-2017,57.25,57.9,56.9,57.65,57.55,68.6,40.7,3398821,195250838.35,8094.0,57.45,EQ
20-06-2017,57.85,58.1,57.05,57.35,57.3,68.6,40.7,3248932,187281166.55,7398.0,57.64,EQ
21-06-2017,57.2,58.05,57.05,57.3,57.45,68.6,40.7,3565857,205102335.3,8669.0,57.52,EQ
22-06-2017,57.5,59.3,57.4,58.45,58.35,68.6,40.7,7793945,456342250.4,20357.0,58.55,EQ
23-06-2017,58.05,58.85,56.85,57.6,57.6,68.6,40.7,6219574,357653509.1,13055.0,57.5,EQ
27-06-2017,57.5,57.8,56.2,56.45,56.4,68.6,42.1,2837947,160972517.9,10087.0,56.72,EQ
28-06-2017,56.5,57.45,56.15,57.05,57.1,68.6,42.1,3812635,217142025.65,20768.0,56.95,EQ
29-06-2017,57.3,58.15,57.2,57.95,58.05,68.6,42.1,3287696,189582245.6,13293.0,57.66,EQ
30-06-2017,58.0,58.85,57.4,58.35,58.35,68.6,42.1,3300878,192154095.65,7801.0,58.21,EQ
03-07-2017,58.5,59.05,58.35,58.85,58.8,68.6,44.1,2246544,131992094.65,5476.0,58.75,EQ
04-07-2017,58.75,59.45,58.15,58.35,58.2,68.6,44.1,2971290,174323574.35,6001.0,58.67,EQ
05-07-2017,58.35,59.85,58.1,59.6,59.8,68.6,44.1,4696131,277839757.15,10432.0,59.16,EQ
06-07-2017,59.75,60.35,59.5,59.65,59.55,68.6,44.1,5761233,345182574.35,12693.0,59.91,EQ
07-07-2017,59.5,62.2,59.45,61.65,61.85,68.6,44.1,8171242,501094506.5,24853.0,61.32,EQ
10-07-2017,62.2,64.5,61.75,62.95,63.1,68.6,44.1,1932833,121451650.75,4722.0,62.84,EQ
11-07-2017,63.4,63.65,61.55,61.75,62.0,68.6,44.1,5141197,322082500.65,12861.0,62.65,EQ
12-07-2017,61.85,62.7,61.7,62.2,62.05,68.6,44.1,3347756,208268871.15,8675.0,62.21,EQ
13-07-2017,62.35,62.75,61.1,61.85,61.9,68.6,44.1,4053240,251027813.9,10666.0,61.93,EQ
14-07-2017,62.1,62.35,61.2,61.7,61.65,68.6,44.1,5370180,331366082.45,9948.0,61.7,EQ
17-07-2017,61.85,62.35,61.3,61.8,61.75,68.6,44.1,3859703,238713147.5,9697.0,61.85,EQ
18-07-2017,62.0,63.45,61.7,62.75,62.6,68.6,44.1,6182110,388137130.2,20569.0,62.78,EQ
19-07-2017,62.9,64.0,62.75,63.65,63.6,68.6,44.1,6525284,414558544.3,14261.0,63.53,EQ
20-07-2017,63.75,63.8,62.7,62.9,62.9,68.6,44.1,3111343,196078249.3,6249.0,63.02,EQ
21-07-2017,62.9,63.2,61.7,62.45,62.4,68.6,44.1,2522468,157391537.25,6681.0,62.4,EQ
24-07-2017,62.5,65.0,62.25,63.3,63.25,68.6,44.1,8755773,556844085.95,21561.0,63.6,EQ
25-07-2017,63.4,63.85,62.7,63.55,63.4,68.6,44.1,7292351,461436812.75,15744.0,63.28,EQ
26-07-2017,63.7,64.65,63.45,63.9,63.75,68.6,44.1,4655335,298255274.4,11472.0,64.07,EQ
27-07-2017,64.6,64.85,63.05,63.3,63.3,68.6,44.1,7029529,450703079.35,24690.0,64.12,EQ
28-07-2017,63.3,63.4,62.3,62.55,62.6,68.6,44.1,3364038,211378697.05,11258.0,62.83,EQ
31-07-2017,62.75,64.0,62.7,63.25,63.3,68.6,44.1,5526155,350646272.15,15868.0,63.45,EQ
01-08-2017,63.5,63.9,62.9,63.1,63.25,68.6,44.1,2346252,148517529.85,5624.0,63.3,EQ
02-08-2017,63.3,63.5,62.5,63.2,63.1,68.6,44.1,3088278,194509226.85,9602.0,62.98,EQ
03-08-2017,63.2,63.2,60.3,60.75,60.75,68.6,44.1,5498245,338686548.2,9657.0,61.6,EQ
04-08-2017,60.5,62.15,60.05,61.7,61.9,68.6,44.1,2915456,178191947.65,7605.0,61.12,EQ
07-08-2017,61.95,62.9,61.9,62.4,62.15,68.6,44.1,3876935,242085044.35,7338.0,62.44,EQ
08-08-2017,62.95,64.8,62.75,62.95,62.95,68.6,44.1,12125094,774565371.2,22750.0,63.88,EQ
09-08-2017,62.85,63.3,60.75,61.45,61.0,68.6,44.1,4534693,283041403.95,8837.0,62.42,EQ
10-08-2017,61.0,61.4,58.45,58.85,59.15,68.6,44.1,5435430,326471405.5,11269.0,60.06,EQ
11-08-2017,58.1,58.4,56.2,56.5,56.6,68.6,44.1,5706740,327548008.65,12223.0,57.4,EQ
14-08-2017,55.85,58.4,55.2,58.05,58.3,68.6,44.1,6854206,392122376.55,13414.0,57.21,EQ
16-08-2017,58.4,59.7,57.0,59.25,59.55,68.6,44.1,6459649,376126583.45,15738.0,58.23,EQ
17-08-2017,59.5,60.45,58.7,59.05,59.0,68.6,44.1,5109015,304514434.75,10931.0,59.6,EQ
18-08-2017,58.5,60.3,57.95,59.7,60.25,68.6,44.1,5890123,346985949.3,11927.0,58.91,EQ
21-08-2017,60.55,61.75,59.2,59.45,59.2,68.6,44.1,6574776,398371308.85,15519.0,60.59,EQ
22-08-2017,59.45,60.15,58.3,58.8,59.0,68.6,44.1,4384775,259993781.95,18169.0,59.29,EQ
23-08-2017,59.1,60.85,58.85,60.7,60.8,68.6,44.1,4200968,252091586.5,10735.0,60.01,EQ
24-08-2017,60.9,61.6,60.0,60.65,60.75,68.6,44.1,6898559,420550360.15,26893.0,60.96,EQ
28-08-2017,60.85,61.7,60.8,61.5,61.45,68.6,44.1,3574745,219632681.3,15559.0,61.44,EQ
29-08-2017,61.45,61.55,60.35,61.05,60.9,68.6,44.1,5909878,361362526.6,14081.0,61.15,EQ
30-08-2017,61.25,62.3,61.25,61.8,61.75,68.6,44.1,3036384,187655974.85,10526.0,61.8,EQ
31-08-2017,61.75,61.8,60.45,60.8,60.9,68.6,44.1,7096293,432956652.3,15174.0,61.01,EQ
01-09-2017,61.3,63.0,60.9,62.6,62.3,68.6,44.1,5370376,333775117.05,14786.0,62.15,EQ
04-09-2017,62.45,62.95,61.1,62.3,62.55,68.6,44.1,4346647,270356881.2,10518.0,62.2,EQ
05-09-2017,62.8,63.2,61.8,62.3,62.15,68.6,44.1,3034910,189635232.4,6681.0,62.48,EQ
06-09-2017,61.9,63.1,61.3,62.05,62.1,68.6,44.1,3784294,236081303.75,7730.0,62.38,EQ
07-09-2017,62.15,63.1,62.1,62.7,62.6,68.6,44.1,3949893,247446891.2,9587.0,62.65,EQ
08-09-2017,62.95,64.45,62.7,63.1,63.0,68.6,44.1,6040103,383999729.6,17366.0,63.58,EQ
11-09-2017,63.8,63.8,62.8,63.05,63.15,68.6,44.1,3878612,245149458.95,9786.0,63.21,EQ
12-09-2017,63.5,64.1,63.15,63.3,63.25,68.6,44.1,3562146,226445365.6,14927.0,63.57,EQ
13-09-2017,63.3,63.5,61.7,61.95,61.95,68.6,44.1,3490421,218504686.6,10072.0,62.6,EQ
14-09-2017,62.35,62.45,61.3,62.05,62.0,68.6,44.1,2778804,172236712.6,7620.0,61.98,EQ
15-09-2017,62.7,62.8,61.2,62.35,62.25,68.6,44.1,7215193,448354041.35,20597.0,62.14,EQ
18-09-2017,62.0,62.4,61.5,61.65,61.65,68.6,44.1,4519786,280335809.95,10764.0,62.02,EQ
19-09-2017,61.8,62.7,61.4,62.45,62.45,68.6,44.1,5054436,313015848.1,11050.0,61.93,EQ
20-09-2017,62.55,63.45,62.15,62.3,62.2,68.6,44.1,4678059,293376683.6,14702.0,62.71,EQ
21-09-2017,62.3,62.55,60.55,61.05,61.0,68.6,44.1,3388176,208039112.35,8339.0,61.4,EQ
22-09-2017,60.35,60.35,57.65,57.9,57.8,68.6,44.1,6250311,367838388.35,16990.0,58.85,EQ
25-09-2017,58.1,58.1,56.3,56.65,56.7,68.6,44.1,5091711,289373121.6,10216.0,56.83,EQ
26-09-2017,56.95,57.45,56.5,56.65,56.55,68.6,44.1,3826375,217630564.15,9677.0,56.88,EQ
27-09-2017,56.85,57.0,54.05,54.2,54.1,68.6,44.1,7285442,402516839.4,16765.0,55.25,EQ
28-09-2017,54.45,54.75,52.85,53.2,53.4,68.6,44.1,10744794,576318300.4,17288.0,53.64,EQ
29-09-2017,53.5,54.4,53.5,53.65,53.65,68.6,44.1,4043132,218111440.2,11894.0,53.95,EQ
03-10-2017,54.3,54.75,53.4,53.7,53.55,68.6,44.1,3003927,162147141.3,7489.0,53.98,EQ
04-10-2017,53.8,54.1,53.45,53.85,53.9,68.6,44.1,2071170,111547054.05,5296.0,53.86,EQ
05-10-2017,53.5,54.3,53.5,54.05,54.0,68.6,44.1,1832933,99016399.95,4406.0,54.02,EQ
06-10-2017,54.25,56.6,54.25,56.35,56.45,68.6,44.1,5949742,331844611.1,14215.0,55.77,EQ
09-10-2017,56.5,57.9,56.35,56.65,56.7,68.6,44.1,3455859,196375285.35,7709.0,56.82,EQ
10-10-2017,57.5,58.15,56.7,56.95,56.8,68.6,44.1,4372505,250556160.85,11496.0,57.3,EQ
11-10-2017,57.1,57.15,54.4,54.75,54.75,68.6,44.1,4893114,273252645.6,10726.0,55.84,EQ
12-10-2017,55.0,56.3,54.5,56.05,56.25,68.6,44.1,4738073,263312029.7,13274.0,55.57,EQ
13-10-2017,56.3,58.4,56.1,57.95,57.85,68.6,44.1,9198756,530146960.8,22111.0,57.63,EQ
16-10-2017,58.15,59.0,57.8,58.3,58.2,68.6,44.1,4832902,282201480.2,10331.0,58.39,EQ
17-10-2017,58.5,60.1,57.35,59.2,59.75,68.6,44.1,6594452,386173728.25,12348.0,58.56,EQ
18-10-2017,59.5,60.9,59.4,59.5,59.7,68.6,44.1,5342486,320564858.75,14419.0,60.0,EQ
19-10-2017,59.5,59.55,58.85,59.05,58.95,68.6,44.1,818682,48469250.2,2966.0,59.2,EQ
23-10-2017,59.35,60.0,58.55,59.2,59.1,68.6,44.1,2896710,171446893.95,7078.0,59.19,EQ
24-10-2017,59.5,61.75,59.4,61.6,61.6,68.6,44.1,7176012,435622458.85,19910.0,60.71,EQ
25-10-2017,62.05,68.65,60.8,67.0,67.0,68.65,44.1,23569491,1545187404.15,45033.0,65.56,EQ
26-10-2017,67.0,78.15,65.1,76.95,76.75,78.15,44.1,56220145,4186219533.4,122454.0,74.46,EQ
27-10-2017,77.0,83.25,74.95,79.95,79.95,83.25,44.1,70823661,5670731701.45,186089.0,80.07,EQ
30-10-2017,80.55,81.6,79.15,79.85,80.0,83.25,44.1,20636166,1654105906.15,70952.0,80.16,EQ
31-10-2017,79.85,80.95,76.0,78.0,77.7,83.25,44.1,17455197,1365780648.65,49626.0,78.24,EQ
01-11-2017,78.4,83.3,78.2,81.35,80.9,83.3,44.1,24383128,1982562442.55,59519.0,81.31,EQ
02-11-2017,80.85,81.7,79.05,79.8,80.15,83.3,44.1,9323835,747637779.95,23612.0,80.19,EQ
03-11-2017,80.15,87.5,79.5,86.9,86.75,87.5,44.1,40551954,3430731139.85,116543.0,84.6,EQ
06-11-2017,86.5,87.8,83.5,84.05,83.85,87.8,44.1,32648963,2778086782.75,56426.0,85.09,EQ
07-11-2017,85.25,85.7,77.7,78.85,78.4,87.8,44.1,22828273,1859214965.35,56243.0,81.44,EQ
08-11-2017,78.5,80.25,76.1,76.85,77.75,87.8,44.1,15130700,1184657549.85,43956.0,78.29,EQ
09-11-2017,78.2,79.8,76.6,78.35,78.85,87.8,44.1,12745631,997580593.5,34776.0,78.27,EQ
10-11-2017,80.35,83.5,78.15,81.2,81.55,87.8,44.1,27075231,2180710742.85,65063.0,80.54,EQ
13-11-2017,81.7,81.95,78.3,78.8,78.9,87.8,47.1,11730493,935260303.35,29899.0,79.73,EQ
14-11-2017,78.75,81.1,78.1,79.8,79.85,87.8,47.1,11020467,879164768.35,25881.0,79.78,EQ
15-11-2017,79.7,79.7,75.1,75.8,76.2,87.8,47.1,9983153,772269264.6,27917.0,77.36,EQ
16-11-2017,76.3,77.8,74.9,77.35,77.4,87.8,47.1,13503430,1031562959.35,36480.0,76.39,EQ
17-11-2017,78.0,81.0,78.0,78.7,78.45,87.8,47.1,13877597,1103396512.7,36585.0,79.51,EQ
20-11-2017,78.45,82.5,77.6,81.45,81.5,87.8,47.1,20144777,1625555448.2,51547.0,80.69,EQ
21-11-2017,81.95,84.45,80.3,82.95,82.75,87.8,47.1,28328519,2346032093.15,66766.0,82.82,EQ
22-11-2017,83.3,83.3,81.3,81.65,81.7,87.8,47.1,9150647,750319948.5,23451.0,82.0,EQ
23-11-2017,81.7,83.5,81.0,82.25,82.3,87.8,47.1,9971389,819659261.25,26210.0,82.2,EQ
24-11-2017,82.4,83.3,81.55,82.4,82.3,87.8,47.1,8680679,713926515.95,19529.0,82.24,EQ
27-11-2017,82.1,82.5,81.25,81.8,81.75,87.8,47.1,8833776,722337267.9,14468.0,81.77,EQ
28-11-2017,81.75,82.75,80.45,80.8,80.6,87.8,47.1,15988588,1305147781.65,23717.0,81.63,EQ
29-11-2017,80.25,81.0,77.75,78.15,77.9,87.8,47.1,12334779,975667670.6,27607.0,79.1,EQ
30-11-2017,77.75,78.35,76.55,76.8,77.1,87.8,47.1,13066888,1011307857.9,24911.0,77.39,EQ
01-12-2017,78.6,81.25,77.9,78.25,78.4,87.8,47.1,22609615,1805976628.3,59367.0,79.88,EQ
04-12-2017,78.9,79.55,77.25,77.7,78.3,87.8,47.1,7947261,622452119.25,20835.0,78.32,EQ
05-12-2017,77.3,78.7,76.4,78.25,78.35,87.8,47.1,11077464,861264810.25,25122.0,77.75,EQ
06-12-2017,77.5,77.65,75.5,75.95,76.15,87.8,47.1,7420428,568265311.5,22425.0,76.58,EQ
07-12-2017,76.25,79.2,76.2,78.75,78.95,87.8,47.1,7676266,598658619.25,20216.0,77.99,EQ
08-12-2017,81.15,82.5,80.2,81.7,81.75,87.8,47.1,19738386,1607070746.6,51910.0,81.42,EQ
11-12-2017,82.95,82.95,81.05,81.3,81.4,87.8,47.1,9839421,805905249.25,27067.0,81.91,EQ
12-12-2017,81.15,82.7,79.95,80.25,80.3,87.8,47.1,9662865,785467672.0,20532.0,81.29,EQ
13-12-2017,80.25,81.3,78.1,78.45,78.25,87.8,47.1,10628915,846687917.35,30988.0,79.66,EQ
14-12-2017,78.8,79.3,75.9,77.55,77.5,87.8,47.1,10712969,826435915.75,30310.0,77.14,EQ
15-12-2017,79.0,79.5,77.9,78.2,78.2,87.8,47.1,8849068,695013636.3,23743.0,78.54,EQ
18-12-2017,76.5,80.8,74.75,79.6,79.9,87.8,47.1,13514024,1068186872.25,32983.0,79.04,EQ
19-12-2017,80.15,83.5,79.75,83.2,83.4,87.8,47.1,18088874,1489377848.15,50746.0,82.34,EQ
20-12-2017,83.5,85.65,83.0,84.55,84.75,87.8,47.1,20527723,1733341935.1,51587.0,84.44,EQ
21-12-2017,85.0,86.9,84.9,86.8,86.75,87.8,47.1,15037252,1295999918.2,39294.0,86.19,EQ
22-12-2017,86.7,87.65,84.85,85.45,85.6,87.8,47.1,10536115,908313052.75,29064.0,86.21,EQ
26-12-2017,86.2,90.8,86.2,90.5,90.45,90.8,47.1,27399707,2443702679.4,70383.0,89.19,EQ
27-12-2017,90.7,93.15,89.65,91.1,90.95,93.15,47.1,22925546,2093556526.15,59596.0,91.32,EQ
28-12-2017,92.1,93.4,91.6,92.75,92.7,93.4,47.1,18685004,1730822778.0,37719.0,92.63,EQ
29-12-2017,93.1,93.75,91.55,92.15,92.2,93.75,47.1,10816220,999464395.9,27741.0,92.4,EQ
01-01-2018,92.6,94.8,92.4,92.7,92.8,94.8,48.85,11912572,1115391892.0,29613.0,93.63,EQ
02-01-2018,93.4,93.75,90.0,91.85,91.95,94.8,48.85,10713163,982148455.05,29407.0,91.68,EQ
03-01-2018,91.8,94.7,91.6,93.8,93.9,94.8,48.85,15846529,1483143165.7,38659.0,93.59,EQ
04-01-2018,94.4,98.6,93.35,97.9,98.15,98.6,48.85,23392017,2248393228.65,62506.0,96.12,EQ
05-01-2018,98.1,99.0,96.9,97.4,97.6,99.0,48.85,19505394,1911396087.75,42725.0,97.99,EQ
08-01-2018,97.9,101.45,97.9,98.8,98.9,101.45,52.0,15714606,1562475987.15,37218.0,99.43,EQ
09-01-2018,99.55,99.9,97.5,97.95,98.1,101.45,52.0,10358156,1021262391.95,26406.0,98.6,EQ
10-01-2018,98.5,99.35,96.6,98.45,98.6,101.45,52.0,9336838,915708318.75,24105.0,98.07,EQ
11-01-2018,98.4,99.25,97.85,98.5,98.4,101.45,52.0,7042701,694005367.7,16620.0,98.54,EQ
12-01-2018,98.6,99.7,97.65,98.65,99.0,101.45,52.0,9484352,935773093.25,24909.0,98.66,EQ
15-01-2018,99.15,101.1,98.65,100.35,99.95,101.45,52.85,18763230,1881532755.05,40433.0,100.28,EQ
16-01-2018,100.45,100.65,92.5,94.3,94.7,101.45,52.85,18073465,1739316954.8,35477.0,96.24,EQ
17-01-2018,94.55,97.05,91.35,96.5,96.95,101.45,52.85,11888951,1127699524.2,31014.0,94.85,EQ
18-01-2018,96.85,97.45,91.65,92.3,92.3,101.45,52.85,16245856,1528346313.95,46010.0,94.08,EQ
19-01-2018,91.9,94.15,90.9,93.3,93.25,101.45,52.85,12912880,1195710263.3,30723.0,92.6,EQ
22-01-2018,93.35,93.45,91.6,92.45,93.0,101.45,52.85,4967870,458673063.15,13435.0,92.33,EQ
23-01-2018,92.65,98.4,92.65,96.85,96.9,101.45,52.85,22670874,2199656863.9,58504.0,97.03,EQ
24-01-2018,95.8,96.4,93.85,94.15,93.95,101.45,52.85,7800926,740142849.5,18903.0,94.88,EQ
25-01-2018,94.1,96.35,93.3,93.95,94.1,101.45,52.85,19732610,1862338403.35,27140.0,94.38,EQ
29-01-2018,94.3,95.45,91.4,91.85,91.75,101.45,52.85,7819606,732257893.4,22786.0,93.64,EQ
30-01-2018,91.75,92.95,90.75,91.1,91.0,101.45,52.85,8525052,780896288.2,18684.0,91.6,EQ
31-01-2018,90.45,91.35,87.6,88.9,89.05,101.45,52.85,13643595,1218066697.6,33986.0,89.28,EQ
01-02-2018,89.5,90.95,86.1,89.35,89.3,101.45,52.85,13593547,1210702417.35,28243.0,89.06,EQ
02-02-2018,87.8,87.8,82.0,83.6,83.0,101.45,52.85,13852493,1178188318.05,35093.0,85.05,EQ
05-02-2018,81.0,86.0,78.65,84.8,85.6,101.45,52.85,11446302,945017656.7,39305.0,82.56,EQ
06-02-2018,78.0,84.75,77.05,83.95,83.95,101.45,52.85,20127433,1652098505.55,51688.0,82.08,EQ
07-02-2018,85.0,86.2,82.45,82.85,82.65,101.45,52.85,9171593,769320304.15,25977.0,83.88,EQ
08-02-2018,83.4,86.75,83.2,86.0,86.75,101.45,52.85,10365411,882571981.85,32531.0,85.15,EQ
09-02-2018,84.55,94.45,84.1,93.95,93.8,101.45,52.85,44334778,4057943516.15,119035.0,91.53,EQ
12-02-2018,95.35,98.3,94.9,95.35,95.8,101.45,52.85,28901756,2786381474.75,75489.0,96.41,EQ
14-02-2018,96.7,97.65,93.3,93.55,93.55,101.45,52.85,17516122,1663458646.5,37818.0,94.97,EQ
15-02-2018,94.25,96.1,91.45,92.3,92.35,101.45,52.85,15883683,1490494435.25,41258.0,93.84,EQ
16-02-2018,93.0,93.8,87.85,88.4,87.9,101.45,52.85,14791218,1330075964.2,40945.0,89.92,EQ
19-02-2018,88.5,88.7,85.55,87.3,87.2,101.45,52.85,10594319,918757634.4,36522.0,86.72,EQ
20-02-2018,87.95,89.35,86.25,86.5,86.3,101.45,52.85,13426339,1174287769.2,32011.0,87.46,EQ
21-02-2018,86.9,87.45,83.35,84.15,84.0,101.45,52.85,11068826,935154468.15,32841.0,84.49,EQ
22-02-2018,83.5,85.3,82.95,83.9,83.85,101.45,52.85,14241257,1198730935.8,31718.0,84.17,EQ
23-02-2018,84.7,87.6,84.1,87.05,87.45,101.45,52.85,17567924,1519250596.7,54413.0,86.48,EQ
26-02-2018,87.6,89.9,85.85,86.5,86.4,101.45,52.85,19196570,1677682928.45,42282.0,87.39,EQ
27-02-2018,87.05,87.3,83.65,84.25,84.1,101.45,52.85,14511936,1236147448.55,28726.0,85.18,EQ
28-02-2018,83.4,83.85,82.0,83.2,83.1,101.45,52.85,13081341,1087090804.15,39875.0,83.1,EQ
01-03-2018,83.2,84.85,80.65,80.9,80.75,101.45,52.85,12875529,1062582721.65,33892.0,82.53,EQ
05-03-2018,79.3,79.5,76.05,78.05,77.95,101.45,52.85,30548637,2369539014.85,77668.0,77.57,EQ
06-03-2018,79.4,80.75,74.8,75.75,75.2,101.45,52.85,21766297,1701871168.4,45070.0,78.19,EQ
07-03-2018,75.4,75.85,73.05,73.75,73.9,101.45,52.85,15117029,1125033780.5,39049.0,74.42,EQ
08-03-2018,74.4,75.5,72.2,74.3,74.25,101.45,52.85,10458364,773917565.95,29900.0,74.0,EQ
09-03-2018,74.6,75.75,69.1,69.5,69.6,101.45,52.85,30055967,2137598595.6,74485.0,71.12,EQ
12-03-2018,70.75,72.75,69.2,72.35,72.6,101.45,52.85,19443718,1377546064.7,46064.0,70.85,EQ
13-03-2018,72.45,74.4,71.15,72.6,72.7,101.45,52.85,13828988,1004793973.6,37115.0,72.66,EQ
14-03-2018,72.0,73.65,71.4,72.65,72.8,101.45,52.85,11617713,842639157.45,27329.0,72.53,EQ
15-03-2018,72.0,76.35,72.0,75.3,75.15,101.45,52.85,15288023,1134681634.05,36778.0,74.22,EQ
16-03-2018,74.95,76.15,72.55,72.85,72.8,101.45,52.85,11625680,862729029.4,36994.0,74.21,EQ
19-03-2018,73.0,73.0,67.55,68.9,68.85,101.45,52.85,22155007,1527225433.3,52982.0,68.93,EQ
20-03-2018,68.0,72.5,67.85,72.25,72.45,101.45,52.85,24587743,1757087931.3,55725.0,71.46,EQ
21-03-2018,72.95,73.95,71.35,72.15,72.55,101.45,52.85,15705185,1143366018.3,35126.0,72.8,EQ
22-03-2018,72.45,74.0,71.65,73.7,73.75,101.45,52.85,13462988,982491698.25,32827.0,72.98,EQ
23-03-2018,71.2,71.2,67.15,68.7,68.55,101.45,52.85,29849099,2054445340.35,59427.0,68.83,EQ
26-03-2018,68.75,71.9,68.35,71.45,71.6,101.45,52.85,14151527,990270427.3,34969.0,69.98,EQ
27-03-2018,72.45,74.2,72.05,73.2,73.2,101.45,52.85,11204504,819975982.8,30576.0,73.18,EQ
28-03-2018,72.0,72.35,69.7,70.2,70.65,101.45,52.85,10434916,741819578.8,23371.0,71.09,EQ
02-04-2018,71.7,73.6,70.55,73.05,73.4,101.45,52.85,8880959,643939580.4,24289.0,72.51,EQ
03-04-2018,72.05,75.3,72.05,74.95,75.25,101.45,52.85,12472759,923065673.8,32191.0,74.01,EQ
04-04-2018,75.95,76.85,71.9,72.3,72.3,101.45,52.85,15749781,1171938592.8,38604.0,74.41,EQ
05-04-2018,74.7,75.6,73.8,75.25,75.15,101.45,52.85,12683260,949663100.85,38568.0,74.88,EQ
06-04-2018,74.35,76.1,73.85,75.65,75.6,101.45,52.85,12229911,920848386.6,29108.0,75.29,EQ
09-04-2018,75.3,76.45,74.45,75.1,75.0,101.45,52.85,8044370,606339270.65,18516.0,75.37,EQ
10-04-2018,76.4,77.5,75.9,76.55,76.3,101.45,52.85,12787778,979268564.15,32038.0,76.58,EQ
11-04-2018,77.1,77.6,76.2,77.05,76.95,101.45,52.85,8231775,633024402.3,19599.0,76.9,EQ
12-04-2018,76.75,76.8,73.65,74.0,74.0,101.45,52.85,8847782,665292412.25,21184.0,75.19,EQ
13-04-2018,74.6,77.4,74.25,76.7,76.7,101.45,52.85,16417194,1251639079.25,40093.0,76.24,EQ
16-04-2018,76.35,77.9,76.0,77.7,77.65,101.45,52.85,10049142,774367182.5,25246.0,77.06,EQ
17-04-2018,78.0,78.6,76.2,77.35,77.2,101.45,52.85,9157249,709364217.6,24217.0,77.46,EQ
18-04-2018,77.45,77.95,76.75,77.3,77.45,101.45,52.85,6562102,507538929.35,17375.0,77.34,EQ
19-04-2018,78.1,81.3,77.75,80.8,80.55,101.45,52.85,25745591,2063673052.5,53516.0,80.16,EQ
20-04-2018,80.5,80.5,78.45,79.7,79.85,101.45,52.85,11881686,941110924.65,26381.0,79.21,EQ
23-04-2018,79.75,80.6,79.2,79.55,79.4,101.45,52.85,9298555,742355727.3,26681.0,79.84,EQ
24-04-2018,78.25,79.4,77.55,78.85,79.3,101.45,52.85,7614662,598014816.05,18568.0,78.53,EQ
25-04-2018,78.55,79.3,76.95,77.55,77.35,101.45,52.85,5836252,454926089.2,13622.0,77.95,EQ
26-04-2018,77.35,78.15,75.4,75.95,75.95,101.45,52.85,12406481,945904872.6,20782.0,76.24,EQ
27-04-2018,76.45,77.95,76.1,77.35,77.25,101.45,52.85,8120654,625967212.85,16146.0,77.08,EQ
30-04-2018,77.65,78.65,76.05,77.65,77.6,101.45,52.85,6564870,509307750.3,15049.0,77.58,EQ
02-05-2018,77.8,78.3,72.75,73.0,72.8,101.45,52.85,14506894,1081512785.1,30872.0,74.55,EQ
03-05-2018,72.8,73.9,71.15,73.1,73.05,101.45,52.85,11677967,848122329.35,31620.0,72.63,EQ
04-05-2018,73.05,73.85,72.1,72.35,72.35,101.45,52.85,7385174,538855972.0,18081.0,72.96,EQ
07-05-2018,72.95,75.25,72.7,75.0,74.95,101.45,52.85,8883807,661118058.2,21330.0,74.42,EQ
08-05-2018,75.5,77.1,74.0,76.25,76.0,101.45,52.85,9535826,723252424.0,23716.0,75.85,EQ
09-05-2018,75.7,77.3,75.25,75.6,75.75,101.45,52.85,8443016,643214252.9,17602.0,76.18,EQ
10-05-2018,76.0,76.6,72.35,72.6,72.7,101.45,52.85,9756840,719843069.0,21928.0,73.78,EQ
11-05-2018,73.1,74.25,72.6,73.4,73.3,101.45,52.85,12701873,932042842.4,26193.0,73.38,EQ
14-05-2018,73.65,74.35,71.7,72.75,72.7,101.45,52.85,6906713,503508164.4,17103.0,72.9,EQ
15-05-2018,72.6,76.2,72.5,74.05,73.9,101.45,52.85,14077126,1053386550.2,34992.0,74.83,EQ
16-05-2018,73.7,74.8,72.4,73.8,73.8,101.45,52.85,6715824,494857956.4,17051.0,73.69,EQ
17-05-2018,74.9,77.4,73.1,76.55,76.6,101.45,52.85,15136108,1137272937.35,27668.0,75.14,EQ
18-05-2018,77.0,77.1,73.25,73.6,73.55,101.45,52.85,13435175,1002639060.75,24975.0,74.63,EQ
21-05-2018,73.9,74.4,71.6,71.85,71.9,101.45,52.85,8065908,584503017.8,20191.0,72.47,EQ
22-05-2018,72.0,73.1,71.3,72.55,72.45,101.45,52.85,7368030,532866793.05,16639.0,72.32,EQ
23-05-2018,72.2,72.4,68.15,68.45,68.6,101.45,52.85,13267268,932324738.15,29047.0,70.27,EQ
24-05-2018,69.25,70.25,68.75,69.9,69.9,101.45,52.85,8935978,622366279.85,18961.0,69.65,EQ
25-05-2018,70.1,73.0,70.0,72.5,72.65,101.45,52.85,8797869,633002581.3,19669.0,71.95,EQ
28-05-2018,73.2,75.9,72.8,75.7,75.7,101.45,52.85,9176677,686610688.6,23465.0,74.82,EQ
29-05-2018,75.2,77.1,74.8,76.7,76.65,101.45,52.85,9455624,721782141.45,21724.0,76.33,EQ
30-05-2018,76.4,78.5,74.8,77.8,77.8,101.45,52.85,16141703,1251831480.35,40367.0,77.55,EQ
31-05-2018,79.65,80.0,75.6,75.95,76.1,101.45,52.85,26942353,2082567263.1,58000.0,77.3,EQ
01-06-2018,75.5,76.95,71.05,72.25,73.0,101.45,52.85,24478761,1794031644.4,49176.0,73.29,EQ
04-06-2018,73.9,76.2,72.5,75.5,75.5,101.45,52.85,24106642,1802077899.1,56366.0,74.75,EQ
05-06-2018,74.85,76.4,74.0,75.7,75.85,101.45,52.85,15835111,1195122673.75,34260.0,75.47,EQ
06-06-2018,75.7,77.5,75.2,77.3,77.3,101.45,52.85,14758010,1129017706.0,29554.0,76.5,EQ
07-06-2018,77.8,83.25,77.55,82.8,82.9,101.45,52.85,35460076,2876764395.95,77267.0,81.13,EQ
08-06-2018,82.5,84.35,80.85,83.85,83.85,101.45,52.85,33468439,2758260484.9,73428.0,82.41,EQ
11-06-2018,84.2,87.0,83.55,86.6,86.45,101.45,52.85,23476694,2008710116.5,50068.0,85.56,EQ
12-06-2018,87.0,90.8,85.1,89.3,89.0,101.45,52.85,39145746,3472546574.6,90919.0,88.71,EQ
13-06-2018,89.0,91.1,87.55,87.9,87.65,101.45,52.85,26560260,2372521470.6,63085.0,89.33,EQ
14-06-2018,87.35,88.7,85.55,86.35,86.35,101.45,52.85,25258386,2201029371.1,53063.0,87.14,EQ
15-06-2018,86.3,87.65,84.05,85.55,85.75,101.45,52.85,18465060,1582753668.9,42501.0,85.72,EQ
18-06-2018,85.65,87.3,83.5,86.95,86.85,101.45,52.85,15777407,1345485393.55,38213.0,85.28,EQ
19-06-2018,86.75,88.15,82.65,83.2,82.8,101.45,52.85,24312033,2073363854.35,60450.0,85.28,EQ
20-06-2018,83.15,84.75,82.75,84.45,84.6,101.45,52.85,17349352,1454108405.35,46263.0,83.81,EQ
21-06-2018,84.95,85.25,82.25,82.45,82.45,101.45,52.85,12169547,1015648813.35,33096.0,83.46,EQ
22-06-2018,82.5,84.2,82.05,83.9,83.65,101.45,52.85,12473728,1037730650.1,34169.0,83.19,EQ
25-06-2018,83.55,84.3,81.55,82.05,81.85,101.45,52.85,9125610,756839159.75,29039.0,82.94,EQ
26-06-2018,81.85,82.55,80.25,81.75,81.8,101.45,52.85,13124032,1070499029.45,29586.0,81.57,EQ
27-06-2018,81.95,82.15,78.4,80.4,80.2,101.45,52.85,11322802,908936543.25,32773.0,80.27,EQ
28-06-2018,80.2,81.8,79.5,81.05,81.1,101.45,52.85,13524050,1093988567.05,30351.0,80.89,EQ
29-06-2018,81.45,84.15,81.45,83.0,82.85,101.45,52.85,14327798,1187187198.55,45508.0,82.86,EQ
02-07-2018,83.1,83.2,78.6,80.2,79.8,101.45,52.85,12184278,981114012.35,36572.0,80.52,EQ
03-07-2018,79.9,81.6,79.05,80.5,80.4,101.45,52.85,9587521,771371432.4,24873.0,80.46,EQ
04-07-2018,80.5,81.3,78.8,80.3,80.05,101.45,52.85,11497091,919619092.2,30516.0,79.99,EQ
05-07-2018,80.3,80.3,78.1,78.6,78.65,101.45,52.85,9006670,712085331.75,20713.0,79.06,EQ
06-07-2018,78.6,81.5,78.0,80.45,80.2,101.45,52.85,12298564,988544511.55,31079.0,80.38,EQ
09-07-2018,82.0,82.4,81.2,81.55,81.55,101.45,52.85,10140958,829291329.8,25588.0,81.78,EQ
10-07-2018,82.0,83.55,80.9,81.15,81.25,101.45,52.85,15730993,1296669506.5,32651.0,82.43,EQ
11-07-2018,80.95,80.95,77.1,77.4,77.3,101.45,52.85,16423717,1293320435.95,39550.0,78.75,EQ
12-07-2018,78.4,79.15,74.15,74.65,74.95,101.45,52.85,21446886,1651562568.8,53374.0,77.01,EQ
13-07-2018,75.6,75.9,74.0,74.8,74.9,101.45,52.85,14276882,1070171799.6,37742.0,74.96,EQ
16-07-2018,74.55,74.9,70.7,70.95,71.25,101.45,52.85,9378133,681271000.65,26323.0,72.64,EQ
17-07-2018,71.25,73.85,70.45,72.9,73.0,101.45,52.85,11383896,827311545.4,31927.0,72.67,EQ
18-07-2018,73.4,73.65,69.85,71.1,71.45,101.45,52.85,12893598,921236369.2,32643.0,71.45,EQ
19-07-2018,71.45,73.3,70.35,71.45,71.3,101.45,52.85,11767775,845153182.95,31134.0,71.82,EQ
20-07-2018,71.4,71.95,69.85,71.3,71.3,101.45,52.85,10171320,722644489.65,29902.0,71.05,EQ
23-07-2018,71.3,73.15,70.35,72.6,72.55,101.45,52.85,8990664,644084154.05,23269.0,71.64,EQ
24-07-2018,72.5,75.0,72.5,74.5,74.45,101.45,52.85,9755198,722735408.25,23318.0,74.09,EQ
25-07-2018,74.6,76.3,73.7,74.7,74.65,101.45,52.85,9472097,712121413.9,24776.0,75.18,EQ
26-07-2018,75.0,75.3,73.4,73.7,73.85,101.45,52.85,9163772,679402725.1,17735.0,74.14,EQ
27-07-2018,74.25,76.05,73.9,75.4,75.3,101.45,52.85,10503151,787841536.7,22781.0,75.01,EQ
30-07-2018,75.55,77.45,75.05,77.2,77.3,101.45,52.85,11291859,864313918.75,26565.0,76.54,EQ
31-07-2018,77.2,77.8,76.1,77.5,77.35,101.45,52.85,10691545,823106903.1,23264.0,76.99,EQ
01-08-2018,77.85,78.45,75.75,76.85,76.7,101.45,52.85,12845984,993184241.0,27562.0,77.31,EQ
02-08-2018,76.5,80.8,75.35,79.95,79.8,101.45,52.85,19762943,1556115057.25,44956.0,78.74,EQ
03-08-2018,81.05,81.25,78.2,79.05,79.25,101.45,52.85,21495260,1715170976.65,50312.0,79.79,EQ
06-08-2018,79.95,82.0,77.35,78.1,78.0,101.45,52.85,27937451,2217030611.3,64094.0,79.36,EQ
07-08-2018,78.45,80.25,76.1,79.7,79.55,101.45,52.85,25935516,2039787083.25,55040.0,78.65,EQ
08-08-2018,79.9,80.85,78.7,79.3,79.3,101.45,52.85,11484974,914620022.7,27066.0,79.64,EQ
09-08-2018,79.35,81.25,79.2,80.6,80.5,101.45,52.85,12651519,1017412605.55,33542.0,80.42,EQ
10-08-2018,80.75,81.55,78.05,78.25,78.1,101.45,52.85,9936139,788955404.9,26584.0,79.4,EQ
13-08-2018,77.7,79.35,76.4,77.0,77.0,101.45,52.85,9154120,713672208.9,23051.0,77.96,EQ
14-08-2018,77.0,78.4,76.65,77.4,77.3,101.45,52.85,7803305,604310126.05,21052.0,77.44,EQ
16-08-2018,76.5,76.5,73.65,74.45,74.45,101.45,52.85,11227765,845967075.3,30804.0,75.35,EQ
17-08-2018,75.2,76.6,74.8,75.85,75.65,101.45,52.85,7358973,558558251.85,23856.0,75.9,EQ
20-08-2018,76.2,77.95,75.65,77.75,77.75,101.45,52.85,9973622,767994324.2,26556.0,77.0,EQ
21-08-2018,77.95,78.75,76.95,77.4,77.45,101.45,52.85,8109774,631556172.5,19927.0,77.88,EQ
23-08-2018,77.55,77.65,75.15,75.65,75.7,101.45,52.85,7041369,534247233.2,22926.0,75.87,EQ
24-08-2018,75.7,76.25,74.5,75.4,75.0,101.45,52.85,15634801,1179908061.15,28836.0,75.47,EQ
27-08-2018,76.4,78.0,76.4,77.45,77.3,101.45,52.85,11945580,923294488.4,33653.0,77.29,EQ
28-08-2018,77.8,78.4,77.0,77.9,77.75,101.45,52.85,10285820,799504628.95,23016.0,77.73,EQ
29-08-2018,77.9,81.2,77.65,80.1,79.7,101.45,52.85,19359991,1547296863.35,44751.0,79.92,EQ
30-08-2018,80.0,81.9,79.8,81.1,81.15,101.45,52.85,16385082,1329169310.6,36380.0,81.12,EQ
31-08-2018,80.6,81.3,79.15,79.85,80.2,101.45,52.85,9919717,794240084.15,22810.0,80.07,EQ
03-09-2018,79.5,81.25,79.2,79.95,79.85,101.45,52.85,9341685,749567472.55,17217.0,80.24,EQ
04-09-2018,80.2,80.55,75.6,76.2,76.15,101.45,52.85,10776691,835112419.25,22829.0,77.49,EQ
05-09-2018,76.0,76.8,73.6,76.35,76.2,101.45,52.85,14563332,1098652818.65,29431.0,75.44,EQ
06-09-2018,77.2,77.6,75.65,76.6,76.35,101.45,52.85,6541395,501282036.0,17806.0,76.63,EQ
07-09-2018,76.85,78.95,76.1,78.15,78.05,101.45,52.85,7892140,614608437.9,19452.0,77.88,EQ
10-09-2018,78.7,79.0,76.5,76.75,76.8,101.45,52.85,9701458,753519606.55,23338.0,77.67,EQ
11-09-2018,76.9,77.25,74.2,74.5,74.4,101.45,52.85,8272862,629221463.65,17753.0,76.06,EQ
12-09-2018,75.0,75.5,72.65,74.95,74.85,101.45,52.85,10997233,816166131.3,23917.0,74.22,EQ
14-09-2018,75.9,78.25,75.65,77.7,77.55,101.45,52.85,12672902,977745876.65,21506.0,77.15,EQ
17-09-2018,77.05,78.85,76.1,78.1,77.95,101.45,52.85,8056833,627043565.1,18501.0,77.83,EQ
18-09-2018,78.25,79.0,75.5,76.0,76.2,101.45,52.85,6930620,535304634.45,17150.0,77.24,EQ
19-09-2018,76.6,79.4,76.2,77.25,77.2,101.45,52.85,12159197,947038885.0,26647.0,77.89,EQ
21-09-2018,78.0,80.7,70.5,76.0,75.85,101.45,52.85,23483890,1829793736.85,54470.0,77.92,EQ
24-09-2018,76.0,76.75,72.9,73.3,73.3,101.45,52.85,8866200,661502623.35,21998.0,74.61,EQ
25-09-2018,73.5,75.4,72.3,75.0,75.2,101.45,52.85,13521954,1003254594.4,40146.0,74.19,EQ
26-09-2018,75.9,77.05,74.85,76.2,76.2,101.45,52.85,9448536,717221825.2,26026.0,75.91,EQ
27-09-2018,76.5,76.75,73.9,74.2,74.35,101.45,52.85,10716532,809330052.8,22250.0,75.52,EQ
28-09-2018,74.85,74.85,67.8,68.25,68.05,101.45,52.85,18975150,1336973469.65,42290.0,70.46,EQ
01-10-2018,68.15,69.25,64.2,69.0,68.9,101.45,53.4,14518906,972266863.55,35513.0,66.97,EQ
03-10-2018,68.85,71.35,68.0,68.95,68.65,101.45,53.4,12102431,846410947.2,28430.0,69.94,EQ
04-10-2018,68.8,71.1,67.7,69.25,68.9,101.45,53.4,17547538,1218257508.75,40884.0,69.43,EQ
05-10-2018,68.15,69.85,65.1,65.9,65.6,101.45,53.4,11808545,796364073.55,30300.0,67.44,EQ
08-10-2018,65.05,66.65,62.55,64.5,64.85,101.45,54.4,13774219,890237741.25,33805.0,64.63,EQ
09-10-2018,65.1,66.35,61.8,63.55,63.2,101.45,54.4,22423331,1436666997.55,52611.0,64.07,EQ
10-10-2018,62.7,67.4,62.7,66.8,67.15,101.45,54.4,11204682,734999250.5,25420.0,65.6,EQ
11-10-2018,65.0,66.6,63.8,64.9,65.2,101.45,54.4,10606784,689562917.15,21244.0,65.01,EQ
12-10-2018,65.5,67.2,65.05,66.55,66.5,101.45,54.4,14456332,956510436.8,23026.0,66.17,EQ
15-10-2018,66.55,67.5,65.4,67.05,67.35,101.45,57.35,7867758,524186834.0,18548.0,66.62,EQ
16-10-2018,67.35,68.25,67.15,67.55,67.6,101.45,57.35,4844056,327579870.6,14104.0,67.63,EQ
17-10-2018,68.45,68.7,65.0,65.35,65.7,101.45,57.35,7246190,482110003.25,19106.0,66.53,EQ
19-10-2018,65.3,66.5,64.55,65.4,65.55,101.45,57.35,7536449,494541273.4,21443.0,65.62,EQ
22-10-2018,65.8,66.2,63.85,64.35,64.3,101.45,58.55,6162558,398560263.05,23047.0,64.67,EQ
23-10-2018,63.5,64.75,62.45,64.15,64.45,101.45,58.55,5594547,356400750.75,17172.0,63.71,EQ
24-10-2018,64.95,65.3,63.8,64.85,64.95,101.45,58.55,5049788,325820215.75,14534.0,64.52,EQ
25-10-2018,63.95,64.85,62.35,62.9,62.9,101.45,58.55,6817127,433802287.55,17575.0,63.63,EQ
26-10-2018,63.0,64.0,61.8,63.2,63.1,101.45,58.55,6647607,418706136.9,18180.0,62.99,EQ
29-10-2018,63.25,65.6,63.05,64.95,64.9,101.45,61.8,5444882,350950093.2,13052.0,64.46,EQ
30-10-2018,64.9,66.0,64.35,65.35,65.5,101.45,61.8,4726655,309061848.75,13032.0,65.39,EQ
31-10-2018,65.75,66.0,63.3,64.45,64.4,101.45,61.8,9724401,627213090.3,23740.0,64.5,EQ
01-11-2018,64.9,67.5,64.65,67.15,67.2,101.45,61.8,9616801,638559546.05,28383.0,66.4,EQ
02-11-2018,67.95,71.1,67.3,69.55,70.0,101.45,61.8,14945941,1041252852.6,40277.0,69.67,EQ
05-11-2018,69.4,69.5,65.55,66.5,66.3,101.45,61.8,17712848,1190483550.85,42458.0,67.21,EQ
06-11-2018,66.9,67.2,65.6,66.2,66.1,101.45,61.8,7149775,474795435.2,20835.0,66.41,EQ
07-11-2018,66.8,66.8,66.0,66.6,66.7,101.45,61.8,867966,57726961.2,3572.0,66.51,EQ
09-11-2018,66.6,66.75,65.2,65.9,65.85,101.45,61.8,7049834,464020909.9,18955.0,65.82,EQ
12-11-2018,66.1,67.05,65.4,65.7,65.5,101.45,61.8,7902084,523043955.75,20935.0,66.19,EQ
13-11-2018,65.4,65.85,64.35,64.75,64.7,101.45,61.8,6584900,427781420.2,18323.0,64.96,EQ
14-11-2018,65.45,65.75,64.0,64.15,64.05,101.45,61.8,6510576,421738342.75,17738.0,64.78,EQ
15-11-2018,64.15,65.1,63.55,64.65,64.6,101.45,61.8,5209022,336110797.75,12940.0,64.52,EQ
16-11-2018,64.65,65.1,63.55,64.1,64.05,101.45,61.8,5844982,374734023.75,13705.0,64.11,EQ
19-11-2018,64.0,64.85,63.8,64.3,64.4,101.45,61.8,4582080,294731230.15,12692.0,64.32,EQ
20-11-2018,64.25,64.25,62.15,62.4,62.35,101.45,61.8,8516248,536726259.45,20649.0,63.02,EQ
21-11-2018,62.5,62.5,61.3,61.9,62.0,101.45,61.3,9851988,608817159.6,30789.0,61.8,EQ
22-11-2018,62.0,62.5,60.3,60.5,60.35,101.45,60.3,7715525,472937862.1,28952.0,61.3,EQ
26-11-2018,60.5,60.7,57.25,58.05,58.1,101.45,57.25,13066297,764626134.95,39269.0,58.52,EQ
27-11-2018,57.9,57.9,55.9,56.8,56.8,101.45,55.9,18527237,1049447743.8,42946.0,56.64,EQ
28-11-2018,57.15,57.15,55.1,55.4,55.3,101.45,55.1,9116552,512948885.35,25436.0,56.27,EQ
29-11-2018,56.0,56.55,54.45,54.75,55.0,101.45,54.45,14548304,803112105.9,29428.0,55.2,EQ
30-11-2018,55.0,55.85,54.45,55.3,55.15,101.45,54.45,11029301,609103119.95,24345.0,55.23,EQ
03-12-2018,56.55,57.3,56.1,56.7,56.65,101.45,54.45,10011251,567288850.0,22523.0,56.67,EQ
04-12-2018,56.65,56.95,55.5,55.6,55.7,101.45,54.45,8123745,455063545.2,17805.0,56.02,EQ
05-12-2018,55.0,55.25,52.8,53.05,53.05,101.45,52.8,12252439,659072247.9,27677.0,53.79,EQ
06-12-2018,52.0,53.85,51.6,53.05,53.0,101.45,51.6,11248152,595143018.9,27888.0,52.91,EQ
07-12-2018,52.9,53.55,50.5,51.0,50.85,101.45,50.5,19899203,1021932152.65,45718.0,51.36,EQ
10-12-2018,50.3,50.65,49.35,50.05,50.0,101.45,49.35,10983541,549873769.55,23335.0,50.06,EQ
11-12-2018,49.1,51.15,49.0,50.7,50.8,101.45,49.0,9644336,486276068.65,19644.0,50.42,EQ
12-12-2018,51.0,52.9,50.9,52.35,52.35,101.45,49.0,9387268,490079752.9,18333.0,52.21,EQ
13-12-2018,52.55,53.15,51.0,51.35,51.45,101.45,49.0,11997268,624317668.85,30560.0,52.04,EQ
14-12-2018,51.35,52.1,50.65,51.25,51.25,101.45,49.0,7413105,380937925.1,14915.0,51.39,EQ
17-12-2018,51.95,53.2,51.5,52.4,52.3,101.45,49.0,12549963,659550073.5,26124.0,52.55,EQ
18-12-2018,52.3,53.4,51.9,53.15,53.4,101.45,49.0,9117715,480507711.35,18302.0,52.7,EQ
19-12-2018,53.45,54.9,52.9,54.5,54.35,101.45,49.0,12921473,698414376.3,24833.0,54.05,EQ
20-12-2018,54.15,54.65,53.25,53.4,53.55,101.45,49.0,10448378,562698227.25,17206.0,53.86,EQ
21-12-2018,53.25,54.6,52.5,52.9,52.75,101.45,49.0,9680021,516690574.75,21179.0,53.38,EQ
24-12-2018,53.2,53.3,51.5,51.95,52.05,101.45,49.0,10175352,532327763.85,21043.0,52.32,EQ
26-12-2018,51.85,52.75,50.55,52.55,52.65,101.45,49.0,20334912,1048813029.25,25485.0,51.58,EQ
27-12-2018,53.0,53.25,51.15,51.5,51.65,101.45,49.0,38066993,1970889519.25,27197.0,51.77,EQ
28-12-2018,51.95,54.9,51.8,54.65,54.85,101.45,49.0,22567783,1214745916.15,41878.0,53.83,EQ
31-12-2018,55.05,56.65,55.0,56.35,56.5,101.45,49.0,21021929,1178992939.7,41108.0,56.08,EQ
01-01-2019,56.7,56.8,55.45,55.75,55.7,101.45,49.0,9872769,550962972.3,17449.0,55.81,EQ
02-01-2019,54.5,55.2,53.75,54.0,53.85,101.45,49.0,12322286,672260026.5,19975.0,54.56,EQ
03-01-2019,53.9,54.05,52.3,52.45,52.4,101.45,49.0,8541801,454450212.7,15671.0,53.2,EQ
04-01-2019,52.45,53.45,51.9,53.15,53.4,101.45,49.0,12729595,670574667.0,21418.0,52.68,EQ
07-01-2019,53.95,54.3,53.0,53.4,53.45,101.45,49.0,7375254,396126253.45,14429.0,53.71,EQ
08-01-2019,53.75,54.5,53.25,54.35,54.3,101.45,49.0,8420840,454693669.85,14155.0,54.0,EQ
09-01-2019,54.5,54.95,52.05,52.25,52.15,101.45,49.0,14003107,740521031.15,24661.0,52.88,EQ
10-01-2019,52.6,52.8,51.95,52.45,52.35,101.45,49.0,7453857,390839059.6,13200.0,52.43,EQ
11-01-2019,52.5,52.9,51.9,52.2,52.15,101.45,49.0,7675807,402237862.3,15735.0,52.4,EQ
14-01-2019,52.3,52.3,50.4,50.55,50.5,101.1,49.0,11502355,585762604.6,23791.0,50.93,EQ
15-01-2019,50.75,51.5,50.55,51.05,50.95,101.1,49.0,10317578,525667421.0,17536.0,50.95,EQ
16-01-2019,51.25,51.35,50.35,50.4,50.4,101.1,49.0,10092890,511568404.8,23366.0,50.69,EQ
17-01-2019,50.6,50.8,49.7,49.9,49.75,101.1,49.0,13023795,652700605.5,22943.0,50.12,EQ
18-01-2019,50.0,50.45,49.5,49.7,49.65,101.1,49.0,9014258,449927667.75,16240.0,49.91,EQ
21-01-2019,49.9,50.25,49.2,49.35,49.2,98.4,49.0,7737176,384085381.25,12989.0,49.64,EQ
22-01-2019,49.25,49.3,47.35,48.25,48.2,98.4,47.35,13038400,626816298.7,23050.0,48.07,EQ
23-01-2019,48.3,49.15,48.1,48.55,48.6,98.4,47.35,8867064,431438128.2,16773.0,48.66,EQ
24-01-2019,48.65,48.95,48.05,48.25,48.2,98.4,47.35,6284815,303918675.05,10109.0,48.36,EQ
25-01-2019,48.5,49.0,47.0,47.25,47.15,98.4,47.0,9383714,451502627.2,17181.0,48.12,EQ
28-01-2019,47.15,47.3,45.6,46.15,46.3,98.3,45.6,8158462,377569114.95,14713.0,46.28,EQ
29-01-2019,45.9,46.8,45.55,46.2,46.5,98.3,45.55,7592718,351079664.8,14789.0,46.24,EQ
30-01-2019,46.55,47.85,46.5,47.3,47.3,98.3,45.55,9742271,460337377.05,19522.0,47.25,EQ
31-01-2019,47.55,48.15,46.75,47.0,47.05,98.3,45.55,11039580,520649121.5,16882.0,47.16,EQ
01-02-2019,47.5,47.9,45.8,46.25,46.35,98.3,45.55,11071914,516725769.05,22205.0,46.67,EQ
04-02-2019,46.2,46.3,44.6,45.75,45.65,98.3,44.6,9813307,444415544.45,19222.0,45.29,EQ
05-02-2019,45.65,46.35,44.7,45.35,45.4,98.3,44.6,8388731,382436832.25,16102.0,45.59,EQ
06-02-2019,45.75,47.8,44.55,47.3,47.8,98.3,44.55,11978877,552402438.5,22866.0,46.11,EQ
07-02-2019,48.0,49.1,47.05,48.65,48.9,98.3,44.55,13951698,668130207.6,25573.0,47.89,EQ
08-02-2019,49.65,49.7,44.0,44.85,44.55,98.3,44.0,33638859,1572860294.45,59659.0,46.76,EQ
11-02-2019,44.8,45.35,44.05,44.8,44.95,98.3,44.0,17945762,802804747.9,30535.0,44.74,EQ
12-02-2019,44.95,47.95,44.5,47.3,47.2,98.3,44.0,31711149,1488220676.0,59907.0,46.93,EQ
13-02-2019,47.2,48.25,45.75,46.0,45.9,98.3,44.0,16086590,755148327.4,25992.0,46.94,EQ
14-02-2019,45.9,46.55,45.1,46.25,46.35,98.3,44.0,16576884,759800043.55,23524.0,45.83,EQ
15-02-2019,46.0,46.4,44.3,44.9,44.9,98.3,44.0,12497651,563102885.6,21147.0,45.06,EQ
18-02-2019,45.5,46.3,44.25,44.45,44.4,91.1,44.0,13908398,627617811.9,22631.0,45.13,EQ
19-02-2019,44.65,46.8,44.55,46.2,46.25,91.1,44.0,20738522,951147416.0,29923.0,45.86,EQ
20-02-2019,46.4,48.5,46.2,47.9,47.85,91.1,44.0,26058078,1242561076.7,36622.0,47.68,EQ
21-02-2019,47.5,49.2,47.3,49.0,49.05,91.1,44.0,23364372,1136149834.8,28250.0,48.63,EQ
22-02-2019,49.0,49.4,48.5,49.25,49.3,91.1,44.0,15246464,747178174.0,18164.0,49.01,EQ
25-02-2019,49.7,50.4,48.2,48.6,48.7,91.1,44.0,20367117,999706019.75,27337.0,49.08,EQ
26-02-2019,48.0,49.05,46.7,48.55,48.55,91.1,44.0,21504680,1031635523.45,27251.0,47.97,EQ
27-02-2019,48.85,49.85,48.2,48.5,48.4,91.1,44.0,17735057,868222711.85,24415.0,48.96,EQ
28-02-2019,48.5,49.05,47.8,48.25,48.4,91.1,44.0,16924212,820196812.2,19940.0,48.46,EQ
01-03-2019,49.0,52.85,48.9,52.35,52.7,91.1,44.0,54034849,2793995739.15,84453.0,51.71,EQ
05-03-2019,52.5,55.35,52.25,55.05,55.15,91.1,44.0,31584607,1719555838.85,51863.0,54.44,EQ
06-03-2019,55.5,56.6,54.9,55.45,55.25,91.1,44.0,26836423,1496040594.9,38818.0,55.75,EQ
07-03-2019,55.45,56.0,54.2,54.4,54.4,91.1,44.0,19411858,1065585511.1,28770.0,54.89,EQ
08-03-2019,54.4,54.4,53.2,53.5,53.55,91.1,44.0,13899445,746759500.75,23733.0,53.73,EQ
11-03-2019,53.95,55.4,53.7,55.05,55.25,91.1,44.0,16416362,899078472.75,25470.0,54.77,EQ
12-03-2019,55.65,56.0,54.65,55.0,54.85,91.1,44.0,15523904,859051006.05,24298.0,55.34,EQ
13-03-2019,55.0,55.0,52.1,52.65,52.55,91.1,44.0,24907096,1315719223.25,34901.0,52.83,EQ
14-03-2019,52.8,53.75,51.6,52.7,52.85,91.1,44.0,19319757,1016111558.35,28371.0,52.59,EQ
15-03-2019,53.3,53.35,51.05,51.55,51.7,91.1,44.0,31665508,1646611427.85,43855.0,52.0,EQ
18-03-2019,52.15,54.3,51.05,53.5,54.1,91.1,44.0,28497967,1491231341.4,43195.0,52.33,EQ
19-03-2019,54.15,55.1,53.25,53.6,53.6,91.1,44.0,22914664,1239723574.8,44845.0,54.1,EQ
20-03-2019,53.6,53.9,52.0,53.05,52.95,91.1,44.0,20218086,1070427520.9,31746.0,52.94,EQ
22-03-2019,53.1,53.8,51.6,51.8,51.7,91.1,44.0,18455694,972217954.75,30615.0,52.68,EQ
25-03-2019,51.55,51.55,49.75,49.95,49.95,91.1,44.0,22061795,1107297101.7,38659.0,50.19,EQ
26-03-2019,50.45,50.85,50.1,50.65,50.7,91.1,44.0,13337489,672235399.5,18259.0,50.4,EQ
27-03-2019,51.0,51.85,50.05,50.25,50.15,91.1,44.0,20009857,1017715309.9,31813.0,50.86,EQ
28-03-2019,50.3,51.1,50.1,50.7,50.85,91.1,44.0,22880350,1157456434.75,26800.0,50.59,EQ
29-03-2019,51.0,54.35,51.0,53.75,53.8,91.1,44.0,36912319,1971094859.85,59029.0,53.4,EQ
01-04-2019,54.7,56.65,54.6,55.05,55.05,91.1,44.0,28749874,1600115336.25,42124.0,55.66,EQ
02-04-2019,55.4,56.65,54.45,56.15,56.55,91.1,44.0,22648149,1262299678.8,37030.0,55.74,EQ
03-04-2019,57.0,58.75,56.75,57.55,57.25,91.1,44.0,45414284,2628202868.5,78877.0,57.87,EQ
04-04-2019,57.65,58.65,56.05,58.15,58.4,91.1,44.0,42400816,2435433694.9,60289.0,57.44,EQ
05-04-2019,58.9,59.55,58.0,59.25,59.45,91.1,44.0,34061676,2001985088.65,50735.0,58.78,EQ
08-04-2019,59.8,60.2,57.85,59.0,58.95,91.1,44.0,28542275,1686439415.75,41597.0,59.09,EQ
09-04-2019,59.0,59.1,57.25,58.85,58.95,91.1,44.0,21779368,1268481160.5,27636.0,58.24,EQ
10-04-2019,58.05,59.7,57.65,57.95,57.9,91.1,44.0,21357805,1253993337.3,30082.0,58.71,EQ
11-04-2019,58.0,58.35,56.4,56.75,56.85,91.1,44.0,17667620,1008188808.65,23969.0,57.06,EQ
12-04-2019,56.9,57.35,56.25,57.0,56.95,91.1,44.0,16971322,963451221.05,25985.0,56.77,EQ
15-04-2019,57.25,59.4,57.1,58.9,58.8,91.1,44.0,27820612,1631934093.3,38501.0,58.66,EQ
16-04-2019,59.2,59.25,58.3,58.7,58.7,91.1,44.0,17623937,1034612349.6,23517.0,58.7,EQ
18-04-2019,59.0,59.1,56.15,57.35,57.15,91.1,44.0,29811796,1704273477.75,38800.0,57.17,EQ
22-04-2019,57.2,57.35,56.3,56.6,56.4,91.1,44.0,16966325,962303609.35,24781.0,56.72,EQ
23-04-2019,56.5,57.0,54.35,54.65,54.55,91.1,44.0,20596128,1146192050.7,28058.0,55.65,EQ
24-04-2019,54.85,57.05,54.05,56.45,56.45,91.1,44.0,23743401,1326944128.0,42080.0,55.89,EQ
25-04-2019,56.25,56.9,55.9,56.45,56.65,91.1,44.0,22828340,1287375665.45,22344.0,56.39,EQ
26-04-2019,56.7,58.5,56.4,56.7,56.75,91.1,44.0,32374526,1854015241.3,45315.0,57.27,EQ
30-04-2019,56.7,56.85,54.15,55.8,55.8,91.1,44.0,34709270,1931033920.15,43604.0,55.63,EQ
02-05-2019,56.0,56.7,55.35,56.25,56.2,91.1,44.0,16403847,921049612.85,23073.0,56.15,EQ
03-05-2019,56.45,57.2,55.75,56.95,57.05,91.1,44.0,18244875,1033654956.25,28338.0,56.65,EQ
06-05-2019,55.0,55.6,54.1,55.05,55.05,91.1,44.0,18665664,1028748239.9,24857.0,55.11,EQ
07-05-2019,55.75,55.9,52.65,53.0,53.35,91.1,44.0,19603477,1066796751.55,26134.0,54.42,EQ
08-05-2019,52.6,53.95,52.3,52.85,52.9,91.1,44.0,18834149,999047589.95,26727.0,53.04,EQ
09-05-2019,52.75,53.35,51.9,52.15,52.15,91.1,44.0,15583718,818948783.8,23979.0,52.55,EQ
10-05-2019,52.6,53.5,51.6,52.5,52.35,91.1,44.0,24838439,1306484433.1,31779.0,52.6,EQ
13-05-2019,52.6,52.95,50.2,50.75,50.4,91.1,44.0,14206295,737301472.25,21156.0,51.9,EQ
14-05-2019,50.5,50.5,47.55,47.75,47.65,91.1,44.0,40357846,1960720052.5,51272.0,48.58,EQ
15-05-2019,48.15,48.85,45.9,46.2,45.95,91.1,44.0,28957009,1371124650.35,39978.0,47.35,EQ
16-05-2019,46.45,48.4,46.1,48.0,48.0,91.1,44.0,23386328,1102332001.4,29780.0,47.14,EQ
17-05-2019,48.0,48.25,47.05,47.65,47.75,91.1,44.0,12535298,595685960.75,19038.0,47.52,EQ
20-05-2019,49.9,51.75,48.7,51.45,51.5,91.1,44.0,22687435,1151585396.25,34554.0,50.76,EQ
21-05-2019,51.75,52.0,50.0,50.4,50.5,91.1,44.0,11358235,576825724.35,17353.0,50.78,EQ
22-05-2019,50.85,51.15,49.2,50.85,50.85,91.1,44.0,15936873,799295438.2,23827.0,50.15,EQ
23-05-2019,51.95,52.8,48.7,49.05,49.1,91.1,44.0,25561520,1301098014.65,35301.0,50.9,EQ
24-05-2019,49.9,51.95,48.75,51.65,51.8,91.1,44.0,22739588,1146345243.15,33836.0,50.41,EQ
27-05-2019,52.1,53.9,51.6,53.6,53.6,91.1,44.0,23072280,1225451493.35,30763.0,53.11,EQ
28-05-2019,54.05,54.3,52.8,53.25,53.25,91.1,44.0,16382136,876293307.65,24657.0,53.49,EQ
29-05-2019,53.0,53.1,50.8,51.35,51.5,91.1,44.0,16358558,847140370.55,26209.0,51.79,EQ
30-05-2019,51.85,51.85,49.8,50.55,50.5,91.1,44.0,21450656,1086624383.1,36026.0,50.66,EQ
31-05-2019,50.0,51.1,48.4,50.15,50.05,91.1,44.0,38814328,1927428898.6,50050.0,49.66,EQ
03-06-2019,50.15,51.6,49.1,51.25,51.25,91.1,44.0,21129480,1066119231.95,28606.0,50.46,EQ
04-06-2019,51.25,52.25,49.9,50.5,50.55,91.1,44.0,23146171,1177831035.95,31487.0,50.89,EQ
06-06-2019,50.55,50.8,48.35,48.7,48.7,91.1,44.0,18743224,923888574.25,38307.0,49.29,EQ
07-06-2019,48.7,49.7,47.75,48.3,48.45,91.1,44.0,22133454,1078040359.05,60073.0,48.71,EQ
10-06-2019,48.65,49.4,47.55,48.2,48.3,91.1,44.0,15443180,745789084.75,27275.0,48.29,EQ
11-06-2019,48.5,49.85,48.05,49.6,49.65,91.1,44.0,16527786,811700418.3,24267.0,49.11,EQ
12-06-2019,49.65,51.5,49.4,50.35,50.35,91.1,44.0,23301240,1181108873.5,36194.0,50.69,EQ
13-06-2019,51.35,51.95,49.75,51.45,51.4,91.1,44.0,34964464,1780875330.5,53997.0,50.93,EQ
14-06-2019,51.45,51.9,50.0,50.4,50.1,91.1,44.0,17910067,915187238.05,26447.0,51.1,EQ
17-06-2019,50.0,50.1,47.55,47.7,47.85,88.15,44.0,24960705,1211796140.5,35017.0,48.55,EQ
18-06-2019,48.0,48.4,47.0,47.65,47.8,88.15,44.0,21692154,1036540908.1,32255.0,47.78,EQ
19-06-2019,48.85,49.45,46.8,47.75,47.7,88.15,44.0,32615248,1573054903.7,42941.0,48.23,EQ
20-06-2019,47.85,49.85,47.2,49.6,49.8,88.15,44.0,28076357,1363698963.45,35301.0,48.57,EQ
21-06-2019,49.55,50.4,49.1,50.05,49.9,88.15,44.0,24418643,1218749203.9,30342.0,49.91,EQ
24-06-2019,49.9,50.85,48.6,49.15,49.1,84.3,44.0,21205616,1053894215.95,28526.0,49.7,EQ
25-06-2019,49.15,50.6,48.5,50.35,50.2,84.3,44.0,20007773,997441500.25,25079.0,49.85,EQ
26-06-2019,50.0,52.85,49.8,52.55,52.35,84.3,44.0,27494517,1415106738.85,34838.0,51.47,EQ
27-06-2019,52.5,52.8,51.5,52.2,52.3,84.3,44.0,20428392,1065291761.2,29033.0,52.15,EQ
28-06-2019,52.3,52.75,50.2,50.75,50.7,84.3,44.0,22263515,1147264267.45,28017.0,51.53,EQ
01-07-2019,51.05,51.8,50.1,51.1,51.1,83.55,44.0,18877756,962595783.6,28141.0,50.99,EQ
02-07-2019,51.15,51.7,50.5,51.25,51.15,83.55,44.0,16730019,855707154.5,21886.0,51.15,EQ
03-07-2019,51.3,52.6,50.4,51.7,51.85,83.55,44.0,22331515,1150410430.8,27362.0,51.52,EQ
04-07-2019,51.9,52.2,51.2,51.9,51.9,83.55,44.0,16530485,855362989.0,21074.0,51.74,EQ
05-07-2019,52.1,52.2,47.6,48.35,48.3,83.55,44.0,30127549,1515909571.2,38238.0,50.32,EQ
08-07-2019,48.45,48.95,46.1,46.3,46.5,83.55,44.0,33131693,1563162270.9,49515.0,47.18,EQ
09-07-2019,46.45,47.1,46.2,46.9,46.95,83.55,44.0,18240378,851078849.85,24719.0,46.66,EQ
10-07-2019,47.15,47.3,45.15,45.8,45.65,83.55,44.0,24276492,1114553475.9,33744.0,45.91,EQ
11-07-2019,46.5,47.05,45.5,46.75,46.6,83.55,44.0,27348795,1268907613.8,42720.0,46.4,EQ
12-07-2019,46.7,48.2,46.3,47.2,47.25,83.55,44.0,23373965,1105961859.45,34469.0,47.32,EQ
15-07-2019,47.45,47.5,46.15,46.6,46.7,82.0,44.0,16954119,791285344.2,22858.0,46.67,EQ
16-07-2019,46.75,47.4,46.5,47.25,47.1,82.0,44.0,15557621,731277111.15,20594.0,47.0,EQ
17-07-2019,47.15,47.7,46.7,47.15,47.1,82.0,44.0,14976189,706720922.2,20445.0,47.19,EQ
18-07-2019,47.0,47.15,45.45,45.55,45.6,82.0,44.0,17822698,823160312.75,26408.0,46.19,EQ
19-07-2019,45.75,46.1,44.3,44.6,44.85,82.0,44.0,17876731,806485324.85,25792.0,45.11,EQ
22-07-2019,44.6,46.45,44.3,46.25,46.25,82.0,44.0,18679123,850423383.65,24140.0,45.53,EQ
23-07-2019,46.15,46.45,45.5,46.05,45.9,82.0,44.0,12981996,596648214.45,17126.0,45.96,EQ
24-07-2019,45.85,46.2,43.3,43.6,43.65,82.0,43.3,26221451,1157461803.55,37333.0,44.14,EQ
25-07-2019,43.7,44.3,42.85,43.15,43.25,82.0,42.85,18992940,826549675.6,25061.0,43.52,EQ
26-07-2019,43.35,45.55,42.85,45.2,45.2,82.0,42.85,27241668,1217073661.35,33852.0,44.68,EQ
29-07-2019,45.2,45.4,43.5,44.2,44.25,82.0,42.85,13852174,611416425.85,17249.0,44.14,EQ
30-07-2019,44.05,44.55,41.2,41.6,41.3,82.0,41.2,26772431,1148742942.25,32732.0,42.91,EQ
31-07-2019,41.0,42.95,40.8,42.75,42.7,82.0,40.8,25134403,1059923758.65,33353.0,42.17,EQ
01-08-2019,42.3,42.55,41.4,42.1,42.0,82.0,40.8,15751851,660986573.8,19672.0,41.96,EQ
02-08-2019,41.65,41.65,39.85,40.9,40.8,82.0,39.85,29679024,1212882501.65,40934.0,40.87,EQ
05-08-2019,40.2,40.85,39.1,39.9,39.95,82.0,39.1,22888223,914934979.0,31629.0,39.97,EQ
06-08-2019,39.4,41.0,39.35,40.55,40.35,82.0,39.1,17852899,720283018.15,23791.0,40.35,EQ
07-08-2019,40.35,40.65,38.85,39.05,38.9,82.0,38.85,20972506,834387817.15,27390.0,39.78,EQ
08-08-2019,39.1,39.5,37.7,38.85,38.8,82.0,37.7,30942511,1197585787.2,35796.0,38.7,EQ
09-08-2019,39.0,39.95,38.5,38.8,38.75,82.0,37.7,21897438,859916951.85,30662.0,39.27,EQ
13-08-2019,38.0,39.1,35.8,36.45,36.4,81.9,35.8,53609259,1984791116.45,57279.0,37.02,EQ
14-08-2019,37.0,37.75,36.4,37.0,36.9,81.9,35.8,35081345,1300321644.15,43720.0,37.07,EQ
16-08-2019,36.8,36.8,35.95,36.2,36.2,81.9,35.8,22915351,831407213.65,30645.0,36.28,EQ
19-08-2019,36.5,36.65,35.7,36.05,35.95,81.9,35.7,18054018,651363946.2,21415.0,36.08,EQ
20-08-2019,36.2,36.2,34.35,34.65,34.75,81.9,34.35,20619953,721617974.35,64441.0,35.0,EQ
21-08-2019,34.2,34.55,31.3,31.85,31.75,81.9,31.3,37656535,1240529105.6,42427.0,32.94,EQ
22-08-2019,31.3,31.75,29.7,30.05,30.1,81.9,29.7,40625817,1252548935.9,54301.0,30.83,EQ
23-08-2019,29.6,31.7,29.55,31.35,31.35,81.9,29.55,33584861,1039596998.1,42076.0,30.95,EQ
26-08-2019,31.95,32.3,29.8,31.9,31.95,81.9,29.55,35890299,1118491061.4,38791.0,31.16,EQ
27-08-2019,31.8,33.2,31.6,32.85,32.8,81.9,29.55,36147248,1175342770.5,37279.0,32.52,EQ
28-08-2019,32.75,32.75,30.85,31.1,30.95,81.9,29.55,24741665,781720298.75,33951.0,31.6,EQ
29-08-2019,30.95,31.75,30.0,31.3,31.4,81.9,29.55,38023372,1174581642.1,36209.0,30.89,EQ
30-08-2019,31.75,32.3,30.4,31.2,31.25,81.9,29.55,40034465,1253497590.6,58315.0,31.31,EQ
03-09-2019,30.8,31.25,30.15,30.45,30.4,81.25,29.55,20766847,637589913.4,24046.0,30.7,EQ
04-09-2019,30.4,32.5,30.1,32.25,32.45,81.25,29.55,38867349,1215709331.0,42366.0,31.28,EQ
05-09-2019,32.65,33.25,32.1,32.45,32.45,81.25,29.55,31681301,1034864465.75,33775.0,32.66,EQ
06-09-2019,32.5,33.2,32.05,33.0,33.0,81.25,29.55,23728556,773918177.95,26016.0,32.62,EQ
09-09-2019,32.9,33.55,32.15,32.9,32.9,80.7,29.55,25259844,831203552.7,27287.0,32.91,EQ
11-09-2019,32.95,34.45,32.95,34.1,33.9,80.7,29.55,27352192,928890609.55,35642.0,33.96,EQ
12-09-2019,34.2,35.05,33.6,33.75,33.75,80.7,29.55,29597623,1013928685.55,39879.0,34.26,EQ
13-09-2019,33.85,34.0,32.4,33.8,33.8,80.7,29.55,30325063,1006566866.85,33040.0,33.19,EQ
16-09-2019,33.55,33.8,33.15,33.35,33.35,80.7,29.55,21319863,712849866.05,29459.0,33.44,EQ
17-09-2019,34.3,36.2,33.15,33.4,33.2,80.7,29.55,92616282,3226655414.95,133234.0,34.84,EQ
18-09-2019,33.8,34.15,32.8,33.4,33.35,80.7,29.55,44265503,1487308453.7,71352.0,33.6,EQ
19-09-2019,33.5,33.5,31.5,31.85,31.95,80.7,29.55,34921338,1124721968.7,42208.0,32.21,EQ
20-09-2019,32.05,34.9,31.4,34.4,34.65,80.7,29.55,77261177,2586845981.55,84717.0,33.48,EQ
23-09-2019,35.55,36.05,34.2,34.9,34.7,77.05,29.55,37078473,1297646822.95,39823.0,35.0,EQ
24-09-2019,34.75,34.95,34.2,34.35,34.25,77.05,29.55,20533187,707600345.95,21891.0,34.46,EQ
25-09-2019,34.0,34.1,32.6,32.85,32.7,77.05,29.55,27187565,901739381.65,29574.0,33.17,EQ
26-09-2019,33.0,34.45,32.9,34.25,34.45,77.05,29.55,41592871,1411150433.15,41945.0,33.93,EQ
27-09-2019,34.2,34.3,32.7,33.05,33.05,77.05,29.55,29290686,977382243.8,29927.0,33.37,EQ
30-09-2019,32.6,33.65,31.65,33.45,33.35,71.35,29.55,39370928,1274411370.8,39306.0,32.37,EQ
01-10-2019,33.4,33.8,31.3,32.1,32.1,71.35,29.55,33374777,1082575259.2,34781.0,32.44,EQ
03-10-2019,31.6,32.3,31.1,31.45,31.5,71.35,29.55,28415533,900118448.9,29455.0,31.68,EQ
04-10-2019,31.8,31.95,31.0,31.15,31.1,71.35,29.55,28961703,912662641.95,26460.0,31.51,EQ
07-10-2019,31.35,32.8,30.15,32.15,32.15,71.1,29.55,41093854,1287435232.95,43698.0,31.33,EQ
09-10-2019,31.8,32.9,31.5,32.65,32.75,71.1,29.55,28747660,923126385.3,32002.0,32.11,EQ
10-10-2019,32.2,32.45,31.6,31.8,31.7,71.1,29.55,21413466,684860448.45,19647.0,31.98,EQ
11-10-2019,32.0,32.8,31.6,32.2,32.1,71.1,29.55,28847549,928306135.65,28650.0,32.18,EQ
14-10-2019,32.65,33.05,32.3,32.65,32.6,71.1,29.55,21445957,701730809.9,22448.0,32.72,EQ
15-10-2019,32.5,34.45,31.6,33.4,33.45,71.1,29.55,55294896,1821071195.65,44011.0,32.93,EQ
16-10-2019,33.4,33.75,32.55,32.8,32.75,71.1,29.55,25355672,840734938.0,24419.0,33.16,EQ
17-10-2019,32.6,33.8,32.0,33.55,33.55,71.1,29.55,25315121,830435544.5,25138.0,32.8,EQ
18-10-2019,33.45,36.55,33.15,36.2,36.3,71.1,29.55,58695573,2080624882.3,65042.0,35.45,EQ
22-10-2019,36.2,37.3,35.4,35.6,35.55,71.1,29.55,36094539,1311386230.5,42092.0,36.33,EQ
23-10-2019,35.5,35.95,34.75,35.15,35.15,71.1,29.55,20708720,731119228.85,23236.0,35.3,EQ
24-10-2019,35.3,35.75,34.2,34.35,34.4,71.1,29.55,28570124,996912368.85,28446.0,34.89,EQ
25-10-2019,34.5,35.15,34.05,34.9,34.8,71.1,29.55,23878498,825290472.5,24358.0,34.56,EQ
27-10-2019,35.2,35.35,35.05,35.15,35.15,71.1,29.55,1720845,60572096.65,4482.0,35.2,EQ
29-10-2019,35.15,37.2,35.0,37.0,36.9,71.1,29.55,36205662,1329684748.35,37036.0,36.73,EQ
30-10-2019,37.15,37.65,36.7,37.35,37.5,71.1,29.55,26512896,987445519.1,30553.0,37.24,EQ
31-10-2019,37.4,38.35,36.0,36.6,36.8,71.1,29.55,27770274,1037326283.7,32099.0,37.35,EQ
01-11-2019,36.7,39.4,36.55,38.95,38.95,71.1,29.55,46394896,1767445277.15,53412.0,38.1,EQ
04-11-2019,39.5,41.2,39.5,40.3,40.2,69.5,29.55,45820695,1853307221.85,62585.0,40.45,EQ
05-11-2019,40.2,40.75,38.8,39.1,38.95,69.5,29.55,29697013,1186053055.95,37328.0,39.94,EQ
06-11-2019,38.85,39.7,38.6,39.3,39.05,69.5,29.55,25722198,1010667164.9,28411.0,39.29,EQ
07-11-2019,39.4,40.7,38.5,39.95,39.8,69.5,29.55,38197820,1507755700.0,41712.0,39.47,EQ
08-11-2019,39.85,39.95,38.55,38.7,38.7,69.5,29.55,27026861,1061472191.45,30088.0,39.27,EQ
11-11-2019,38.6,39.85,38.1,39.55,39.6,67.05,29.55,35349501,1373444764.0,39167.0,38.85,EQ
13-11-2019,39.35,39.9,37.55,37.85,37.65,67.05,29.55,29978471,1167791620.8,33089.0,38.95,EQ
14-11-2019,37.9,38.25,36.85,37.3,37.25,67.05,29.55,31308358,1177099127.8,34468.0,37.6,EQ
15-11-2019,36.8,37.45,36.05,36.4,36.35,67.05,29.55,37075054,1358618413.9,46418.0,36.65,EQ
18-11-2019,36.55,37.5,36.3,37.3,37.4,64.85,29.55,28715500,1061547638.55,32121.0,36.97,EQ
19-11-2019,37.4,37.5,36.75,37.05,37.1,64.85,29.55,20166801,746527582.65,21511.0,37.02,EQ
20-11-2019,37.15,38.4,37.15,37.9,37.85,64.85,29.55,26963527,1021106941.35,32485.0,37.87,EQ
21-11-2019,37.8,37.9,36.1,36.25,36.15,64.85,29.55,28884217,1066852808.35,49705.0,36.94,EQ
22-11-2019,36.4,39.25,36.2,38.55,39.2,64.85,29.55,44929987,1676493872.25,58297.0,37.31,EQ
25-11-2019,39.2,40.35,39.05,39.7,39.55,60.7,29.55,37627922,1491175264.35,58853.0,39.63,EQ
26-11-2019,40.0,40.1,38.25,38.6,38.55,60.7,29.55,34676343,1354511648.25,63593.0,39.06,EQ
27-11-2019,38.95,39.35,38.35,38.9,38.85,60.7,29.55,23303605,904950308.05,41554.0,38.83,EQ
28-11-2019,39.0,40.4,38.9,39.9,40.0,60.7,29.55,28968362,1148232997.05,35779.0,39.64,EQ
29-11-2019,39.9,40.3,39.0,39.35,39.25,60.7,29.55,25426332,1005719643.4,29580.0,39.55,EQ
02-12-2019,39.5,39.8,38.85,39.5,39.6,60.2,29.55,21262889,835218528.05,24550.0,39.28,EQ
03-12-2019,39.35,39.4,37.55,38.05,38.05,60.2,29.55,31464253,1200347548.7,33053.0,38.15,EQ
04-12-2019,37.35,39.5,36.8,39.35,39.35,60.2,29.55,34074178,1305060346.45,37203.0,38.3,EQ
05-12-2019,39.7,40.25,38.45,38.7,38.55,60.2,29.55,29321512,1149848225.05,41015.0,39.22,EQ
06-12-2019,39.0,39.55,37.8,38.3,38.2,60.2,29.55,27535575,1060470409.15,35775.0,38.51,EQ
09-12-2019,38.5,39.95,38.3,39.4,39.35,60.2,29.55,29370202,1155289222.9,38944.0,39.34,EQ
10-12-2019,39.15,39.45,38.05,38.25,38.15,60.2,29.55,18974222,735017811.35,27128.0,38.74,EQ
11-12-2019,38.2,38.85,37.5,38.2,38.15,60.2,29.55,20095683,767712792.85,27064.0,38.2,EQ
12-12-2019,38.45,40.0,38.3,39.8,39.55,60.2,29.55,25729420,1011952265.7,29088.0,39.33,EQ
13-12-2019,40.9,41.75,40.15,40.6,40.55,60.2,29.55,46128763,1883669029.4,58501.0,40.84,EQ
16-12-2019,41.0,41.0,39.3,39.45,39.4,60.2,29.55,22413922,893340825.8,27784.0,39.86,EQ
17-12-2019,39.6,41.5,39.35,40.85,40.8,60.2,29.55,42359512,1724352413.2,51962.0,40.71,EQ
18-12-2019,40.7,41.5,40.3,41.05,40.9,60.2,29.55,35192583,1441881821.8,42151.0,40.97,EQ
19-12-2019,40.9,41.4,40.6,41.1,41.05,60.2,29.55,25338726,1037525233.35,35596.0,40.95,EQ
20-12-2019,40.95,42.0,40.65,41.55,41.65,60.2,29.55,32394792,1343803785.15,41962.0,41.48,EQ
23-12-2019,41.45,42.1,40.8,41.0,40.85,60.2,29.55,26796488,1110204969.85,35019.0,41.43,EQ
24-12-2019,41.0,41.45,40.85,41.0,41.1,60.2,29.55,21261677,875183573.35,24705.0,41.16,EQ
26-12-2019,41.25,42.8,41.15,42.4,42.3,60.2,29.55,40946850,1723634039.6,48204.0,42.09,EQ
27-12-2019,42.45,42.7,41.65,42.15,42.15,60.2,29.55,18880983,795261410.55,23767.0,42.12,EQ
30-12-2019,42.2,43.35,41.8,43.1,43.1,60.2,29.55,26033812,1108795328.6,29671.0,42.59,EQ
31-12-2019,43.0,43.3,42.7,42.9,42.95,60.2,29.55,20565737,884080819.95,29766.0,42.99,EQ
01-01-2020,43.15,43.5,42.55,42.9,43.05,60.2,29.55,24324562,1045993598.3,27490.0,43.0,EQ
02-01-2020,44.0,47.6,43.7,47.25,47.05,60.2,29.55,90919639,4191741226.75,107837.0,46.1,EQ
03-01-2020,46.7,47.55,46.2,46.65,46.65,60.2,29.55,35905086,1684153936.25,45989.0,46.91,EQ
06-01-2020,46.3,46.4,44.6,44.8,44.75,60.2,29.55,26273422,1191343286.55,34417.0,45.34,EQ
07-01-2020,45.5,46.3,44.85,45.5,45.45,60.2,29.55,26593985,1210665268.8,31870.0,45.52,EQ
08-01-2020,45.35,47.05,44.75,46.8,46.75,60.2,29.55,36360158,1668020616.7,46252.0,45.87,EQ
09-01-2020,47.4,48.85,47.35,48.55,48.6,60.2,29.55,30851490,1483703300.65,42333.0,48.09,EQ
10-01-2020,48.6,50.4,48.3,49.9,49.95,60.2,29.55,41439011,2058767816.3,58273.0,49.68,EQ
13-01-2020,50.0,50.4,49.05,50.0,50.05,60.2,29.55,25345459,1262429760.9,37397.0,49.81,EQ
14-01-2020,50.45,51.65,50.1,50.75,50.85,60.2,29.55,33639648,1712434282.35,47772.0,50.91,EQ
15-01-2020,50.4,51.65,49.65,51.45,51.5,60.2,29.55,27277045,1386326517.75,37866.0,50.82,EQ
16-01-2020,51.5,51.75,50.65,50.85,50.9,60.2,29.55,23182881,1182930528.4,28286.0,51.03,EQ
17-01-2020,50.5,51.9,50.5,50.95,50.9,60.2,29.55,18835022,965251587.0,25716.0,51.25,EQ
20-01-2020,51.15,51.45,49.95,50.75,50.7,60.2,29.55,18760402,951145715.2,28619.0,50.7,EQ
21-01-2020,50.4,51.2,49.65,49.8,49.65,60.2,29.55,24173709,1215363398.75,33469.0,50.28,EQ
22-01-2020,50.0,50.3,49.2,49.8,49.7,60.2,29.55,18551852,921748719.7,28327.0,49.68,EQ
23-01-2020,49.55,50.8,49.4,50.4,50.45,60.2,29.55,13721598,689511934.65,21286.0,50.25,EQ
24-01-2020,50.45,51.5,50.1,51.05,51.05,60.2,29.55,16176998,824871810.35,32217.0,50.99,EQ
27-01-2020,50.7,50.7,48.35,48.75,48.5,60.2,29.55,23848030,1176398075.8,35441.0,49.33,EQ
28-01-2020,48.7,49.1,46.65,47.05,47.0,60.2,29.55,31387261,1493653930.25,49611.0,47.59,EQ
29-01-2020,47.6,48.45,47.45,47.65,47.7,60.2,29.55,17955370,860661154.05,31561.0,47.93,EQ
30-01-2020,47.7,47.75,46.6,47.35,47.45,60.2,29.55,20209701,953176780.85,32058.0,47.16,EQ
31-01-2020,47.6,47.95,46.2,46.5,46.6,60.2,29.55,17954383,843071084.65,32836.0,46.96,EQ
01-02-2020,46.0,47.15,44.0,44.5,44.25,60.2,29.55,18597802,852027458.0,36350.0,45.81,EQ
03-02-2020,43.7,45.25,43.25,44.75,45.15,60.2,29.55,29698362,1312600974.9,47774.0,44.2,EQ
04-02-2020,45.3,46.75,44.9,46.5,46.65,60.2,29.55,22700326,1041036300.9,34964.0,45.86,EQ
05-02-2020,46.75,49.2,46.3,48.75,49.0,60.2,29.55,30106870,1436352632.6,39088.0,47.71,EQ
06-02-2020,49.1,49.75,48.3,48.9,48.7,60.2,29.55,23115534,1135414378.7,33820.0,49.12,EQ
07-02-2020,48.55,49.3,48.2,48.65,48.5,60.2,29.55,18226191,888615542.9,23909.0,48.75,EQ
10-02-2020,48.4,48.4,45.7,46.0,46.05,60.2,29.55,27010689,1253448939.35,37572.0,46.41,EQ
11-02-2020,46.6,47.35,45.35,45.7,45.8,60.2,29.55,21550256,1003184603.6,30203.0,46.55,EQ
12-02-2020,46.1,46.7,45.1,45.85,45.8,60.2,29.55,15980861,732722093.25,22004.0,45.85,EQ
13-02-2020,45.8,46.3,45.1,45.3,45.15,60.2,29.55,15054008,685799214.95,24594.0,45.56,EQ
14-02-2020,45.2,45.8,43.65,43.9,43.8,60.2,29.55,17516625,785577059.4,29012.0,44.85,EQ
17-02-2020,42.0,44.0,41.85,42.8,42.75,60.2,29.55,32718648,1410783665.1,36832.0,43.12,EQ
18-02-2020,42.5,42.6,40.7,41.95,42.05,60.2,29.55,23914632,995731325.3,32006.0,41.64,EQ
19-02-2020,42.5,43.0,41.15,41.65,41.65,60.2,29.55,28855122,1205412350.45,35183.0,41.77,EQ
20-02-2020,41.25,42.65,40.95,42.15,42.1,60.2,29.55,23850054,999687989.7,32989.0,41.92,EQ
24-02-2020,41.45,41.45,39.05,39.25,39.1,60.2,29.55,22757603,914678119.65,29989.0,40.19,EQ
25-02-2020,39.4,40.15,38.9,39.25,39.35,60.2,29.55,22137095,873951149.75,26325.0,39.48,EQ
26-02-2020,38.4,39.2,38.25,38.55,38.7,60.2,29.55,18975185,734363503.05,24505.0,38.7,EQ
27-02-2020,38.6,38.6,37.0,37.9,37.95,60.2,29.55,22730562,859294883.7,26190.0,37.8,EQ
28-02-2020,35.2,36.7,34.9,35.55,35.6,60.2,29.55,33171784,1178454589.45,37315.0,35.53,EQ
02-03-2020,36.65,37.2,34.15,34.9,34.65,60.2,29.55,30887100,1117381435.75,39275.0,36.18,EQ
03-03-2020,35.45,36.5,35.1,36.0,36.15,60.2,29.55,25225572,898633185.9,37605.0,35.62,EQ
04-03-2020,36.15,36.4,34.05,34.85,34.9,60.2,29.55,37654957,1312729719.8,36778.0,34.86,EQ
05-03-2020,35.3,35.65,34.05,34.2,34.3,60.2,29.55,36583370,1268369814.3,36648.0,34.67,EQ
06-03-2020,32.8,33.5,31.9,33.0,33.0,60.2,29.55,22839018,747609601.8,26622.0,32.73,EQ
09-03-2020,32.0,32.1,29.05,29.8,29.75,60.2,29.05,33096753,1013699061.9,38508.0,30.63,EQ
11-03-2020,29.2,30.4,28.5,28.75,28.65,60.2,28.5,36530555,1079379911.0,42290.0,29.55,EQ
12-03-2020,27.0,27.35,24.5,24.7,24.9,60.2,24.5,46930409,1196867167.9,53435.0,25.5,EQ
13-03-2020,22.8,30.45,21.4,29.55,29.7,60.2,21.4,65615251,1745485877.45,82780.0,26.6,EQ
16-03-2020,27.05,28.6,25.15,27.25,27.2,60.2,21.4,34356130,952438867.85,65814.0,27.72,EQ
17-03-2020,27.6,30.7,27.05,28.3,27.9,60.2,21.4,45328524,1307863694.15,95673.0,28.85,EQ
18-03-2020,28.65,29.1,25.35,26.8,26.7,60.2,21.4,46502223,1252514355.5,96286.0,26.93,EQ
19-03-2020,25.05,26.55,24.8,25.2,25.1,60.2,21.4,41258156,1057976331.2,62037.0,25.64,EQ
20-03-2020,25.5,27.0,25.3,26.7,26.7,60.2,21.4,37286437,981126672.95,66235.0,26.31,EQ
23-03-2020,24.7,25.3,22.75,22.95,23.0,60.2,21.4,12938800,306429341.35,34010.0,23.68,EQ
24-03-2020,24.7,24.7,21.65,21.8,21.85,60.2,21.4,36471258,815648241.6,59385.0,22.36,EQ
25-03-2020,21.2,22.35,21.15,21.9,21.9,60.2,21.15,28771090,628804274.95,40591.0,21.86,EQ
26-03-2020,22.5,23.05,21.55,21.8,21.8,60.2,21.15,33055060,730525534.7,56590.0,22.1,EQ
27-03-2020,22.35,22.8,21.0,21.1,21.2,60.2,21.0,30567766,664630797.25,58472.0,21.74,EQ
30-03-2020,21.0,21.0,20.15,20.4,20.6,60.2,20.15,17780974,364444913.2,31878.0,20.5,EQ
31-03-2020,21.1,24.3,20.8,23.05,23.05,60.2,20.15,51867339,1155541018.4,74405.0,22.28,EQ
01-04-2020,23.05,23.05,21.8,22.2,22.2,60.2,20.15,18438953,411956169.6,38365.0,22.34,EQ
03-04-2020,22.25,22.6,21.5,21.65,21.75,60.2,20.15,15162888,330282358.1,25708.0,21.78,EQ
07-04-2020,23.35,24.85,22.4,24.45,24.6,60.2,20.15,33936109,806778178.0,66158.0,23.77,EQ
08-04-2020,24.0,27.55,23.7,25.35,25.55,60.2,20.15,53476363,1386080955.5,101577.0,25.92,EQ
09-04-2020,26.25,26.95,25.7,26.35,26.35,60.2,20.15,26855644,705352331.05,50031.0,26.26,EQ
13-04-2020,26.15,26.75,25.1,26.3,26.5,59.4,20.15,24780282,641787510.8,45952.0,25.9,EQ
15-04-2020,26.85,27.15,25.8,26.15,26.2,59.4,20.15,25214418,671215933.05,46695.0,26.62,EQ
16-04-2020,25.9,27.05,25.55,26.85,27.0,59.4,20.15,19014842,504764309.2,45125.0,26.55,EQ
17-04-2020,27.8,28.65,26.35,28.3,28.55,59.4,20.15,33557532,921672126.35,66592.0,27.47,EQ
20-04-2020,29.0,29.0,27.8,27.95,28.0,58.5,20.15,18761443,527372854.75,47651.0,28.11,EQ
21-04-2020,27.25,27.25,25.95,26.45,26.5,58.5,20.15,19026191,499918558.1,48106.0,26.28,EQ
22-04-2020,26.35,26.5,25.4,26.35,26.45,58.5,20.15,19429716,505662210.35,60892.0,26.03,EQ
23-04-2020,26.45,27.25,26.3,26.6,26.4,58.5,20.15,14851116,399379977.85,31565.0,26.89,EQ
24-04-2020,26.0,27.35,25.8,26.9,26.85,58.5,20.15,15594342,411927364.7,26232.0,26.42,EQ
27-04-2020,27.35,27.35,26.3,26.55,26.4,57.2,20.15,12314451,330882427.45,25768.0,26.87,EQ
28-04-2020,26.8,27.6,26.3,27.4,27.5,57.2,20.15,11729167,315497427.05,22317.0,26.9,EQ
29-04-2020,27.4,30.8,27.1,30.2,30.1,57.2,20.15,47374952,1387670483.25,100213.0,29.29,EQ
30-04-2020,30.6,32.25,30.6,31.85,31.9,57.2,20.15,35723601,1126362529.95,78433.0,31.53,EQ
04-05-2020,29.55,29.7,28.4,28.85,28.85,55.9,20.15,19496308,563151935.8,54740.0,28.89,EQ
05-05-2020,29.6,29.7,28.2,28.4,28.45,55.9,20.15,19206562,557511592.05,33119.0,29.03,EQ
06-05-2020,28.4,28.6,27.35,28.35,28.4,55.9,20.15,13068094,367783647.2,30156.0,28.14,EQ
07-05-2020,28.0,28.95,27.9,28.4,28.55,55.9,20.15,10084843,287225496.8,23511.0,28.48,EQ
08-05-2020,29.05,29.25,28.25,28.4,28.4,55.9,20.15,9909906,283891430.0,23586.0,28.65,EQ
11-05-2020,28.55,28.95,28.25,28.4,28.35,54.3,20.15,9173149,262415904.0,25880.0,28.61,EQ
12-05-2020,28.0,28.0,27.25,27.65,27.7,54.3,20.15,12003351,331697253.25,37601.0,27.63,EQ
13-05-2020,29.45,29.45,28.3,28.75,28.75,54.3,20.15,18998641,548818447.55,48030.0,28.89,EQ
14-05-2020,28.1,28.6,27.8,28.15,28.25,54.3,20.15,9714775,274156320.95,25383.0,28.22,EQ
15-05-2020,28.25,30.2,27.35,29.35,29.2,54.3,20.15,46611542,1375182358.15,95127.0,29.5,EQ
18-05-2020,29.5,29.6,27.15,27.45,27.45,54.3,20.15,23059521,643126308.85,59514.0,27.89,EQ
19-05-2020,27.8,28.25,26.75,27.0,27.05,54.3,20.15,30155259,826369318.35,59051.0,27.4,EQ
20-05-2020,26.9,27.9,26.55,27.6,27.6,54.3,20.15,18263255,502837464.5,35627.0,27.53,EQ
21-05-2020,27.6,28.55,27.45,28.1,28.1,54.3,20.15,27487243,771037714.95,40359.0,28.05,EQ
22-05-2020,27.75,28.2,27.05,27.3,27.3,54.3,20.15,17373672,477951137.6,49948.0,27.51,EQ
26-05-2020,27.5,28.6,27.5,28.3,28.25,54.3,20.15,27073395,760779061.3,43499.0,28.1,EQ
27-05-2020,28.9,29.95,28.75,29.65,29.55,54.3,20.15,44969584,1314136809.25,70026.0,29.22,EQ
28-05-2020,29.95,30.8,29.7,30.2,30.05,54.3,20.15,28675466,870623660.05,47934.0,30.36,EQ
29-05-2020,28.9,30.45,28.9,30.15,29.95,54.3,20.15,29732816,882098509.75,51130.0,29.67,EQ
01-06-2020,30.7,31.65,30.3,30.5,30.45,52.85,20.15,29781118,919457868.95,48833.0,30.87,EQ
02-06-2020,30.8,31.4,30.05,31.1,31.05,52.85,20.15,27935712,860802910.0,47610.0,30.81,EQ
03-06-2020,31.5,32.0,30.75,30.95,30.9,52.85,20.15,21653448,681793620.35,29647.0,31.49,EQ
04-06-2020,31.0,31.55,30.1,31.1,31.05,52.85,20.15,27576912,849567183.0,58576.0,30.81,EQ
05-06-2020,31.5,33.8,31.3,33.4,33.45,52.85,20.15,59694645,1957487932.25,88589.0,32.79,EQ
08-06-2020,34.35,35.1,32.3,32.7,32.8,52.85,20.15,48035123,1624253689.05,78187.0,33.81,EQ
09-06-2020,33.1,34.0,31.85,32.15,32.1,52.85,20.15,32610889,1067195124.45,50271.0,32.73,EQ
10-06-2020,32.0,32.15,31.2,31.6,31.7,52.85,20.15,22450053,711029084.8,56312.0,31.67,EQ
11-06-2020,31.6,32.05,29.8,30.0,30.1,52.85,20.15,25534263,788029327.45,36855.0,30.86,EQ
12-06-2020,28.35,30.5,28.35,30.35,30.4,52.85,20.15,22376269,662640313.2,29871.0,29.61,EQ
15-06-2020,29.95,30.25,28.95,29.3,29.25,52.85,20.15,19196161,566635367.05,35722.0,29.52,EQ
16-06-2020,30.5,31.15,28.8,29.5,29.4,52.85,20.15,48607349,1464971286.55,74729.0,30.14,EQ
17-06-2020,29.3,29.8,28.65,28.75,28.8,52.85,20.15,21699932,631461852.3,35030.0,29.1,EQ
18-06-2020,28.85,29.85,28.7,29.65,29.65,52.85,20.15,25099481,734601266.2,37168.0,29.27,EQ
19-06-2020,30.0,30.55,30.0,30.15,30.1,52.85,20.15,22925898,693718521.65,32212.0,30.26,EQ
22-06-2020,30.15,31.45,30.1,31.2,31.35,52.85,20.15,27149586,838969638.15,36301.0,30.9,EQ
23-06-2020,31.45,33.05,31.35,32.5,32.55,52.85,20.15,43339729,1397305547.75,51338.0,32.24,EQ
24-06-2020,33.25,33.45,30.4,30.85,31.0,52.85,20.15,49844402,1607250267.5,61268.0,32.25,EQ
25-06-2020,30.8,31.65,30.5,30.85,30.85,52.85,20.15,32779460,1018422270.1,38479.0,31.07,EQ
26-06-2020,31.55,31.6,30.3,30.5,30.6,52.85,20.15,24735595,763368622.55,38009.0,30.86,EQ
29-06-2020,30.65,30.7,29.2,29.55,29.65,52.6,20.15,21571371,640220109.05,36021.0,29.68,EQ
30-06-2020,30.0,31.45,29.9,30.4,30.5,52.6,20.15,48613724,1500037584.6,97524.0,30.86,EQ
01-07-2020,30.6,30.7,30.0,30.35,30.4,52.6,20.15,22010171,668578063.55,28118.0,30.38,EQ
02-07-2020,30.7,31.6,30.25,31.2,31.25,52.6,20.15,34003449,1049648292.8,37843.0,30.87,EQ
03-07-2020,32.4,32.4,30.6,30.85,30.75,52.6,20.15,38154944,1198153075.8,56254.0,31.4,EQ
06-07-2020,31.35,32.3,30.9,31.85,31.9,51.9,20.15,46788348,1483563448.75,63399.0,31.71,EQ
07-07-2020,32.2,33.1,32.05,32.45,32.6,51.9,20.15,57557211,1875902703.45,75864.0,32.59,EQ
08-07-2020,32.95,37.65,32.95,35.35,35.2,51.9,20.15,212561500,7605190509.1,216110.0,35.78,EQ
09-07-2020,36.0,37.45,36.0,36.7,36.8,51.9,20.15,70832368,2612043030.2,100055.0,36.88,EQ
10-07-2020,36.5,37.25,35.0,36.9,36.85,51.9,20.15,59744997,2168187895.0,78815.0,36.29,EQ
13-07-2020,38.7,38.7,35.5,35.75,35.95,51.9,20.15,92261841,3390064331.25,129786.0,36.74,EQ
14-07-2020,35.6,35.6,34.05,34.2,34.35,51.9,20.15,30597467,1058787176.65,53040.0,34.6,EQ
15-07-2020,34.6,35.0,33.1,33.3,33.35,51.9,20.15,24088599,822994444.4,40621.0,34.17,EQ
16-07-2020,33.55,34.9,32.1,34.5,34.8,51.9,20.15,32958286,1103773796.35,49036.0,33.49,EQ
17-07-2020,35.3,36.55,35.1,35.4,35.45,51.9,20.15,68887511,2463561043.9,96625.0,35.76,EQ
20-07-2020,35.4,35.8,34.85,35.55,35.4,51.9,20.15,27638688,975352687.9,41100.0,35.29,EQ
21-07-2020,35.6,36.1,35.1,35.85,35.85,51.9,20.15,31595112,1126267384.7,37704.0,35.65,EQ
22-07-2020,35.8,36.65,34.65,35.15,35.2,51.9,20.15,42535247,1521211160.45,59664.0,35.76,EQ
23-07-2020,35.15,35.55,35.1,35.15,35.15,51.9,20.15,11582251,408668588.25,34584.0,35.28,EQ
24-07-2020,34.8,34.8,33.65,34.35,34.35,51.9,20.15,15884864,544757706.85,39203.0,34.29,EQ
27-07-2020,34.35,34.45,33.55,34.0,33.95,51.9,20.15,13712364,466983289.0,34275.0,34.06,EQ
28-07-2020,34.3,35.7,34.1,35.55,35.45,51.9,20.15,29752952,1046019150.85,58476.0,35.16,EQ
29-07-2020,35.25,36.45,35.1,35.45,35.5,51.9,20.15,38860031,1394079805.95,54900.0,35.87,EQ
30-07-2020,35.6,35.85,34.0,34.25,34.35,51.9,20.15,25906582,895301508.25,44089.0,34.56,EQ
31-07-2020,34.5,34.8,33.55,34.0,34.05,51.9,20.15,26458518,899801401.05,39664.0,34.01,EQ
03-08-2020,33.8,34.75,33.6,34.35,34.3,51.9,20.15,29160597,998190584.7,33677.0,34.23,EQ
04-08-2020,34.55,35.0,34.3,34.6,34.6,51.9,20.15,19088185,660497861.25,26199.0,34.6,EQ
05-08-2020,35.1,37.4,35.05,36.75,36.75,51.9,20.15,81720318,2990305507.15,109419.0,36.59,EQ
06-08-2020,37.0,37.9,36.7,37.55,37.7,51.9,20.15,44394795,1656096768.5,60074.0,37.3,EQ
07-08-2020,37.55,38.25,37.1,37.7,37.6,51.9,20.15,30210487,1141907785.0,41984.0,37.8,EQ
10-08-2020,38.0,38.3,37.15,38.1,38.2,51.9,20.15,24216999,914491769.15,29673.0,37.76,EQ
11-08-2020,38.4,40.8,38.25,38.9,38.65,51.9,20.15,75066490,2988220682.0,92178.0,39.81,EQ
12-08-2020,38.2,38.9,37.8,38.75,38.75,51.9,20.15,18066083,694421431.95,27751.0,38.44,EQ
13-08-2020,39.1,39.65,38.35,38.75,38.8,51.9,20.15,15903981,618520348.3,35476.0,38.89,EQ
14-08-2020,38.95,39.55,38.35,38.85,38.7,51.9,20.15,20231599,789405404.65,30632.0,39.02,EQ
17-08-2020,39.1,39.5,38.85,39.05,38.95,51.9,20.15,11056912,432293039.95,23762.0,39.1,EQ
18-08-2020,39.05,41.1,38.85,40.75,41.05,51.9,20.15,25628277,1025960950.7,43719.0,40.03,EQ
19-08-2020,41.3,41.6,40.8,41.1,41.0,51.9,20.15,22446005,924402835.5,46967.0,41.18,EQ
20-08-2020,40.6,42.2,39.65,41.8,42.1,51.9,20.15,29129315,1196171455.9,49219.0,41.06,EQ
21-08-2020,42.4,44.75,42.2,42.45,42.5,51.9,20.15,51670043,2252701853.95,68757.0,43.6,EQ
24-08-2020,43.0,43.7,41.4,41.8,41.95,51.9,20.15,29942088,1283538524.8,37449.0,42.87,EQ
25-08-2020,42.25,42.25,40.2,41.1,41.25,51.9,20.15,48360282,1990095783.25,44165.0,41.15,EQ
26-08-2020,41.45,41.9,41.05,41.45,41.35,51.9,20.15,35558994,1472319102.2,33486.0,41.4,EQ
27-08-2020,41.7,41.75,40.2,40.7,40.8,51.9,20.15,76106145,3103348234.0,45666.0,40.78,EQ
28-08-2020,41.25,43.15,40.55,40.95,41.1,51.9,20.15,94254926,3916501517.0,71458.0,41.55,EQ
31-08-2020,41.4,41.7,38.1,38.5,38.5,51.9,20.15,57667731,2282781605.05,80407.0,39.59,EQ
01-09-2020,38.9,40.5,38.4,40.1,40.4,51.9,20.15,30350998,1193157445.75,47621.0,39.31,EQ
02-09-2020,40.4,42.05,39.5,41.6,41.9,51.9,20.15,37789892,1535713417.8,52416.0,40.64,EQ
03-09-2020,42.05,42.25,40.85,41.9,41.7,51.9,20.15,26752519,1113089110.6,31317.0,41.61,EQ
04-09-2020,40.8,42.15,40.1,40.5,40.7,51.9,20.15,33046864,1359585656.7,47259.0,41.14,EQ
07-09-2020,40.65,41.35,39.75,40.4,40.5,51.9,20.15,21726944,876030744.6,29892.0,40.32,EQ
08-09-2020,40.7,40.7,38.2,38.7,38.25,51.9,20.15,65744343,2613960948.1,41769.0,39.76,EQ
09-09-2020,38.0,39.7,37.25,39.35,39.35,51.9,20.15,33871870,1296391058.15,46656.0,38.27,EQ
10-09-2020,39.65,39.9,37.75,38.5,38.55,51.9,20.15,34278282,1334042039.95,41673.0,38.92,EQ
11-09-2020,38.5,39.2,38.0,38.9,38.95,51.9,20.15,27699225,1066829397.4,34862.0,38.51,EQ
14-09-2020,39.35,40.2,39.1,39.55,39.5,51.9,20.15,19241133,762158234.25,26920.0,39.61,EQ
15-09-2020,39.5,39.95,38.25,39.45,39.3,51.9,20.15,40622959,1596884241.45,48526.0,39.31,EQ
16-09-2020,39.1,39.7,37.9,38.0,38.0,51.9,20.15,25764835,993102635.55,33979.0,38.54,EQ
17-09-2020,38.45,39.5,37.6,38.15,38.25,51.9,20.15,35814255,1377228025.65,51539.0,38.45,EQ
18-09-2020,38.4,38.65,37.7,37.85,37.95,51.9,20.15,12510062,476622321.65,20315.0,38.1,EQ
21-09-2020,38.0,38.15,35.0,35.35,35.2,51.9,20.15,19227382,699860700.5,34277.0,36.4,EQ
22-09-2020,35.4,35.75,33.8,35.5,35.75,51.9,20.15,24497184,848653740.1,39546.0,34.64,EQ
23-09-2020,36.0,36.2,33.5,34.8,34.85,51.9,20.15,32814229,1143957224.6,44591.0,34.86,EQ
24-09-2020,34.0,34.4,32.65,32.85,32.9,51.9,20.15,36130041,1212799998.85,48190.0,33.57,EQ
25-09-2020,33.4,34.55,32.9,34.35,34.2,51.9,20.15,17494494,590613289.05,25061.0,33.76,EQ
28-09-2020,34.65,36.1,34.6,35.7,35.6,51.9,20.15,15164031,539762930.0,26572.0,35.59,EQ
29-09-2020,35.95,36.4,34.8,35.6,35.4,51.9,20.15,36276493,1292411982.35,54470.0,35.63,EQ
30-09-2020,35.6,35.7,33.6,33.75,33.65,51.9,20.15,26513217,908178684.95,40381.0,34.25,EQ
01-10-2020,34.25,34.85,34.0,34.15,34.2,51.9,20.15,21022800,725367639.0,23274.0,34.5,EQ
05-10-2020,34.25,35.85,34.25,35.15,35.25,51.9,20.15,32322367,1138220947.85,40099.0,35.21,EQ
06-10-2020,35.5,35.65,34.05,34.3,34.4,51.9,20.15,19373131,670615423.3,33961.0,34.62,EQ
07-10-2020,34.5,34.6,33.3,33.5,33.5,51.9,20.15,21669493,732201394.85,30290.0,33.79,EQ
08-10-2020,33.7,34.7,33.55,33.75,33.95,51.9,20.15,21527365,733805802.35,27207.0,34.09,EQ
09-10-2020,34.2,35.2,33.85,33.95,34.05,51.9,20.15,31357778,1079157235.35,35817.0,34.41,EQ
12-10-2020,34.4,34.5,33.2,33.55,33.55,51.9,20.15,22895499,772243734.5,24631.0,33.73,EQ
13-10-2020,33.5,33.75,33.0,33.05,33.15,51.9,20.15,11039240,367710159.45,18288.0,33.31,EQ
14-10-2020,33.0,33.4,32.7,32.95,33.0,51.9,20.15,13596473,450415640.45,16107.0,33.13,EQ
15-10-2020,33.2,33.8,32.65,32.8,32.7,51.9,20.15,13454689,447256333.15,19430.0,33.24,EQ
16-10-2020,33.0,34.1,32.75,33.85,34.05,51.9,20.15,14614588,488144693.5,20595.0,33.4,EQ
19-10-2020,34.2,34.95,34.1,34.75,34.9,51.9,20.15,15158181,524365530.35,19546.0,34.59,EQ
20-10-2020,34.65,34.85,34.35,34.6,34.45,51.9,20.15,9771403,338270448.7,16470.0,34.62,EQ
21-10-2020,34.6,35.9,34.55,35.5,35.85,51.9,20.15,18830943,662457449.65,25952.0,35.18,EQ
22-10-2020,35.9,36.5,35.1,36.05,36.15,51.9,20.15,38368116,1375316141.55,49460.0,35.85,EQ
23-10-2020,36.45,37.0,35.55,36.55,36.5,51.9,20.15,26294137,955897518.95,33664.0,36.35,EQ
26-10-2020,36.55,36.55,34.85,35.2,35.05,51.9,20.15,17021744,605974082.3,25164.0,35.6,EQ
27-10-2020,35.3,35.4,34.0,34.1,34.2,51.9,20.15,19004489,659343107.15,30361.0,34.69,EQ
28-10-2020,34.2,35.0,33.8,34.4,34.35,51.9,20.15,19588244,674014423.3,33745.0,34.41,EQ
29-10-2020,34.0,34.25,33.15,33.6,33.65,51.9,20.15,19325859,650002632.0,27715.0,33.63,EQ
30-10-2020,33.85,34.6,33.4,34.35,34.4,51.9,20.15,18625629,633902395.35,27050.0,34.03,EQ
02-11-2020,34.5,34.7,34.0,34.15,34.15,51.9,20.15,12294902,421708851.45,19087.0,34.3,EQ
03-11-2020,34.5,34.95,34.4,34.7,34.65,51.9,20.15,12299345,426786075.0,13339.0,34.7,EQ
04-11-2020,34.7,35.1,34.25,34.75,34.7,51.9,20.15,12441955,431288872.0,13900.0,34.66,EQ
05-11-2020,35.05,38.8,35.05,38.25,38.6,51.9,20.15,85133089,3192936559.3,91191.0,37.51,EQ
06-11-2020,38.5,39.4,37.6,37.95,37.85,51.9,20.15,41712940,1610280860.45,52407.0,38.6,EQ
09-11-2020,38.45,39.1,37.2,37.8,37.6,51.9,20.15,28838164,1093923312.0,38674.0,37.93,EQ
10-11-2020,37.9,38.45,37.4,37.95,38.0,51.9,20.15,18913828,718872070.65,26005.0,38.01,EQ
11-11-2020,38.15,39.9,38.0,39.6,39.75,51.9,20.15,47615635,1864671637.85,51316.0,39.16,EQ
12-11-2020,40.0,40.2,39.3,39.55,39.5,51.9,20.15,30338907,1205550969.95,35857.0,39.74,EQ
13-11-2020,39.35,39.35,38.7,39.15,39.15,51.9,20.15,13598972,530115257.35,18167.0,38.98,EQ
14-11-2020,39.5,39.9,39.3,39.65,39.65,51.9,20.15,3592162,142476396.95,7036.0,39.66,EQ
17-11-2020,39.9,40.9,39.9,40.3,40.4,51.9,20.15,20430699,825434676.25,27101.0,40.4,EQ
18-11-2020,40.3,40.75,39.8,40.05,40.0,51.9,20.15,15968025,642550046.7,19323.0,40.24,EQ
19-11-2020,39.95,40.65,39.55,39.9,40.0,51.9,20.15,17608908,707712713.4,19207.0,40.19,EQ
20-11-2020,40.1,41.4,39.6,41.1,41.3,51.9,20.15,27450386,1111130692.5,33807.0,40.48,EQ
23-11-2020,41.4,44.2,40.8,43.25,43.05,51.9,20.15,70283696,2975401843.5,74000.0,42.33,EQ
24-11-2020,43.35,43.9,42.35,43.4,43.35,51.9,20.15,19487876,840210000.8,26404.0,43.11,EQ
25-11-2020,43.45,44.85,42.55,43.05,42.8,51.9,20.15,28682450,1256943010.75,40184.0,43.82,EQ
26-11-2020,43.1,46.8,42.8,46.55,46.55,51.9,20.15,60920144,2742280897.6,98593.0,45.01,EQ
27-11-2020,46.8,49.7,46.8,48.45,48.4,51.9,20.15,76580878,3717526807.55,90230.0,48.54,EQ
01-12-2020,48.6,50.7,47.9,49.95,50.0,51.9,20.15,46440917,2283709267.5,57629.0,49.17,EQ
02-12-2020,50.25,53.15,50.0,51.7,51.5,53.15,20.15,71746317,3710202713.35,99873.0,51.71,EQ
03-12-2020,51.95,54.5,51.95,54.25,54.35,54.5,20.15,44663015,2379888090.65,61157.0,53.29,EQ
04-12-2020,54.7,56.15,53.45,54.9,54.75,56.15,20.15,65064684,3575046670.0,75789.0,54.95,EQ
07-12-2020,55.25,57.1,54.45,55.0,54.95,57.1,20.15,62272111,3454248382.9,71546.0,55.47,EQ
08-12-2020,55.4,56.7,53.1,55.75,55.8,57.1,20.15,51337239,2823776740.65,63766.0,55.0,EQ
09-12-2020,56.05,56.35,54.45,54.7,54.7,57.1,20.15,36858447,2040680641.5,45468.0,55.37,EQ
10-12-2020,54.5,56.2,53.0,55.75,55.85,57.1,20.15,42650848,2330429018.25,61923.0,54.64,EQ
11-12-2020,55.7,59.7,55.7,57.75,57.7,59.7,20.15,83591037,4853885215.4,93844.0,58.07,EQ
14-12-2020,58.05,60.2,58.05,58.55,58.6,60.2,20.15,50554044,2980518689.65,63303.0,58.96,EQ
15-12-2020,58.5,58.75,56.65,58.3,58.55,60.2,20.15,44061093,2539440600.4,50957.0,57.63,EQ
16-12-2020,59.1,60.9,59.0,60.15,60.0,60.9,20.15,54374458,3272400196.75,69337.0,60.18,EQ
17-12-2020,60.1,60.35,57.1,57.55,57.2,60.9,20.15,70927030,4152339018.5,71698.0,58.54,EQ
18-12-2020,57.75,58.35,56.35,57.8,57.75,60.9,20.15,51151401,2942434512.9,60121.0,57.52,EQ
21-12-2020,57.1,59.2,54.6,55.35,55.15,60.9,20.15,49904093,2873883291.0,73706.0,57.59,EQ
22-12-2020,55.5,57.55,53.65,57.15,57.35,60.9,20.15,36746291,2040513046.9,52978.0,55.53,EQ
23-12-2020,57.0,59.8,56.5,59.05,59.6,60.9,20.15,31776121,1841031018.45,34523.0,57.94,EQ
24-12-2020,60.0,62.6,59.9,60.25,60.25,62.6,20.15,89470214,5463830149.75,100402.0,61.07,EQ
28-12-2020,61.0,64.8,60.6,63.95,64.75,64.8,20.15,50904677,3189442892.35,76537.0,62.66,EQ
29-12-2020,64.75,65.6,63.45,64.5,64.5,65.6,20.15,35887218,2315683421.55,55735.0,64.53,EQ
30-12-2020,64.6,70.9,63.65,69.75,69.35,70.9,20.15,74151917,5017870308.7,107800.0,67.67,EQ
31-12-2020,69.2,74.7,68.2,74.1,73.95,74.7,20.15,137237137,9862491686.8,180774.0,71.86,EQ
01-01-2021,73.95,75.75,72.8,74.5,74.5,75.75,20.15,69892092,5202990367.8,113605.0,74.44,EQ
04-01-2021,75.5,80.05,75.5,79.3,79.6,80.05,20.15,96199002,7474068764.75,163454.0,77.69,EQ
05-01-2021,79.0,80.3,77.5,78.0,77.6,80.3,20.15,75713352,5955526965.75,109378.0,78.66,EQ
06-01-2021,78.3,79.15,75.2,76.2,75.8,80.3,20.15,56609755,4366607507.1,92063.0,77.14,EQ
07-01-2021,76.95,79.25,76.8,78.0,77.95,80.3,20.15,38600425,3025261394.5,54025.0,78.37,EQ
08-01-2021,79.0,79.8,76.45,77.05,77.05,80.3,20.15,26952958,2099464993.85,51368.0,77.89,EQ
11-01-2021,77.1,77.45,73.5,74.85,75.45,80.3,20.15,30600008,2292833030.4,66771.0,74.93,EQ
12-01-2021,74.9,77.75,74.0,75.9,76.3,80.3,20.15,25240977,1927192815.7,46373.0,76.35,EQ
13-01-2021,76.6,77.8,73.7,74.7,74.1,80.3,20.15,33050639,2484302134.05,62523.0,75.17,EQ
14-01-2021,69.0,69.65,66.65,67.2,66.85,80.3,20.15,320354600,21760259070.9,246262.0,67.93,EQ
15-01-2021,68.05,72.2,68.05,70.15,70.0,80.3,20.15,322964592,22689623481.55,355214.0,70.25,EQ
18-01-2021,69.9,69.9,64.7,65.95,65.9,80.3,20.15,114708531,7663736787.95,164692.0,66.81,EQ
19-01-2021,66.7,67.4,65.9,66.2,66.0,80.3,20.15,43049022,2864894742.1,59888.0,66.55,EQ
20-01-2021,66.35,67.45,66.0,66.75,66.75,80.3,20.15,30615185,2042930643.3,44796.0,66.73,EQ
21-01-2021,67.2,67.45,64.3,64.85,64.95,80.3,20.15,41004290,2688811413.65,68832.0,65.57,EQ
22-01-2021,64.85,65.35,56.0,58.2,58.35,80.3,20.15,120962157,7248346387.5,200840.0,59.92,EQ
25-01-2021,59.5,60.2,56.5,58.25,58.05,80.3,20.15,52592712,3073139218.0,96703.0,58.43,EQ
27-01-2021,58.0,60.0,56.75,57.3,57.2,80.3,20.15,64428825,3752120241.65,91945.0,58.24,EQ
28-01-2021,56.75,57.9,55.3,56.95,56.85,80.3,20.15,112315162,6368426904.3,108314.0,56.7,EQ
29-01-2021,58.2,59.8,57.0,57.65,57.4,80.3,20.15,171607461,10067279511.7,135629.0,58.66,EQ
01-02-2021,58.55,65.25,57.6,63.6,63.5,80.3,20.15,177670118,10763754929.65,226111.0,60.58,EQ
02-02-2021,64.0,64.35,60.1,61.0,61.4,80.3,20.15,71391560,4399244013.5,122602.0,61.62,EQ
03-02-2021,61.65,64.55,61.4,63.6,63.4,80.3,20.15,54055375,3427922123.6,98803.0,63.42,EQ
04-02-2021,63.4,64.85,63.0,64.45,64.7,80.3,20.15,35946423,2307549326.25,58967.0,64.19,EQ
05-02-2021,65.0,65.9,62.25,65.05,65.25,80.3,20.15,53271875,3438526644.05,94541.0,64.55,EQ
08-02-2021,65.8,68.2,64.75,67.7,68.15,80.3,20.15,49944573,3327520367.15,78488.0,66.62,EQ
09-02-2021,68.0,68.85,65.55,66.75,67.3,80.3,20.15,64688675,4355592313.2,88822.0,67.33,EQ
10-02-2021,68.25,69.75,66.05,66.7,66.7,80.3,20.15,125531414,8485759452.6,156424.0,67.6,EQ
11-02-2021,66.4,67.55,66.1,66.9,67.4,80.3,20.15,21648433,1449231618.85,41526.0,66.94,EQ
12-02-2021,67.0,67.25,64.4,64.75,64.8,80.3,20.15,26210719,1717508332.55,52045.0,65.53,EQ
15-02-2021,65.5,65.7,62.4,62.7,62.5,80.3,20.15,24798836,1585238217.0,54032.0,63.92,EQ
16-02-2021,62.75,66.4,62.75,64.75,64.75,80.3,20.15,53647015,3498326772.75,85504.0,65.21,EQ
17-02-2021,64.5,65.9,63.65,64.6,64.6,80.3,20.15,27764443,1795761764.5,54274.0,64.68,EQ
18-02-2021,65.0,67.9,64.4,66.9,66.95,80.3,20.15,56021909,3752142790.0,95683.0,66.98,EQ
19-02-2021,67.0,68.5,63.25,65.3,65.6,80.3,20.15,44987639,2992881570.0,78023.0,66.53,EQ
22-02-2021,65.25,68.7,65.05,66.8,66.3,80.3,20.15,53109880,3571769223.7,90208.0,67.25,EQ
23-02-2021,67.5,71.2,66.9,70.55,71.1,80.3,20.15,100267923,6930921093.25,126958.0,69.12,EQ
24-02-2021,71.4,73.65,71.1,71.4,71.5,80.3,20.15,97883442,7087821357.85,124665.0,72.41,EQ
25-02-2021,72.25,73.9,72.05,73.2,73.7,80.3,20.15,61933209,4526591795.6,82507.0,73.09,EQ
26-02-2021,71.95,77.5,71.05,76.55,76.2,80.3,20.15,169801364,12716821217.4,229798.0,74.89,EQ
01-03-2021,77.5,79.5,74.75,78.4,78.2,80.3,20.15,80974117,6297132725.8,149154.0,77.77,EQ
02-03-2021,78.95,81.5,77.5,78.8,78.55,81.5,20.15,94777460,7556890203.15,155792.0,79.73,EQ
03-03-2021,79.0,81.15,78.25,78.45,78.7,81.5,20.15,47037509,3756668266.5,82129.0,79.87,EQ
04-03-2021,76.9,77.75,75.0,76.4,76.2,81.5,20.15,46203742,3527669070.65,91406.0,76.35,EQ
05-03-2021,75.95,76.1,69.4,72.1,72.5,81.5,20.15,65129335,4748481600.25,114980.0,72.91,EQ
08-03-2021,73.1,75.35,72.35,74.35,74.4,81.5,20.15,41468123,3068837194.05,74770.0,74.0,EQ
09-03-2021,75.15,75.5,69.7,71.3,70.95,81.5,20.15,42201529,3046071152.7,89052.0,72.18,EQ
10-03-2021,71.8,73.75,70.8,73.0,72.8,81.5,20.15,36382925,2633854123.65,69926.0,72.39,EQ
12-03-2021,73.75,75.75,72.15,72.85,72.5,81.5,20.15,52509386,3896541459.8,91981.0,74.21,EQ
15-03-2021,72.95,77.35,71.6,76.7,76.95,81.5,20.15,61678556,4605071472.5,88672.0,74.66,EQ
16-03-2021,77.6,78.3,74.65,75.05,74.85,81.5,20.15,55029693,4176813108.2,87339.0,75.9,EQ
17-03-2021,75.0,75.4,71.7,72.15,72.05,81.5,20.15,31206605,2288005455.05,68991.0,73.32,EQ
18-03-2021,73.2,75.8,69.55,70.75,71.5,81.5,20.15,46498848,3384067097.75,86700.0,72.78,EQ
19-03-2021,70.65,74.65,67.1,73.5,73.15,81.5,20.15,51635354,3667078490.3,94864.0,71.02,EQ
22-03-2021,73.0,74.1,72.2,73.35,73.3,81.5,20.15,21560723,1578740072.65,43860.0,73.22,EQ
23-03-2021,73.7,74.35,72.0,72.3,72.3,81.5,20.15,19090900,1395127005.95,40965.0,73.08,EQ
24-03-2021,71.8,71.95,69.8,70.5,71.05,81.5,20.15,30044912,2128827494.1,56414.0,70.85,EQ
25-03-2021,71.05,72.9,67.6,72.25,72.7,81.5,20.15,80461442,5704990218.2,133680.0,70.9,EQ
26-03-2021,73.8,77.5,73.05,76.75,76.65,81.5,20.15,105958723,8017621148.85,174167.0,75.67,EQ
30-03-2021,78.45,81.0,78.0,79.15,79.1,81.5,20.15,90702901,7234599801.4,169984.0,79.76,EQ
31-03-2021,79.15,80.15,78.0,78.8,79.0,81.5,20.15,30537855,2423303257.6,73286.0,79.35,EQ
01-04-2021,79.65,84.4,79.55,83.85,83.3,84.4,20.15,87556680,7212011967.9,161975.0,82.37,EQ
05-04-2021,86.5,90.0,83.55,89.65,89.95,90.0,22.4,149912383,13095514837.4,300998.0,87.35,EQ
06-04-2021,91.9,93.4,89.15,91.05,91.5,93.4,22.4,134289233,12294382623.75,275975.0,91.55,EQ
07-04-2021,91.5,92.3,89.25,89.8,90.1,93.4,22.4,48066027,4372459498.0,109938.0,90.97,EQ
08-04-2021,91.35,98.5,91.35,95.6,95.85,98.5,22.4,124224953,11783744732.6,239870.0,94.86,EQ
09-04-2021,96.75,98.0,92.3,94.35,94.7,98.5,22.4,70229432,6670892001.6,153383.0,94.99,EQ
12-04-2021,91.9,91.95,83.45,84.7,85.15,98.5,25.1,97082396,8481031971.45,218769.0,87.36,EQ
13-04-2021,85.35,91.7,85.35,90.7,91.5,98.5,25.1,64322836,5657007455.95,132236.0,87.95,EQ
15-04-2021,92.0,95.35,89.9,92.8,92.85,98.5,25.1,120105992,11131103980.2,230139.0,92.68,EQ
16-04-2021,93.8,94.5,91.05,91.6,91.7,98.5,25.1,39292380,3662102769.55,101321.0,93.2,EQ
19-04-2021,87.25,89.5,85.35,89.15,89.0,98.5,25.4,60730939,5336171877.1,128153.0,87.87,EQ
20-04-2021,90.5,92.15,87.7,89.0,88.5,98.5,25.4,36041449,3259176517.4,72631.0,90.43,EQ
22-04-2021,89.5,94.5,89.0,94.05,93.9,98.5,25.4,56291774,5201046409.5,115752.0,92.39,EQ
23-04-2021,95.0,96.7,90.75,93.1,93.1,98.5,25.4,72844016,6896357392.2,147053.0,94.67,EQ
26-04-2021,95.05,101.2,94.85,100.5,100.6,101.2,26.3,167027119,16506561310.95,313413.0,98.83,EQ
27-04-2021,100.5,101.55,99.3,100.15,100.1,101.55,26.3,59990913,6027929476.65,137802.0,100.48,EQ
28-04-2021,100.8,104.2,99.6,103.5,103.1,104.2,26.3,71403090,7263987194.0,144770.0,101.73,EQ
29-04-2021,105.0,113.5,104.75,112.5,112.5,113.5,26.3,144435081,15685198320.55,294322.0,108.6,EQ
30-04-2021,111.0,121.35,109.25,119.5,118.3,121.35,26.3,211743607,24903118271.15,460424.0,117.61,EQ
03-05-2021,119.2,130.6,116.45,127.75,127.1,130.6,26.55,170916244,21360143269.95,396305.0,124.97,EQ
04-05-2021,129.7,135.7,126.15,128.0,130.55,135.7,26.55,195246744,25642317519.0,463309.0,131.33,EQ
05-05-2021,132.5,134.3,126.55,130.3,130.4,135.7,26.55,104823675,13630042498.25,255101.0,130.03,EQ
06-05-2021,130.4,135.0,129.35,133.65,135.0,135.7,26.55,97680986,12925285350.15,226906.0,132.32,EQ
07-05-2021,136.1,145.85,136.1,144.25,144.4,145.85,26.55,164883787,23275859014.35,415130.0,141.17,EQ
10-05-2021,150.45,151.3,145.0,146.3,147.05,151.3,26.55,114303952,16835909517.1,322494.0,147.29,EQ
11-05-2021,141.5,143.95,138.3,140.4,140.25,151.3,26.55,117184978,16540286883.85,312334.0,141.15,EQ
12-05-2021,140.4,143.25,129.15,132.2,132.6,151.3,26.55,95677126,13064422232.15,255459.0,136.55,EQ
14-05-2021,133.4,134.3,123.2,127.15,126.9,151.3,26.55,147648853,18968243308.95,384957.0,128.47,EQ
17-05-2021,128.0,131.5,123.1,130.55,131.1,151.3,26.55,81100256,10332577048.65,227068.0,127.4,EQ
18-05-2021,134.5,136.2,130.4,131.95,131.55,151.3,26.55,66676999,8899518169.95,183910.0,133.47,EQ
19-05-2021,130.6,132.5,127.6,128.6,128.4,151.3,26.55,38298939,4974367426.9,150419.0,129.88,EQ
20-05-2021,125.0,125.4,121.0,121.45,121.3,151.3,26.55,59942600,7397299868.2,197715.0,123.41,EQ
21-05-2021,122.0,124.8,121.4,122.0,122.6,151.3,26.55,36201475,4448194492.2,100419.0,122.87,EQ
24-05-2021,122.3,125.75,117.1,124.75,124.9,151.3,27.5,96749599,11775605908.65,229126.0,121.71,EQ
25-05-2021,126.4,128.3,123.25,123.95,123.7,151.3,27.5,91822284,11566772630.7,223275.0,125.97,EQ
26-05-2021,123.0,123.0,118.1,118.75,118.55,151.3,27.5,67141657,8061767889.95,203444.0,120.07,EQ
27-05-2021,118.55,124.35,118.5,122.25,122.45,151.3,27.5,76208352,9286416152.8,201536.0,121.86,EQ
28-05-2021,126.5,126.8,120.25,120.9,120.95,151.3,27.5,66359161,8192829612.55,187355.0,123.46,EQ
31-05-2021,121.25,127.65,119.65,126.6,127.45,151.3,28.35,88316813,10966818931.6,224322.0,124.18,EQ
01-06-2021,127.5,127.7,120.05,121.2,121.2,151.3,28.35,110269080,13454327773.5,296965.0,122.01,EQ
02-06-2021,121.45,122.9,121.0,121.9,121.75,151.3,28.35,37163462,4532598928.5,93148.0,121.96,EQ
03-06-2021,123.0,124.65,122.05,122.35,122.3,151.3,28.35,35499419,4371370930.5,94321.0,123.14,EQ
04-06-2021,122.35,124.15,121.3,122.9,122.75,151.3,28.35,30162901,3697286438.3,90533.0,122.58,EQ
07-06-2021,125.2,125.95,122.5,123.0,123.0,151.3,28.35,38731208,4824457821.35,132966.0,124.56,EQ
08-06-2021,123.0,123.65,120.1,121.45,121.4,151.3,28.35,32933698,4004023994.5,125785.0,121.58,EQ
09-06-2021,122.0,125.5,121.2,124.45,124.8,151.3,28.35,65119067,8069460927.3,154297.0,123.92,EQ
10-06-2021,126.5,129.15,126.1,128.55,128.95,151.3,28.35,69545924,8869132204.6,199694.0,127.53,EQ
11-06-2021,130.05,135.7,129.4,135.05,134.85,151.3,28.35,182708699,24235338160.85,426433.0,132.64,EQ
14-06-2021,136.0,139.25,130.0,137.3,137.2,151.3,28.65,107555205,14646330892.3,290012.0,136.18,EQ
15-06-2021,137.95,139.75,136.6,137.3,136.9,151.3,28.65,54148549,7490076421.6,145370.0,138.32,EQ
16-06-2021,136.0,138.0,130.8,131.2,130.9,151.3,28.65,70891536,9427836909.25,220310.0,132.99,EQ
17-06-2021,128.0,133.4,127.35,128.3,127.95,151.3,28.65,62423773,8114884145.95,165623.0,130.0,EQ
18-06-2021,128.0,129.0,119.55,124.0,123.55,151.3,28.65,87506711,10784722598.2,259249.0,123.24,EQ
21-06-2021,120.9,127.35,120.15,126.9,127.0,151.3,29.2,57519229,7163533938.3,167469.0,124.54,EQ
22-06-2021,128.0,131.2,126.6,127.25,126.9,151.3,29.2,54722911,7027901449.0,138735.0,128.43,EQ
23-06-2021,128.25,129.3,123.65,124.1,124.25,151.3,29.2,41682651,5286159887.95,120607.0,126.82,EQ
24-06-2021,125.25,126.95,123.7,125.0,125.6,151.3,29.2,42063029,5266992406.25,113237.0,125.22,EQ
25-06-2021,126.95,132.0,126.75,131.35,131.2,151.3,29.2,84119646,10971166958.2,216774.0,130.42,EQ
28-06-2021,133.25,133.8,130.0,133.2,133.5,151.3,29.2,43837860,5802246022.3,113567.0,132.36,EQ
29-06-2021,133.2,133.85,129.25,130.3,130.25,151.3,29.2,31437450,4130809746.5,96002.0,131.4,EQ
30-06-2021,131.6,134.25,130.15,130.6,130.65,151.3,29.2,39503843,5231425530.25,107734.0,132.43,EQ
01-07-2021,131.7,131.85,126.5,126.95,127.15,151.3,29.2,42713468,5510281795.05,136499.0,129.01,EQ
02-07-2021,127.7,127.95,124.0,124.35,124.65,151.3,29.2,36404209,4566450620.1,111892.0,125.44,EQ
05-07-2021,125.0,126.8,123.8,125.6,125.85,151.3,30.9,41371708,5187731831.35,115661.0,125.39,EQ
06-07-2021,126.2,127.1,122.55,123.1,123.1,151.3,30.9,37735052,4707260290.75,116213.0,124.75,EQ
07-07-2021,123.1,129.7,121.75,128.1,128.35,151.3,30.9,70266324,8881522214.5,169037.0,126.4,EQ
08-07-2021,129.0,129.2,122.5,122.9,123.05,151.3,30.9,44541931,5566020199.75,143679.0,124.96,EQ
09-07-2021,123.4,125.7,122.55,125.05,124.9,151.3,30.9,36030640,4483692809.1,108391.0,124.44,EQ
12-07-2021,126.35,127.4,124.35,124.85,124.8,151.3,32.1,28310351,3568922682.3,91169.0,126.06,EQ
13-07-2021,125.6,127.25,124.3,125.35,125.6,151.3,32.1,22303327,2801900581.05,65319.0,125.63,EQ
14-07-2021,125.8,126.45,124.1,124.5,124.15,151.3,32.1,15709364,1966869919.75,64391.0,125.2,EQ
15-07-2021,124.65,127.45,124.5,126.15,126.2,151.3,32.1,38444821,4852359830.95,114617.0,126.22,EQ
16-07-2021,127.4,128.45,126.3,127.2,127.25,151.3,32.1,31731431,4040516448.45,128750.0,127.33,EQ
19-07-2021,125.9,129.3,124.65,126.65,127.1,151.3,32.65,55149617,7019676407.7,134846.0,127.28,EQ
20-07-2021,126.5,126.7,120.8,122.85,122.7,151.3,32.65,46291709,5694633921.5,147903.0,123.02,EQ
22-07-2021,124.4,127.7,124.35,126.15,126.5,151.3,32.65,68047287,8589256446.4,159508.0,126.22,EQ
23-07-2021,127.1,131.0,126.0,126.55,126.4,151.3,32.65,75791978,9756462341.25,210367.0,128.73,EQ
26-07-2021,127.25,130.9,126.55,129.6,129.25,151.3,32.65,62471280,8055709535.85,169510.0,128.95,EQ
27-07-2021,131.0,132.05,128.25,129.75,129.3,151.3,32.65,45361755,5922247473.45,111737.0,130.56,EQ
28-07-2021,130.35,134.85,127.3,133.85,134.55,151.3,32.65,75594059,9938210053.45,173926.0,131.47,EQ
29-07-2021,135.25,143.35,134.3,141.95,141.4,151.3,32.65,146823987,20463797833.3,363745.0,139.38,EQ
30-07-2021,140.5,145.9,140.5,142.05,142.1,151.3,32.65,83758559,11989591121.55,229724.0,143.14,EQ
02-08-2021,143.5,143.5,138.9,139.5,139.4,151.3,32.65,44235482,6219855276.8,135584.0,140.61,EQ
03-08-2021,139.65,140.95,137.1,139.1,138.8,151.3,32.65,40356148,5606470394.65,122345.0,138.92,EQ
04-08-2021,139.6,142.45,134.15,137.55,137.8,151.3,32.65,60973704,8440319779.95,168019.0,138.43,EQ
05-08-2021,138.75,143.85,133.7,143.05,142.95,151.3,32.65,85824933,12007757525.55,222299.0,139.91,EQ
06-08-2021,143.35,144.3,140.25,141.0,141.3,151.3,32.65,46997414,6701009847.75,136496.0,142.58,EQ
09-08-2021,142.0,143.9,132.35,134.1,134.1,151.3,32.65,71272074,9818390750.2,195026.0,137.76,EQ
10-08-2021,135.15,136.0,123.55,127.25,127.0,151.3,32.65,62228631,8106573434.5,178641.0,130.27,EQ
11-08-2021,130.2,135.25,127.6,134.75,134.95,151.3,32.65,83411121,10974748495.2,216879.0,131.57,EQ
12-08-2021,136.0,137.7,133.7,135.0,134.7,151.3,32.65,44524216,6035394184.95,106822.0,135.55,EQ
13-08-2021,134.85,136.9,128.8,133.95,134.3,151.3,32.65,73126922,9734134055.25,184725.0,133.11,EQ
16-08-2021,135.0,136.35,132.15,134.5,133.95,151.3,32.65,44335128,5963950687.85,117003.0,134.52,EQ
17-08-2021,134.35,135.0,129.5,130.0,130.1,151.3,32.65,34911091,4609134595.8,102900.0,132.02,EQ
18-08-2021,130.25,131.0,127.7,128.4,128.4,151.3,32.65,24225712,3133987724.85,82573.0,129.37,EQ
20-08-2021,125.2,125.2,116.1,119.0,117.25,151.3,32.65,66573892,8107711264.0,248462.0,121.79,EQ
23-08-2021,122.0,122.9,112.55,115.15,115.0,151.3,32.65,87566320,10255003670.7,233572.0,117.11,EQ
24-08-2021,116.6,120.85,116.45,119.2,119.1,151.3,32.65,57673943,6841181272.35,162896.0,118.62,EQ
25-08-2021,120.05,121.5,118.5,119.35,119.25,151.3,32.65,33183246,3986298729.55,96367.0,120.13,EQ
26-08-2021,119.0,119.3,114.0,115.25,116.0,151.3,32.65,58381363,6769233130.45,156837.0,115.95,EQ
27-08-2021,116.5,119.25,116.5,118.25,118.0,151.3,32.65,51051068,6034040106.55,112519.0,118.2,EQ
30-08-2021,118.85,122.8,118.8,121.5,121.45,151.3,32.65,43152497,5237734065.5,115477.0,121.38,EQ
31-08-2021,122.25,122.9,120.05,121.6,121.5,151.3,32.65,31984469,3884970384.85,86368.0,121.46,EQ
01-09-2021,121.4,121.6,118.3,120.05,119.75,151.3,32.65,29172329,3494253369.5,81206.0,119.78,EQ
02-09-2021,119.9,121.5,119.25,120.85,120.65,151.3,32.65,23650346,2847481827.7,67796.0,120.4,EQ
03-09-2021,121.25,125.0,119.7,122.45,122.3,151.3,32.65,45453134,5564620142.75,117670.0,122.43,EQ
06-09-2021,123.0,123.1,119.45,121.45,121.2,151.3,32.65,41016120,4962457254.4,117282.0,120.99,EQ
07-09-2021,121.8,123.4,119.9,120.25,120.0,151.3,32.65,29365152,3565223719.4,84544.0,121.41,EQ
08-09-2021,120.9,121.85,119.15,120.0,120.1,151.3,32.65,20022364,2411462946.45,54504.0,120.44,EQ
09-09-2021,120.0,123.3,119.5,122.2,122.15,151.3,32.65,27731248,3371712500.1,72618.0,121.59,EQ
13-09-2021,123.25,123.4,119.1,120.25,120.35,151.3,32.65,35275437,4247557368.0,102553.0,120.41,EQ
14-09-2021,120.95,121.7,119.7,120.65,120.7,151.3,32.65,22858807,2759964176.35,66610.0,120.74,EQ
15-09-2021,120.55,121.9,119.55,120.75,120.6,151.3,32.65,31240322,3769683171.1,89097.0,120.67,EQ
16-09-2021,121.15,122.65,119.3,119.6,119.7,151.3,32.65,27324977,3290752253.9,85704.0,120.43,EQ
17-09-2021,120.5,120.5,114.35,115.15,115.35,151.3,32.65,49076581,5692308754.75,202253.0,115.99,EQ
20-09-2021,111.0,113.25,105.0,105.8,105.3,151.3,32.65,64945986,7093812186.4,241871.0,109.23,EQ
21-09-2021,106.0,111.7,105.3,111.2,111.5,151.3,32.65,65576034,7092113469.35,196607.0,108.15,EQ
22-09-2021,111.8,113.6,109.1,111.3,111.0,151.3,32.65,55010096,6093473729.55,141040.0,110.77,EQ
23-09-2021,112.95,113.4,109.5,110.45,110.2,151.3,32.65,37099971,4126714403.45,106595.0,111.23,EQ
24-09-2021,110.7,111.5,106.65,108.15,108.1,151.3,32.65,41761741,4550546763.5,122354.0,108.96,EQ
27-09-2021,108.45,109.8,107.5,109.25,109.05,151.3,32.65,23012292,2506210378.4,65892.0,108.91,EQ
28-09-2021,109.3,111.5,109.05,110.35,110.1,151.3,32.65,26139871,2883371424.25,74490.0,110.31,EQ
29-09-2021,112.4,115.4,110.6,114.4,113.95,151.3,32.65,79833166,9106086320.7,178566.0,114.06,EQ
30-09-2021,115.0,117.95,113.2,113.65,113.5,151.3,32.65,59107985,6811677943.15,141321.0,115.24,EQ
01-10-2021,112.95,115.85,110.8,114.8,114.95,151.3,32.65,50198724,5717223110.7,140281.0,113.89,EQ
04-10-2021,115.8,120.95,114.0,120.3,120.2,151.3,32.65,86400828,10215884244.85,200496.0,118.24,EQ
05-10-2021,119.8,121.25,118.3,119.35,119.15,151.3,32.65,43299836,5192224012.45,127623.0,119.91,EQ
06-10-2021,119.8,122.0,115.0,115.75,115.6,151.3,32.65,52648409,6220018111.45,147824.0,118.14,EQ
07-10-2021,116.9,117.8,115.0,115.5,115.45,151.3,32.65,22381530,2603921781.25,90049.0,116.34,EQ
08-10-2021,116.4,118.75,115.8,116.9,116.75,151.3,32.65,22319979,2613354438.85,70126.0,117.09,EQ
11-10-2021,117.5,117.85,116.3,116.6,116.75,151.3,32.65,20380201,2384771054.55,74517.0,117.01,EQ
12-10-2021,116.8,117.7,115.35,115.9,115.9,151.3,32.65,19223747,2234850861.85,70007.0,116.25,EQ
13-10-2021,116.1,123.45,116.1,121.75,121.7,151.3,32.65,81744156,9901266002.9,219857.0,121.13,EQ
14-10-2021,123.0,125.8,122.5,124.2,124.35,151.3,32.65,60211742,7485499613.15,155452.0,124.32,EQ
18-10-2021,125.9,131.8,124.8,129.0,128.4,151.3,33.15,115093350,14732127280.3,269126.0,128.0,EQ
19-10-2021,130.0,131.4,121.6,122.9,122.95,151.3,33.15,54408504,6888623019.75,159380.0,126.61,EQ
20-10-2021,122.7,123.25,118.5,119.45,119.5,151.3,33.15,34047612,4095311248.6,106726.0,120.28,EQ
21-10-2021,120.45,122.2,116.05,118.45,118.75,151.3,33.15,32622992,3873468136.15,119338.0,118.73,EQ
22-10-2021,119.3,119.85,115.15,116.5,116.75,151.3,33.15,24743699,2900878240.95,92591.0,117.24,EQ
25-10-2021,117.3,119.05,114.05,115.45,115.25,151.3,33.15,31735805,3692943452.6,100937.0,116.37,EQ
26-10-2021,116.3,120.7,116.1,119.9,120.2,151.3,33.15,30794702,3640571727.65,85778.0,118.22,EQ
27-10-2021,120.5,121.6,116.4,117.0,116.95,151.3,33.15,34383061,4094915896.0,95696.0,119.1,EQ
28-10-2021,116.3,117.6,113.55,115.0,114.9,151.3,33.15,56679255,6529103565.45,157836.0,115.19,EQ
29-10-2021,115.0,116.95,112.8,115.1,115.6,151.3,33.15,48266319,5568724113.6,111516.0,115.37,EQ
01-11-2021,123.0,130.3,122.25,125.25,125.2,151.3,34.0,200912849,25489188109.15,452121.0,126.87,EQ
02-11-2021,125.8,126.35,122.1,122.35,122.3,151.3,34.0,49404142,6108253859.15,144403.0,123.64,EQ
03-11-2021,123.0,123.8,121.1,122.0,122.15,151.3,34.0,40867394,4998632250.9,116565.0,122.31,EQ
04-11-2021,123.4,123.7,122.7,123.25,123.35,151.3,34.0,7327909,903010894.85,46030.0,123.23,EQ
08-11-2021,125.0,125.0,122.0,124.65,124.7,151.3,37.2,40785175,5045315136.45,107475.0,123.7,EQ
09-11-2021,122.8,124.55,120.2,123.35,124.5,151.3,37.2,62396450,7600173810.6,164125.0,121.8,EQ
10-11-2021,123.5,123.95,117.5,117.95,117.9,151.3,37.2,67831948,8133557476.5,197936.0,119.91,EQ
11-11-2021,118.1,119.2,116.4,117.0,117.0,151.3,37.2,25749010,3036368030.25,92918.0,117.92,EQ
12-11-2021,118.0,118.9,115.55,117.5,117.25,151.3,37.2,24442697,2859616391.2,93410.0,116.99,EQ
15-11-2021,118.0,118.45,115.0,115.45,115.7,151.3,39.55,17462859,2027954375.75,78603.0,116.13,EQ
16-11-2021,115.9,116.8,114.05,114.55,114.2,151.3,39.55,22417892,2587523208.65,103770.0,115.42,EQ
17-11-2021,114.0,115.45,113.1,113.65,113.35,151.3,39.55,17789072,2034289912.85,78620.0,114.36,EQ
18-11-2021,113.8,114.55,110.0,110.5,110.5,151.3,39.55,25723110,2871038018.5,107539.0,111.61,EQ
22-11-2021,111.1,111.7,105.8,107.35,107.25,151.3,40.8,32273044,3507779059.05,122742.0,108.69,EQ
23-11-2021,107.3,113.5,107.0,111.05,111.25,151.3,40.8,51894157,5782308993.8,149775.0,111.43,EQ
24-11-2021,111.85,112.6,110.0,110.6,110.2,151.3,40.8,28289989,3147410808.2,97811.0,111.26,EQ
25-11-2021,110.85,111.7,108.45,109.95,110.0,151.3,40.8,33353266,3658644173.45,108331.0,109.69,EQ
26-11-2021,108.55,109.2,103.1,103.65,103.7,151.3,40.8,56238864,5939757573.65,236515.0,105.62,EQ
29-11-2021,103.7,105.95,100.4,102.65,102.6,151.3,47.9,44874279,4653731503.9,178866.0,103.71,EQ
30-11-2021,103.0,105.3,99.25,100.05,100.0,151.3,47.9,50348334,5161306427.25,191802.0,102.51,EQ
01-12-2021,101.8,103.0,100.25,102.55,102.9,151.3,47.9,37013303,3760780600.65,118680.0,101.61,EQ
02-12-2021,102.7,104.9,101.7,104.55,104.6,151.3,47.9,35863264,3703566424.85,110364.0,103.27,EQ
03-12-2021,104.8,106.2,103.65,104.0,104.25,151.3,47.9,39431734,4133874772.6,117899.0,104.84,EQ
06-12-2021,104.3,106.6,102.25,102.9,102.8,151.3,53.0,40798956,4257482149.1,130695.0,104.35,EQ
07-12-2021,104.5,108.7,103.8,107.75,108.5,151.3,53.0,54180253,5773895341.0,149731.0,106.57,EQ
08-12-2021,109.95,110.45,107.2,110.2,110.0,151.3,53.0,42143106,4601455494.2,107560.0,109.19,EQ
09-12-2021,110.25,112.5,108.65,111.8,111.15,151.3,53.0,41245513,4585127390.7,102163.0,111.17,EQ
10-12-2021,111.1,112.75,110.05,112.25,112.1,151.3,53.0,31774104,3538900521.05,78423.0,111.38,EQ
13-12-2021,123.45,123.45,112.5,113.0,113.5,151.3,53.65,69531375,7960455362.45,154127.0,114.49,EQ
14-12-2021,112.4,116.0,111.6,114.6,114.6,151.3,53.65,41178093,4709320626.4,105386.0,114.36,EQ
15-12-2021,114.75,117.2,113.6,113.95,113.7,151.3,53.65,38428524,4434074220.15,99867.0,115.38,EQ
16-12-2021,114.8,115.55,112.1,113.5,113.75,151.3,53.65,26860434,3059589606.7,82186.0,113.91,EQ
17-12-2021,113.1,113.5,110.4,112.35,112.2,151.3,53.65,34182526,3830318405.2,88976.0,112.05,EQ
20-12-2021,109.8,110.3,104.5,106.5,106.25,151.3,53.65,47029517,5013931900.65,141766.0,106.61,EQ
21-12-2021,107.5,111.9,107.35,110.65,110.9,151.3,53.65,37037500,4079563200.0,98657.0,110.15,EQ
22-12-2021,111.9,113.2,111.4,112.7,112.75,151.3,53.65,23794822,2672086540.7,63734.0,112.3,EQ
23-12-2021,113.5,114.65,111.0,111.4,111.25,151.3,53.65,26865830,3033188567.35,75760.0,112.9,EQ
24-12-2021,111.9,111.95,107.8,108.8,108.9,151.3,53.65,27899055,3039955683.75,76404.0,108.96,EQ
27-12-2021,107.8,109.25,107.1,108.45,108.3,151.3,55.3,18001260,1948981422.75,55245.0,108.27,EQ
28-12-2021,108.7,109.4,108.4,108.8,108.75,151.3,55.3,12134126,1321526131.7,39852.0,108.91,EQ
29-12-2021,108.5,108.6,105.7,106.4,106.35,151.3,55.3,25865808,2759657598.3,90745.0,106.69,EQ
30-12-2021,106.0,107.35,104.9,105.15,105.45,151.3,55.3,21013686,2222629927.6,82769.0,105.77,EQ
31-12-2021,105.55,108.45,105.5,107.2,107.35,151.3,55.3,21997020,2364126718.0,73902.0,107.47,EQ
03-01-2022,107.7,110.6,107.05,110.1,110.4,151.3,55.3,24678644,2681686528.85,82305.0,108.66,EQ
04-01-2022,110.95,111.25,108.65,109.85,109.7,151.3,55.3,24952161,2743904042.2,79606.0,109.97,EQ
05-01-2022,109.65,113.65,108.9,113.0,112.95,151.3,55.3,40582366,4531121378.65,108583.0,111.65,EQ
06-01-2022,111.7,113.5,111.25,112.35,112.25,151.3,55.3,25776004,2897315941.7,73165.0,112.4,EQ
07-01-2022,112.85,113.45,110.55,112.0,111.9,151.3,55.3,26351285,2950087462.8,61573.0,111.95,EQ
10-01-2022,112.55,112.6,109.35,109.75,109.9,151.3,55.3,40065591,4436801608.35,105643.0,110.74,EQ
11-01-2022,108.8,108.8,104.25,104.4,104.5,151.3,55.3,83997765,8858417954.2,261276.0,105.46,EQ
12-01-2022,105.05,106.1,104.55,104.95,104.9,151.3,55.3,36449235,3830291752.3,99168.0,105.09,EQ
13-01-2022,106.0,108.5,105.35,108.05,107.8,151.3,55.3,47128730,5063034325.9,127902.0,107.43,EQ
14-01-2022,107.7,108.85,107.25,108.2,108.1,151.3,55.3,22683240,2453720977.7,59118.0,108.17,EQ
17-01-2022,107.0,108.5,106.25,107.4,107.65,151.3,55.3,38356354,4114529849.3,112954.0,107.27,EQ
18-01-2022,108.0,108.1,105.05,105.3,105.5,151.3,55.3,26528093,2818192460.6,96776.0,106.23,EQ
19-01-2022,105.5,105.75,103.6,104.65,104.95,151.3,55.3,38987705,4077595260.7,118803.0,104.59,EQ
20-01-2022,105.0,106.9,103.8,105.5,105.7,151.3,55.3,41218605,4336167105.0,94669.0,105.2,EQ
21-01-2022,104.5,106.0,101.6,102.55,102.75,151.3,55.3,50322983,5227433588.35,155011.0,103.88,EQ
24-01-2022,101.5,102.25,96.25,97.35,97.15,151.3,55.3,51823192,5105409549.1,227647.0,98.52,EQ
25-01-2022,97.2,99.8,96.25,97.5,97.3,151.3,55.3,39580595,3875731819.05,156153.0,97.92,EQ
27-01-2022,97.0,97.1,94.15,96.4,96.45,151.3,55.3,41800442,4002938937.15,159078.0,95.76,EQ
28-01-2022,97.65,100.4,97.15,97.45,97.45,151.3,55.3,36999823,3653790423.1,125147.0,98.75,EQ
31-01-2022,99.2,99.65,97.55,98.45,98.4,151.3,57.6,29176967,2872523892.95,94524.0,98.45,EQ
01-02-2022,99.45,104.2,98.15,103.3,103.75,151.3,57.6,71410207,7216831474.2,197431.0,101.06,EQ
02-02-2022,105.2,106.0,103.65,104.15,104.0,151.3,57.6,50935597,5321058732.25,146125.0,104.47,EQ
03-02-2022,104.7,105.7,103.3,104.45,104.25,151.3,57.6,32947766,3454820290.55,90656.0,104.86,EQ
04-02-2022,104.7,106.7,103.85,105.1,104.9,151.3,57.6,39818820,4210250953.65,96978.0,105.74,EQ
07-02-2022,104.45,106.25,102.0,102.45,102.15,151.3,62.4,41791347,4343653397.75,107314.0,103.94,EQ
08-02-2022,103.0,104.1,99.5,101.9,101.55,151.3,62.4,43278258,4393807373.4,109044.0,101.52,EQ
09-02-2022,102.3,104.0,100.55,103.6,103.3,151.3,62.4,38882386,3976179622.55,86687.0,102.26,EQ
10-02-2022,101.0,106.75,101.0,103.4,103.45,151.3,62.4,84638735,8869763626.05,177535.0,104.8,EQ
11-02-2022,102.5,103.1,101.1,101.75,101.5,151.3,62.4,24260135,2475812547.45,66719.0,102.05,EQ
14-02-2022,100.0,100.3,95.5,96.15,95.95,151.3,62.4,32544033,3186635066.55,141593.0,97.92,EQ
15-02-2022,97.0,98.7,94.3,98.2,98.45,151.3,62.4,30069759,2905233703.95,99439.0,96.62,EQ
16-02-2022,98.8,100.35,98.1,98.65,98.4,151.3,62.4,23615723,2343634798.7,65007.0,99.24,EQ
17-02-2022,98.95,99.4,97.0,97.35,97.6,151.3,62.4,17584772,1728881414.2,50907.0,98.32,EQ
18-02-2022,97.3,98.35,96.3,96.85,96.75,151.3,62.4,24800828,2412793785.1,59148.0,97.29,EQ
21-02-2022,96.5,97.9,95.3,95.6,95.65,151.3,65.05,24726790,2391237842.15,77169.0,96.71,EQ
22-02-2022,93.95,94.35,91.1,93.25,92.95,151.3,65.05,31544269,2932112204.1,106437.0,92.95,EQ
23-02-2022,94.0,96.05,93.15,94.9,94.9,151.3,65.05,25758246,2436981599.25,78985.0,94.61,EQ
24-02-2022,90.0,91.95,84.35,85.0,85.2,151.3,65.05,71704145,6310944259.55,232437.0,88.01,EQ
25-02-2022,89.5,92.25,88.4,91.6,91.65,151.3,65.05,42402553,3848065171.8,113490.0,90.75,EQ
28-02-2022,91.0,96.75,90.2,96.35,96.15,151.3,67.1,51489421,4849566020.6,120565.0,94.19,EQ
02-03-2022,96.0,100.5,95.55,99.35,99.2,151.3,67.1,57349266,5692508952.4,145944.0,99.26,EQ
03-03-2022,101.5,102.5,100.05,101.15,101.1,151.3,67.1,42379071,4287872119.1,103863.0,101.18,EQ
04-03-2022,101.0,102.1,97.05,97.55,97.65,151.3,67.1,46399925,4613671090.0,111874.0,99.43,EQ
07-03-2022,97.6,99.15,94.85,98.0,97.5,151.3,67.1,38617536,3739429925.3,104282.0,96.83,EQ
08-03-2022,98.0,98.5,93.5,96.1,95.85,151.3,67.1,38596051,3691102465.45,103936.0,95.63,EQ
09-03-2022,96.1,97.85,95.2,96.1,96.2,151.3,67.1,31188865,3000122260.6,85530.0,96.19,EQ
10-03-2022,97.95,99.6,96.6,99.1,99.0,151.3,67.1,41584245,4080681782.5,94706.0,98.13,EQ
11-03-2022,99.5,101.85,99.05,99.65,99.4,151.3,67.1,44512874,4461435290.35,107811.0,100.23,EQ
14-03-2022,100.8,101.35,98.0,99.3,99.35,151.3,67.1,46969583,4665278602.4,91590.0,99.33,EQ
15-03-2022,99.0,99.0,93.85,94.9,94.85,151.3,67.1,44771720,4304857621.8,159058.0,96.15,EQ
16-03-2022,96.35,97.45,96.0,97.2,97.05,151.3,67.1,30212949,2922943813.65,73557.0,96.74,EQ
17-03-2022,98.8,100.0,97.2,98.1,98.1,151.3,67.1,50576391,4987335444.3,101337.0,98.61,EQ
21-03-2022,98.9,100.85,98.5,99.4,99.25,151.3,67.6,44140020,4403868229.0,90135.0,99.77,EQ
22-03-2022,99.9,101.45,98.25,99.5,99.7,151.3,67.6,43769916,4361061874.35,83186.0,99.64,EQ
23-03-2022,100.8,104.7,99.8,103.1,102.9,151.3,67.6,100447377,10286346901.3,183407.0,102.41,EQ
24-03-2022,102.75,104.95,102.5,104.0,103.95,151.3,67.6,41016068,4258246100.35,91732.0,103.82,EQ
25-03-2022,104.5,105.15,102.9,103.1,103.3,151.3,67.6,29916817,3118389153.25,80034.0,104.24,EQ
28-03-2022,101.8,101.8,99.6,99.85,99.85,151.3,78.0,28885917,2895159334.95,73697.0,100.23,EQ
29-03-2022,100.9,101.05,98.5,98.8,98.65,151.3,78.0,37061803,3679560274.45,72954.0,99.28,EQ
30-03-2022,99.0,99.0,97.05,97.75,97.65,151.3,78.0,32496697,3175562229.3,77521.0,97.72,EQ
31-03-2022,98.2,99.55,98.0,98.55,98.6,151.3,78.0,30867023,3050824855.3,60429.0,98.84,EQ
01-04-2022,99.0,102.5,98.8,102.15,102.0,151.3,78.0,31320098,3158699292.85,66946.0,100.85,EQ
04-04-2022,103.0,106.8,102.85,106.4,106.05,151.3,83.45,53395420,5615069391.2,134409.0,105.16,EQ
05-04-2022,106.95,108.0,105.2,105.75,105.55,151.3,83.45,45728043,4876837521.45,98865.0,106.65,EQ
06-04-2022,105.25,111.95,104.8,110.5,110.55,151.3,83.45,78734092,8611685217.3,183683.0,109.38,EQ
07-04-2022,111.35,112.2,107.5,109.1,109.1,151.3,83.45,52483623,5750363072.25,129929.0,109.56,EQ
08-04-2022,109.9,112.2,109.35,110.9,110.85,151.3,83.45,38006661,4219958126.9,106528.0,111.03,EQ
11-04-2022,110.95,112.35,109.7,109.95,109.9,151.3,83.45,23157885,2569863388.65,70449.0,110.97,EQ
12-04-2022,109.0,109.5,105.8,108.05,108.0,151.3,83.45,33624428,3601842372.8,82994.0,107.12,EQ
13-04-2022,108.9,109.45,106.3,106.5,106.65,151.3,83.45,18850426,2032034629.15,59628.0,107.8,EQ
18-04-2022,106.0,107.25,104.45,105.25,105.0,151.3,84.35,26261827,2777979106.25,70541.0,105.78,EQ
19-04-2022,106.0,108.0,102.5,104.1,102.9,151.3,84.35,26307915,2804582492.3,75042.0,106.61,EQ
20-04-2022,104.5,104.8,101.65,101.9,101.9,151.3,84.35,26825161,2763939291.3,85376.0,103.04,EQ
21-04-2022,102.35,103.8,100.7,103.1,103.35,151.3,84.35,31169375,3196783231.05,88714.0,102.56,EQ
22-04-2022,101.8,103.75,101.15,101.4,101.7,151.3,84.35,18079494,1849159712.0,70187.0,102.28,EQ
25-04-2022,99.5,100.1,96.5,96.75,97.1,151.3,84.35,48541864,4740568864.0,143107.0,97.66,EQ
26-04-2022,97.9,98.75,97.35,98.15,98.2,151.3,84.35,20974709,2056313011.15,65429.0,98.04,EQ
27-04-2022,97.4,97.85,95.5,97.2,97.0,151.3,84.35,29642139,2863043555.75,89381.0,96.59,EQ
28-04-2022,97.85,98.2,96.45,97.8,97.95,151.3,84.35,21460845,2089374161.8,48858.0,97.36,EQ
29-04-2022,98.1,98.95,96.5,96.75,96.75,151.3,84.35,22228488,2173989541.95,62810.0,97.8,EQ
02-05-2022,95.95,97.15,94.45,96.85,96.8,151.3,84.35,22931138,2196106341.35,82058.0,95.77,EQ
04-05-2022,98.05,98.4,93.85,94.85,94.95,151.3,84.35,31271235,3008351236.5,91333.0,96.2,EQ
05-05-2022,95.9,96.6,93.8,94.1,94.15,151.3,84.35,23329442,2225939316.85,69992.0,95.41,EQ
06-05-2022,93.0,93.0,89.05,89.9,90.25,151.3,84.35,48845546,4408791643.55,211694.0,90.26,EQ
09-05-2022,89.9,89.9,86.8,87.9,87.95,151.3,84.35,29833441,2618577566.95,100532.0,87.77,EQ
10-05-2022,87.3,88.45,83.55,84.1,83.7,151.3,83.55,32190085,2767927575.85,133974.0,85.99,EQ
11-05-2022,84.2,85.75,81.35,83.85,84.4,151.3,81.35,39120953,3266375667.6,129806.0,83.49,EQ
12-05-2022,83.45,83.5,79.8,80.7,80.6,151.3,79.8,35341235,2871015184.95,125781.0,81.24,EQ
13-05-2022,82.7,83.8,79.2,79.65,79.45,151.3,79.2,32364015,2632406940.55,115390.0,81.34,EQ
16-05-2022,80.0,82.25,78.85,81.55,81.8,145.9,78.85,26772936,2173175499.45,92239.0,81.17,EQ
17-05-2022,82.15,85.95,82.1,85.7,85.85,145.9,78.85,38380173,3240221111.65,113465.0,84.42,EQ
18-05-2022,86.3,86.45,84.1,84.6,84.7,145.9,78.85,32754918,2778863227.25,84875.0,84.84,EQ
19-05-2022,82.3,82.3,79.25,80.2,80.5,145.9,78.85,39987370,3223379511.75,125212.0,80.61,EQ
20-05-2022,82.95,83.45,81.6,83.0,83.1,145.9,78.85,30011006,2482374156.05,75524.0,82.72,EQ
23-05-2022,76.7,76.7,71.7,73.95,74.35,145.9,71.7,113585736,8448187459.55,309390.0,74.38,EQ
24-05-2022,74.35,75.7,73.35,74.25,74.15,145.9,71.7,60064633,4457990118.8,141497.0,74.22,EQ
25-05-2022,75.0,75.05,71.0,71.15,71.15,145.9,71.0,55416336,4002440964.65,140528.0,72.22,EQ
26-05-2022,72.0,74.35,69.5,73.65,73.85,145.9,69.5,66187950,4768663249.65,150600.0,72.05,EQ
27-05-2022,74.45,74.6,73.0,74.2,74.15,145.9,69.5,35122761,2592041443.25,72711.0,73.8,EQ
30-05-2022,75.0,75.55,73.8,74.75,74.7,145.9,69.5,29257589,2186794108.7,67270.0,74.74,EQ
31-05-2022,74.4,76.7,74.1,75.95,76.0,145.9,69.5,33084493,2503431901.45,70889.0,75.67,EQ
01-06-2022,75.95,77.0,74.95,76.45,76.6,145.9,69.5,32105532,2446148446.3,87427.0,76.19,EQ
02-06-2022,76.9,76.95,74.8,76.4,76.4,145.9,69.5,35686075,2704137757.25,80545.0,75.78,EQ
03-06-2022,77.4,77.4,75.5,75.65,75.65,145.9,69.5,21785047,1660926053.25,58014.0,76.24,EQ
06-06-2022,75.45,76.0,73.65,75.7,75.6,145.9,69.5,27661489,2075180448.45,56752.0,75.02,EQ
07-06-2022,75.0,75.95,74.5,75.0,74.9,145.9,69.5,18218210,1369400333.2,49016.0,75.17,EQ
08-06-2022,75.25,76.4,75.1,75.8,75.7,145.9,69.5,21951937,1663885097.05,46092.0,75.8,EQ
09-06-2022,75.25,75.9,74.15,75.05,75.15,145.9,69.5,21014709,1575296047.4,51690.0,74.96,EQ
10-06-2022,74.05,74.2,72.6,73.3,73.25,145.9,69.5,29410059,2156233502.95,77163.0,73.32,EQ
13-06-2022,72.0,72.0,70.2,71.5,71.55,145.9,69.5,30530740,2168468188.25,87154.0,71.03,EQ
14-06-2022,71.0,73.4,70.7,71.25,71.5,145.9,69.5,29432739,2115921232.8,68388.0,71.89,EQ
15-06-2022,71.95,72.25,70.5,70.75,70.6,145.9,69.5,23770095,1692086892.9,54016.0,71.19,EQ
16-06-2022,72.0,72.0,66.5,67.25,66.85,145.9,66.5,39971288,2757758278.3,103503.0,68.99,EQ
17-06-2022,67.25,70.05,66.25,68.45,68.5,145.9,66.25,68542282,4696398503.55,118976.0,68.52,EQ
20-06-2022,68.6,68.6,63.6,64.9,65.05,145.9,63.6,44821242,2915976011.55,115488.0,65.06,EQ
21-06-2022,65.6,69.4,64.6,68.8,69.05,145.9,63.6,51488728,3454169475.6,98027.0,67.09,EQ
22-06-2022,68.0,68.0,65.15,66.5,66.45,145.9,63.6,38976592,2579869721.1,87925.0,66.19,EQ
23-06-2022,66.5,68.0,65.95,67.25,67.35,145.9,63.6,33483121,2242899595.4,67220.0,66.99,EQ
24-06-2022,68.0,69.05,67.15,68.0,68.15,145.9,63.6,29172632,1988641070.75,58934.0,68.17,EQ
27-06-2022,69.3,70.5,68.8,69.95,70.0,145.9,63.6,31633555,2211962927.25,66212.0,69.92,EQ
28-06-2022,69.8,71.4,69.2,71.1,71.15,145.9,63.6,35159121,2478629302.65,58700.0,70.5,EQ
29-06-2022,70.15,70.7,69.7,70.05,70.05,145.9,63.6,24035362,1684583042.05,49544.0,70.09,EQ
30-06-2022,69.9,70.8,68.2,68.55,68.55,145.9,63.6,25854133,1792321215.45,49275.0,69.32,EQ
01-07-2022,68.2,70.2,67.85,69.9,69.9,145.9,63.6,20563587,1415411686.9,43980.0,68.83,EQ
04-07-2022,69.2,69.9,67.5,69.0,69.1,145.9,63.6,22848966,1559373357.8,59059.0,68.25,EQ
05-07-2022,69.0,71.3,68.8,69.6,69.5,145.9,63.6,27353438,1917375973.8,58792.0,70.1,EQ
06-07-2022,69.25,69.9,67.55,69.6,69.6,145.9,63.6,24025696,1648071348.75,51449.0,68.6,EQ
07-07-2022,70.2,73.5,69.75,72.85,73.5,145.9,63.6,36413399,2599427606.65,78267.0,71.39,EQ
08-07-2022,73.5,73.8,71.15,71.6,71.6,145.9,63.6,37768322,2716529561.0,71349.0,71.93,EQ
11-07-2022,70.5,73.9,70.5,72.5,72.5,145.9,63.6,40747355,2956383304.85,71982.0,72.55,EQ
12-07-2022,72.15,72.15,70.6,71.1,70.95,145.9,63.6,34393160,2453434711.7,69234.0,71.33,EQ
13-07-2022,71.0,71.65,70.6,71.05,70.9,145.9,63.6,23680129,1685227979.4,44949.0,71.17,EQ
14-07-2022,70.8,71.1,69.55,70.1,70.1,145.9,63.6,21598574,1517188193.45,49238.0,70.24,EQ
15-07-2022,70.1,70.3,68.55,69.35,69.65,145.9,63.6,57717709,4000578365.3,76414.0,69.31,EQ
18-07-2022,69.85,72.0,69.65,71.8,71.7,145.9,63.6,33245541,2367184483.65,62348.0,71.2,EQ
19-07-2022,71.15,73.45,71.15,73.2,73.0,145.9,63.6,39257553,2862359434.4,66697.0,72.91,EQ
20-07-2022,74.3,76.15,74.15,74.95,74.85,145.9,63.6,61219545,4601757660.1,94270.0,75.17,EQ
21-07-2022,75.0,76.0,74.4,75.6,75.55,145.9,63.6,31038381,2335165424.55,55187.0,75.23,EQ
22-07-2022,76.05,76.3,74.7,75.3,75.1,145.9,63.6,21258642,1602105952.6,39706.0,75.36,EQ
25-07-2022,75.25,76.15,74.8,76.0,75.7,145.9,63.6,19924422,1507111309.65,40941.0,75.64,EQ
26-07-2022,76.25,76.6,74.5,74.95,74.85,145.9,63.6,24458733,1843346169.4,43481.0,75.37,EQ
27-07-2022,75.0,76.0,74.3,75.8,75.8,145.9,63.6,17084580,1285609200.65,29244.0,75.25,EQ
28-07-2022,75.0,75.1,73.55,73.8,73.8,145.9,63.6,33296293,2468648450.8,59154.0,74.14,EQ
29-07-2022,74.9,77.45,74.5,77.15,77.2,145.9,63.6,41224551,3153041393.25,82120.0,76.48,EQ
01-08-2022,77.85,78.15,76.7,77.7,77.65,144.3,63.6,18151290,1405321680.65,49825.0,77.42,EQ
02-08-2022,77.5,77.9,75.9,77.5,77.35,144.3,63.6,18742186,1444380992.8,45878.0,77.07,EQ
03-08-2022,77.9,78.6,75.45,76.35,76.35,144.3,63.6,23493253,1798424505.8,49236.0,76.55,EQ
04-08-2022,76.55,78.15,75.95,76.95,76.9,144.3,63.6,24826809,1913488991.05,53012.0,77.07,EQ
05-08-2022,77.35,78.45,77.1,77.6,77.55,144.3,63.6,19897620,1548360216.25,51055.0,77.82,EQ
08-08-2022,77.75,78.6,76.85,78.15,78.15,143.9,63.6,19680701,1533117372.15,44514.0,77.9,EQ
10-08-2022,78.55,80.3,77.65,79.9,80.05,143.9,63.6,35559063,2818566735.7,76662.0,79.26,EQ
11-08-2022,79.8,79.8,78.05,78.85,78.75,143.9,63.6,31717052,2497870229.55,65772.0,78.75,EQ
12-08-2022,78.85,82.2,78.8,81.6,81.65,143.9,63.6,40640281,3294043726.45,86659.0,81.05,EQ
16-08-2022,81.9,82.95,80.2,82.65,82.85,136.35,63.6,26851934,2196673888.4,71480.0,81.81,EQ
17-08-2022,82.85,84.05,82.35,82.85,82.7,136.35,63.6,28056755,2332096410.75,64986.0,83.12,EQ
18-08-2022,82.85,83.3,82.05,83.15,83.2,136.35,63.6,20383265,1686390891.75,53354.0,82.73,EQ
19-08-2022,83.1,83.2,81.5,81.75,81.55,136.35,63.6,16756741,1379691155.85,42001.0,82.34,EQ
22-08-2022,81.2,81.2,78.0,78.15,78.15,131.8,63.6,18504246,1470316101.6,51463.0,79.46,EQ
23-08-2022,77.75,80.35,77.0,80.0,80.2,131.8,63.6,18941205,1502651815.15,44561.0,79.33,EQ
24-08-2022,79.5,80.25,78.9,79.45,79.35,131.8,63.6,15002345,1191825953.15,41783.0,79.44,EQ
25-08-2022,79.85,80.95,79.5,79.75,79.8,131.8,63.6,14283751,1147005718.2,38784.0,80.3,EQ
26-08-2022,81.0,82.9,80.6,81.7,81.8,131.8,63.6,29944031,2457944148.4,79789.0,82.08,EQ
29-08-2022,79.0,80.45,78.45,79.95,80.05,131.8,63.6,20571152,1636642302.95,53677.0,79.56,EQ
30-08-2022,80.5,81.85,80.25,81.3,81.15,131.8,63.6,22790003,1843485425.3,58684.0,80.89,EQ
01-09-2022,80.5,81.45,80.0,80.95,80.95,131.8,63.6,19557859,1580906665.55,56380.0,80.83,EQ
02-09-2022,80.95,81.75,79.05,79.2,79.2,131.8,63.6,23484601,1878553196.85,57130.0,79.99,EQ
05-09-2022,79.7,81.05,79.5,80.5,80.5,131.8,63.6,21881137,1760141819.4,52837.0,80.44,EQ
06-09-2022,81.2,82.45,80.0,82.05,82.3,131.8,63.6,21769068,1767383465.9,47687.0,81.19,EQ
07-09-2022,81.75,82.6,81.5,82.25,82.25,131.8,63.6,18135087,1488952892.1,42505.0,82.1,EQ
08-09-2022,82.9,83.1,81.25,81.6,81.6,131.8,63.6,13192202,1081674143.9,36111.0,81.99,EQ
09-09-2022,82.05,82.8,81.55,82.15,82.25,131.8,63.6,14149065,1163349190.4,35613.0,82.22,EQ
12-09-2022,82.7,83.5,82.5,83.25,83.5,131.8,63.6,13787059,1143478946.4,41363.0,82.94,EQ
13-09-2022,83.5,84.25,83.5,83.6,83.55,131.8,63.6,14722171,1234489175.1,42425.0,83.85,EQ
14-09-2022,82.0,85.0,81.95,84.05,83.9,131.8,63.6,22582789,1890235329.1,51602.0,83.7,EQ
15-09-2022,83.6,83.8,82.0,82.25,82.1,131.8,63.6,16676036,1377726089.25,44731.0,82.62,EQ
16-09-2022,82.0,82.4,79.6,80.65,80.55,131.8,63.6,22689826,1836054831.0,55882.0,80.92,EQ
19-09-2022,80.65,80.75,78.6,78.85,78.85,131.8,63.6,17209181,1367850875.25,45639.0,79.48,EQ
20-09-2022,79.55,81.35,79.5,80.75,80.8,131.8,63.6,14219212,1149014985.5,35924.0,80.81,EQ
21-09-2022,80.7,81.55,79.9,80.1,80.15,131.8,63.6,10364275,835525532.9,30027.0,80.62,EQ
22-09-2022,79.8,81.0,79.0,80.4,80.45,131.8,63.6,11718492,938405229.6,32260.0,80.08,EQ
23-09-2022,80.0,81.1,77.8,78.15,77.9,131.8,63.6,11815823,934307276.85,40736.0,79.07,EQ
26-09-2022,77.0,77.3,73.8,74.7,74.6,131.8,63.6,15856055,1189596411.75,61066.0,75.02,EQ
27-09-2022,75.75,75.85,73.5,74.9,74.9,131.8,63.6,14244016,1062746482.6,39852.0,74.61,EQ
28-09-2022,74.0,75.1,73.2,73.65,73.5,131.8,63.6,11622517,863330787.35,38281.0,74.28,EQ
29-09-2022,74.5,75.65,73.55,74.05,73.9,131.8,63.6,31048983,2306781363.35,50875.0,74.29,EQ
30-09-2022,74.4,77.1,73.6,76.75,76.95,131.8,63.6,23164910,1751543798.3,45200.0,75.61,EQ
03-10-2022,76.5,76.55,75.55,76.0,76.1,131.8,63.6,12532404,952966145.2,28543.0,76.04,EQ
04-10-2022,77.75,80.0,76.9,79.6,79.8,131.8,63.6,17021286,1332674364.95,41294.0,78.29,EQ
06-10-2022,80.0,82.7,79.85,82.45,82.3,131.8,63.6,22003469,1800212024.2,55110.0,81.81,EQ
07-10-2022,82.0,82.1,80.35,81.05,81.2,131.8,63.6,12122823,981140532.75,35065.0,80.93,EQ
10-10-2022,79.9,82.5,79.65,81.9,81.9,131.8,63.6,17325325,1412874556.25,47253.0,81.55,EQ
11-10-2022,81.85,82.2,78.7,79.35,79.1,131.8,63.6,15270763,1230024829.85,36689.0,80.55,EQ
12-10-2022,79.5,80.0,78.15,79.5,79.6,131.8,63.6,12403161,982518341.0,27858.0,79.22,EQ
13-10-2022,79.45,79.85,77.5,78.15,78.2,131.8,63.6,12769213,999954239.55,34922.0,78.31,EQ
14-10-2022,80.0,80.0,77.7,77.9,77.9,131.8,63.6,8472934,666132152.05,28895.0,78.62,EQ
17-10-2022,77.7,78.45,76.25,78.25,78.35,131.8,63.6,11143044,864770148.85,33324.0,77.61,EQ
18-10-2022,78.65,79.2,78.25,78.9,78.95,131.8,63.6,9906432,780475398.5,23938.0,78.78,EQ
19-10-2022,78.9,79.8,78.1,78.4,78.5,131.8,63.6,8775176,693247255.3,26303.0,79.0,EQ
20-10-2022,78.3,79.9,77.65,79.6,79.65,131.8,63.6,13611208,1075677026.35,27541.0,79.03,EQ
21-10-2022,79.1,79.55,77.3,77.85,77.9,131.8,63.6,13898452,1086244434.45,33212.0,78.16,EQ
24-10-2022,79.0,79.0,78.0,78.5,78.45,130.3,63.6,1726938,135576124.05,14232.0,78.51,EQ
25-10-2022,78.05,80.0,77.5,79.35,79.4,130.3,63.6,14835434,1174624046.4,33346.0,79.18,EQ
27-10-2022,80.2,82.9,80.1,82.55,82.4,130.3,63.6,31614891,2592391591.6,83886.0,82.0,EQ
28-10-2022,82.8,82.8,78.35,78.95,78.9,130.3,63.6,29330156,2332407794.6,84661.0,79.52,EQ
31-10-2022,79.35,79.55,77.9,78.7,78.65,130.3,63.6,11696554,918462565.3,35103.0,78.52,EQ
01-11-2022,78.7,80.25,78.4,80.0,79.8,130.3,63.6,15997988,1276081554.45,38526.0,79.77,EQ
02-11-2022,80.0,81.45,79.7,80.45,80.35,130.3,63.6,14278917,1154595576.75,34465.0,80.86,EQ
03-11-2022,79.8,81.45,79.3,81.3,81.1,130.3,63.6,15209490,1231179486.45,29838.0,80.95,EQ
04-11-2022,81.5,84.4,81.45,84.1,84.35,130.3,63.6,33445593,2787708056.45,77192.0,83.35,EQ
07-11-2022,84.85,87.35,83.55,87.1,87.15,125.0,63.6,38020780,3284826042.0,99555.0,86.4,EQ
09-11-2022,87.45,87.6,85.5,86.05,86.0,125.0,63.6,22539789,1952078714.45,56444.0,86.61,EQ
10-11-2022,85.0,86.65,83.75,84.2,83.9,125.0,63.6,16683921,1416940849.25,47231.0,84.93,EQ
11-11-2022,84.4,87.5,84.2,85.5,85.55,125.0,63.6,33191044,2843760109.85,69178.0,85.68,EQ
14-11-2022,85.6,88.0,85.55,86.45,86.4,123.45,63.6,26520636,2301040333.2,52081.0,86.76,EQ
15-11-2022,86.85,87.2,85.1,86.2,86.2,123.45,63.6,13610421,1167964431.55,30060.0,85.81,EQ
16-11-2022,86.1,86.5,82.3,82.6,82.55,123.45,63.6,25739336,2161713696.6,67459.0,83.98,EQ
17-11-2022,83.0,83.0,80.75,81.75,81.6,123.45,63.6,22502719,1835359034.45,53445.0,81.56,EQ
18-11-2022,81.9,82.45,79.85,80.65,80.75,123.45,63.6,17752344,1434987187.5,40705.0,80.83,EQ
21-11-2022,82.25,83.0,81.0,81.7,81.65,123.45,63.6,26933770,2207994800.65,65049.0,81.98,EQ
22-11-2022,81.7,82.45,80.85,82.25,82.2,123.45,63.6,14583252,1193057269.8,30756.0,81.81,EQ
23-11-2022,82.7,83.85,82.1,83.15,83.15,123.45,63.6,12436505,1033409807.7,28645.0,83.09,EQ
24-11-2022,83.3,84.35,82.35,82.6,82.6,123.45,63.6,12007082,996287662.7,27793.0,82.98,EQ
25-11-2022,82.85,83.75,82.05,83.35,83.3,123.45,63.6,10734377,894436521.0,22905.0,83.32,EQ
28-11-2022,82.5,83.2,81.8,82.1,82.2,123.45,63.6,12858389,1056802469.0,37677.0,82.19,EQ
29-11-2022,82.55,84.6,82.25,82.75,82.55,123.45,63.6,19526525,1628078520.3,46172.0,83.38,EQ
30-11-2022,82.75,85.0,82.7,84.85,84.8,123.45,63.6,23604166,1991299110.25,50006.0,84.36,EQ
01-12-2022,85.7,86.25,84.75,85.85,85.9,123.45,63.6,24779245,2120437516.3,47108.0,85.57,EQ
02-12-2022,85.95,87.45,85.5,86.75,86.65,123.45,63.6,20303404,1759758600.2,47257.0,86.67,EQ
05-12-2022,87.2,88.65,87.0,88.1,88.05,123.45,63.6,21457721,1889884390.35,53643.0,88.07,EQ
06-12-2022,88.05,88.1,85.45,85.95,86.05,123.45,63.6,16724879,1441246623.45,41982.0,86.17,EQ
07-12-2022,86.45,86.45,84.45,85.3,85.2,123.45,63.6,12166267,1037852884.9,31259.0,85.31,EQ
08-12-2022,85.5,86.15,84.1,85.7,85.6,123.45,63.6,14100639,1202059414.3,30891.0,85.25,EQ
09-12-2022,86.3,87.0,83.7,84.55,84.4,123.45,63.6,12784750,1089810983.85,36007.0,85.24,EQ
12-12-2022,84.5,85.25,83.05,84.95,84.95,123.45,63.6,10442886,881614347.4,31274.0,84.42,EQ
13-12-2022,85.45,85.75,84.0,84.15,84.1,123.45,63.6,11388040,961041594.8,32883.0,84.39,EQ
14-12-2022,84.6,85.6,84.5,85.15,85.15,123.45,63.6,10055122,855807388.1,26075.0,85.11,EQ
15-12-2022,84.95,85.7,83.35,83.55,83.6,123.45,63.6,10984645,925443134.0,32354.0,84.25,EQ
16-12-2022,83.4,83.55,82.0,82.6,82.7,123.45,63.6,11710485,968195552.45,33258.0,82.68,EQ
19-12-2022,83.0,83.2,82.1,82.95,83.0,114.65,63.6,8474568,700739103.05,23387.0,82.69,EQ
20-12-2022,82.5,82.75,80.7,81.85,82.05,114.65,63.6,14817945,1207240887.3,37144.0,81.47,EQ
21-12-2022,82.3,83.65,80.8,81.4,81.3,114.65,63.6,14289387,1177614501.7,35586.0,82.41,EQ
22-12-2022,81.85,82.1,78.2,78.7,78.8,114.65,63.6,18920980,1499606277.1,51161.0,79.26,EQ
23-12-2022,78.25,78.3,74.35,74.7,74.7,114.65,63.6,15647334,1192867510.25,56913.0,76.23,EQ
26-12-2022,75.0,77.15,73.75,76.65,76.65,113.65,63.6,14027435,1066838281.5,41350.0,76.05,EQ
27-12-2022,77.4,81.15,77.2,80.8,80.8,113.65,63.6,29894904,2387276502.35,71066.0,79.86,EQ
28-12-2022,80.75,81.45,79.95,80.7,80.8,113.65,63.6,13888353,1122947001.05,33534.0,80.86,EQ
29-12-2022,80.2,81.3,79.75,81.05,80.95,113.65,63.6,13574850,1095427078.15,31856.0,80.7,EQ
30-12-2022,82.55,84.45,82.1,82.65,82.8,113.65,63.6,29757458,2480029869.55,65280.0,83.34,EQ
02-01-2023,83.3,89.5,83.05,88.95,88.95,113.65,63.6,86864774,7592341392.6,192967.0,87.4,EQ
03-01-2023,89.0,89.7,87.7,88.35,88.2,113.65,63.6,37876426,3354184686.25,85808.0,88.56,EQ
04-01-2023,87.65,88.35,84.85,85.25,85.35,113.65,63.6,20223708,1741882289.1,53057.0,86.13,EQ
05-01-2023,85.7,87.85,84.65,87.4,87.45,113.65,63.6,24321965,2099694211.95,56744.0,86.33,EQ
06-01-2023,87.85,88.05,85.45,85.9,86.2,113.65,63.6,19627104,1703807900.0,50180.0,86.81,EQ
09-01-2023,87.0,88.15,86.8,87.75,87.6,112.6,63.6,16860710,1473197370.7,52108.0,87.37,EQ
10-01-2023,87.75,88.75,86.2,87.6,87.55,112.6,63.6,21375875,1870570795.35,53089.0,87.51,EQ
11-01-2023,88.05,89.55,87.8,88.95,88.8,112.6,63.6,24955585,2217258920.65,63450.0,88.85,EQ
12-01-2023,88.75,88.75,87.2,88.0,88.0,112.6,63.6,11442821,1005085351.0,30832.0,87.84,EQ
13-01-2023,88.3,89.6,87.95,88.85,88.55,112.6,63.6,18350692,1631939883.0,46723.0,88.93,EQ
16-01-2023,89.25,89.7,87.6,87.9,87.8,112.35,63.6,12333401,1087821178.1,28735.0,88.2,EQ
17-01-2023,87.85,87.85,86.05,87.15,87.15,112.35,63.6,12532647,1087564856.05,33108.0,86.78,EQ
18-01-2023,87.5,91.2,87.35,90.7,90.6,112.35,63.6,39056707,3510938489.55,91836.0,89.89,EQ
19-01-2023,90.45,93.9,90.0,92.1,92.0,112.35,63.6,63481359,5868964140.8,154561.0,92.45,EQ
20-01-2023,92.35,92.95,91.2,91.5,91.35,112.35,63.6,27855347,2561954169.6,64518.0,91.97,EQ
23-01-2023,91.95,93.4,90.3,93.1,92.95,112.35,63.6,37644720,3486868529.5,70492.0,92.63,EQ
24-01-2023,92.95,93.15,90.7,91.0,90.85,112.35,63.6,15154378,1387644256.75,47173.0,91.57,EQ
25-01-2023,90.9,91.4,89.15,89.9,89.7,112.35,63.6,17092770,1541055821.95,42736.0,90.16,EQ
27-01-2023,90.0,91.2,86.3,88.15,88.75,112.35,63.6,21874770,1935142059.85,49486.0,88.46,EQ
30-01-2023,88.15,89.6,86.0,86.85,87.2,112.35,63.6,13314265,1164112890.0,40543.0,87.43,EQ
31-01-2023,87.4,91.15,87.0,90.6,90.8,112.35,63.6,26331826,2373332015.1,52985.0,90.13,EQ
01-02-2023,91.3,92.4,86.8,89.0,88.9,112.35,63.6,25911790,2341049143.05,59242.0,90.35,EQ
02-02-2023,88.85,90.25,87.65,89.0,88.8,112.35,63.6,22866118,2033504810.0,55219.0,88.93,EQ
03-02-2023,89.45,89.7,85.4,85.95,86.1,112.35,63.6,21487839,1858339267.0,51432.0,86.48,EQ
06-02-2023,86.4,86.7,84.1,84.45,84.35,112.35,63.6,15025899,1281154494.9,39021.0,85.26,EQ
07-02-2023,84.45,84.45,81.45,82.45,82.4,112.35,63.6,19123174,1581436694.35,56399.0,82.7,EQ
08-02-2023,82.45,84.8,82.3,84.55,84.6,112.35,63.6,17280945,1447145254.35,43037.0,83.74,EQ
09-02-2023,84.7,86.55,83.8,85.35,85.35,112.35,63.6,13368881,1137303516.55,34498.0,85.07,EQ
10-02-2023,84.95,85.1,83.75,84.55,84.4,112.35,63.6,8282686,698866685.95,28368.0,84.38,EQ
13-02-2023,84.5,85.25,83.0,83.35,83.2,112.35,63.6,11254227,944731403.35,34759.0,83.94,EQ
14-02-2023,83.65,84.5,82.05,84.2,84.1,112.35,63.6,19252645,1606566078.65,48055.0,83.45,EQ
15-02-2023,84.0,85.35,83.6,84.15,84.3,112.35,63.6,12266197,1035533181.35,28685.0,84.42,EQ
16-02-2023,85.0,85.95,84.35,85.8,85.8,112.35,63.6,10475328,893296607.45,26515.0,85.28,EQ
17-02-2023,85.45,87.65,85.3,86.15,85.9,112.35,63.6,21525591,1865747584.4,45793.0,86.68,EQ
20-02-2023,86.0,86.6,84.9,86.05,86.2,112.35,63.6,12315939,1058087135.65,29561.0,85.91,EQ
21-02-2023,86.5,87.6,86.15,87.15,87.1,112.35,63.6,14079807,1226435132.55,31766.0,87.11,EQ
22-02-2023,87.0,87.1,84.0,84.55,84.2,112.35,63.6,19537168,1662249091.0,37545.0,85.08,EQ
23-02-2023,85.0,86.3,84.2,84.9,85.25,112.35,63.6,24771081,2105589356.9,47251.0,85.0,EQ
24-02-2023,85.35,85.7,82.75,82.95,83.05,112.35,63.6,19305545,1614913368.15,36927.0,83.65,EQ
27-02-2023,82.7,83.4,81.1,83.0,83.1,112.35,63.6,16861726,1383327969.8,31920.0,82.04,EQ
28-02-2023,83.1,83.6,81.8,82.75,82.8,112.35,63.6,14683471,1211554117.7,31387.0,82.51,EQ
01-03-2023,83.0,85.5,83.0,85.25,85.15,112.35,63.6,13629694,1154442613.65,30874.0,84.7,EQ
02-03-2023,85.1,86.45,84.95,86.3,86.0,112.35,63.6,13107291,1125128512.8,26633.0,85.84,EQ
03-03-2023,86.85,88.1,86.05,87.8,87.7,112.35,63.6,14681544,1281600316.7,35089.0,87.29,EQ
06-03-2023,87.7,88.2,86.75,87.45,87.4,112.35,63.6,15255919,1337139523.3,34904.0,87.65,EQ
08-03-2023,86.25,87.8,85.75,87.4,87.4,112.35,63.6,10100796,878489411.85,19616.0,86.97,EQ
09-03-2023,87.55,89.0,87.5,87.75,87.75,112.35,63.6,12585135,1109738968.35,37471.0,88.18,EQ
10-03-2023,86.8,88.2,86.4,88.1,87.95,112.35,63.6,10662815,933569795.7,25159.0,87.55,EQ
13-03-2023,88.35,89.35,86.7,86.95,86.9,112.35,63.6,14288810,1255905559.25,37893.0,87.89,EQ
14-03-2023,87.1,87.9,85.75,86.8,87.0,112.35,63.6,10616254,921652054.75,28215.0,86.82,EQ
15-03-2023,87.55,88.6,87.2,87.65,87.4,112.35,63.6,13398597,1179048535.2,30849.0,88.0,EQ
16-03-2023,86.85,87.3,84.05,85.3,85.5,112.35,63.6,20684933,1762038201.1,42751.0,85.18,EQ
17-03-2023,86.0,89.05,85.8,88.65,88.75,112.35,63.6,26577314,2324013520.1,39297.0,87.44,EQ
20-03-2023,88.65,88.65,85.45,86.6,86.8,112.35,63.6,14909136,1284857732.3,35264.0,86.18,EQ
21-03-2023,87.05,87.55,86.25,87.05,87.05,112.35,63.6,9170696,797350478.1,19757.0,86.95,EQ
22-03-2023,87.15,87.25,84.4,85.05,85.0,112.35,63.6,19851740,1699363436.05,44869.0,85.6,EQ
23-03-2023,84.85,86.7,84.2,85.85,85.8,112.35,63.6,17338653,1486671128.9,31853.0,85.74,EQ
24-03-2023,85.05,85.05,82.0,82.35,82.0,112.35,63.6,20599895,1713980309.4,51074.0,83.2,EQ
27-03-2023,82.1,82.9,80.9,81.2,81.05,112.35,63.6,11701170,956715712.9,34197.0,81.76,EQ
28-03-2023,81.25,81.85,80.65,80.8,80.95,112.35,63.6,11090113,900239459.9,30430.0,81.17,EQ
29-03-2023,80.8,82.95,80.6,82.55,82.7,112.35,63.6,13616947,1113141192.95,29927.0,81.75,EQ
31-03-2023,83.45,84.3,77.6,82.7,83.2,112.35,63.6,20583852,1719337986.55,38213.0,83.53,EQ
03-04-2023,83.85,84.35,83.3,83.8,83.8,112.35,63.6,7075382,592453214.2,19563.0,83.73,EQ
05-04-2023,83.2,83.45,82.1,82.5,82.35,112.35,63.6,8559285,706604659.15,26514.0,82.55,EQ
06-04-2023,82.3,82.65,81.3,82.1,82.2,112.35,63.6,9141521,748874294.2,25451.0,81.92,EQ
10-04-2023,82.5,83.2,82.25,82.45,82.5,112.35,63.6,7342069,607022635.6,20058.0,82.68,EQ
11-04-2023,83.0,83.05,81.7,82.45,82.65,112.35,63.6,18451727,1517648277.2,32980.0,82.25,EQ
12-04-2023,83.0,83.4,82.4,82.7,82.8,112.35,63.6,13125615,1087622121.4,28047.0,82.86,EQ
13-04-2023,82.65,83.0,81.15,81.55,81.6,112.35,63.6,12468154,1018760417.05,27398.0,81.71,EQ
17-04-2023,81.85,82.5,81.65,82.3,82.2,108.0,63.6,6426817,527902244.4,18709.0,82.14,EQ
18-04-2023,82.65,83.0,82.0,82.3,82.35,108.0,63.6,6301411,518883725.75,25154.0,82.34,EQ
19-04-2023,82.35,84.15,82.3,82.65,82.7,108.0,63.6,12688176,1057455197.7,33170.0,83.34,EQ
20-04-2023,82.5,83.65,82.4,83.2,83.25,108.0,63.6,6865529,570719306.75,19727.0,83.13,EQ
21-04-2023,83.15,83.4,80.75,81.6,81.6,108.0,63.6,16876304,1373996220.4,43738.0,81.42,EQ
24-04-2023,81.2,82.3,80.85,82.0,82.05,100.1,63.6,7946999,649236329.05,22687.0,81.7,EQ
25-04-2023,81.8,82.6,81.7,81.95,81.9,100.1,63.6,7788276,640472037.5,22242.0,82.24,EQ
26-04-2023,81.8,81.8,80.85,81.2,81.2,100.1,63.6,9901624,804052357.4,24757.0,81.2,EQ
27-04-2023,81.25,81.9,80.95,81.7,81.8,100.1,63.6,8977490,731447185.25,20617.0,81.48,EQ
28-04-2023,82.0,82.9,81.9,82.8,82.7,100.1,63.6,11438678,943937400.9,22589.0,82.52,EQ
02-05-2023,83.0,85.2,83.0,84.6,84.6,98.4,63.6,20210134,1706148747.5,40468.0,84.42,EQ
03-05-2023,85.15,85.45,84.0,85.15,85.15,98.4,63.6,14993568,1271450845.95,39081.0,84.8,EQ
04-05-2023,85.15,86.6,85.0,85.7,85.55,98.4,63.6,13452219,1155438183.6,35827.0,85.89,EQ
05-05-2023,85.7,85.75,82.5,82.7,82.9,98.4,63.6,16749470,1397668188.05,44068.0,83.45,EQ
08-05-2023,83.35,84.45,82.95,84.3,84.3,93.9,63.6,14678832,1231983109.25,25183.0,83.93,EQ
09-05-2023,84.2,85.15,83.65,84.2,84.25,93.9,63.6,13523848,1142876557.35,24967.0,84.51,EQ
10-05-2023,84.25,84.45,82.6,83.95,84.0,93.9,63.6,13487783,1126120001.35,27609.0,83.49,EQ
11-05-2023,83.9,84.3,83.4,84.1,84.05,93.9,63.6,8109668,680927765.3,16024.0,83.96,EQ
12-05-2023,83.5,83.75,82.45,83.05,83.2,93.9,63.6,12358464,1026727051.7,24709.0,83.08,EQ
15-05-2023,83.05,84.45,82.2,84.25,84.0,93.9,63.6,7462528,624430358.35,19160.0,83.68,EQ
16-05-2023,84.5,84.95,83.65,84.05,84.1,93.9,63.6,7376841,620475896.0,19286.0,84.11,EQ
17-05-2023,83.8,83.8,82.3,82.8,82.8,93.9,63.6,13496921,1118507492.9,31111.0,82.87,EQ
18-05-2023,83.2,83.7,82.25,82.5,82.5,93.9,63.6,8234890,683280628.6,18506.0,82.97,EQ
19-05-2023,82.5,82.95,80.95,82.15,82.1,93.9,63.6,13720610,1122351959.9,30980.0,81.8,EQ
22-05-2023,82.15,82.35,81.6,82.05,82.05,93.9,63.6,6918411,567476928.8,19029.0,82.02,EQ
23-05-2023,82.25,83.15,81.8,82.6,82.65,93.9,63.6,9357512,772957636.2,18685.0,82.6,EQ
24-05-2023,82.1,83.05,81.8,82.5,82.35,93.9,63.6,7904196,652525223.3,17662.0,82.55,EQ
25-05-2023,82.6,82.75,81.65,82.25,82.6,93.9,63.6,9575601,787213011.15,24114.0,82.21,EQ
26-05-2023,80.85,82.7,80.45,82.1,82.1,93.9,63.6,26673130,2174282456.6,45074.0,81.52,EQ
29-05-2023,82.4,84.85,82.05,84.3,84.35,93.9,63.6,20634118,1732461646.5,41862.0,83.96,EQ
30-05-2023,84.4,84.55,83.0,83.2,83.4,93.9,63.6,11048903,925973520.85,24101.0,83.81,EQ
31-05-2023,82.7,83.1,82.1,82.5,82.45,93.9,63.6,12966397,1070023964.15,27415.0,82.52,EQ
01-06-2023,82.5,82.95,81.8,82.2,82.2,93.9,63.6,22911903,1885205076.25,42513.0,82.28,EQ
02-06-2023,82.65,83.9,82.55,83.6,83.5,93.9,63.6,12665361,1052951586.25,26412.0,83.14,EQ
05-06-2023,83.9,84.2,83.1,83.7,83.65,93.9,63.6,11749146,982163258.0,26963.0,83.59,EQ
06-06-2023,83.9,83.95,82.85,83.2,83.15,93.9,63.6,9032643,752192585.65,25696.0,83.27,EQ
07-06-2023,83.4,85.0,83.15,84.75,84.75,93.9,63.6,18300344,1541102426.4,36617.0,84.21,EQ
08-06-2023,84.95,85.8,83.9,84.05,84.15,93.9,63.6,17361553,1474494298.15,38872.0,84.93,EQ
09-06-2023,84.2,84.2,82.4,82.9,82.95,93.9,63.6,15482610,1284436939.1,32686.0,82.96,EQ
12-06-2023,83.45,84.3,83.0,83.55,83.6,93.9,63.6,10006837,836964559.55,23416.0,83.64,EQ
13-06-2023,83.75,84.95,83.75,84.1,84.35,93.9,63.6,14147667,1192456137.55,30106.0,84.29,EQ
14-06-2023,84.7,85.75,84.25,84.75,84.7,93.9,63.6,20418160,1732991636.4,37345.0,84.88,EQ
15-06-2023,84.85,85.2,83.9,84.8,84.7,93.9,63.6,12731420,1077327363.35,28280.0,84.62,EQ
16-06-2023,85.25,85.6,84.7,85.15,84.85,93.9,63.6,11501358,980110849.05,28189.0,85.22,EQ
19-06-2023,85.6,86.45,85.2,85.9,85.95,93.9,63.6,16961035,1456725400.85,33360.0,85.89,EQ
20-06-2023,85.75,87.05,85.35,86.0,86.1,93.9,63.6,18507799,1596534668.1,36691.0,86.26,EQ
21-06-2023,86.05,86.45,85.0,85.85,85.8,93.9,63.6,12679704,1087917544.0,27818.0,85.8,EQ
22-06-2023,85.65,86.1,84.5,85.15,85.1,93.9,63.6,10984829,936978780.1,21782.0,85.3,EQ
23-06-2023,84.55,85.35,83.8,84.4,84.2,93.9,63.6,10873933,920638024.25,22829.0,84.66,EQ
26-06-2023,84.1,84.75,83.4,84.45,84.45,93.9,67.5,9941493,835286409.95,21017.0,84.02,EQ
27-06-2023,84.55,85.6,84.25,85.0,84.85,93.9,67.5,10320705,877806460.3,22301.0,85.05,EQ
28-06-2023,85.65,86.05,85.1,85.2,85.1,93.9,67.5,11545483,987532789.8,26357.0,85.53,EQ
30-06-2023,85.4,85.75,84.9,85.5,85.55,93.9,67.5,10543357,900534748.2,30022.0,85.41,EQ
03-07-2023,85.9,88.25,85.6,87.5,87.45,93.9,67.5,21458900,1872918772.3,45124.0,87.28,EQ
04-07-2023,87.85,88.5,86.9,87.25,87.5,93.9,67.5,14758818,1293375891.9,43514.0,87.63,EQ
05-07-2023,87.7,88.7,87.6,88.05,88.05,93.9,67.5,12358194,1089855035.4,40478.0,88.19,EQ
06-07-2023,87.9,88.25,87.0,87.8,87.8,93.9,67.5,9906211,868705083.6,25586.0,87.69,EQ
07-07-2023,87.4,88.1,86.2,86.8,87.0,93.9,67.5,10250502,892370558.35,27843.0,87.06,EQ
10-07-2023,87.0,90.6,86.9,90.05,90.15,93.9,68.55,35951620,3214270850.35,82030.0,89.41,EQ
11-07-2023,90.6,90.6,89.5,90.0,89.95,93.9,68.55,17114253,1541907204.35,42421.0,90.09,EQ
12-07-2023,90.0,90.75,89.25,89.6,89.6,93.9,68.55,10421729,936207583.65,28360.0,89.83,EQ
13-07-2023,91.0,91.4,89.35,89.85,90.0,93.9,68.55,17704740,1601696782.7,38420.0,90.47,EQ
14-07-2023,90.6,91.75,90.0,91.25,91.65,93.9,68.55,13245628,1203076702.0,31299.0,90.83,EQ
17-07-2023,91.6,92.45,91.15,91.6,91.85,93.9,69.65,16244703,1493272163.8,38791.0,91.92,EQ
18-07-2023,91.65,91.95,89.75,90.3,90.3,93.9,69.65,8317264,754027475.9,24212.0,90.66,EQ
19-07-2023,90.8,91.15,90.25,90.8,90.85,93.9,69.65,6640273,602374000.95,18817.0,90.72,EQ
20-07-2023,90.95,91.25,89.75,89.9,89.95,93.9,69.65,9799742,884546506.75,23579.0,90.26,EQ
21-07-2023,89.7,91.25,89.1,90.15,90.2,93.9,69.65,14106972,1274640892.3,31943.0,90.36,EQ
24-07-2023,90.25,90.4,89.2,89.9,89.75,93.9,73.2,8631435,775034112.65,24433.0,89.79,EQ
25-07-2023,90.0,92.75,89.75,92.25,92.15,93.9,73.2,25710455,2357325971.25,51045.0,91.69,EQ
26-07-2023,92.85,93.2,92.0,92.2,92.25,93.9,73.2,9021181,834592449.0,29291.0,92.51,EQ
27-07-2023,92.8,93.4,92.1,92.5,92.6,93.9,73.2,8458483,784317385.3,24366.0,92.73,EQ
28-07-2023,92.4,93.2,91.75,92.7,92.75,93.9,73.2,9734958,900186373.75,24416.0,92.47,EQ
31-07-2023,93.2,95.1,93.05,94.6,94.5,95.1,73.2,21053644,1985274568.05,52306.0,94.3,EQ
01-08-2023,95.3,96.15,94.8,95.6,95.7,96.15,73.2,13110258,1252035932.45,33812.0,95.5,EQ
02-08-2023,95.35,95.35,92.2,92.95,92.8,96.15,73.2,18295129,1718060438.3,41721.0,93.91,EQ
03-08-2023,92.65,93.2,92.0,92.9,93.1,96.15,73.2,9432214,873912946.45,24615.0,92.65,EQ
04-08-2023,93.8,94.25,93.1,94.0,93.95,96.15,73.2,7594563,712543200.6,22352.0,93.82,EQ
07-08-2023,94.5,94.5,93.2,94.05,93.95,96.15,73.2,7753436,727921024.7,21220.0,93.88,EQ
08-08-2023,94.05,94.2,92.15,92.6,92.75,96.15,73.2,10695875,994098095.95,26561.0,92.94,EQ
09-08-2023,92.8,93.35,90.95,92.95,93.1,96.15,73.2,13978237,1285537616.95,34117.0,91.97,EQ
10-08-2023,92.5,93.95,92.3,92.9,92.8,96.15,73.2,10588532,985869913.85,21870.0,93.11,EQ
11-08-2023,91.3,92.4,90.35,91.1,91.1,96.15,73.2,19474269,1778403168.9,43504.0,91.32,EQ
14-08-2023,91.0,91.05,86.65,87.1,87.15,96.15,73.2,23189557,2042352294.55,65457.0,88.07,EQ
16-08-2023,87.1,87.45,84.75,84.9,85.05,96.15,73.2,28322838,2422053720.65,86087.0,85.52,EQ
17-08-2023,85.05,86.0,84.6,84.9,85.0,96.15,73.2,12271217,1045595155.2,33566.0,85.21,EQ
18-08-2023,85.05,85.5,83.9,84.35,84.45,96.15,73.2,9315437,787469004.9,34884.0,84.53,EQ
21-08-2023,84.4,86.25,84.0,86.05,85.95,96.15,73.2,11090878,944782305.55,31722.0,85.19,EQ
22-08-2023,86.7,86.7,85.45,85.7,85.5,96.15,73.2,8750174,752262960.85,30546.0,85.97,EQ
23-08-2023,86.35,87.15,85.8,86.05,86.0,96.15,73.2,11386589,985167979.35,29049.0,86.52,EQ
24-08-2023,86.9,88.45,86.3,86.55,86.75,96.15,73.2,21699641,1898297069.6,48621.0,87.48,EQ
25-08-2023,86.15,86.5,85.3,85.65,85.4,96.15,73.2,7514441,645964063.1,23708.0,85.96,EQ
28-08-2023,86.0,87.15,85.8,86.95,86.9,96.15,73.2,7685360,666703781.65,22801.0,86.75,EQ
29-08-2023,87.7,88.6,87.25,88.45,88.55,96.15,73.2,11995479,1056685578.8,32106.0,88.09,EQ
30-08-2023,89.0,91.6,88.8,91.4,91.45,96.15,73.2,24500533,2221885580.0,62165.0,90.69,EQ
31-08-2023,91.85,92.1,90.45,90.7,90.7,96.15,73.2,11300175,1029997664.75,27924.0,91.15,EQ
01-09-2023,91.25,97.5,90.85,96.95,97.05,97.5,73.2,52388079,4969485148.35,105163.0,94.86,EQ
04-09-2023,97.75,103.65,97.7,102.75,102.6,103.65,73.2,65068908,6627244505.2,160158.0,101.85,EQ
05-09-2023,103.15,103.25,99.85,101.75,101.85,103.65,73.2,30394405,3080958442.7,82241.0,101.37,EQ
06-09-2023,101.75,102.35,98.4,99.3,99.25,103.65,73.2,25576766,2548258395.7,70772.0,99.63,EQ
07-09-2023,99.1,100.55,97.45,99.55,99.5,103.65,73.2,20324016,2012993992.9,46413.0,99.05,EQ
08-09-2023,100.0,100.4,98.0,98.9,99.0,103.65,73.2,21381211,2110500654.3,52097.0,98.71,EQ
11-09-2023,99.5,100.6,98.8,99.95,100.0,103.65,73.2,16085094,1606273362.95,44064.0,99.86,EQ
12-09-2023,101.0,102.05,93.1,93.75,93.85,103.65,73.2,28381920,2736663248.0,75054.0,96.42,EQ
13-09-2023,94.45,96.9,93.7,96.0,95.95,103.65,73.2,20853496,1987575173.1,62548.0,95.31,EQ
14-09-2023,96.7,99.45,96.3,98.65,98.75,103.65,73.2,24393971,2400243541.0,59010.0,98.39,EQ
15-09-2023,99.2,100.3,95.55,96.35,96.15,103.65,73.2,31058038,3032713025.05,61007.0,97.65,EQ
18-09-2023,96.35,97.95,96.3,96.9,96.95,103.65,73.2,20929184,2029839147.95,39987.0,96.99,EQ
20-09-2023,96.45,97.45,94.55,95.35,95.45,103.65,73.2,15206482,1454249022.6,46513.0,95.63,EQ
21-09-2023,95.5,96.1,94.1,94.35,94.25,103.65,73.2,12585171,1195521251.95,42387.0,94.99,EQ
22-09-2023,94.5,95.1,92.9,93.2,93.3,103.65,73.2,11754217,1102576437.1,35273.0,93.8,EQ
25-09-2023,93.5,93.95,92.35,93.1,93.25,103.65,73.2,11187855,1041874072.65,30354.0,93.13,EQ
26-09-2023,93.5,94.8,92.85,93.5,93.5,103.65,73.2,10817622,1015227358.9,31913.0,93.85,EQ
27-09-2023,93.5,93.6,92.35,92.9,92.75,103.65,73.2,8375033,777042098.6,26799.0,92.78,EQ
28-09-2023,93.0,93.95,91.25,91.8,92.35,103.65,73.2,12288222,1138128845.35,35381.0,92.62,EQ
29-09-2023,93.05,94.5,93.0,93.85,93.9,103.65,73.2,11588721,1087503171.85,29135.0,93.84,EQ
03-10-2023,94.0,94.0,91.4,91.7,91.75,103.65,73.75,15548573,1429107930.85,46297.0,91.91,EQ
04-10-2023,90.35,90.9,88.9,89.25,89.25,103.65,73.75,17453762,1567727851.25,58508.0,89.82,EQ
05-10-2023,89.65,90.1,88.5,88.65,88.75,103.65,73.75,9372979,834889233.9,35269.0,89.07,EQ
06-10-2023,89.6,90.3,88.7,88.85,88.85,103.65,73.75,12869247,1148882063.35,39308.0,89.27,EQ
09-10-2023,88.0,88.25,86.0,86.35,86.15,103.65,73.75,12795052,1109400754.4,48081.0,86.71,EQ
10-10-2023,86.9,89.1,86.5,88.8,88.8,103.65,73.75,12762654,1121029227.85,32679.0,87.84,EQ
11-10-2023,89.2,89.65,88.4,88.6,88.65,103.65,73.75,15503178,1378240319.25,35882.0,88.9,EQ
12-10-2023,89.25,90.45,88.9,89.35,89.25,103.65,73.75,12154040,1091864744.95,33453.0,89.84,EQ
13-10-2023,88.75,89.85,88.2,88.9,88.65,103.65,73.75,11546230,1027411623.2,28258.0,88.98,EQ
16-10-2023,89.0,89.5,88.4,89.2,89.3,103.65,73.75,10487993,934142753.25,27256.0,89.07,EQ
17-10-2023,89.7,90.6,89.25,89.5,89.3,103.65,73.75,10121691,909549667.65,25333.0,89.86,EQ
18-10-2023,89.6,90.4,87.45,87.75,87.9,103.65,73.75,15854654,1405719633.15,38265.0,88.66,EQ
19-10-2023,87.35,88.7,86.8,88.5,88.65,103.65,73.75,8686749,763596627.15,22653.0,87.9,EQ
20-10-2023,87.95,88.85,86.55,86.9,87.15,103.65,73.75,11025391,964165424.0,31531.0,87.45,EQ
23-10-2023,86.7,86.85,83.0,83.35,83.2,103.65,73.75,16394075,1385522236.2,69411.0,84.51,EQ
25-10-2023,84.0,85.35,83.1,84.15,84.25,103.65,73.75,14344290,1210474680.3,39936.0,84.39,EQ
26-10-2023,83.5,83.7,81.8,83.25,83.25,103.65,73.75,11702863,968056193.7,42201.0,82.72,EQ
27-10-2023,84.0,84.5,83.4,83.95,84.2,103.65,73.75,7823423,657047662.45,28496.0,83.98,EQ
30-10-2023,84.45,84.65,83.4,83.85,84.0,103.65,73.75,10725366,899641634.15,27005.0,83.88,EQ
31-10-2023,84.45,84.95,83.7,83.85,83.9,103.65,73.75,9635615,810167328.45,22076.0,84.08,EQ
01-11-2023,84.0,84.15,82.6,82.9,83.0,103.65,73.75,6612710,551710292.2,25735.0,83.43,EQ
02-11-2023,83.9,85.4,83.35,85.05,85.15,103.65,73.75,11759902,994004475.45,27227.0,84.52,EQ
03-11-2023,85.8,85.85,84.6,84.9,84.8,103.65,73.75,7685817,654977249.7,22005.0,85.22,EQ
06-11-2023,86.0,87.5,85.25,86.85,87.3,103.65,73.75,11705948,1008570792.3,29400.0,86.16,EQ
07-11-2023,85.95,86.0,84.4,85.3,85.3,103.65,73.75,17638494,1503478315.75,43383.0,85.24,EQ
08-11-2023,85.7,86.55,84.95,85.95,86.0,103.65,73.75,18334392,1570268446.0,32815.0,85.65,EQ
09-11-2023,86.1,87.5,86.0,87.15,87.3,103.65,73.75,14898986,1294158849.65,30507.0,86.86,EQ
10-11-2023,87.15,88.65,86.6,88.1,88.0,103.65,73.75,14776717,1296781237.7,34758.0,87.76,EQ
12-11-2023,90.2,90.2,88.1,89.5,89.5,103.65,73.75,12720021,1137909193.15,43910.0,89.46,EQ
13-11-2023,89.3,89.65,87.55,88.2,88.2,103.65,73.75,20080996,1776468915.2,45093.0,88.47,EQ
15-11-2023,89.45,89.75,88.25,88.4,88.4,103.65,73.75,16145878,1437071907.3,40020.0,89.01,EQ
16-11-2023,88.65,88.75,87.8,88.0,88.0,103.65,73.75,9828235,867710125.0,31437.0,88.29,EQ
17-11-2023,88.4,89.55,88.1,89.3,89.3,103.65,73.75,15173874,1350602016.45,31614.0,89.01,EQ
20-11-2023,89.7,91.5,89.55,90.35,90.3,103.65,73.75,30213668,2738894972.75,69392.0,90.65,EQ
21-11-2023,90.85,91.5,90.5,90.65,90.7,103.65,73.75,13384773,1217825125.4,37927.0,90.99,EQ
22-11-2023,91.0,91.0,88.75,89.25,89.2,103.65,73.75,11701214,1049176438.2,32334.0,89.66,EQ
23-11-2023,89.5,90.3,88.15,89.85,89.75,103.65,73.75,13092010,1169734422.75,32117.0,89.35,EQ
24-11-2023,89.6,90.65,89.0,89.2,89.15,103.65,73.75,9598262,860697615.55,24144.0,89.67,EQ
28-11-2023,89.55,91.4,89.4,90.95,91.0,103.65,73.75,19252753,1740505551.1,46001.0,90.4,EQ
29-11-2023,91.5,92.2,90.9,91.2,91.15,103.65,73.75,22993584,2102710080.9,51361.0,91.45,EQ
30-11-2023,91.5,92.5,90.65,92.3,92.25,103.65,73.75,26327767,2417229728.3,55879.0,91.81,EQ
01-12-2023,93.0,94.2,92.2,93.15,93.05,103.65,73.75,28208739,2629014995.7,58550.0,93.2,EQ
04-12-2023,94.95,95.5,93.8,94.0,94.05,103.65,73.75,30750546,2904740534.4,58519.0,94.46,EQ
05-12-2023,94.1,96.85,93.4,95.75,95.85,103.65,73.75,34837108,3316033778.1,69361.0,95.19,EQ
06-12-2023,96.6,101.1,95.5,99.35,99.45,103.65,73.75,74817529,7389970238.2,129474.0,98.77,EQ
07-12-2023,99.8,100.35,98.15,98.95,98.9,103.65,73.75,22413672,2222793123.25,58808.0,99.17,EQ
08-12-2023,99.15,100.35,96.3,98.1,97.9,103.65,73.75,25014086,2467314623.6,60339.0,98.64,EQ
11-12-2023,98.1,100.95,97.75,100.8,100.8,103.65,73.75,29721883,2967058534.65,66224.0,99.83,EQ
12-12-2023,101.2,102.5,99.0,100.0,100.5,103.65,73.75,40788275,4140164595.55,92433.0,101.5,EQ
13-12-2023,100.7,103.65,100.55,103.25,103.45,103.65,73.75,42797594,4380672150.3,92759.0,102.36,EQ
14-12-2023,105.1,112.25,105.1,110.95,110.8,112.25,73.75,177834487,19515668502.8,309872.0,109.74,EQ
15-12-2023,111.25,113.35,109.4,111.45,111.35,113.35,73.75,69403738,7734877697.7,155114.0,111.45,EQ
18-12-2023,112.0,117.15,110.75,115.45,115.05,117.15,73.75,78649010,9064512156.2,161038.0,115.25,EQ
19-12-2023,115.45,116.55,110.2,111.05,111.25,117.15,73.75,35413677,3993188320.8,105312.0,112.76,EQ
20-12-2023,112.35,112.95,102.65,103.7,103.6,117.15,73.75,41617472,4496193054.65,137139.0,108.04,EQ
21-12-2023,103.85,109.9,102.15,109.0,109.2,117.15,73.75,52112170,5527867820.9,114605.0,106.08,EQ
22-12-2023,110.5,113.5,109.5,112.75,112.6,117.15,73.75,56223938,6299603562.6,118448.0,112.04,EQ
26-12-2023,113.65,114.9,111.3,113.55,114.65,117.15,73.75,37093574,4188913644.4,76614.0,112.93,EQ
27-12-2023,115.15,118.2,115.0,115.45,115.75,118.2,73.75,87756029,10239068255.6,188585.0,116.68,EQ
28-12-2023,116.4,123.85,116.1,122.85,123.15,123.85,73.75,112886813,13610245662.45,266035.0,120.57,EQ
29-12-2023,123.3,125.75,120.85,123.65,123.35,125.75,73.75,65438649,8063682701.05,142741.0,123.23,EQ
01-01-2024,123.65,126.9,122.65,124.7,124.15,126.9,77.6,37525817,4712304822.2,114816.0,125.58,EQ
02-01-2024,124.65,124.65,120.25,123.0,122.85,126.9,77.6,38718627,4756319134.6,114017.0,122.84,EQ
03-01-2024,122.4,122.7,118.7,119.1,119.25,126.9,77.6,30459539,3646446979.25,109058.0,119.71,EQ
04-01-2024,119.25,120.7,118.25,118.65,118.65,126.9,77.6,21439561,2557100395.45,72912.0,119.27,EQ
05-01-2024,119.5,120.75,115.7,116.95,116.95,126.9,77.6,22784093,2691250226.95,81379.0,118.12,EQ
08-01-2024,117.1,117.6,114.0,114.3,114.6,126.9,77.6,21830246,2514972032.4,74722.0,115.21,EQ
09-01-2024,115.2,116.6,113.75,114.2,114.25,126.9,77.6,16993314,1959531779.0,59185.0,115.31,EQ
10-01-2024,114.0,115.65,112.2,115.05,115.3,126.9,77.6,20963866,2388976440.5,73714.0,113.96,EQ
11-01-2024,115.95,116.55,113.0,113.5,113.55,126.9,77.6,16565652,1899065814.0,56069.0,114.64,EQ
12-01-2024,114.0,116.35,113.65,114.9,115.0,126.9,77.6,19498240,2244597515.95,60586.0,115.12,EQ
15-01-2024,116.0,116.3,113.8,114.65,114.5,126.9,77.6,16054366,1845462497.8,58723.0,114.95,EQ
16-01-2024,115.05,119.95,114.0,119.55,119.95,126.9,77.6,63560474,7486100088.4,156239.0,117.78,EQ
17-01-2024,117.85,117.85,112.5,113.1,113.35,126.9,77.6,59898451,6878002177.8,172153.0,114.83,EQ
18-01-2024,113.1,114.05,107.5,113.05,113.2,126.9,77.6,39166751,4358171619.55,130312.0,111.27,EQ
19-01-2024,114.3,114.85,113.5,114.1,113.95,126.9,77.6,14431734,1647819452.65,49003.0,114.18,EQ
20-01-2024,115.0,116.0,113.65,114.9,114.8,126.9,77.6,14813493,1705129577.0,48606.0,115.11,EQ
23-01-2024,114.9,114.9,108.0,108.8,108.75,126.9,77.6,29014770,3235598066.2,111490.0,111.52,EQ
24-01-2024,109.85,115.5,109.0,115.05,114.9,126.9,77.6,37267385,4218661139.85,106286.0,113.2,EQ
25-01-2024,115.9,119.95,114.0,119.1,119.5,126.9,77.6,62850007,7412714631.25,169430.0,117.94,EQ
29-01-2024,120.5,121.65,118.0,120.45,120.8,126.9,77.6,45734036,5486223042.65,115746.0,119.96,EQ
30-01-2024,121.7,124.85,120.65,121.2,121.0,126.9,77.6,54176726,6658504366.55,155964.0,122.9,EQ
31-01-2024,121.5,124.3,120.7,122.5,122.6,126.9,77.6,28514173,3501711869.4,77003.0,122.81,EQ
01-02-2024,123.5,123.5,118.7,119.3,119.3,126.9,77.6,23393545,2816986441.85,79340.0,120.42,EQ
02-02-2024,120.5,129.65,119.8,128.3,128.05,129.65,77.6,115557246,14542729368.65,243086.0,125.85,EQ
05-02-2024,130.0,138.4,130.0,135.3,135.65,138.4,77.6,130644925,17578110663.3,340978.0,134.55,EQ
06-02-2024,137.25,146.7,133.8,145.5,146.7,146.7,77.6,121450085,17041369241.2,279408.0,140.32,EQ
07-02-2024,148.4,150.0,142.65,143.45,144.2,150.0,77.6,100793018,14794774958.5,263148.0,146.78,EQ
08-02-2024,144.25,145.9,138.0,139.05,139.45,150.0,77.6,34821242,4950290491.0,130452.0,142.16,EQ
09-02-2024,139.25,139.6,129.45,133.65,133.5,150.0,77.6,53110476,7082265971.8,174628.0,133.35,EQ
12-02-2024,134.25,136.0,121.0,122.75,123.45,150.0,77.6,54452795,6926098851.85,183500.0,127.19,EQ
13-02-2024,120.05,121.65,116.3,117.85,118.25,150.0,77.6,65167883,7723796130.3,176649.0,118.52,EQ
14-02-2024,117.1,123.7,116.0,122.95,122.95,150.0,77.6,44986596,5471999268.95,130886.0,121.64,EQ
15-02-2024,124.0,126.9,123.25,125.75,125.8,150.0,77.6,41215523,5176286351.3,123143.0,125.59,EQ
16-02-2024,127.1,131.4,127.0,127.45,127.8,150.0,77.6,52165364,6735207352.5,138073.0,129.11,EQ
19-02-2024,128.6,130.4,125.8,128.3,128.7,150.0,77.6,29556961,3802349980.65,78632.0,128.64,EQ
20-02-2024,129.0,131.4,126.3,130.35,130.75,150.0,77.6,35081976,4521685980.45,77102.0,128.89,EQ
21-02-2024,130.65,134.2,129.0,130.2,130.1,150.0,77.6,78653013,10370619809.8,155446.0,131.85,EQ
22-02-2024,131.5,132.2,125.65,129.3,130.5,150.0,77.6,59343469,7642431213.0,137036.0,128.78,EQ
23-02-2024,130.4,131.3,127.1,128.0,127.45,150.0,77.6,23535334,3045983584.55,77158.0,129.42,EQ
26-02-2024,128.0,128.0,123.75,124.2,124.35,150.0,77.6,23550719,2951601133.0,83944.0,125.33,EQ
27-02-2024,124.5,126.3,124.2,125.35,125.2,150.0,77.6,17548565,2198402152.8,58184.0,125.28,EQ
28-02-2024,125.5,126.7,121.15,121.75,121.4,150.0,77.6,22958071,2846807041.05,71376.0,124.0,EQ
29-02-2024,121.35,123.8,120.45,121.2,121.5,150.0,77.6,48476583,5915529332.75,83930.0,122.03,EQ
01-03-2024,123.0,135.75,123.0,133.0,133.4,150.0,77.6,140528760,18242176208.9,252491.0,129.81,EQ
02-03-2024,133.55,138.5,133.15,137.65,138.2,150.0,77.6,22427573,3054306093.0,60604.0,136.19,EQ
04-03-2024,138.2,145.0,133.0,141.65,141.2,150.0,77.6,122158785,17090434556.6,295147.0,139.9,EQ
05-03-2024,141.3,142.65,138.75,140.25,140.8,150.0,77.6,46101452,6487287507.8,119073.0,140.72,EQ
06-03-2024,139.8,142.0,133.2,139.05,138.8,150.0,77.6,60977883,8360373184.65,149221.0,137.11,EQ
07-03-2024,139.5,143.25,138.35,138.95,138.8,150.0,77.6,69331029,9762532204.3,202699.0,140.81,EQ
11-03-2024,139.75,140.6,133.5,134.3,134.1,150.0,77.6,36011903,4922147275.45,135840.0,136.68,EQ
12-03-2024,134.55,135.3,128.5,129.75,128.9,150.0,77.6,33809481,4429064111.55,120857.0,131.0,EQ
13-03-2024,130.0,130.45,117.35,118.7,118.15,150.0,77.6,54001247,6639309153.55,164193.0,122.95,EQ
14-03-2024,119.1,123.5,118.6,121.5,121.2,150.0,77.6,34792279,4235704148.4,106078.0,121.74,EQ
15-03-2024,121.1,124.4,118.55,121.7,121.75,150.0,77.6,38312218,4649893887.65,106345.0,121.37,EQ
18-03-2024,122.0,126.6,121.45,125.95,125.8,150.0,77.6,31290052,3909464271.6,86574.0,124.94,EQ
19-03-2024,126.75,127.5,122.05,122.55,122.5,150.0,77.6,26647871,3322935794.1,77403.0,124.7,EQ
20-03-2024,123.6,125.6,120.05,123.65,123.9,150.0,77.6,23242684,2852855461.9,64261.0,122.74,EQ
21-03-2024,127.35,132.1,127.0,129.0,128.7,150.0,77.6,82318813,10666098323.45,171120.0,129.57,EQ
22-03-2024,127.9,132.1,126.2,130.0,129.7,150.0,77.6,35650313,4625752067.4,87655.0,129.75,EQ
26-03-2024,129.0,132.5,128.35,130.6,130.6,150.0,77.6,27547560,3609218988.55,68814.0,131.02,EQ
27-03-2024,131.0,134.9,131.0,133.65,134.15,150.0,77.6,34505131,4610754006.7,82639.0,133.63,EQ
28-03-2024,134.8,136.7,133.15,134.25,134.35,150.0,77.6,32144564,4320259803.85,71889.0,134.4,EQ
01-04-2024,135.6,141.2,135.6,140.75,140.5,150.0,80.45,44340181,6166140844.3,120097.0,139.06,EQ
02-04-2024,140.75,150.65,139.55,147.85,147.8,150.65,80.45,109998430,16005965133.95,237712.0,145.51,EQ
03-04-2024,147.0,153.3,146.25,148.2,148.3,153.3,80.45,84535270,12751819809.05,219042.0,150.85,EQ
04-04-2024,149.7,150.0,143.75,145.95,146.35,153.3,80.45,39242074,5728334473.8,122409.0,145.97,EQ
05-04-2024,144.9,147.5,143.0,146.2,145.8,153.3,80.45,27927587,4062719755.25,82258.0,145.47,EQ
08-04-2024,147.3,148.4,145.3,146.3,145.55,153.3,80.45,17159687,2515610177.6,60204.0,146.6,EQ
09-04-2024,146.95,153.45,144.8,151.35,151.8,153.45,80.45,73641695,11106759208.95,172561.0,150.82,EQ
10-04-2024,153.0,155.5,152.55,153.05,152.7,155.5,80.45,60992105,9385036433.2,150481.0,153.87,EQ
12-04-2024,153.15,156.6,151.5,155.35,155.35,156.6,80.45,73596074,11375149021.9,174292.0,154.56,EQ
15-04-2024,152.9,157.4,146.5,151.05,151.0,157.4,80.45,89754583,13694838053.95,192564.0,152.58,EQ
16-04-2024,149.5,152.45,148.4,149.3,149.25,157.4,80.45,30401301,4569313606.6,93840.0,150.3,EQ
18-04-2024,150.0,151.6,144.0,144.8,145.5,157.4,80.45,31187482,4637477702.15,84278.0,148.7,EQ
19-04-2024,142.9,147.5,140.8,146.05,145.55,157.4,80.45,34742999,5018379079.75,93765.0,144.44,EQ
22-04-2024,148.25,151.1,147.1,148.4,149.25,157.4,80.45,27095176,4035803346.2,76094.0,148.95,EQ
23-04-2024,149.7,152.95,148.4,152.25,151.9,157.4,80.45,39973475,6061033416.15,96855.0,151.63,EQ
24-04-2024,153.1,165.95,151.55,164.65,163.45,165.95,80.45,176471110,28305059285.3,350106.0,160.39,EQ
25-04-2024,164.8,167.25,162.3,164.95,165.3,167.25,80.45,59808767,9852088285.6,126047.0,164.73,EQ
26-04-2024,165.4,170.5,163.65,168.55,167.7,170.5,80.45,91168616,15260975811.5,215768.0,167.39,EQ
29-04-2024,169.9,170.2,164.35,164.8,164.85,170.5,80.45,30478737,5079666032.2,99125.0,166.66,EQ
30-04-2024,165.8,168.7,163.05,164.2,164.0,170.5,80.45,40651688,6739662162.3,104386.0,165.79,EQ
02-05-2024,165.4,168.25,163.6,165.45,165.1,170.5,80.45,44264557,7331484540.25,99938.0,165.63,EQ
03-05-2024,167.1,170.95,164.6,167.95,167.3,170.95,80.45,71734933,12093067362.35,155188.0,168.58,EQ
06-05-2024,168.5,168.85,158.3,162.9,162.1,170.95,80.45,44387249,7255380555.05,134779.0,163.46,EQ
07-05-2024,163.0,163.0,155.25,156.15,156.4,170.95,80.45,33767901,5343248109.15,120084.0,158.23,EQ
08-05-2024,156.0,161.9,155.1,160.35,160.25,170.95,80.45,26121298,4174510142.25,80915.0,159.81,EQ
09-05-2024,161.0,161.25,152.1,153.05,153.9,170.95,80.45,20993230,3283862869.2,86573.0,156.42,EQ
10-05-2024,154.95,157.95,151.7,156.9,157.1,170.95,80.45,18485806,2875790184.45,67503.0,155.57,EQ
13-05-2024,157.35,157.85,151.0,157.05,157.0,170.95,80.45,20953744,3239914802.5,78567.0,154.62,EQ
14-05-2024,158.0,166.65,158.0,164.65,164.35,170.95,80.45,39072871,6364725338.85,111284.0,162.89,EQ
15-05-2024,165.0,168.7,165.0,166.4,166.55,170.95,80.45,24990811,4168865628.45,69990.0,166.82,EQ
16-05-2024,168.45,168.75,161.6,163.6,163.65,170.95,80.45,20715081,3414165036.65,64826.0,164.82,EQ
17-05-2024,164.0,169.0,164.0,166.9,166.55,170.95,80.45,24968544,4173843080.8,69044.0,167.16,EQ
18-05-2024,167.85,171.6,167.5,169.15,168.1,171.6,80.45,15633013,2657288137.05,38124.0,169.98,EQ
21-05-2024,170.15,175.1,166.45,174.35,173.5,175.1,80.45,66484390,11465417737.3,189407.0,172.45,EQ
22-05-2024,175.0,175.35,167.1,169.05,168.75,175.35,80.45,53954827,9193063274.35,162063.0,170.38,EQ
23-05-2024,168.75,169.95,166.5,169.3,168.85,175.35,80.45,24560357,4135509527.65,83258.0,168.38,EQ
24-05-2024,167.4,172.5,167.4,169.5,169.5,175.35,80.45,29513626,5043586999.35,87948.0,170.89,EQ
27-05-2024,170.5,171.3,166.0,166.65,166.6,175.35,81.8,22933660,3846694836.6,89825.0,167.73,EQ
28-05-2024,167.5,169.2,161.55,162.4,162.45,175.35,81.8,26336009,4330232407.95,96144.0,164.42,EQ
29-05-2024,162.2,165.7,160.6,162.4,162.25,175.35,81.8,22527881,3683216321.65,68504.0,163.5,EQ
30-05-2024,161.5,162.25,156.7,157.75,159.15,175.35,81.8,19706386,3142163580.0,78569.0,159.45,EQ
31-05-2024,160.0,161.25,156.75,158.5,159.4,175.35,81.8,23260857,3694555567.6,75203.0,158.83,EQ
03-06-2024,168.0,168.0,163.15,166.35,166.1,175.35,81.8,33154820,5477972312.95,120693.0,165.22,EQ
04-06-2024,164.9,164.9,124.8,133.05,135.0,175.35,81.8,114541715,16372358333.5,566118.0,142.94,EQ
05-06-2024,138.7,147.45,128.05,145.55,143.2,175.35,81.8,61202268,8493376107.6,234290.0,138.78,EQ
06-06-2024,145.0,151.8,144.3,146.9,147.0,175.35,81.8,57006811,8468074703.35,174496.0,148.54,EQ
07-06-2024,146.95,153.85,145.6,152.75,152.5,175.35,81.8,41207266,6195570312.95,125553.0,150.35,EQ
10-06-2024,152.6,153.0,150.05,150.6,150.6,175.35,81.8,23373558,3541093062.39,102843.0,151.5,EQ
11-06-2024,151.12,153.0,149.5,151.01,151.4,175.35,81.8,20500708,3102605701.82,112367.0,151.34,EQ
12-06-2024,151.3,152.65,150.55,151.01,150.99,175.35,81.8,19275571,2916169490.11,83771.0,151.29,EQ
13-06-2024,151.8,152.52,149.0,149.63,149.6,175.35,81.8,17125245,2578252522.1,81598.0,150.55,EQ
14-06-2024,149.7,153.9,147.76,153.63,153.25,175.35,81.8,30233323,4590471275.75,110338.0,151.83,EQ
18-06-2024,154.39,155.14,152.5,153.41,153.38,175.35,81.8,18708072,2877906365.94,81849.0,153.83,EQ
19-06-2024,154.05,154.05,149.5,149.95,149.95,175.35,81.8,18855153,2844796367.75,85931.0,150.88,EQ
20-06-2024,150.5,154.3,150.5,154.03,154.2,175.35,81.8,28456396,4359648359.44,85530.0,153.2,EQ
21-06-2024,154.6,159.3,153.91,155.44,155.2,175.35,81.8,69503068,10898594189.7,204187.0,156.81,EQ
24-06-2024,152.91,152.91,148.5,149.85,150.0,175.35,81.8,40874886,6148792624.14,159124.0,150.43,EQ
25-06-2024,150.8,151.42,146.1,147.01,147.12,175.35,81.8,25039730,3717174399.56,105537.0,148.45,EQ
26-06-2024,147.45,147.59,143.6,143.97,144.35,175.35,81.8,31444537,4563274609.19,139797.0,145.12,EQ
27-06-2024,144.7,146.95,137.2,142.88,143.1,175.35,81.8,57711655,8256740703.27,181270.0,143.07,EQ
28-06-2024,144.0,151.25,143.81,148.65,149.3,175.35,81.8,72583869,10783149735.39,174148.0,148.56,EQ
01-07-2024,149.9,150.45,147.72,149.06,149.5,175.35,81.8,25711956,3837351176.99,171532.0,149.24,EQ
02-07-2024,149.6,149.88,145.4,146.68,146.98,175.35,81.8,24720763,3652788882.27,108276.0,147.76,EQ
03-07-2024,147.65,152.0,146.36,151.62,151.5,175.35,81.8,34424841,5154945335.83,122274.0,149.74,EQ
04-07-2024,153.0,153.61,150.66,151.05,151.13,175.35,81.8,29926272,4559507655.94,120816.0,152.36,EQ
05-07-2024,151.4,158.75,149.85,155.61,155.37,175.35,81.8,62621310,9715119118.75,218951.0,155.14,EQ
08-07-2024,156.5,158.0,154.21,156.48,156.21,175.35,81.8,33290711,5201096003.87,124210.0,156.23,EQ
09-07-2024,157.3,158.22,155.19,155.99,155.55,175.35,81.8,21076732,3298470504.77,88181.0,156.5,EQ
10-07-2024,156.2,156.3,146.35,150.87,150.8,175.35,81.8,39898433,5997438125.71,177775.0,150.32,EQ
11-07-2024,151.85,153.15,150.59,151.85,151.55,175.35,81.8,30388365,4611249516.77,76337.0,151.74,EQ
12-07-2024,152.55,153.33,149.17,150.42,150.39,175.35,81.8,16353263,2473984623.8,81392.0,151.28,EQ
15-07-2024,151.0,153.2,148.8,152.03,151.99,175.35,81.8,43598260,6629812093.0,87553.0,152.07,EQ
16-07-2024,152.5,153.95,150.6,150.99,150.83,175.35,81.8,17044483,2599098645.33,73905.0,152.49,EQ
18-07-2024,150.8,150.8,146.7,147.89,148.65,175.35,81.8,24504144,3625788078.86,105200.0,147.97,EQ
19-07-2024,147.45,147.45,140.83,141.82,142.12,175.35,81.8,34312977,4914940414.35,162685.0,143.24,EQ
22-07-2024,141.4,143.6,138.22,143.28,143.39,175.35,81.8,23158599,3286604840.1,111573.0,141.92,EQ
23-07-2024,143.9,144.59,135.3,141.39,141.35,175.35,81.8,25864567,3639259914.39,135564.0,140.7,EQ
24-07-2024,141.5,147.6,141.39,146.99,146.9,175.35,81.8,31951790,4664927290.28,105857.0,146.0,EQ
25-07-2024,144.9,144.9,141.41,142.59,143.0,175.35,81.8,31653400,4509799097.07,120959.0,142.47,EQ
26-07-2024,145.0,147.98,143.84,147.39,147.41,175.35,81.8,25911057,3797744177.67,89169.0,146.57,EQ
29-07-2024,149.14,150.0,146.8,147.74,147.75,175.35,81.8,15136406,2248672915.48,65758.0,148.56,EQ
30-07-2024,147.47,149.61,146.3,148.1,148.05,175.35,81.8,12316097,1824578858.44,62630.0,148.15,EQ
31-07-2024,149.5,154.01,147.66,153.04,153.6,175.35,81.8,35735761,5401557856.49,117453.0,151.15,EQ
01-08-2024,154.05,156.35,149.03,150.03,149.26,175.35,81.8,37281190,5691904774.14,137245.0,152.67,EQ
02-08-2024,147.73,148.18,145.1,146.23,145.98,175.35,81.8,29660329,4355229376.52,109489.0,146.84,EQ
05-08-2024,141.0,142.0,135.0,136.62,136.8,175.35,81.8,49706240,6854217978.79,266092.0,137.89,EQ
06-08-2024,139.29,141.5,134.68,135.46,136.05,175.35,81.8,23211408,3216839129.68,108300.0,138.59,EQ
07-08-2024,139.8,142.85,137.21,141.63,142.85,175.35,81.8,22300426,3115197485.0,93218.0,139.69,EQ
08-08-2024,141.3,141.3,136.5,137.45,137.69,175.35,81.8,25849915,3577387821.36,114961.0,138.39,EQ
09-08-2024,136.0,137.16,128.89,129.35,129.25,175.35,81.8,76287884,10109796096.85,320274.0,132.52,EQ
12-08-2024,129.25,132.95,127.1,131.7,131.52,175.35,81.8,33401039,4367051635.55,155446.0,130.75,EQ
13-08-2024,132.2,132.5,127.72,128.14,128.3,175.35,81.8,16376718,2133663272.75,93282.0,130.29,EQ
14-08-2024,129.05,129.5,125.0,125.23,125.37,175.35,81.8,22221242,2816357092.69,118813.0,126.74,EQ
16-08-2024,127.77,128.68,126.6,128.28,127.95,175.35,81.8,15743875,2010944266.02,84574.0,127.73,EQ
19-08-2024,130.0,131.65,129.25,131.32,131.5,175.35,81.8,14677989,1919167277.96,78110.0,130.75,EQ
20-08-2024,132.49,133.45,130.81,133.15,133.09,175.35,81.8,16842938,2227492398.61,78093.0,132.25,EQ
21-08-2024,133.3,135.34,132.45,135.04,134.95,175.35,81.8,14879021,2001454828.55,66579.0,134.52,EQ
22-08-2024,135.17,135.39,133.27,133.88,134.0,175.35,81.8,17039181,2285559146.21,73346.0,134.14,EQ
23-08-2024,133.9,135.03,131.5,131.79,131.68,175.35,81.8,14050547,1873471448.4,72976.0,133.34,EQ
26-08-2024,133.39,138.78,132.4,137.75,137.68,175.35,81.8,32800586,4473723376.81,127611.0,136.39,EQ
27-08-2024,137.75,138.25,135.6,135.9,135.9,175.35,81.8,12380923,1695833844.78,59432.0,136.97,EQ
28-08-2024,135.9,136.4,133.35,134.04,133.95,175.35,81.8,11414976,1541003812.35,58169.0,135.0,EQ
29-08-2024,133.9,135.0,131.85,134.25,134.75,175.35,81.8,12348963,1647400117.21,59932.0,133.4,EQ
30-08-2024,134.59,136.05,133.35,133.69,133.94,175.35,81.8,13016284,1750795829.85,50404.0,134.51,EQ
02-09-2024,133.86,134.14,131.71,133.17,133.1,175.35,81.8,12601742,1673582678.01,65457.0,132.81,EQ
03-09-2024,132.51,133.6,131.26,131.78,131.7,175.35,81.8,10986546,1452477545.58,69172.0,132.21,EQ
04-09-2024,129.0,131.84,128.7,130.46,129.95,175.35,81.8,18956457,2469136569.3,82568.0,130.25,EQ
05-09-2024,130.55,132.3,130.46,131.22,131.13,175.35,81.8,8679395,1139790277.52,47516.0,131.32,EQ
06-09-2024,131.4,131.95,128.3,129.38,129.45,175.35,81.8,17177552,2229351672.77,94653.0,129.78,EQ
09-09-2024,128.9,129.35,126.11,127.91,128.4,175.35,81.8,19613019,2496762551.18,91803.0,127.3,EQ
10-09-2024,128.0,131.05,127.91,129.14,129.3,175.35,81.8,12603493,1631943720.37,55119.0,129.48,EQ
11-09-2024,129.08,129.99,126.29,126.97,127.19,175.35,81.8,13139629,1682558619.82,68354.0,128.05,EQ
12-09-2024,129.5,131.07,126.9,130.69,130.67,175.35,81.8,19264974,2489511447.14,86733.0,129.22,EQ
13-09-2024,131.5,134.39,131.42,132.2,132.05,175.35,81.8,20166379,2682475737.38,82345.0,133.02,EQ
16-09-2024,133.0,134.08,131.75,133.04,133.0,175.35,81.8,13553090,1800291968.84,59218.0,132.83,EQ
17-09-2024,132.76,133.0,130.5,131.93,131.7,175.35,81.8,10754987,1417975467.07,51096.0,131.84,EQ
18-09-2024,131.65,131.89,128.65,129.65,129.5,175.35,81.8,10725965,1397114718.72,65090.0,130.26,EQ
19-09-2024,130.5,130.99,123.8,126.54,126.79,175.35,81.8,25229973,3185370581.4,128486.0,126.25,EQ
20-09-2024,127.25,128.29,125.41,126.28,126.22,175.35,81.8,13885160,1764243174.99,67556.0,127.06,EQ
23-09-2024,126.5,130.0,126.5,129.68,129.84,175.35,81.8,13387033,1725407445.33,58327.0,128.89,EQ
24-09-2024,131.5,135.07,131.29,133.88,133.95,175.35,81.8,41641928,5572134229.33,120664.0,133.81,EQ
25-09-2024,135.0,137.15,134.0,134.23,134.1,175.35,81.8,35498522,4799108887.63,113773.0,135.19,EQ
26-09-2024,135.0,139.59,132.3,139.2,139.0,175.35,81.8,49823297,6853687628.22,164450.0,137.56,EQ
27-09-2024,140.0,144.2,139.66,140.54,140.0,175.35,81.8,37975068,5376206798.99,143576.0,141.57,EQ
30-09-2024,141.4,143.94,140.35,141.36,141.0,175.35,81.8,38187620,5439337768.15,136624.0,142.44,EQ
01-10-2024,141.39,142.12,137.89,141.03,140.89,175.35,81.8,24528692,3441396219.92,101893.0,140.3,EQ
03-10-2024,138.55,141.65,136.15,137.03,137.04,175.35,81.8,35238490,4887205473.3,120722.0,138.69,EQ
04-10-2024,136.55,140.6,134.14,139.01,139.5,175.35,81.8,31936926,4425646924.59,107992.0,138.57,EQ
07-10-2024,139.97,140.52,130.72,132.19,131.97,175.35,81.8,28331416,3792432672.46,131061.0,133.86,EQ
08-10-2024,130.6,133.62,127.84,131.37,130.75,175.35,81.8,40037615,5250110004.91,110948.0,131.13,EQ
09-10-2024,131.4,133.32,129.86,130.33,130.38,175.35,81.8,14125865,1859031876.29,64329.0,131.6,EQ
10-10-2024,131.0,132.95,129.62,129.97,130.2,175.35,81.8,12920873,1693098519.22,48032.0,131.04,EQ
11-10-2024,130.2,135.12,129.97,134.03,133.91,175.35,81.8,22981754,3060212686.08,71779.0,133.16,EQ
14-10-2024,135.8,137.33,133.66,134.33,134.5,175.35,81.8,16794560,2267378573.67,74004.0,135.01,EQ
15-10-2024,134.33,134.9,130.5,130.94,130.8,175.35,81.8,11128839,1466512464.53,71881.0,131.78,EQ
16-10-2024,130.2,131.65,129.08,129.92,129.48,175.35,81.8,13606967,1773096010.35,49590.0,130.31,EQ
17-10-2024,130.9,130.99,127.55,127.83,127.89,175.35,81.8,15490412,1993667575.82,70758.0,128.7,EQ
18-10-2024,126.5,130.59,125.42,129.03,129.08,175.35,81.8,26363209,3390466419.53,99895.0,128.61,EQ
21-10-2024,130.21,131.19,126.03,126.46,126.6,175.35,81.8,15437195,1975985305.68,64198.0,128.0,EQ
22-10-2024,126.6,127.38,120.65,121.8,121.27,175.35,81.8,22167864,2753522038.24,101858.0,124.21,EQ
23-10-2024,120.5,122.64,116.3,118.13,118.2,175.35,81.8,37778891,4493049528.94,177415.0,118.93,EQ
24-10-2024,118.7,118.89,116.7,117.13,116.9,175.35,81.8,16209896,1907935185.67,96090.0,117.7,EQ
25-10-2024,117.13,118.01,110.4,111.48,111.81,175.35,81.8,30812614,3461838882.38,149872.0,112.35,EQ
28-10-2024,112.36,115.87,111.2,114.67,114.89,175.35,82.6,19503346,2227808147.27,108722.0,114.23,EQ
29-10-2024,114.88,116.2,112.73,115.71,115.68,175.35,82.6,14707069,1684594013.78,75148.0,114.54,EQ
30-10-2024,115.05,117.59,113.6,116.03,116.09,175.35,82.6,16236280,1885165543.9,87068.0,116.11,EQ
31-10-2024,116.2,117.7,114.36,115.75,115.82,175.35,82.6,15887511,1841913353.99,73631.0,115.93,EQ
01-11-2024,116.52,118.8,116.36,117.75,118.2,175.35,82.6,4260519,499953361.75,30908.0,117.35,EQ
04-11-2024,118.0,118.23,112.6,113.9,114.1,175.35,84.4,21792990,2491045063.05,96399.0,114.3,EQ
05-11-2024,113.75,118.79,113.75,118.53,118.53,175.35,84.4,25938942,3033731151.4,99721.0,116.96,EQ
06-11-2024,120.0,124.25,117.46,123.89,123.52,175.35,84.4,30950696,3747259071.1,99422.0,121.07,EQ
07-11-2024,124.0,126.85,122.58,123.36,123.23,175.35,84.4,28078071,3498724951.78,98954.0,124.61,EQ
08-11-2024,120.5,121.01,114.88,118.21,117.89,175.35,84.4,47743659,5656958881.17,167520.0,118.49,EQ
11-11-2024,117.8,119.2,115.5,115.89,116.08,175.35,87.55,18118474,2118210961.62,69154.0,116.91,EQ
12-11-2024,116.0,117.4,113.66,114.17,114.35,175.35,87.55,14476729,1671840946.84,61235.0,115.48,EQ
13-11-2024,113.1,114.49,111.0,111.69,112.15,175.35,87.55,24360081,2731483546.65,99996.0,112.13,EQ
14-11-2024,111.69,114.38,111.43,111.84,111.6,175.35,87.55,15061567,1694233005.7,61357.0,112.49,EQ
18-11-2024,112.2,115.11,111.26,112.77,112.55,175.35,88.15,17936991,2029444944.57,69886.0,113.14,EQ
19-11-2024,113.15,114.45,111.08,111.45,111.45,175.35,88.15,11670566,1319679124.84,56294.0,113.08,EQ
21-11-2024,111.5,112.2,108.65,110.59,110.7,175.35,88.15,19630086,2170518102.11,90009.0,110.57,EQ
22-11-2024,110.7,113.64,110.4,112.83,112.75,175.35,88.15,12858702,1442857639.8,53100.0,112.21,EQ
25-11-2024,115.0,115.85,113.85,114.09,114.19,175.35,89.4,13170183,1509455689.71,55855.0,114.61,EQ
26-11-2024,114.2,116.44,113.88,115.83,115.58,175.35,89.4,12229850,1414653534.84,45537.0,115.67,EQ
27-11-2024,115.56,117.07,114.51,116.26,116.02,175.35,89.4,13214253,1531680014.31,42703.0,115.91,EQ
28-11-2024,116.26,117.32,115.21,116.28,116.75,175.35,89.4,13714391,1595971074.51,48197.0,116.37,EQ
29-11-2024,116.5,118.1,115.8,117.11,117.0,175.35,89.4,11464692,1340742879.15,48287.0,116.95,EQ
02-12-2024,116.5,119.42,115.86,119.08,118.9,175.35,93.4,13161154,1553922501.91,48873.0,118.07,EQ
03-12-2024,119.2,123.18,119.2,122.79,122.8,175.35,93.4,24051522,2933743334.53,76606.0,121.98,EQ
04-12-2024,123.0,123.54,121.09,122.17,122.85,175.35,93.4,19645095,2402958029.46,57820.0,122.32,EQ
05-12-2024,122.51,123.65,121.12,122.47,122.61,175.35,93.4,20205297,2473651270.89,59230.0,122.43,EQ
06-12-2024,122.47,125.12,122.07,123.89,123.73,175.35,93.4,17105118,2118426533.81,56501.0,123.85,EQ
09-12-2024,124.0,126.52,122.61,126.13,126.5,175.35,97.75,22928606,2869692483.84,78526.0,125.16,EQ
10-12-2024,127.0,128.5,126.25,126.81,126.79,175.35,97.75,19581439,2493245765.72,68438.0,127.33,EQ
11-12-2024,126.65,128.71,126.04,126.95,126.9,175.35,97.75,10668920,1362466412.89,46306.0,127.7,EQ
12-12-2024,126.92,130.09,125.53,129.26,129.0,175.35,97.75,31966205,4099157801.42,102432.0,128.23,EQ
13-12-2024,128.61,128.75,121.84,124.76,124.38,175.35,97.75,39292810,4868754770.13,140659.0,123.91,EQ
16-12-2024,124.56,124.85,123.05,123.61,123.75,175.35,102.15,8419719,1041957670.51,41901.0,123.75,EQ
17-12-2024,122.8,124.45,120.25,121.11,120.94,175.35,102.15,9982096,1223687666.64,44426.0,122.59,EQ
18-12-2024,122.0,122.4,117.9,119.81,119.85,175.35,102.15,15624814,1877415775.6,64087.0,120.16,EQ
19-12-2024,117.13,119.81,116.5,118.91,118.0,175.35,102.15,12028931,1426265778.99,44705.0,118.57,EQ
20-12-2024,118.15,120.86,115.2,116.1,116.45,175.35,102.15,17911163,2118368313.03,60865.0,118.27,EQ
23-12-2024,117.0,121.61,116.99,121.19,120.67,175.35,107.5,24706531,2957891166.69,102800.0,119.72,EQ
24-12-2024,120.45,121.19,118.15,119.06,118.85,175.35,107.5,17000879,2029128488.13,74900.0,119.35,EQ
26-12-2024,118.51,119.4,116.26,117.59,118.0,175.35,107.5,15502315,1820821329.28,64021.0,117.45,EQ
27-12-2024,117.47,118.49,115.27,115.53,115.58,175.35,107.5,7502006,875190395.73,41917.0,116.66,EQ
